0.000000000000000000e+00,5.000000000000000000e-01,5.000000000000000000e-01,2.000000000000000000e+00,5.999999999999999778e-01,5.999999999999999778e-01,8.000000000000000444e-01
2.500000000000000139e-02,5.212499999999999911e-01,4.937500000000000222e-01,2.000000000000000000e+00,5.999999999999999778e-01,5.999999999999999778e-01,8.000000000000000444e-01
5.000000000000000278e-02,5.434519921874999548e-01,4.877355078125000243e-01,2.000000000000000000e+00,5.999999999999999778e-01,5.999999999999999778e-01,8.000000000000000444e-01
7.500000000000001110e-02,5.666486792961556995e-01,4.819567101569692813e-01,2.000000000000000000e+00,5.999999999999999778e-01,5.999999999999999778e-01,8.000000000000000444e-01
1.000000000000000056e-01,5.908846112616379376e-01,4.764140779531553793e-01,2.000000000000000000e+00,5.999999999999999778e-01,5.999999999999999778e-01,8.000000000000000444e-01
1.250000000000000000e-01,6.162062556159559890e-01,4.711083826028560906e-01,2.000000000000000000e+00,5.999999999999999778e-01,5.999999999999999778e-01,8.000000000000000444e-01
1.500000000000000222e-01,6.426620694102588294e-01,4.660407139372939045e-01,2.000000000000000000e+00,5.999999999999999778e-01,5.999999999999999778e-01,8.000000000000000444e-01
1.750000000000000167e-01,6.703025725360460818e-01,4.612125000032736843e-01,2.000000000000000000e+00,5.999999999999999778e-01,5.999999999999999778e-01,8.000000000000000444e-01
2.000000000000000111e-01,6.991804222842787908e-01,4.566255288817778202e-01,2.000000000000000000e+00,5.999999999999999778e-01,5.999999999999999778e-01,8.000000000000000444e-01
2.250000000000000056e-01,7.293504889468526153e-01,4.522819727557824132e-01,2.000000000000000000e+00,5.999999999999999778e-01,5.999999999999999778e-01,8.000000000000000444e-01
2.500000000000000000e-01,7.608699322246260666e-01,4.481844144702359367e-01,2.000000000000000000e+00,5.999999999999999778e-01,5.999999999999999778e-01,8.000000000000000444e-01
2.750000000000000222e-01,7.937982781599258741e-01,4.443358768567627348e-01,2.000000000000000000e+00,5.999999999999999778e-01,5.999999999999999778e-01,8.000000000000000444e-01
3.000000000000000444e-01,8.281974962583185107e-01,4.407398551292311395e-01,2.000000000000000000e+00,5.999999999999999778e-01,5.999999999999999778e-01,8.000000000000000444e-01
3.250000000000000111e-01,8.641320764034451374e-01,4.374003526944357789e-01,2.000000000000000000e+00,5.999999999999999778e-01,5.999999999999999778e-01,8.000000000000000444e-01
3.500000000000000333e-01,9.016691050987157841e-01,4.343219207654486769e-01,2.000000000000000000e+00,5.999999999999999778e-01,5.999999999999999778e-01,8.000000000000000444e-01
3.750000000000000000e-01,9.408783404893314994e-01,4.315097022144597783e-01,2.000000000000000000e+00,5.999999999999999778e-01,5.999999999999999778e-01,8.000000000000000444e-01
4.000000000000000222e-01,9.818322855259292714e-01,4.289694801580393735e-01,2.000000000000000000e+00,5.999999999999999778e-01,5.999999999999999778e-01,8.000000000000000444e-01
4.250000000000000444e-01,1.024606258525359248e+00,4.267077318317451518e-01,2.000000000000000000e+00,5.999999999999999778e-01,5.999999999999999778e-01,8.000000000000000444e-01
4.500000000000000111e-01,1.069278460262687691e+00,4.247316883840497326e-01,2.000000000000000000e+00,5.999999999999999778e-01,5.999999999999999778e-01,8.000000000000000444e-01
4.750000000000000333e-01,1.115930036589121155e+00,4.230494013030697831e-01,2.000000000000000000e+00,5.999999999999999778e-01,5.999999999999999778e-01,8.000000000000000444e-01
5.000000000000000000e-01,1.164645135410450116e+00,4.216698162851355014e-01,2.000000000000000000e+00,5.999999999999999778e-01,5.999999999999999778e-01,8.000000000000000444e-01
5.250000000000000222e-01,1.215510956676684184e+00,4.206028554637213368e-01,2.000000000000000000e+00,5.999999999999999778e-01,5.999999999999999778e-01,8.000000000000000444e-01
5.500000000000000444e-01,1.268617793822133688e+00,4.198595090428317023e-01,2.000000000000000000e+00,5.999999999999999778e-01,5.999999999999999778e-01,8.000000000000000444e-01
5.750000000000000666e-01,1.324059064852082912e+00,4.194519375231324787e-01,2.000000000000000000e+00,5.999999999999999778e-01,5.999999999999999778e-01,8.000000000000000444e-01
6.000000000000000888e-01,1.381931330992477891e+00,4.193935858748789047e-01,2.000000000000000000e+00,5.999999999999999778e-01,5.999999999999999778e-01,8.000000000000000444e-01
6.250000000000000000e-01,1.442334300497035038e+00,4.196993112024480221e-01,2.000000000000000000e+00,5.999999999999999778e-01,5.999999999999999778e-01,8.000000000000000444e-01
6.500000000000000222e-01,1.505370814835252702e+00,4.203855256650331218e-01,2.000000000000000000e+00,5.999999999999999778e-01,5.999999999999999778e-01,8.000000000000000444e-01
6.750000000000000444e-01,1.571146814057285512e+00,4.214703566714622096e-01,2.000000000000000000e+00,5.999999999999999778e-01,5.999999999999999778e-01,8.000000000000000444e-01
7.000000000000000666e-01,1.639771277638590430e+00,4.229738266595923224e-01,2.000000000000000000e+00,5.999999999999999778e-01,5.999999999999999778e-01,8.000000000000000444e-01
7.250000000000000888e-01,1.711356136538280781e+00,4.249180551086397251e-01,2.000000000000000000e+00,5.999999999999999778e-01,5.999999999999999778e-01,8.000000000000000444e-01
7.500000000000000000e-01,1.786016151548153630e+00,4.273274858235081575e-01,2.000000000000000000e+00,5.999999999999999778e-01,5.999999999999999778e-01,8.000000000000000444e-01
7.750000000000000222e-01,1.863868752250342542e+00,4.302291429822567292e-01,2.000000000000000000e+00,5.999999999999999778e-01,5.999999999999999778e-01,8.000000000000000444e-01
8.000000000000000444e-01,1.945033830024178512e+00,4.336529199612926821e-01,2.000000000000000000e+00,5.999999999999999778e-01,5.999999999999999778e-01,8.000000000000000444e-01
8.250000000000000666e-01,2.029633477528185015e+00,4.376319055592690632e-01,2.000000000000000000e+00,5.999999999999999778e-01,5.999999999999999778e-01,8.000000000000000444e-01
8.500000000000000888e-01,2.117791665909231291e+00,4.422027529434468529e-01,2.000000000000000000e+00,5.999999999999999778e-01,5.999999999999999778e-01,8.000000000000000444e-01
8.750000000000000000e-01,2.209633849632306468e+00,4.474060974569641913e-01,2.000000000000000000e+00,5.999999999999999778e-01,5.999999999999999778e-01,8.000000000000000444e-01
9.000000000000000222e-01,2.305286487251829719e+00,4.532870303699169101e-01,2.000000000000000000e+00,5.999999999999999778e-01,5.999999999999999778e-01,8.000000000000000444e-01
9.250000000000000444e-01,2.404876464625047117e+00,4.598956367518927668e-01,2.000000000000000000e+00,5.999999999999999778e-01,5.999999999999999778e-01,8.000000000000000444e-01
9.500000000000000666e-01,2.508530404961173854e+00,4.672876069119805686e-01,2.000000000000000000e+00,5.999999999999999778e-01,5.999999999999999778e-01,8.000000000000000444e-01
9.750000000000000888e-01,2.616373847662228691e+00,4.755249323207446643e-01,2.000000000000000000e+00,5.999999999999999778e-01,5.999999999999999778e-01,8.000000000000000444e-01
1.000000000000000000e+00,2.728530275092809987e+00,4.846766986268599697e-01,2.000000000000000000e+00,5.999999999999999778e-01,5.999999999999999778e-01,8.000000000000000444e-01
1.025000000000000133e+00,2.845119963159919330e+00,4.948199903418540879e-01,2.000000000000000000e+00,5.999999999999999778e-01,5.999999999999999778e-01,8.000000000000000444e-01
1.050000000000000044e+00,2.966258627827532024e+00,5.060409240254001295e-01,2.000000000000000000e+00,5.999999999999999778e-01,5.999999999999999778e-01,8.000000000000000444e-01
1.074999999999999956e+00,3.092055835365046246e+00,5.184358293987545441e-01,2.000000000000000000e+00,5.999999999999999778e-01,5.999999999999999778e-01,8.000000000000000444e-01
1.100000000000000089e+00,3.222613139159977713e+00,5.321126007841004979e-01,2.000000000000000000e+00,5.999999999999999778e-01,5.999999999999999778e-01,8.000000000000000444e-01
1.125000000000000000e+00,3.358021900235985235e+00,5.471922446504099424e-01,2.000000000000000000e+00,5.999999999999999778e-01,5.999999999999999778e-01,8.000000000000000444e-01
1.150000000000000133e+00,3.498360742130154133e+00,5.638106528750321811e-01,2.000000000000000000e+00,5.999999999999999778e-01,5.999999999999999778e-01,8.000000000000000444e-01
1.175000000000000044e+00,3.643692583426469955e+00,5.821206356277233152e-01,2.000000000000000000e+00,5.999999999999999778e-01,5.999999999999999778e-01,8.000000000000000444e-01
1.200000000000000178e+00,3.794061182957349843e+00,6.022942525556124194e-01,2.000000000000000000e+00,5.999999999999999778e-01,5.999999999999999778e-01,8.000000000000000444e-01
1.225000000000000089e+00,3.949487123440123870e+00,6.245254861695935800e-01,2.000000000000000000e+00,5.999999999999999778e-01,5.999999999999999778e-01,8.000000000000000444e-01
1.250000000000000000e+00,4.109963149123824877e+00,6.490333069345065597e-01,2.000000000000000000e+00,5.999999999999999778e-01,5.999999999999999778e-01,8.000000000000000444e-01
1.275000000000000133e+00,4.275448761969194322e+00,6.760651854066384026e-01,2.000000000000000000e+00,5.999999999999999778e-01,5.999999999999999778e-01,8.000000000000000444e-01
1.300000000000000044e+00,4.445863969168295071e+00,7.059011125978649215e-01,2.000000000000000000e+00,5.999999999999999778e-01,5.999999999999999778e-01,8.000000000000000444e-01
1.325000000000000178e+00,4.621082062792289946e+00,7.388581951803274706e-01,2.000000000000000000e+00,5.999999999999999778e-01,5.999999999999999778e-01,8.000000000000000444e-01
1.350000000000000089e+00,4.800921300641481260e+00,7.752958965671443714e-01,2.000000000000000000e+00,5.999999999999999778e-01,5.999999999999999778e-01,8.000000000000000444e-01
1.375000000000000000e+00,4.985135346911618193e+00,8.156219973977385518e-01,2.000000000000000000e+00,5.999999999999999778e-01,5.999999999999999778e-01,8.000000000000000444e-01
1.400000000000000133e+00,5.173402323523006885e+00,8.602993481839755763e-01,2.000000000000000000e+00,5.999999999999999778e-01,5.999999999999999778e-01,8.000000000000000444e-01
1.425000000000000044e+00,5.365312319996852430e+00,9.098534809226006548e-01,2.000000000000000000e+00,5.999999999999999778e-01,5.999999999999999778e-01,8.000000000000000444e-01
1.450000000000000178e+00,5.560353214637903996e+00,9.648811326629394003e-01,2.000000000000000000e+00,5.999999999999999778e-01,5.999999999999999778e-01,8.000000000000000444e-01
1.475000000000000089e+00,5.757894676753611662e+00,1.026059708625868261e+00,2.000000000000000000e+00,5.999999999999999778e-01,5.999999999999999778e-01,8.000000000000000444e-01
1.500000000000000000e+00,5.957170254576368507e+00,1.094157670468274723e+00,2.000000000000000000e+00,5.999999999999999778e-01,5.999999999999999778e-01,8.000000000000000444e-01
1.525000000000000133e+00,6.157257514380233943e+00,1.170045769983862005e+00,2.000000000000000000e+00,5.999999999999999778e-01,5.999999999999999778e-01,8.000000000000000444e-01
1.550000000000000044e+00,6.357056293458216878e+00,1.254708951225213864e+00,2.000000000000000000e+00,5.999999999999999778e-01,5.999999999999999778e-01,8.000000000000000444e-01
1.575000000000000178e+00,6.555265276608458258e+00,1.349258603723378691e+00,2.000000000000000000e+00,5.999999999999999778e-01,5.999999999999999778e-01,8.000000000000000444e-01
1.600000000000000089e+00,6.750357319326584893e+00,1.454944652761207324e+00,2.000000000000000000e+00,5.999999999999999778e-01,5.999999999999999778e-01,8.000000000000000444e-01
1.625000000000000000e+00,6.940554241003188629e+00,1.573166703995708460e+00,2.000000000000000000e+00,5.999999999999999778e-01,5.999999999999999778e-01,8.000000000000000444e-01
1.650000000000000133e+00,7.123802220465011992e+00,1.705483102504130599e+00,2.000000000000000000e+00,5.999999999999999778e-01,5.999999999999999778e-01,8.000000000000000444e-01
1.675000000000000044e+00,7.297749466799495544e+00,1.853616305142815168e+00,2.000000000000000000e+00,5.999999999999999778e-01,5.999999999999999778e-01,8.000000000000000444e-01
1.700000000000000178e+00,7.459728529101868233e+00,2.019452390077561166e+00,2.000000000000000000e+00,5.999999999999999778e-01,5.999999999999999778e-01,8.000000000000000444e-01
1.725000000000000089e+00,7.606746456445593552e+00,2.205031841387377955e+00,2.000000000000000000e+00,5.999999999999999778e-01,5.999999999999999778e-01,8.000000000000000444e-01
1.750000000000000000e+00,7.735487007080526389e+00,2.412527976746977387e+00,2.000000000000000000e+00,5.999999999999999778e-01,5.999999999999999778e-01,8.000000000000000444e-01
1.775000000000000133e+00,7.842330175159385242e+00,2.644208599487205547e+00,2.000000000000000000e+00,5.999999999999999778e-01,5.999999999999999778e-01,8.000000000000000444e-01
1.800000000000000044e+00,7.923395330579737994e+00,2.902375780835078078e+00,2.000000000000000000e+00,5.999999999999999778e-01,5.999999999999999778e-01,8.000000000000000444e-01
1.825000000000000178e+00,7.974615036466879303e+00,3.189278325860222196e+00,2.000000000000000000e+00,5.999999999999999778e-01,5.999999999999999778e-01,8.000000000000000444e-01
1.850000000000000089e+00,7.991846784896980971e+00,3.506991762736260565e+00,2.000000000000000000e+00,5.999999999999999778e-01,5.999999999999999778e-01,8.000000000000000444e-01
1.875000000000000000e+00,7.971029011486570504e+00,3.857262040136795189e+00,2.000000000000000000e+00,5.999999999999999778e-01,5.999999999999999778e-01,8.000000000000000444e-01
1.900000000000000133e+00,7.908385247658355155e+00,4.241312013736603603e+00,2.000000000000000000e+00,5.999999999999999778e-01,5.999999999999999778e-01,8.000000000000000444e-01
1.925000000000000044e+00,7.800675569639012430e+00,4.659614713864131730e+00,2.000000000000000000e+00,5.999999999999999778e-01,5.999999999999999778e-01,8.000000000000000444e-01
1.950000000000000178e+00,7.645487208185406836e+00,5.111644559522405373e+00,2.000000000000000000e+00,5.999999999999999778e-01,5.999999999999999778e-01,8.000000000000000444e-01
1.975000000000000089e+00,7.441546372205390725e+00,5.595626864721243265e+00,2.000000000000000000e+00,5.999999999999999778e-01,5.999999999999999778e-01,8.000000000000000444e-01
2.000000000000000000e+00,7.189021938884939900e+00,6.108316079357539508e+00,2.000000000000000000e+00,5.999999999999999778e-01,5.999999999999999778e-01,8.000000000000000444e-01
2.024999999999999911e+00,6.889780761267012110e+00,6.644842032332563875e+00,2.000000000000000000e+00,5.999999999999999778e-01,5.999999999999999778e-01,8.000000000000000444e-01
2.050000000000000266e+00,6.547547227390013269e+00,7.198667763626262150e+00,2.000000000000000000e+00,5.999999999999999778e-01,5.999999999999999778e-01,8.000000000000000444e-01
2.075000000000000178e+00,6.167920331410019052e+00,7.761698665703232081e+00,2.000000000000000000e+00,5.999999999999999778e-01,5.999999999999999778e-01,8.000000000000000444e-01
2.100000000000000089e+00,5.758213262883485228e+00,8.324567777486201692e+00,2.000000000000000000e+00,5.999999999999999778e-01,5.999999999999999778e-01,8.000000000000000444e-01
2.125000000000000000e+00,5.327104377266256741e+00,8.877095970697880034e+00,2.000000000000000000e+00,5.999999999999999778e-01,5.999999999999999778e-01,8.000000000000000444e-01
2.149999999999999911e+00,4.884121344085810001e+00,9.408892303327682782e+00,2.000000000000000000e+00,5.999999999999999778e-01,5.999999999999999778e-01,8.000000000000000444e-01
2.175000000000000266e+00,4.439014835446789320e+00,9.910027033104441330e+00,2.000000000000000000e+00,5.999999999999999778e-01,5.999999999999999778e-01,8.000000000000000444e-01
2.200000000000000178e+00,4.001104221924688176e+00,1.037168784773679242e+01,2.000000000000000000e+00,5.999999999999999778e-01,5.999999999999999778e-01,8.000000000000000444e-01
2.225000000000000089e+00,3.578686372479952471e+00,1.078672715132302606e+01,2.000000000000000000e+00,5.999999999999999778e-01,5.999999999999999778e-01,8.000000000000000444e-01
2.250000000000000000e+00,3.178585989202461715e+00,1.115002731019805360e+01,2.000000000000000000e+00,5.999999999999999778e-01,5.999999999999999778e-01,8.000000000000000444e-01
2.274999999999999911e+00,2.805895479851279628e+00,1.145864657280539767e+01,2.000000000000000000e+00,5.999999999999999778e-01,5.999999999999999778e-01,8.000000000000000444e-01
2.300000000000000266e+00,2.463913784486123415e+00,1.171175011070701011e+01,2.000000000000000000e+00,5.999999999999999778e-01,5.999999999999999778e-01,8.000000000000000444e-01
2.325000000000000178e+00,2.154258335637011079e+00,1.191036624656628895e+01,2.000000000000000000e+00,5.999999999999999778e-01,5.999999999999999778e-01,8.000000000000000444e-01
2.350000000000000089e+00,1.877101165911534641e+00,1.205702900814229039e+01,2.000000000000000000e+00,5.999999999999999778e-01,5.999999999999999778e-01,8.000000000000000444e-01
2.375000000000000000e+00,1.631472276077915007e+00,1.215537237610864096e+01,2.000000000000000000e+00,5.999999999999999778e-01,5.999999999999999778e-01,8.000000000000000444e-01
2.400000000000000355e+00,1.415578594326442063e+00,1.220973222414183645e+01,2.000000000000000000e+00,5.999999999999999778e-01,5.999999999999999778e-01,8.000000000000000444e-01
2.425000000000000266e+00,1.227099990358469617e+00,1.222479511334329416e+01,2.000000000000000000e+00,5.999999999999999778e-01,5.999999999999999778e-01,8.000000000000000444e-01
2.450000000000000178e+00,1.063439300390625730e+00,1.220531490056219504e+01,2.000000000000000000e+00,5.999999999999999778e-01,5.999999999999999778e-01,8.000000000000000444e-01
2.475000000000000089e+00,9.219170923266399864e-01,1.215590277563446797e+01,2.000000000000000000e+00,5.999999999999999778e-01,5.999999999999999778e-01,8.000000000000000444e-01
2.500000000000000000e+00,7.999119288201981259e-01,1.208088573824455203e+01,2.000000000000000000e+00,5.999999999999999778e-01,5.999999999999999778e-01,8.000000000000000444e-01
2.525000000000000355e+00,6.949528560701736524e-01,1.198422269267069495e+01,2.000000000000000000e+00,5.999999999999999778e-01,5.999999999999999778e-01,8.000000000000000444e-01
2.550000000000000266e+00,6.047734520528950108e-01,1.186946528563806780e+01,2.000000000000000000e+00,5.999999999999999778e-01,5.999999999999999778e-01,8.000000000000000444e-01
2.575000000000000178e+00,5.273370622332796964e-01,1.173975104234756728e+01,2.000000000000000000e+00,5.999999999999999778e-01,5.999999999999999778e-01,8.000000000000000444e-01
2.600000000000000089e+00,4.608418279546189211e-01,1.159781810889094089e+01,2.000000000000000000e+00,5.999999999999999778e-01,5.999999999999999778e-01,8.000000000000000444e-01
2.625000000000000000e+00,4.037125238885526102e-01,1.144603314217691903e+01,2.000000000000000000e+00,5.999999999999999778e-01,5.999999999999999778e-01,8.000000000000000444e-01
2.650000000000000355e+00,3.545845461578762681e-01,1.128642608325848506e+01,2.000000000000000000e+00,5.999999999999999778e-01,5.999999999999999778e-01,8.000000000000000444e-01
2.675000000000000266e+00,3.122838894086206740e-01,1.112072744565046456e+01,2.000000000000000000e+00,5.999999999999999778e-01,5.999999999999999778e-01,8.000000000000000444e-01
2.700000000000000178e+00,2.758057235823378472e-01,1.095040525703416989e+01,2.000000000000000000e+00,5.999999999999999778e-01,5.999999999999999778e-01,8.000000000000000444e-01
2.725000000000000089e+00,2.442932430799125698e-01,1.077669991857502829e+01,2.000000000000000000e+00,5.999999999999999778e-01,5.999999999999999778e-01,8.000000000000000444e-01
2.750000000000000000e+00,2.170177806417923350e-01,1.060065604479564350e+01,2.000000000000000000e+00,5.999999999999999778e-01,5.999999999999999778e-01,8.000000000000000444e-01
2.775000000000000355e+00,1.933607069510536736e-01,1.042315088662255818e+01,2.000000000000000000e+00,5.999999999999999778e-01,5.999999999999999778e-01,8.000000000000000444e-01
2.800000000000000266e+00,1.727973249371837494e-01,1.024491928625153037e+01,2.000000000000000000e+00,5.999999999999999778e-01,5.999999999999999778e-01,8.000000000000000444e-01
2.825000000000000178e+00,1.548827714811185363e-01,1.006657532022942370e+01,2.000000000000000000e+00,5.999999999999999778e-01,5.999999999999999778e-01,8.000000000000000444e-01
2.850000000000000089e+00,1.392398237813660400e-01,9.888630900098643650e+00,2.000000000000000000e+00,5.999999999999999778e-01,5.999999999999999778e-01,8.000000000000000444e-01
2.875000000000000000e+00,1.255484466109037522e-01,9.711511650456200684e+00,2.000000000000000000e+00,5.999999999999999778e-01,5.999999999999999778e-01,8.000000000000000444e-01
2.900000000000000355e+00,1.135368909120718917e-01,9.535570395476453243e+00,2.000000000000000000e+00,5.999999999999999778e-01,5.999999999999999778e-01,8.000000000000000444e-01
2.925000000000000266e+00,1.029741502210416021e-01,9.361098572803557616e+00,2.000000000000000000e+00,5.999999999999999778e-01,5.999999999999999778e-01,8.000000000000000444e-01
2.950000000000000178e+00,9.366359017204591020e-02,9.188335868907534731e+00,2.000000000000000000e+00,5.999999999999999778e-01,5.999999999999999778e-01,8.000000000000000444e-01
2.975000000000000089e+00,8.543758180282123860e-02,9.017478339407210441e+00,2.000000000000000000e+00,5.999999999999999778e-01,5.999999999999999778e-01,8.000000000000000444e-01
3.000000000000000000e+00,7.815298774378821867e-02,8.848685245768241003e+00,2.000000000000000000e+00,5.999999999999999778e-01,5.999999999999999778e-01,8.000000000000000444e-01
3.025000000000000355e+00,7.168736928756015703e-02,8.682084808696293621e+00,2.000000000000000000e+00,5.999999999999999778e-01,5.999999999999999778e-01,8.000000000000000444e-01
3.050000000000000266e+00,6.593580045393425404e-02,8.517779049820370929e+00,2.000000000000000000e+00,5.999999999999999778e-01,5.999999999999999778e-01,8.000000000000000444e-01
3.075000000000000178e+00,6.080819178053609858e-02,8.355847867520058259e+00,2.000000000000000000e+00,5.999999999999999778e-01,5.999999999999999778e-01,8.000000000000000444e-01
3.100000000000000089e+00,5.622704137530575019e-02,8.196352470163914106e+00,2.000000000000000000e+00,5.999999999999999778e-01,5.999999999999999778e-01,8.000000000000000444e-01
3.125000000000000000e+00,5.212554370207359705e-02,8.039338270502632611e+00,2.000000000000000000e+00,5.999999999999999778e-01,5.999999999999999778e-01,8.000000000000000444e-01
3.150000000000000355e+00,4.844599771185471165e-02,7.884837328267902734e+00,2.000000000000000000e+00,5.999999999999999778e-01,5.999999999999999778e-01,8.000000000000000444e-01
3.175000000000000266e+00,4.513846542999324501e-02,7.732870413869998849e+00,2.000000000000000000e+00,5.999999999999999778e-01,5.999999999999999778e-01,8.000000000000000444e-01
3.200000000000000178e+00,4.215964014372657748e-02,7.583448754150365012e+00,2.000000000000000000e+00,5.999999999999999778e-01,5.999999999999999778e-01,8.000000000000000444e-01
3.225000000000000089e+00,3.947189009306233815e-02,7.436575511125208315e+00,2.000000000000000000e+00,5.999999999999999778e-01,5.999999999999999778e-01,8.000000000000000444e-01
3.250000000000000000e+00,3.704244922905705617e-02,7.292247036271362504e+00,2.000000000000000000e+00,5.999999999999999778e-01,5.999999999999999778e-01,8.000000000000000444e-01
3.275000000000000355e+00,3.484273133140755596e-02,7.150453935905037639e+00,2.000000000000000000e+00,5.999999999999999778e-01,5.999999999999999778e-01,8.000000000000000444e-01
3.300000000000000266e+00,3.284774771718276115e-02,7.011181977367732188e+00,2.000000000000000000e+00,5.999999999999999778e-01,5.999999999999999778e-01,8.000000000000000444e-01
3.325000000000000178e+00,3.103561205116439278e-02,6.874412860872254782e+00,2.000000000000000000e+00,5.999999999999999778e-01,5.999999999999999778e-01,8.000000000000000444e-01
3.350000000000000089e+00,2.938711849427911790e-02,6.740124877814253068e+00,2.000000000000000000e+00,5.999999999999999778e-01,5.999999999999999778e-01,8.000000000000000444e-01
3.375000000000000000e+00,2.788538169223458291e-02,6.608293472984726691e+00,2.000000000000000000e+00,5.999999999999999778e-01,5.999999999999999778e-01,8.000000000000000444e-01
3.400000000000000355e+00,2.651552898941908834e-02,6.478891725312458938e+00,2.000000000000000000e+00,5.999999999999999778e-01,5.999999999999999778e-01,8.000000000000000444e-01
3.425000000000000266e+00,2.526443681846259406e-02,6.351890759426637167e+00,2.000000000000000000e+00,5.999999999999999778e-01,5.999999999999999778e-01,8.000000000000000444e-01
3.450000000000000178e+00,2.412050451784606558e-02,6.227260098379644226e+00,2.000000000000000000e+00,5.999999999999999778e-01,5.999999999999999778e-01,8.000000000000000444e-01
3.475000000000000089e+00,2.307345991368683902e-02,6.104967966242102584e+00,2.000000000000000000e+00,5.999999999999999778e-01,5.999999999999999778e-01,8.000000000000000444e-01
3.500000000000000000e+00,2.211419190471973842e-02,5.984981547921911726e+00,2.000000000000000000e+00,5.999999999999999778e-01,5.999999999999999778e-01,8.000000000000000444e-01
3.525000000000000355e+00,2.123460604250144990e-02,5.867267212420927969e+00,2.000000000000000000e+00,5.999999999999999778e-01,5.999999999999999778e-01,8.000000000000000444e-01
3.550000000000000266e+00,2.042749972759886137e-02,5.751790704789536690e+00,2.000000000000000000e+00,5.999999999999999778e-01,5.999999999999999778e-01,8.000000000000000444e-01
3.575000000000000178e+00,1.968645416814939625e-02,5.638517311239575669e+00,2.000000000000000000e+00,5.999999999999999778e-01,5.999999999999999778e-01,8.000000000000000444e-01
3.600000000000000089e+00,1.900574068719634163e-02,5.527412001204144332e+00,2.000000000000000000e+00,5.999999999999999778e-01,5.999999999999999778e-01,8.000000000000000444e-01
3.625000000000000000e+00,1.838023933406341542e-02,5.418439549567554359e+00,2.000000000000000000e+00,5.999999999999999778e-01,5.999999999999999778e-01,8.000000000000000444e-01
3.650000000000000355e+00,1.780536806469348865e-02,5.311564641812275944e+00,2.000000000000000000e+00,5.999999999999999778e-01,5.999999999999999778e-01,8.000000000000000444e-01
3.675000000000000266e+00,1.727702101622497280e-02,5.206751964427733803e+00,2.000000000000000000e+00,5.999999999999999778e-01,5.999999999999999778e-01,8.000000000000000444e-01
3.700000000000000178e+00,1.679151462030089095e-02,5.103966282585914449e+00,2.000000000000000000e+00,5.999999999999999778e-01,5.999999999999999778e-01,8.000000000000000444e-01
3.725000000000000089e+00,1.634554048448247365e-02,5.003172506801029762e+00,2.000000000000000000e+00,5.999999999999999778e-01,5.999999999999999778e-01,8.000000000000000444e-01
3.750000000000000000e+00,1.593612412729510791e-02,4.904335750046421083e+00,2.000000000000000000e+00,5.999999999999999778e-01,5.999999999999999778e-01,8.000000000000000444e-01
3.775000000000000355e+00,1.556058878453980311e-02,4.807421376594612994e+00,2.000000000000000000e+00,5.999999999999999778e-01,5.999999999999999778e-01,8.000000000000000444e-01
3.800000000000000266e+00,1.521652361643886786e-02,4.712395043670048800e+00,2.000000000000000000e+00,5.999999999999999778e-01,5.999999999999999778e-01,8.000000000000000444e-01
3.825000000000000178e+00,1.490175574018088971e-02,4.619222736853727973e+00,2.000000000000000000e+00,5.999999999999999778e-01,5.999999999999999778e-01,8.000000000000000444e-01
3.850000000000000089e+00,1.461432559317867204e-02,4.527870800050664890e+00,2.000000000000000000e+00,5.999999999999999778e-01,5.999999999999999778e-01,8.000000000000000444e-01
3.875000000000000000e+00,1.435246520110080269e-02,4.438305960721388388e+00,2.000000000000000000e+00,5.999999999999999778e-01,5.999999999999999778e-01,8.000000000000000444e-01
3.900000000000000355e+00,1.411457898335946246e-02,4.350495350984757259e+00,2.000000000000000000e+00,5.999999999999999778e-01,5.999999999999999778e-01,8.000000000000000444e-01
3.925000000000000266e+00,1.389922677880424742e-02,4.264406525118785041e+00,2.000000000000000000e+00,5.999999999999999778e-01,5.999999999999999778e-01,8.000000000000000444e-01
3.950000000000000178e+00,1.370510881719988125e-02,4.180007473916953487e+00,2.000000000000000000e+00,5.999999999999999778e-01,5.999999999999999778e-01,8.000000000000000444e-01
3.975000000000000089e+00,1.353105239875876560e-02,4.097266636297915099e+00,2.000000000000000000e+00,5.999999999999999778e-01,5.999999999999999778e-01,8.000000000000000444e-01
4.000000000000000000e+00,1.337600007548520736e-02,4.016152908515167930e+00,2.000000000000000000e+00,5.999999999999999778e-01,5.999999999999999778e-01,8.000000000000000444e-01
4.025000000000000355e+00,1.323899915514758184e-02,3.936635651268976410e+00,2.000000000000000000e+00,5.999999999999999778e-01,5.999999999999999778e-01,8.000000000000000444e-01
4.049999999999999822e+00,1.311919237198585358e-02,3.858684694984515939e+00,2.000000000000000000e+00,5.999999999999999778e-01,5.999999999999999778e-01,8.000000000000000444e-01
4.075000000000000178e+00,1.301580958834005521e-02,3.782270343487070807e+00,2.000000000000000000e+00,5.999999999999999778e-01,5.999999999999999778e-01,8.000000000000000444e-01
4.100000000000000533e+00,1.292816040872026007e-02,3.707363376276366029e+00,2.000000000000000000e+00,5.999999999999999778e-01,5.999999999999999778e-01,8.000000000000000444e-01
4.125000000000000000e+00,1.285562760282753930e-02,3.633935049577167398e+00,2.000000000000000000e+00,5.999999999999999778e-01,5.999999999999999778e-01,8.000000000000000444e-01
4.150000000000000355e+00,1.279766124701551579e-02,3.561957096321577421e+00,2.000000000000000000e+00,5.999999999999999778e-01,5.999999999999999778e-01,8.000000000000000444e-01
4.174999999999999822e+00,1.275377350493939362e-02,3.491401725199572592e+00,2.000000000000000000e+00,5.999999999999999778e-01,5.999999999999999778e-01,8.000000000000000444e-01
4.200000000000000178e+00,1.272353397791711402e-02,3.422241618897850390e+00,2.000000000000000000e+00,5.999999999999999778e-01,5.999999999999999778e-01,8.000000000000000444e-01
4.225000000000000533e+00,1.270656556403263610e-02,3.354449931632673909e+00,2.000000000000000000e+00,5.999999999999999778e-01,5.999999999999999778e-01,8.000000000000000444e-01
4.250000000000000000e+00,1.270254077242093799e-02,3.288000286069833855e+00,2.000000000000000000e+00,5.999999999999999778e-01,5.999999999999999778e-01,8.000000000000000444e-01
4.275000000000000355e+00,1.271117844563897890e-02,3.222866769713840007e+00,2.000000000000000000e+00,5.999999999999999778e-01,5.999999999999999778e-01,8.000000000000000444e-01
4.299999999999999822e+00,1.273224084867563728e-02,3.159023930838808614e+00,2.000000000000000000e+00,5.999999999999999778e-01,5.999999999999999778e-01,8.000000000000000444e-01
4.325000000000000178e+00,1.276553108809687365e-02,3.096446774025045201e+00,2.000000000000000000e+00,5.999999999999999778e-01,5.999999999999999778e-01,8.000000000000000444e-01
4.350000000000000533e+00,1.281089082915490805e-02,3.035110755357891321e+00,2.000000000000000000e+00,5.999999999999999778e-01,5.999999999999999778e-01,8.000000000000000444e-01
4.375000000000000000e+00,1.286819828249339583e-02,2.974991777338852561e+00,2.000000000000000000e+00,5.999999999999999778e-01,5.999999999999999778e-01,8.000000000000000444e-01
4.400000000000000355e+00,1.293736643542430821e-02,2.916066183553269298e+00,2.000000000000000000e+00,5.999999999999999778e-01,5.999999999999999778e-01,8.000000000000000444e-01
4.424999999999999822e+00,1.301834150569685516e-02,2.858310753133702420e+00,2.000000000000000000e+00,5.999999999999999778e-01,5.999999999999999778e-01,8.000000000000000444e-01
4.450000000000000178e+00,1.311110159827619595e-02,2.801702695053733816e+00,2.000000000000000000e+00,5.999999999999999778e-01,5.999999999999999778e-01,8.000000000000000444e-01
4.475000000000000533e+00,1.321565554794480041e-02,2.746219642282904161e+00,2.000000000000000000e+00,5.999999999999999778e-01,5.999999999999999778e-01,8.000000000000000444e-01
4.500000000000000000e+00,1.333204193257087403e-02,2.691839645830017336e+00,2.000000000000000000e+00,5.999999999999999778e-01,5.999999999999999778e-01,8.000000000000000444e-01
4.525000000000000355e+00,1.346032824368998022e-02,2.638541168698926409e+00,2.000000000000000000e+00,5.999999999999999778e-01,5.999999999999999778e-01,8.000000000000000444e-01
4.549999999999999822e+00,1.360061020264682549e-02,2.586303079778175640e+00,2.000000000000000000e+00,5.999999999999999778e-01,5.999999999999999778e-01,8.000000000000000444e-01
4.575000000000000178e+00,1.375301121196964745e-02,2.535104647683421586e+00,2.000000000000000000e+00,5.999999999999999778e-01,5.999999999999999778e-01,8.000000000000000444e-01
4.600000000000000533e+00,1.391768193292153288e-02,2.484925534569399908e+00,2.000000000000000000e+00,5.999999999999999778e-01,5.999999999999999778e-01,8.000000000000000444e-01
4.625000000000000000e+00,1.409479998131063158e-02,2.435745789926269111e+00,2.000000000000000000e+00,5.999999999999999778e-01,5.999999999999999778e-01,8.000000000000000444e-01
4.650000000000000355e+00,1.428456973466120904e-02,2.387545844373458515e+00,2.000000000000000000e+00,5.999999999999999778e-01,5.999999999999999778e-01,8.000000000000000444e-01
4.674999999999999822e+00,1.448722224476447010e-02,2.340306503462619148e+00,2.000000000000000000e+00,5.999999999999999778e-01,5.999999999999999778e-01,8.000000000000000444e-01
4.700000000000000178e+00,1.470301525045473491e-02,2.294008941499914744e+00,2.000000000000000000e+00,5.999999999999999778e-01,5.999999999999999778e-01,8.000000000000000444e-01
4.725000000000000533e+00,1.493223328620417976e-02,2.248634695396689587e+00,2.000000000000000000e+00,5.999999999999999778e-01,5.999999999999999778e-01,8.000000000000000444e-01
4.750000000000000000e+00,1.517518788280764787e-02,2.204165658556462404e+00,2.000000000000000000e+00,5.999999999999999778e-01,5.999999999999999778e-01,8.000000000000000444e-01
4.775000000000000355e+00,1.543221785704662792e-02,2.160584074805234511e+00,2.000000000000000000e+00,5.999999999999999778e-01,5.999999999999999778e-01,8.000000000000000444e-01
4.800000000000000711e+00,1.570368968778606059e-02,2.117872532371242844e+00,2.000000000000000000e+00,5.999999999999999778e-01,5.999999999999999778e-01,8.000000000000000444e-01
4.825000000000000178e+00,1.598999797647570817e-02,2.076013957919517594e+00,2.000000000000000000e+00,5.999999999999999778e-01,5.999999999999999778e-01,8.000000000000000444e-01
4.850000000000000533e+00,1.629156599050546675e-02,2.034991610645921156e+00,2.000000000000000000e+00,5.999999999999999778e-01,5.999999999999999778e-01,8.000000000000000444e-01
4.875000000000000000e+00,1.660884628830629553e-02,1.994789076434727138e+00,2.000000000000000000e+00,5.999999999999999778e-01,5.999999999999999778e-01,8.000000000000000444e-01
4.900000000000000355e+00,1.694232142550015571e-02,1.955390262083253949e+00,2.000000000000000000e+00,5.999999999999999778e-01,5.999999999999999778e-01,8.000000000000000444e-01
4.925000000000000711e+00,1.729250474178755173e-02,1.916779389596576566e+00,2.000000000000000000e+00,5.999999999999999778e-01,5.999999999999999778e-01,8.000000000000000444e-01
4.950000000000000178e+00,1.765994122862353868e-02,1.878940990554898383e+00,2.000000000000000000e+00,5.999999999999999778e-01,5.999999999999999778e-01,8.000000000000000444e-01
4.975000000000000533e+00,1.804520847807594697e-02,1.841859900555779195e+00,2.000000000000000000e+00,5.999999999999999778e-01,5.999999999999999778e-01,8.000000000000000444e-01
5.000000000000000000e+00,1.844891771358568577e-02,1.805521253733057607e+00,2.000000000000000000e+00,5.999999999999999778e-01,5.999999999999999778e-01,8.000000000000000444e-01
5.025000000000000355e+00,1.887171490366120266e-02,1.769910477354000200e+00,2.000000000000000000e+00,5.999999999999999778e-01,5.999999999999999778e-01,8.000000000000000444e-01
5.050000000000000711e+00,1.931428195983984908e-02,1.735013286495924678e+00,2.000000000000000000e+00,5.999999999999999778e-01,5.999999999999999778e-01,8.000000000000000444e-01
5.075000000000000178e+00,1.977733802054008200e-02,1.700815678803297981e+00,2.000000000000000000e+00,5.999999999999999778e-01,5.999999999999999778e-01,8.000000000000000444e-01
5.100000000000000533e+00,2.026164082271218053e-02,1.667303929326086953e+00,2.000000000000000000e+00,5.999999999999999778e-01,5.999999999999999778e-01,8.000000000000000444e-01
5.125000000000000000e+00,2.076798816347326035e-02,1.634464585439939777e+00,2.000000000000000000e+00,5.999999999999999778e-01,5.999999999999999778e-01,8.000000000000000444e-01
5.150000000000000355e+00,2.129721945418643070e-02,1.602284461848601405e+00,2.000000000000000000e+00,5.999999999999999778e-01,5.999999999999999778e-01,8.000000000000000444e-01
5.175000000000000711e+00,2.185021736971541270e-02,1.570750635668809680e+00,2.000000000000000000e+00,5.999999999999999778e-01,5.999999999999999778e-01,8.000000000000000444e-01
5.200000000000000178e+00,2.242790959585645033e-02,1.539850441597778286e+00,2.000000000000000000e+00,5.999999999999999778e-01,5.999999999999999778e-01,8.000000000000000444e-01
5.225000000000000533e+00,2.303127067821985480e-02,1.509571467163252079e+00,2.000000000000000000e+00,5.999999999999999778e-01,5.999999999999999778e-01,8.000000000000000444e-01
5.250000000000000000e+00,2.366132397610553120e-02,1.479901548056012262e+00,2.000000000000000000e+00,5.999999999999999778e-01,5.999999999999999778e-01,8.000000000000000444e-01
5.275000000000000355e+00,2.431914372519140832e-02,1.450828763544611322e+00,2.000000000000000000e+00,5.999999999999999778e-01,5.999999999999999778e-01,8.000000000000000444e-01
5.300000000000000711e+00,2.500585721313173040e-02,1.422341431972038439e+00,2.000000000000000000e+00,5.999999999999999778e-01,5.999999999999999778e-01,8.000000000000000444e-01
5.325000000000000178e+00,2.572264707244510673e-02,1.394428106333940987e+00,2.000000000000000000e+00,5.999999999999999778e-01,5.999999999999999778e-01,8.000000000000000444e-01
5.350000000000000533e+00,2.647075369536047371e-02,1.367077569937969139e+00,2.000000000000000000e+00,5.999999999999999778e-01,5.999999999999999778e-01,8.000000000000000444e-01
5.375000000000000000e+00,2.725147777558429782e-02,1.340278832143753984e+00,2.000000000000000000e+00,5.999999999999999778e-01,5.999999999999999778e-01,8.000000000000000444e-01
5.400000000000000355e+00,2.806618298225473790e-02,1.314021124182987776e+00,2.000000000000000000e+00,5.999999999999999778e-01,5.999999999999999778e-01,8.000000000000000444e-01
5.425000000000000711e+00,2.891629877165945856e-02,1.288293895059036132e+00,2.000000000000000000e+00,5.999999999999999778e-01,5.999999999999999778e-01,8.000000000000000444e-01
5.450000000000000178e+00,2.980332334261395072e-02,1.263086807525483968e+00,2.000000000000000000e+00,5.999999999999999778e-01,5.999999999999999778e-01,8.000000000000000444e-01
5.475000000000000533e+00,3.072882674172756901e-02,1.238389734142991472e+00,2.000000000000000000e+00,5.999999999999999778e-01,5.999999999999999778e-01,8.000000000000000444e-01
5.500000000000000000e+00,3.169445412512574001e-02,1.214192753413819936e+00,2.000000000000000000e+00,5.999999999999999778e-01,5.999999999999999778e-01,8.000000000000000444e-01
5.525000000000000355e+00,3.270192918355001310e-02,1.190486145993375544e+00,2.000000000000000000e+00,5.999999999999999778e-01,5.999999999999999778e-01,8.000000000000000444e-01
5.550000000000000711e+00,3.375305773812341953e-02,1.167260390978112072e+00,2.000000000000000000e+00,5.999999999999999778e-01,5.999999999999999778e-01,8.000000000000000444e-01
5.575000000000000178e+00,3.484973151444795830e-02,1.144506162269131488e+00,2.000000000000000000e+00,5.999999999999999778e-01,5.999999999999999778e-01,8.000000000000000444e-01
5.600000000000000533e+00,3.599393210309469876e-02,1.122214325010824520e+00,2.000000000000000000e+00,5.999999999999999778e-01,5.999999999999999778e-01,8.000000000000000444e-01
5.625000000000000000e+00,3.718773511495603729e-02,1.100375932103901500e+00,2.000000000000000000e+00,5.999999999999999778e-01,5.999999999999999778e-01,8.000000000000000444e-01
5.650000000000000355e+00,3.843331454035454897e-02,1.078982220792172653e+00,2.000000000000000000e+00,5.999999999999999778e-01,5.999999999999999778e-01,8.000000000000000444e-01
5.675000000000000711e+00,3.973294732124493800e-02,1.058024609322456566e+00,2.000000000000000000e+00,5.999999999999999778e-01,5.999999999999999778e-01,8.000000000000000444e-01
5.700000000000000178e+00,4.108901814630533389e-02,1.037494693677009305e+00,2.000000000000000000e+00,5.999999999999999778e-01,5.999999999999999778e-01,8.000000000000000444e-01
5.725000000000000533e+00,4.250402447919274934e-02,1.017384244377896874e+00,2.000000000000000000e+00,5.999999999999999778e-01,5.999999999999999778e-01,8.000000000000000444e-01
5.750000000000000000e+00,4.398058183073563776e-02,9.976852033627556793e-01,2.000000000000000000e+00,5.999999999999999778e-01,5.999999999999999778e-01,8.000000000000000444e-01
5.775000000000000355e+00,4.552142928635527497e-02,9.783896809314177601e-01,2.000000000000000000e+00,5.999999999999999778e-01,5.999999999999999778e-01,8.000000000000000444e-01
5.800000000000000711e+00,4.712943530054775065e-02,9.594899527629147107e-01,2.000000000000000000e+00,5.999999999999999778e-01,5.999999999999999778e-01,8.000000000000000444e-01
5.825000000000000178e+00,4.880760377082115492e-02,9.409784570024104511e-01,2.000000000000000000e+00,5.999999999999999778e-01,5.999999999999999778e-01,8.000000000000000444e-01
5.850000000000000533e+00,5.055908040406843079e-02,9.228477914176560493e-01,2.000000000000000000e+00,5.999999999999999778e-01,5.999999999999999778e-01,8.000000000000000444e-01
5.875000000000000000e+00,5.238715938896681967e-02,9.050907106246079969e-01,2.000000000000000000e+00,5.999999999999999778e-01,5.999999999999999778e-01,8.000000000000000444e-01
5.900000000000000355e+00,5.429529038863069312e-02,8.877001233819002968e-01,2.000000000000000000e+00,5.999999999999999778e-01,5.999999999999999778e-01,8.000000000000000444e-01
5.925000000000000711e+00,5.628708586840657641e-02,8.706690899539178963e-01,2.000000000000000000e+00,5.999999999999999778e-01,5.999999999999999778e-01,8.000000000000000444e-01
5.950000000000000178e+00,5.836632877438885370e-02,8.539908195422776238e-01,2.000000000000000000e+00,5.999999999999999778e-01,5.999999999999999778e-01,8.000000000000000444e-01
5.975000000000000533e+00,6.053698057895258444e-02,8.376586677855877294e-01,2.000000000000000000e+00,5.999999999999999778e-01,5.999999999999999778e-01,8.000000000000000444e-01
6.000000000000000000e+00,6.280318971034730413e-02,8.216661343274288543e-01,2.000000000000000000e+00,5.999999999999999778e-01,5.999999999999999778e-01,8.000000000000000444e-01
0.000000000000000000e+00,5.000000000000000000e-01,5.000000000000000000e-01,2.299999999999999822e+00,9.000000000000000222e-01,9.000000000000000222e-01,1.100000000000000089e+00
2.500000000000000139e-02,5.231249999999999512e-01,4.918750000000000067e-01,2.299999999999999822e+00,9.000000000000000222e-01,9.000000000000000222e-01,1.100000000000000089e+00
5.000000000000000278e-02,5.474151650390624013e-01,4.841379599609375028e-01,2.299999999999999822e+00,9.000000000000000222e-01,9.000000000000000222e-01,1.100000000000000089e+00
7.500000000000001110e-02,5.729284866506004770e-01,4.767872164402197632e-01,2.299999999999999822e+00,9.000000000000000222e-01,9.000000000000000222e-01,1.100000000000000089e+00
1.000000000000000056e-01,5.997256626196973972e-01,4.698217800014262702e-01,2.299999999999999822e+00,9.000000000000000222e-01,9.000000000000000222e-01,1.100000000000000089e+00
1.250000000000000000e-01,6.278701942080282539e-01,4.632413750636887873e-01,2.299999999999999822e+00,9.000000000000000222e-01,9.000000000000000222e-01,1.100000000000000089e+00
1.500000000000000222e-01,6.574284827021451560e-01,4.570464849222820591e-01,2.299999999999999822e+00,9.000000000000000222e-01,9.000000000000000222e-01,1.100000000000000089e+00
1.750000000000000167e-01,6.884699244726153466e-01,4.512384025718224057e-01,2.299999999999999822e+00,9.000000000000000222e-01,9.000000000000000222e-01,1.100000000000000089e+00
2.000000000000000111e-01,7.210670035786910237e-01,4.458192880521970047e-01,2.299999999999999822e+00,9.000000000000000222e-01,9.000000000000000222e-01,1.100000000000000089e+00
2.250000000000000056e-01,7.552953807755646842e-01,4.407922331396627036e-01,2.299999999999999822e+00,9.000000000000000222e-01,9.000000000000000222e-01,1.100000000000000089e+00
2.500000000000000000e-01,7.912339775747866399e-01,4.361613343236949714e-01,2.299999999999999822e+00,9.000000000000000222e-01,9.000000000000000222e-01,1.100000000000000089e+00
2.750000000000000222e-01,8.289650537683583842e-01,4.319317751467717792e-01,2.299999999999999822e+00,9.000000000000000222e-01,9.000000000000000222e-01,1.100000000000000089e+00
3.000000000000000444e-01,8.685742765478408067e-01,4.281099191424336814e-01,2.299999999999999822e+00,9.000000000000000222e-01,9.000000000000000222e-01,1.100000000000000089e+00
3.250000000000000111e-01,9.101507790250444874e-01,4.247034147903138712e-01,2.299999999999999822e+00,9.000000000000000222e-01,9.000000000000000222e-01,1.100000000000000089e+00
3.500000000000000333e-01,9.537872055828995332e-01,4.217213141196652360e-01,2.299999999999999822e+00,9.000000000000000222e-01,9.000000000000000222e-01,1.100000000000000089e+00
3.750000000000000000e-01,9.995797410450150133e-01,4.191742068402756760e-01,2.299999999999999822e+00,9.000000000000000222e-01,9.000000000000000222e-01,1.100000000000000089e+00
4.000000000000000222e-01,1.047628120139765029e+00,4.170743721675065352e-01,2.299999999999999822e+00,9.000000000000000222e-01,9.000000000000000222e-01,1.100000000000000089e+00
4.250000000000000444e-01,1.098035613137174460e+00,4.154359508435272463e-01,2.299999999999999822e+00,9.000000000000000222e-01,9.000000000000000222e-01,1.100000000000000089e+00
4.500000000000000111e-01,1.150908982839978778e+00,4.142751402479134537e-01,2.299999999999999822e+00,9.000000000000000222e-01,9.000000000000000222e-01,1.100000000000000089e+00
4.750000000000000333e-01,1.206358407297008606e+00,4.136104159473646957e-01,2.299999999999999822e+00,9.000000000000000222e-01,9.000000000000000222e-01,1.100000000000000089e+00
5.000000000000000000e-01,1.264497361657552998e+00,4.134627835678457708e-01,2.299999999999999822e+00,9.000000000000000222e-01,9.000000000000000222e-01,1.100000000000000089e+00
5.250000000000000222e-01,1.325442451476146921e+00,4.138560654964454355e-01,2.299999999999999822e+00,9.000000000000000222e-01,9.000000000000000222e-01,1.100000000000000089e+00
5.500000000000000444e-01,1.389313188480802985e+00,4.148172276505155409e-01,2.299999999999999822e+00,9.000000000000000222e-01,9.000000000000000222e-01,1.100000000000000089e+00
5.750000000000000666e-01,1.456231698301811317e+00,4.163767524067641945e-01,2.299999999999999822e+00,9.000000000000000222e-01,9.000000000000000222e-01,1.100000000000000089e+00
6.000000000000000888e-01,1.526322347885124886e+00,4.185690647846188051e-01,2.299999999999999822e+00,9.000000000000000222e-01,9.000000000000000222e-01,1.100000000000000089e+00
6.250000000000000000e-01,1.599711278239951406e+00,4.214330201516099383e-01,2.299999999999999822e+00,9.000000000000000222e-01,9.000000000000000222e-01,1.100000000000000089e+00
6.500000000000000222e-01,1.676525825743165443e+00,4.250124630930239289e-01,2.299999999999999822e+00,9.000000000000000222e-01,9.000000000000000222e-01,1.100000000000000089e+00
6.750000000000000444e-01,1.756893812384038744e+00,4.293568686973245896e-01,2.299999999999999822e+00,9.000000000000000222e-01,9.000000000000000222e-01,1.100000000000000089e+00
7.000000000000000666e-01,1.840942682012945308e+00,4.345220793913237567e-01,2.299999999999999822e+00,9.000000000000000222e-01,9.000000000000000222e-01,1.100000000000000089e+00
7.250000000000000888e-01,1.928798455778548249e+00,4.405711526582037352e-01,2.299999999999999822e+00,9.000000000000000222e-01,9.000000000000000222e-01,1.100000000000000089e+00
7.500000000000000000e-01,2.020584475410390990e+00,4.475753375355268071e-01,2.299999999999999822e+00,9.000000000000000222e-01,9.000000000000000222e-01,1.100000000000000089e+00
7.750000000000000222e-01,2.116419897727969346e+00,4.556152007718189956e-01,2.299999999999999822e+00,9.000000000000000222e-01,9.000000000000000222e-01,1.100000000000000089e+00
8.000000000000000444e-01,2.216417897623359501e+00,4.647819269745619986e-01,2.299999999999999822e+00,9.000000000000000222e-01,9.000000000000000222e-01,1.100000000000000089e+00
8.250000000000000666e-01,2.320683529654341104e+00,4.751788210651231026e-01,2.299999999999999822e+00,9.000000000000000222e-01,9.000000000000000222e-01,1.100000000000000089e+00
8.500000000000000888e-01,2.429311190176521862e+00,4.869230459187761650e-01,2.299999999999999822e+00,9.000000000000000222e-01,9.000000000000000222e-01,1.100000000000000089e+00
8.750000000000000000e-01,2.542381612517051970e+00,5.001476332506294975e-01,2.299999999999999822e+00,9.000000000000000222e-01,9.000000000000000222e-01,1.100000000000000089e+00
9.000000000000000222e-01,2.659958316944575074e+00,5.150038116284444412e-01,2.299999999999999822e+00,9.000000000000000222e-01,9.000000000000000222e-01,1.100000000000000089e+00
9.250000000000000444e-01,2.782083425048905490e+00,5.316637019286450938e-01,2.299999999999999822e+00,9.000000000000000222e-01,9.000000000000000222e-01,1.100000000000000089e+00
9.500000000000000666e-01,2.908772734600411525e+00,5.503234375144133717e-01,2.299999999999999822e+00,9.000000000000000222e-01,9.000000000000000222e-01,1.100000000000000089e+00
9.750000000000000888e-01,3.040009936109231425e+00,5.712067737134707279e-01,2.299999999999999822e+00,9.000000000000000222e-01,9.000000000000000222e-01,1.100000000000000089e+00
1.000000000000000000e+00,3.175739836413120631e+00,5.945692584587418672e-01,2.299999999999999822e+00,9.000000000000000222e-01,9.000000000000000222e-01,1.100000000000000089e+00
1.025000000000000133e+00,3.315860438216009065e+00,6.207030426419922753e-01,2.299999999999999822e+00,9.000000000000000222e-01,9.000000000000000222e-01,1.100000000000000089e+00
1.050000000000000044e+00,3.460213708496449492e+00,6.499424138863174605e-01,2.299999999999999822e+00,9.000000000000000222e-01,9.000000000000000222e-01,1.100000000000000089e+00
1.074999999999999956e+00,3.608574854604084337e+00,6.826701396353547224e-01,2.299999999999999822e+00,9.000000000000000222e-01,9.000000000000000222e-01,1.100000000000000089e+00
1.100000000000000089e+00,3.760639916996582066e+00,7.193247025426194874e-01,2.299999999999999822e+00,9.000000000000000222e-01,9.000000000000000222e-01,1.100000000000000089e+00
1.125000000000000000e+00,3.916011485456457386e+00,7.604084999901254971e-01,2.299999999999999822e+00,9.000000000000000222e-01,9.000000000000000222e-01,1.100000000000000089e+00
1.150000000000000133e+00,4.074182356429203011e+00,8.064970556813981784e-01,2.299999999999999822e+00,9.000000000000000222e-01,9.000000000000000222e-01,1.100000000000000089e+00
1.175000000000000044e+00,4.234516980241574302e+00,8.582492483324679622e-01,2.299999999999999822e+00,9.000000000000000222e-01,9.000000000000000222e-01,1.100000000000000089e+00
1.200000000000000178e+00,4.396230608760237857e+00,9.164184918485516196e-01,2.299999999999999822e+00,9.000000000000000222e-01,9.000000000000000222e-01,1.100000000000000089e+00
1.225000000000000089e+00,4.558366160717235438e+00,9.818646913694326628e-01,2.299999999999999822e+00,9.000000000000000222e-01,9.000000000000000222e-01,1.100000000000000089e+00
1.250000000000000000e+00,4.719768992328792656e+00,1.055566634986456975e+00,2.299999999999999822e+00,9.000000000000000222e-01,9.000000000000000222e-01,1.100000000000000089e+00
1.275000000000000133e+00,4.879060019241914681e+00,1.138634242670112817e+00,2.299999999999999822e+00,9.000000000000000222e-01,9.000000000000000222e-01,1.100000000000000089e+00
1.300000000000000044e+00,5.034608012124414778e+00,1.232319759220594335e+00,2.299999999999999822e+00,9.000000000000000222e-01,9.000000000000000222e-01,1.100000000000000089e+00
1.325000000000000178e+00,5.184502416822965642e+00,1.338026521840630867e+00,2.299999999999999822e+00,9.000000000000000222e-01,9.000000000000000222e-01,1.100000000000000089e+00
1.350000000000000089e+00,5.326528766724526243e+00,1.457313331555773139e+00,2.299999999999999822e+00,9.000000000000000222e-01,9.000000000000000222e-01,1.100000000000000089e+00
1.375000000000000000e+00,5.458149689701269125e+00,1.591891696047906590e+00,2.299999999999999822e+00,9.000000000000000222e-01,9.000000000000000222e-01,1.100000000000000089e+00
1.400000000000000133e+00,5.576495675605599445e+00,1.743612295660082134e+00,2.299999999999999822e+00,9.000000000000000222e-01,9.000000000000000222e-01,1.100000000000000089e+00
1.425000000000000044e+00,5.678371132352594053e+00,1.914436002129756842e+00,2.299999999999999822e+00,9.000000000000000222e-01,9.000000000000000222e-01,1.100000000000000089e+00
1.450000000000000178e+00,5.760282714555190253e+00,2.106383769978866116e+00,2.299999999999999822e+00,9.000000000000000222e-01,9.000000000000000222e-01,1.100000000000000089e+00
1.475000000000000089e+00,5.818498235182464562e+00,2.321458951764096668e+00,2.299999999999999822e+00,9.000000000000000222e-01,9.000000000000000222e-01,1.100000000000000089e+00
1.500000000000000000e+00,5.849145275392977794e+00,2.561535438903062456e+00,2.299999999999999822e+00,9.000000000000000222e-01,9.000000000000000222e-01,1.100000000000000089e+00
1.525000000000000133e+00,5.848358288248315162e+00,2.828206054812987702e+00,2.299999999999999822e+00,9.000000000000000222e-01,9.000000000000000222e-01,1.100000000000000089e+00
1.550000000000000044e+00,5.812480737587952362e+00,3.122588540540271573e+00,2.299999999999999822e+00,9.000000000000000222e-01,9.000000000000000222e-01,1.100000000000000089e+00
1.575000000000000178e+00,5.738323700774937031e+00,3.445092034899736255e+00,2.299999999999999822e+00,9.000000000000000222e-01,9.000000000000000222e-01,1.100000000000000089e+00
1.600000000000000089e+00,5.623473614877132931e+00,3.795155702632356132e+00,2.299999999999999822e+00,9.000000000000000222e-01,9.000000000000000222e-01,1.100000000000000089e+00
1.625000000000000000e+00,5.466629293675238088e+00,4.170982974867295745e+00,2.299999999999999822e+00,9.000000000000000222e-01,9.000000000000000222e-01,1.100000000000000089e+00
1.650000000000000133e+00,5.267933079500383364e+00,4.569308341619625402e+00,2.299999999999999822e+00,9.000000000000000222e-01,9.000000000000000222e-01,1.100000000000000089e+00
1.675000000000000044e+00,5.029245993898416422e+00,4.985245599898324720e+00,2.299999999999999822e+00,9.000000000000000222e-01,9.000000000000000222e-01,1.100000000000000089e+00
1.700000000000000178e+00,4.754307043155087342e+00,5.412271941293608890e+00,2.299999999999999822e+00,9.000000000000000222e-01,9.000000000000000222e-01,1.100000000000000089e+00
1.725000000000000089e+00,4.448718639412340359e+00,5.842395521632199440e+00,2.299999999999999822e+00,9.000000000000000222e-01,9.000000000000000222e-01,1.100000000000000089e+00
1.750000000000000000e+00,4.119718549420701592e+00,6.266531056545161960e+00,2.299999999999999822e+00,9.000000000000000222e-01,9.000000000000000222e-01,1.100000000000000089e+00
1.775000000000000133e+00,3.775734620743566694e+00,6.675069197758995543e+00,2.299999999999999822e+00,9.000000000000000222e-01,9.000000000000000222e-01,1.100000000000000089e+00
1.800000000000000044e+00,3.425765339454975411e+00,7.058578816801969857e+00,2.299999999999999822e+00,9.000000000000000222e-01,9.000000000000000222e-01,1.100000000000000089e+00
1.825000000000000178e+00,3.078673566704382303e+00,7.408541179109169761e+00,2.299999999999999822e+00,9.000000000000000222e-01,9.000000000000000222e-01,1.100000000000000089e+00
1.850000000000000089e+00,2.742506499130687114e+00,7.717997094342864628e+00,2.299999999999999822e+00,9.000000000000000222e-01,9.000000000000000222e-01,1.100000000000000089e+00
1.875000000000000000e+00,2.423950836021792732e+00,7.982001961057345163e+00,2.299999999999999822e+00,9.000000000000000222e-01,9.000000000000000222e-01,1.100000000000000089e+00
1.900000000000000133e+00,2.127998451743813746e+00,8.197826464477500963e+00,2.299999999999999822e+00,9.000000000000000222e-01,9.000000000000000222e-01,1.100000000000000089e+00
1.925000000000000044e+00,1.857846717177449758e+00,8.364897882246003391e+00,2.299999999999999822e+00,9.000000000000000222e-01,9.000000000000000222e-01,1.100000000000000089e+00
1.950000000000000178e+00,1.615007196838907921e+00,8.484528897060483743e+00,2.299999999999999822e+00,9.000000000000000222e-01,9.000000000000000222e-01,1.100000000000000089e+00
1.975000000000000089e+00,1.399562167969987003e+00,8.559512295078478772e+00,2.299999999999999822e+00,9.000000000000000222e-01,9.000000000000000222e-01,1.100000000000000089e+00
2.000000000000000000e+00,1.210496676977780961e+00,8.593666022614300459e+00,2.299999999999999822e+00,9.000000000000000222e-01,9.000000000000000222e-01,1.100000000000000089e+00
2.024999999999999911e+00,1.046041642226795076e+00,8.591398800669615810e+00,2.299999999999999822e+00,9.000000000000000222e-01,9.000000000000000222e-01,1.100000000000000089e+00
2.050000000000000266e+00,9.039824161690861448e-01,8.557341954136951756e+00,2.299999999999999822e+00,9.000000000000000222e-01,9.000000000000000222e-01,1.100000000000000089e+00
2.075000000000000178e+00,7.819084553458778286e-01,8.496068000151115740e+00,2.299999999999999822e+00,9.000000000000000222e-01,9.000000000000000222e-01,1.100000000000000089e+00
2.100000000000000089e+00,6.773973748817525564e-01,8.411896946793472551e+00,2.299999999999999822e+00,9.000000000000000222e-01,9.000000000000000222e-01,1.100000000000000089e+00
2.125000000000000000e+00,5.881382934729444401e-01,8.308779211221160921e+00,2.299999999999999822e+00,9.000000000000000222e-01,9.000000000000000222e-01,1.100000000000000089e+00
2.149999999999999911e+00,5.120052427596891720e-01,8.190238785500529417e+00,2.299999999999999822e+00,9.000000000000000222e-01,9.000000000000000222e-01,1.100000000000000089e+00
2.175000000000000266e+00,4.470930272716958087e-01,8.059359735845939454e+00,2.299999999999999822e+00,9.000000000000000222e-01,9.000000000000000222e-01,1.100000000000000089e+00
2.200000000000000178e+00,3.917269966409713255e-01,7.918801222809022988e+00,2.299999999999999822e+00,9.000000000000000222e-01,9.000000000000000222e-01,1.100000000000000089e+00
2.225000000000000089e+00,3.444561139976509700e-01,7.770829374131951184e+00,2.299999999999999822e+00,9.000000000000000222e-01,9.000000000000000222e-01,1.100000000000000089e+00
2.250000000000000000e+00,3.040363725555893515e-01,7.617357534340248648e+00,2.299999999999999822e+00,9.000000000000000222e-01,9.000000000000000222e-01,1.100000000000000089e+00
2.274999999999999911e+00,2.694095045305403002e-01,7.459989161592886830e+00,2.299999999999999822e+00,9.000000000000000222e-01,9.000000000000000222e-01,1.100000000000000089e+00
2.300000000000000266e+00,2.396802314049177041e-01,7.300059779285211548e+00,2.299999999999999822e+00,9.000000000000000222e-01,9.000000000000000222e-01,1.100000000000000089e+00
2.325000000000000178e+00,2.140940443244022107e-01,7.138675935741166434e+00,2.299999999999999822e+00,9.000000000000000222e-01,9.000000000000000222e-01,1.100000000000000089e+00
2.350000000000000089e+00,1.920166218234627964e-01,6.976750177557876853e+00,2.299999999999999822e+00,9.000000000000000222e-01,9.000000000000000222e-01,1.100000000000000089e+00
2.375000000000000000e+00,1.729154075692914683e-01,6.815031717684055579e+00,2.299999999999999822e+00,9.000000000000000222e-01,9.000000000000000222e-01,1.100000000000000089e+00
2.400000000000000355e+00,1.563435037956535378e-01,6.654132885156616162e+00,2.299999999999999822e+00,9.000000000000000222e-01,9.000000000000000222e-01,1.100000000000000089e+00
2.425000000000000266e+00,1.419258201391901120e-01,6.494551665939522600e+00,2.299999999999999822e+00,9.000000000000000222e-01,9.000000000000000222e-01,1.100000000000000089e+00
2.450000000000000178e+00,1.293473019356353171e-01,6.336690747987743677e+00,2.299999999999999822e+00,9.000000000000000222e-01,9.000000000000000222e-01,1.100000000000000089e+00
2.475000000000000089e+00,1.183430101392482087e-01,6.180873514075766906e+00,2.299999999999999822e+00,9.000000000000000222e-01,9.000000000000000222e-01,1.100000000000000089e+00
2.500000000000000000e+00,1.086898117409771936e-01,6.027357413919960827e+00,2.299999999999999822e+00,9.000000000000000222e-01,9.000000000000000222e-01,1.100000000000000089e+00
2.525000000000000355e+00,1.001994482072561532e-01,5.876345112745989141e+00,2.299999999999999822e+00,9.000000000000000222e-01,9.000000000000000222e-01,1.100000000000000089e+00
2.550000000000000266e+00,9.271276937929090467e-02,5.727993769245356859e+00,2.299999999999999822e+00,9.000000000000000222e-01,9.000000000000000222e-01,1.100000000000000089e+00
2.575000000000000178e+00,8.609494489858378341e-02,5.582422749311126253e+00,2.299999999999999822e+00,9.000000000000000222e-01,9.000000000000000222e-01,1.100000000000000089e+00
2.600000000000000089e+00,8.023149070269515459e-02,5.439720037232627092e+00,2.299999999999999822e+00,9.000000000000000222e-01,9.000000000000000222e-01,1.100000000000000089e+00
2.625000000000000000e+00,7.502497234726901443e-02,5.299947565279561346e+00,2.299999999999999822e+00,9.000000000000000222e-01,9.000000000000000222e-01,1.100000000000000089e+00
2.650000000000000355e+00,7.039226881787780110e-02,5.163145646673732436e+00,2.299999999999999822e+00,9.000000000000000222e-01,9.000000000000000222e-01,1.100000000000000089e+00
2.675000000000000266e+00,6.626229970800923130e-02,5.029336665957101715e+00,2.299999999999999822e+00,9.000000000000000222e-01,9.000000000000000222e-01,1.100000000000000089e+00
2.700000000000000178e+00,6.257413513764685520e-02,4.898528154446854188e+00,2.299999999999999822e+00,9.000000000000000222e-01,9.000000000000000222e-01,1.100000000000000089e+00
2.725000000000000089e+00,5.927542174704322764e-02,4.770715356360583748e+00,2.299999999999999822e+00,9.000000000000000222e-01,9.000000000000000222e-01,1.100000000000000089e+00
2.750000000000000000e+00,5.632106978987240498e-02,4.645883372768293107e+00,2.299999999999999822e+00,9.000000000000000222e-01,9.000000000000000222e-01,1.100000000000000089e+00
2.775000000000000355e+00,5.367215606514102316e-02,4.524008955254814168e+00,2.299999999999999822e+00,9.000000000000000222e-01,9.000000000000000222e-01,1.100000000000000089e+00
2.800000000000000266e+00,5.129500545843965892e-02,4.405062008565753473e+00,2.299999999999999822e+00,9.000000000000000222e-01,9.000000000000000222e-01,1.100000000000000089e+00
2.825000000000000178e+00,4.916042047738166526e-02,4.289006851125113151e+00,2.299999999999999822e+00,9.000000000000000222e-01,9.000000000000000222e-01,1.100000000000000089e+00
2.850000000000000089e+00,4.724303359961828236e-02,4.175803273774385538e+00,2.299999999999999822e+00,9.000000000000000222e-01,9.000000000000000222e-01,1.100000000000000089e+00
2.875000000000000000e+00,4.552076170830914731e-02,4.065407430068876948e+00,2.299999999999999822e+00,9.000000000000000222e-01,9.000000000000000222e-01,1.100000000000000089e+00
2.900000000000000355e+00,4.397434554193144218e-02,3.957772585706588409e+00,2.299999999999999822e+00,9.000000000000000222e-01,9.000000000000000222e-01,1.100000000000000089e+00
2.925000000000000266e+00,4.258696007723698773e-02,3.852849749933012546e+00,2.299999999999999822e+00,9.000000000000000222e-01,9.000000000000000222e-01,1.100000000000000089e+00
2.950000000000000178e+00,4.134388421578834294e-02,3.750588207875744651e+00,2.299999999999999822e+00,9.000000000000000222e-01,9.000000000000000222e-01,1.100000000000000089e+00
2.975000000000000089e+00,4.023222015452706385e-02,3.650935969562830952e+00,2.299999999999999822e+00,9.000000000000000222e-01,9.000000000000000222e-01,1.100000000000000089e+00
3.000000000000000000e+00,3.924065447021786446e-02,3.553840148743047767e+00,2.299999999999999822e+00,9.000000000000000222e-01,9.000000000000000222e-01,1.100000000000000089e+00
3.025000000000000355e+00,3.835925430257308699e-02,3.459247282452296179e+00,2.299999999999999822e+00,9.000000000000000222e-01,9.000000000000000222e-01,1.100000000000000089e+00
3.050000000000000266e+00,3.757929313540190469e-02,3.367103600474427250e+00,2.299999999999999822e+00,9.000000000000000222e-01,9.000000000000000222e-01,1.100000000000000089e+00
3.075000000000000178e+00,3.689310159324886429e-02,3.277355252358819193e+00,2.299999999999999822e+00,9.000000000000000222e-01,9.000000000000000222e-01,1.100000000000000089e+00
3.100000000000000089e+00,3.629393942850573512e-02,3.189948498425306589e+00,2.299999999999999822e+00,9.000000000000000222e-01,9.000000000000000222e-01,1.100000000000000089e+00
3.125000000000000000e+00,3.577588550005204177e-02,3.104829870164203420e+00,2.299999999999999822e+00,9.000000000000000222e-01,9.000000000000000222e-01,1.100000000000000089e+00
3.150000000000000355e+00,3.533374306283197652e-02,3.021946304588160714e+00,2.299999999999999822e+00,9.000000000000000222e-01,9.000000000000000222e-01,1.100000000000000089e+00
3.175000000000000266e+00,3.496295811773497686e-02,2.941245256383195894e+00,2.299999999999999822e+00,9.000000000000000222e-01,9.000000000000000222e-01,1.100000000000000089e+00
3.200000000000000178e+00,3.465954892846420665e-02,2.862674791113698713e+00,2.299999999999999822e+00,9.000000000000000222e-01,9.000000000000000222e-01,1.100000000000000089e+00
3.225000000000000089e+00,3.442004510960095659e-02,2.786183662240321990e+00,2.299999999999999822e+00,9.000000000000000222e-01,9.000000000000000222e-01,1.100000000000000089e+00
3.250000000000000000e+00,3.424143493829924501e-02,2.711721374293817099e+00,2.299999999999999822e+00,9.000000000000000222e-01,9.000000000000000222e-01,1.100000000000000089e+00
3.275000000000000355e+00,3.412111974955621407e-02,2.639238234198432398e+00,2.299999999999999822e+00,9.000000000000000222e-01,9.000000000000000222e-01,1.100000000000000089e+00
3.300000000000000266e+00,3.405687444883012671e-02,2.568685392444300941e+00,2.299999999999999822e+00,9.000000000000000222e-01,9.000000000000000222e-01,1.100000000000000089e+00
3.325000000000000178e+00,3.404681332168491698e-02,2.500014875560035765e+00,2.299999999999999822e+00,9.000000000000000222e-01,9.000000000000000222e-01,1.100000000000000089e+00
3.350000000000000089e+00,3.408936044286517419e-02,2.433179611126951247e+00,2.299999999999999822e+00,9.000000000000000222e-01,9.000000000000000222e-01,1.100000000000000089e+00
3.375000000000000000e+00,3.418322409064633582e-02,2.368133446398643649e+00,2.299999999999999822e+00,9.000000000000000222e-01,9.000000000000000222e-01,1.100000000000000089e+00
3.400000000000000355e+00,3.432737465967550944e-02,2.304831161438864129e+00,2.299999999999999822e+00,9.000000000000000222e-01,9.000000000000000222e-01,1.100000000000000089e+00
3.425000000000000266e+00,3.452102563947169467e-02,2.243228477562430712e+00,2.299999999999999822e+00,9.000000000000000222e-01,9.000000000000000222e-01,1.100000000000000089e+00
3.450000000000000178e+00,3.476361728848598870e-02,2.183282061754719283e+00,2.299999999999999822e+00,9.000000000000000222e-01,9.000000000000000222e-01,1.100000000000000089e+00
3.475000000000000089e+00,3.505480268695163742e-02,2.124949527652086889e+00,2.299999999999999822e+00,9.000000000000000222e-01,9.000000000000000222e-01,1.100000000000000089e+00
3.500000000000000000e+00,3.539443589719092065e-02,2.068189433585915005e+00,2.299999999999999822e+00,9.000000000000000222e-01,9.000000000000000222e-01,1.100000000000000089e+00
3.525000000000000355e+00,3.578256199884755073e-02,2.012961278124734132e+00,2.299999999999999822e+00,9.000000000000000222e-01,9.000000000000000222e-01,1.100000000000000089e+00
3.550000000000000266e+00,3.621940879972628674e-02,1.959225493490359016e+00,2.299999999999999822e+00,9.000000000000000222e-01,9.000000000000000222e-01,1.100000000000000089e+00
3.575000000000000178e+00,3.670538005142016252e-02,1.906943437173664435e+00,2.299999999999999822e+00,9.000000000000000222e-01,9.000000000000000222e-01,1.100000000000000089e+00
3.600000000000000089e+00,3.724105002342135290e-02,1.856077382032344181e+00,2.299999999999999822e+00,9.000000000000000222e-01,9.000000000000000222e-01,1.100000000000000089e+00
3.625000000000000000e+00,3.782715931055691261e-02,1.806590505115665879e+00,2.299999999999999822e+00,9.000000000000000222e-01,9.000000000000000222e-01,1.100000000000000089e+00
3.650000000000000355e+00,3.846461176688006217e-02,1.758446875429019007e+00,2.299999999999999822e+00,9.000000000000000222e-01,9.000000000000000222e-01,1.100000000000000089e+00
3.675000000000000266e+00,3.915447247501430139e-02,1.711611440823182395e+00,2.299999999999999822e+00,9.000000000000000222e-01,9.000000000000000222e-01,1.100000000000000089e+00
3.700000000000000178e+00,3.989796667375592604e-02,1.666050014169116578e+00,2.299999999999999822e+00,9.000000000000000222e-01,9.000000000000000222e-01,1.100000000000000089e+00
3.725000000000000089e+00,4.069647957879896777e-02,1.621729258958163777e+00,2.299999999999999822e+00,9.000000000000000222e-01,9.000000000000000222e-01,1.100000000000000089e+00
3.750000000000000000e+00,4.155155704201544259e-02,1.578616674449378809e+00,2.299999999999999822e+00,9.000000000000000222e-01,9.000000000000000222e-01,1.100000000000000089e+00
3.775000000000000355e+00,4.246490700402447832e-02,1.536680580469927726e+00,2.299999999999999822e+00,9.000000000000000222e-01,9.000000000000000222e-01,1.100000000000000089e+00
3.800000000000000266e+00,4.343840170300360126e-02,1.495890101960756891e+00,2.299999999999999822e+00,9.000000000000000222e-01,9.000000000000000222e-01,1.100000000000000089e+00
3.825000000000000178e+00,4.447408060999464424e-02,1.456215153347767632e+00,2.299999999999999822e+00,9.000000000000000222e-01,9.000000000000000222e-01,1.100000000000000089e+00
3.850000000000000089e+00,4.557415406747093722e-02,1.417626422808302422e+00,2.299999999999999822e+00,9.000000000000000222e-01,9.000000000000000222e-01,1.100000000000000089e+00
3.875000000000000000e+00,4.674100761377888991e-02,1.380095356493645786e+00,2.299999999999999822e+00,9.000000000000000222e-01,9.000000000000000222e-01,1.100000000000000089e+00
3.900000000000000355e+00,4.797720698134494421e-02,1.343594142760296650e+00,2.299999999999999822e+00,9.000000000000000222e-01,9.000000000000000222e-01,1.100000000000000089e+00
3.925000000000000266e+00,4.928550376133427474e-02,1.308095696455826573e+00,2.299999999999999822e+00,9.000000000000000222e-01,9.000000000000000222e-01,1.100000000000000089e+00
3.950000000000000178e+00,5.066884173183416884e-02,1.273573643299068081e+00,2.299999999999999822e+00,9.000000000000000222e-01,9.000000000000000222e-01,1.100000000000000089e+00
3.975000000000000089e+00,5.213036385067612577e-02,1.240002304389082211e+00,2.299999999999999822e+00,9.000000000000000222e-01,9.000000000000000222e-01,1.100000000000000089e+00
4.000000000000000000e+00,5.367341991776170690e-02,1.207356680872710752e+00,2.299999999999999822e+00,9.000000000000000222e-01,9.000000000000000222e-01,1.100000000000000089e+00
4.025000000000000355e+00,5.530157491526559166e-02,1.175612438796478587e+00,2.299999999999999822e+00,9.000000000000000222e-01,9.000000000000000222e-01,1.100000000000000089e+00
4.049999999999999822e+00,5.701861803739637774e-02,1.144745894165072331e+00,2.299999999999999822e+00,9.000000000000000222e-01,9.000000000000000222e-01,1.100000000000000089e+00
4.075000000000000178e+00,5.882857242453795599e-02,1.114733998225541534e+00,2.299999999999999822e+00,9.000000000000000222e-01,9.000000000000000222e-01,1.100000000000000089e+00
4.100000000000000533e+00,6.073570561960300179e-02,1.085554322993685039e+00,2.299999999999999822e+00,9.000000000000000222e-01,9.000000000000000222e-01,1.100000000000000089e+00
4.125000000000000000e+00,6.274454076733296248e-02,1.057185047036755865e+00,2.299999999999999822e+00,9.000000000000000222e-01,9.000000000000000222e-01,1.100000000000000089e+00
4.150000000000000355e+00,6.485986858010032996e-02,1.029604941524599360e+00,2.299999999999999822e+00,9.000000000000000222e-01,9.000000000000000222e-01,1.100000000000000089e+00
4.174999999999999822e+00,6.708676009653018191e-02,1.002793356559598781e+00,2.299999999999999822e+00,9.000000000000000222e-01,9.000000000000000222e-01,1.100000000000000089e+00
4.200000000000000178e+00,6.943058026197773680e-02,9.767302077943127436e-01,2.299999999999999822e+00,9.000000000000000222e-01,9.000000000000000222e-01,1.100000000000000089e+00
4.225000000000000533e+00,7.189700236259383148e-02,9.513959633444167840e-01,2.299999999999999822e+00,9.000000000000000222e-01,9.000000000000000222e-01,1.100000000000000089e+00
4.250000000000000000e+00,7.449202334739542242e-02,9.267716310034929128e-01,2.299999999999999822e+00,9.000000000000000222e-01,9.000000000000000222e-01,1.100000000000000089e+00
4.275000000000000355e+00,7.722198007544629761e-02,9.028387457653211934e-01,2.299999999999999822e+00,9.000000000000000222e-01,9.000000000000000222e-01,1.100000000000000089e+00
4.299999999999999822e+00,8.009356652795576736e-02,8.795793576586035112e-01,2.299999999999999822e+00,9.000000000000000222e-01,9.000000000000000222e-01,1.100000000000000089e+00
4.325000000000000178e+00,8.311385202783018455e-02,8.569760198984749389e-01,2.299999999999999822e+00,9.000000000000000222e-01,9.000000000000000222e-01,1.100000000000000089e+00
4.350000000000000533e+00,8.629030051197250639e-02,8.350117773587247827e-01,2.299999999999999822e+00,9.000000000000000222e-01,9.000000000000000222e-01,1.100000000000000089e+00
4.375000000000000000e+00,8.963079090442621633e-02,8.136701553683445276e-01,2.299999999999999822e+00,9.000000000000000222e-01,9.000000000000000222e-01,1.100000000000000089e+00
4.400000000000000355e+00,9.314363864130839610e-02,7.929351488358373778e-01,2.299999999999999822e+00,9.000000000000000222e-01,9.000000000000000222e-01,1.100000000000000089e+00
4.424999999999999822e+00,9.683761840137758425e-02,7.727912117046579210e-01,2.299999999999999822e+00,9.000000000000000222e-01,9.000000000000000222e-01,1.100000000000000089e+00
4.450000000000000178e+00,1.007219880990394278e-01,7.532232467431971834e-01,2.299999999999999822e+00,9.000000000000000222e-01,9.000000000000000222e-01,1.100000000000000089e+00
4.475000000000000533e+00,1.048065141996104566e-01,7.342165956728829990e-01,2.299999999999999822e+00,9.000000000000000222e-01,9.000000000000000222e-01,1.100000000000000089e+00
4.500000000000000000e+00,1.091014984197385129e-01,7.157570296382282926e-01,2.299999999999999822e+00,9.000000000000000222e-01,9.000000000000000222e-01,1.100000000000000089e+00
4.525000000000000355e+00,1.136178058790186518e-01,6.978307400230318036e-01,2.299999999999999822e+00,9.000000000000000222e-01,9.000000000000000222e-01,1.100000000000000089e+00
4.549999999999999822e+00,1.183668947720443732e-01,6.804243296174162792e-01,2.299999999999999822e+00,9.000000000000000222e-01,9.000000000000000222e-01,1.100000000000000089e+00
4.575000000000000178e+00,1.233608476333932502e-01,6.635248041409810282e-01,2.299999999999999822e+00,9.000000000000000222e-01,9.000000000000000222e-01,1.100000000000000089e+00
4.600000000000000533e+00,1.286124042713595872e-01,6.471195641280578226e-01,2.299999999999999822e+00,9.000000000000000222e-01,9.000000000000000222e-01,1.100000000000000089e+00
4.625000000000000000e+00,1.341349964496080238e-01,6.311963971818910224e-01,2.299999999999999822e+00,9.000000000000000222e-01,9.000000000000000222e-01,1.100000000000000089e+00
4.650000000000000355e+00,1.399427843993230336e-01,6.157434706055264773e-01,2.299999999999999822e+00,9.000000000000000222e-01,9.000000000000000222e-01,1.100000000000000089e+00
4.674999999999999822e+00,1.460506952478587139e-01,6.007493244182998682e-01,2.299999999999999822e+00,9.000000000000000222e-01,9.000000000000000222e-01,1.100000000000000089e+00
4.700000000000000178e+00,1.524744634533386767e-01,5.862028647680684879e-01,2.299999999999999822e+00,9.000000000000000222e-01,9.000000000000000222e-01,1.100000000000000089e+00
4.725000000000000533e+00,1.592306733380984274e-01,5.720933577507538725e-01,2.299999999999999822e+00,9.000000000000000222e-01,9.000000000000000222e-01,1.100000000000000089e+00
4.750000000000000000e+00,1.663368038172836905e-01,5.584104236503635299e-01,2.299999999999999822e+00,9.000000000000000222e-01,9.000000000000000222e-01,1.100000000000000089e+00
4.775000000000000355e+00,1.738112754222917167e-01,5.451440316144643417e-01,2.299999999999999822e+00,9.000000000000000222e-01,9.000000000000000222e-01,1.100000000000000089e+00
4.800000000000000711e+00,1.816734997220388892e-01,5.322844947821011585e-01,2.299999999999999822e+00,9.000000000000000222e-01,9.000000000000000222e-01,1.100000000000000089e+00
4.825000000000000178e+00,1.899439312482221753e-01,5.198224658834272871e-01,2.299999999999999822e+00,9.000000000000000222e-01,9.000000000000000222e-01,1.100000000000000089e+00
4.850000000000000533e+00,1.986441220337714919e-01,5.077489333328565335e-01,2.299999999999999822e+00,9.000000000000000222e-01,9.000000000000000222e-01,1.100000000000000089e+00
4.875000000000000000e+00,2.077967788765148482e-01,4.960552178404014634e-01,2.299999999999999822e+00,9.000000000000000222e-01,9.000000000000000222e-01,1.100000000000000089e+00
4.900000000000000355e+00,2.174258234426416636e-01,4.847329695690631990e-01,2.299999999999999822e+00,9.000000000000000222e-01,9.000000000000000222e-01,1.100000000000000089e+00
4.925000000000000711e+00,2.275564553267806767e-01,4.737741658697268710e-01,2.299999999999999822e+00,9.000000000000000222e-01,9.000000000000000222e-01,1.100000000000000089e+00
4.950000000000000178e+00,2.382152181873294361e-01,4.631711096290505036e-01,2.299999999999999822e+00,9.000000000000000222e-01,9.000000000000000222e-01,1.100000000000000089e+00
4.975000000000000533e+00,2.494300690769879758e-01,4.529164282703645461e-01,2.299999999999999822e+00,9.000000000000000222e-01,9.000000000000000222e-01,1.100000000000000089e+00
5.000000000000000000e+00,2.612304510891492182e-01,4.430030734526950731e-01,2.299999999999999822e+00,9.000000000000000222e-01,9.000000000000000222e-01,1.100000000000000089e+00
5.025000000000000355e+00,2.736473694407569601e-01,4.334243215187643106e-01,2.299999999999999822e+00,9.000000000000000222e-01,9.000000000000000222e-01,1.100000000000000089e+00
5.050000000000000711e+00,2.867134711113072387e-01,4.241737747492915211e-01,2.299999999999999822e+00,9.000000000000000222e-01,9.000000000000000222e-01,1.100000000000000089e+00
5.075000000000000178e+00,3.004631281556703892e-01,4.152453634882229960e-01,2.299999999999999822e+00,9.000000000000000222e-01,9.000000000000000222e-01,1.100000000000000089e+00
5.100000000000000533e+00,3.149325248051407233e-01,4.066333492117775728e-01,2.299999999999999822e+00,9.000000000000000222e-01,9.000000000000000222e-01,1.100000000000000089e+00
5.125000000000000000e+00,3.301597484663484905e-01,3.983323286235415095e-01,2.299999999999999822e+00,9.000000000000000222e-01,9.000000000000000222e-01,1.100000000000000089e+00
5.150000000000000355e+00,3.461848847211153601e-01,3.903372388684422933e-01,2.299999999999999822e+00,9.000000000000000222e-01,9.000000000000000222e-01,1.100000000000000089e+00
5.175000000000000711e+00,3.630501164216788368e-01,3.826433639704607814e-01,2.299999999999999822e+00,9.000000000000000222e-01,9.000000000000000222e-01,1.100000000000000089e+00
5.200000000000000178e+00,3.807998269645825329e-01,3.752463426126159129e-01,2.299999999999999822e+00,9.000000000000000222e-01,9.000000000000000222e-01,1.100000000000000089e+00
5.225000000000000533e+00,3.994807078124865685e-01,3.681421773933284403e-01,2.299999999999999822e+00,9.000000000000000222e-01,9.000000000000000222e-01,1.100000000000000089e+00
5.250000000000000000e+00,4.191418703156883918e-01,3.613272457110280333e-01,2.299999999999999822e+00,9.000000000000000222e-01,9.000000000000000222e-01,1.100000000000000089e+00
5.275000000000000355e+00,4.398349618636653857e-01,3.547983124491498330e-01,2.299999999999999822e+00,9.000000000000000222e-01,9.000000000000000222e-01,1.100000000000000089e+00
5.300000000000000711e+00,4.616142863707554111e-01,3.485525446568689123e-01,2.299999999999999822e+00,9.000000000000000222e-01,9.000000000000000222e-01,1.100000000000000089e+00
5.325000000000000178e+00,4.845369290683728125e-01,3.425875284475060623e-01,2.299999999999999822e+00,9.000000000000000222e-01,9.000000000000000222e-01,1.100000000000000089e+00
5.350000000000000533e+00,5.086628855379550229e-01,3.369012883670489122e-01,2.299999999999999822e+00,9.000000000000000222e-01,9.000000000000000222e-01,1.100000000000000089e+00
5.375000000000000000e+00,5.340551948730370979e-01,3.314923095203053949e-01,2.299999999999999822e+00,9.000000000000000222e-01,9.000000000000000222e-01,1.100000000000000089e+00
5.400000000000000355e+00,5.607800768041416584e-01,3.263595627825920387e-01,2.299999999999999822e+00,9.000000000000000222e-01,9.000000000000000222e-01,1.100000000000000089e+00
5.425000000000000711e+00,5.889070725550126228e-01,3.215025334714379790e-01,2.299999999999999822e+00,9.000000000000000222e-01,9.000000000000000222e-01,1.100000000000000089e+00
5.450000000000000178e+00,6.185091891212979309e-01,3.169212539066013079e-01,2.299999999999999822e+00,9.000000000000000222e-01,9.000000000000000222e-01,1.100000000000000089e+00
5.475000000000000533e+00,6.496630465709682944e-01,3.126163403489740089e-01,2.299999999999999822e+00,9.000000000000000222e-01,9.000000000000000222e-01,1.100000000000000089e+00
5.500000000000000000e+00,6.824490278570218837e-01,3.085890348811543005e-01,2.299999999999999822e+00,9.000000000000000222e-01,9.000000000000000222e-01,1.100000000000000089e+00
5.525000000000000355e+00,7.169514305044061286e-01,3.048412528763171370e-01,2.299999999999999822e+00,9.000000000000000222e-01,9.000000000000000222e-01,1.100000000000000089e+00
5.550000000000000711e+00,7.532586193810647535e-01,3.013756367995631402e-01,2.299999999999999822e+00,9.000000000000000222e-01,9.000000000000000222e-01,1.100000000000000089e+00
5.575000000000000178e+00,7.914631795834345951e-01,2.981956171996165139e-01,2.299999999999999822e+00,9.000000000000000222e-01,9.000000000000000222e-01,1.100000000000000089e+00
5.600000000000000533e+00,8.316620682546324028e-01,2.953054818814767613e-01,2.299999999999999822e+00,9.000000000000000222e-01,9.000000000000000222e-01,1.100000000000000089e+00
5.625000000000000000e+00,8.739567639031329271e-01,2.927104544058769520e-01,2.299999999999999822e+00,9.000000000000000222e-01,9.000000000000000222e-01,1.100000000000000089e+00
5.650000000000000355e+00,9.184534114939666427e-01,2.904167832433117713e-01,2.299999999999999822e+00,9.000000000000000222e-01,9.000000000000000222e-01,1.100000000000000089e+00
5.675000000000000711e+00,9.652629612350589472e-01,2.884318431239314973e-01,2.299999999999999822e+00,9.000000000000000222e-01,9.000000000000000222e-01,1.100000000000000089e+00
5.700000000000000178e+00,1.014501298568388332e+00,2.867642503757099615e-01,2.299999999999999822e+00,9.000000000000000222e-01,9.000000000000000222e-01,1.100000000000000089e+00
5.725000000000000533e+00,1.066289362387314865e+00,2.854239943391337908e-01,2.299999999999999822e+00,9.000000000000000222e-01,9.000000000000000222e-01,1.100000000000000089e+00
5.750000000000000000e+00,1.120753247923572449e+00,2.844225872958207058e-01,2.299999999999999822e+00,9.000000000000000222e-01,9.000000000000000222e-01,1.100000000000000089e+00
5.775000000000000355e+00,1.178024290063048873e+00,2.837732357613145240e-01,2.299999999999999822e+00,9.000000000000000222e-01,9.000000000000000222e-01,1.100000000000000089e+00
5.800000000000000711e+00,1.238239122038250262e+00,2.834910364813022499e-01,2.299999999999999822e+00,9.000000000000000222e-01,9.000000000000000222e-01,1.100000000000000089e+00
5.825000000000000178e+00,1.301539703482787358e+00,2.835932010507286605e-01,2.299999999999999822e+00,9.000000000000000222e-01,9.000000000000000222e-01,1.100000000000000089e+00
5.850000000000000533e+00,1.368073310689928324e+00,2.840993137649528433e-01,2.299999999999999822e+00,9.000000000000000222e-01,9.000000000000000222e-01,1.100000000000000089e+00
5.875000000000000000e+00,1.437992480557788166e+00,2.850316281332276325e-01,2.299999999999999822e+00,9.000000000000000222e-01,9.000000000000000222e-01,1.100000000000000089e+00
5.900000000000000355e+00,1.511454898085384579e+00,2.864154084640401776e-01,2.299999999999999822e+00,9.000000000000000222e-01,9.000000000000000222e-01,1.100000000000000089e+00
5.925000000000000711e+00,1.588623215355067009e+00,2.882793241015063068e-01,2.299999999999999822e+00,9.000000000000000222e-01,9.000000000000000222e-01,1.100000000000000089e+00
5.950000000000000178e+00,1.669664787635556591e+00,2.906559052911416030e-01,2.299999999999999822e+00,9.000000000000000222e-01,9.000000000000000222e-01,1.100000000000000089e+00
5.975000000000000533e+00,1.754751309490984568e+00,2.935820713292516815e-01,2.299999999999999822e+00,9.000000000000000222e-01,9.000000000000000222e-01,1.100000000000000089e+00
6.000000000000000000e+00,1.844058330494284359e+00,2.970997436601290342e-01,2.299999999999999822e+00,9.000000000000000222e-01,9.000000000000000222e-01,1.100000000000000089e+00
0.000000000000000000e+00,5.000000000000000000e-01,5.000000000000000000e-01,2.600000000000000089e+00,1.199999999999999956e+00,1.199999999999999956e+00,1.399999999999999911e+00
2.500000000000000139e-02,5.250000000000000222e-01,4.899999999999999911e-01,2.600000000000000089e+00,1.199999999999999956e+00,1.199999999999999956e+00,1.399999999999999911e+00
5.000000000000000278e-02,5.514075000000000504e-01,4.805674999999999808e-01,2.600000000000000089e+00,1.199999999999999956e+00,1.199999999999999956e+00,1.399999999999999911e+00
7.500000000000001110e-02,5.792993317873125214e-01,4.716972932126874962e-01,2.600000000000000089e+00,1.199999999999999956e+00,1.199999999999999956e+00,1.399999999999999911e+00
1.000000000000000056e-01,6.087561705505679654e-01,4.633855057531632293e-01,2.600000000000000089e+00,1.199999999999999956e+00,1.199999999999999956e+00,1.399999999999999911e+00
1.250000000000000000e-01,6.398626580572268630e-01,4.556296766309305135e-01,2.600000000000000089e+00,1.199999999999999956e+00,1.199999999999999956e+00,1.399999999999999911e+00
1.500000000000000222e-01,6.727075183515819345e-01,4.484288504282126220e-01,2.600000000000000089e+00,1.199999999999999956e+00,1.199999999999999956e+00,1.399999999999999911e+00
1.750000000000000167e-01,7.073836632705703398e-01,4.417836844370896521e-01,2.600000000000000089e+00,1.199999999999999956e+00,1.199999999999999956e+00,1.399999999999999911e+00
2.000000000000000111e-01,7.439882845510490395e-01,4.356965723138998547e-01,2.600000000000000089e+00,1.199999999999999956e+00,1.199999999999999956e+00,1.399999999999999911e+00
2.250000000000000056e-01,7.826229286842495414e-01,4.301717866455310735e-01,2.600000000000000089e+00,1.199999999999999956e+00,1.199999999999999956e+00,1.399999999999999911e+00
2.500000000000000000e-01,8.233935499436698668e-01,4.252156432179933221e-01,2.600000000000000089e+00,1.199999999999999956e+00,1.199999999999999956e+00,1.399999999999999911e+00
2.750000000000000222e-01,8.664105361511831305e-01,4.208366902441889046e-01,2.600000000000000089e+00,1.199999999999999956e+00,1.199999999999999956e+00,1.399999999999999911e+00
3.000000000000000444e-01,9.117887007282132750e-01,4.170459263584390119e-01,2.600000000000000089e+00,1.199999999999999956e+00,1.199999999999999956e+00,1.399999999999999911e+00
3.250000000000000111e-01,9.596472333753964801e-01,4.138570518360443207e-01,2.600000000000000089e+00,1.199999999999999956e+00,1.199999999999999956e+00,1.399999999999999911e+00
3.500000000000000333e-01,1.010109600300576504e+00,4.112867582660035271e-01,2.600000000000000089e+00,1.199999999999999956e+00,1.199999999999999956e+00,1.399999999999999911e+00
3.750000000000000000e-01,1.063303383230084220e+00,4.093550628167231809e-01,2.600000000000000089e+00,1.199999999999999956e+00,1.199999999999999956e+00,1.399999999999999911e+00
4.000000000000000222e-01,1.119360044442978097e+00,4.080856943151994209e-01,2.600000000000000089e+00,1.199999999999999956e+00,1.199999999999999956e+00,1.399999999999999911e+00
4.250000000000000444e-01,1.178414602704015435e+00,4.075065396419235708e-01,2.600000000000000089e+00,1.199999999999999956e+00,1.199999999999999956e+00,1.399999999999999911e+00
4.500000000000000111e-01,1.240605202169433596e+00,4.076501604647990162e-01,2.600000000000000089e+00,1.199999999999999956e+00,1.199999999999999956e+00,1.399999999999999911e+00
4.750000000000000333e-01,1.306072553018311710e+00,4.085543921406660783e-01,2.600000000000000089e+00,1.199999999999999956e+00,1.199999999999999956e+00,1.399999999999999911e+00
5.000000000000000000e-01,1.374959218624801860e+00,4.102630387554428992e-01,2.600000000000000089e+00,1.199999999999999956e+00,1.199999999999999956e+00,1.399999999999999911e+00
5.250000000000000222e-01,1.447408719419479350e+00,4.128266808149370082e-01,2.600000000000000089e+00,1.199999999999999956e+00,1.199999999999999956e+00,1.399999999999999911e+00
5.500000000000000444e-01,1.523564418059129233e+00,4.163036151090304671e-01,2.600000000000000089e+00,1.199999999999999956e+00,1.199999999999999956e+00,1.399999999999999911e+00
5.750000000000000666e-01,1.603568143980287575e+00,4.207609498328994668e-01,2.600000000000000089e+00,1.199999999999999956e+00,1.199999999999999956e+00,1.399999999999999911e+00
6.000000000000000888e-01,1.687558507677518582e+00,4.262758822502357714e-01,2.600000000000000089e+00,1.199999999999999956e+00,1.199999999999999956e+00,1.399999999999999911e+00
6.250000000000000000e-01,1.775668845925283623e+00,4.329371911227513081e-01,2.600000000000000089e+00,1.199999999999999956e+00,1.199999999999999956e+00,1.399999999999999911e+00
6.500000000000000222e-01,1.868024728434855009e+00,4.408469819090271025e-01,2.600000000000000089e+00,1.199999999999999956e+00,1.199999999999999956e+00,1.399999999999999911e+00
6.750000000000000444e-01,1.964740943873262591e+00,4.501227294520692146e-01,2.600000000000000089e+00,1.199999999999999956e+00,1.199999999999999956e+00,1.399999999999999911e+00
7.000000000000000666e-01,2.065917868535350532e+00,4.608996706109208530e-01,2.600000000000000089e+00,1.199999999999999956e+00,1.199999999999999956e+00,1.399999999999999911e+00
7.250000000000000888e-01,2.171637104036633570e+00,4.733336080930533596e-01,2.600000000000000089e+00,1.199999999999999956e+00,1.199999999999999956e+00,1.399999999999999911e+00
7.500000000000000000e-01,2.281956251021342474e+00,4.876041965874687856e-01,2.600000000000000089e+00,1.199999999999999956e+00,1.199999999999999956e+00,1.399999999999999911e+00
7.750000000000000222e-01,2.396902664004919359e+00,5.039187930397177606e-01,2.600000000000000089e+00,1.199999999999999956e+00,1.199999999999999956e+00,1.399999999999999911e+00
8.000000000000000444e-01,2.516466008240867858e+00,5.225169642076988863e-01,2.600000000000000089e+00,1.199999999999999956e+00,1.199999999999999956e+00,1.399999999999999911e+00
8.250000000000000666e-01,2.640589413401787766e+00,5.436757558351659192e-01,2.600000000000000089e+00,1.199999999999999956e+00,1.199999999999999956e+00,1.399999999999999911e+00
8.500000000000000888e-01,2.769158991917457513e+00,5.677158377363817898e-01,2.600000000000000089e+00,1.199999999999999956e+00,1.199999999999999956e+00,1.399999999999999911e+00
8.750000000000000000e-01,2.901991463884442624e+00,5.950086459232580838e-01,2.600000000000000089e+00,1.199999999999999956e+00,1.199999999999999956e+00,1.399999999999999911e+00
9.000000000000000222e-01,3.038819608694729446e+00,6.259846436581461004e-01,2.600000000000000089e+00,1.199999999999999956e+00,1.199999999999999956e+00,1.399999999999999911e+00
9.250000000000000444e-01,3.179275250963182309e+00,6.611428134268156898e-01,2.600000000000000089e+00,1.199999999999999956e+00,1.199999999999999956e+00,1.399999999999999911e+00
9.500000000000000666e-01,3.322869492753387721e+00,7.010614644792784178e-01,2.600000000000000089e+00,1.199999999999999956e+00,1.199999999999999956e+00,1.399999999999999911e+00
9.750000000000000888e-01,3.468969937196461739e+00,7.464103858083999121e-01,2.600000000000000089e+00,1.199999999999999956e+00,1.199999999999999956e+00,1.399999999999999911e+00
1.000000000000000000e+00,3.616774727438815340e+00,7.979642779805224961e-01,2.600000000000000089e+00,1.199999999999999956e+00,1.199999999999999956e+00,1.399999999999999911e+00
1.025000000000000133e+00,3.765283373702370984e+00,8.566172392711717265e-01,2.600000000000000089e+00,1.199999999999999956e+00,1.199999999999999956e+00,1.399999999999999911e+00
1.050000000000000044e+00,3.913264593533388069e+00,9.233978353563178088e-01,2.600000000000000089e+00,1.199999999999999956e+00,1.199999999999999956e+00,1.399999999999999911e+00
1.074999999999999956e+00,4.059221790467701041e+00,9.994839127642042298e-01,2.600000000000000089e+00,1.199999999999999956e+00,1.199999999999999956e+00,1.399999999999999911e+00
1.100000000000000089e+00,4.201357400510670637e+00,1.086215782154888343e+00,2.600000000000000089e+00,1.199999999999999956e+00,1.199999999999999956e+00,1.399999999999999911e+00
1.125000000000000000e+00,4.337538210096626656e+00,1.185105651226705081e+00,2.600000000000000089e+00,1.199999999999999956e+00,1.199999999999999956e+00,1.399999999999999911e+00
1.150000000000000133e+00,4.465264962396989112e+00,1.297840184789688767e+00,2.600000000000000089e+00,1.199999999999999956e+00,1.199999999999999956e+00,1.399999999999999911e+00
1.175000000000000044e+00,4.581651175834826617e+00,1.426271787440016592e+00,2.600000000000000089e+00,1.199999999999999956e+00,1.199999999999999956e+00,1.399999999999999911e+00
1.200000000000000178e+00,4.683418107904552485e+00,1.572392669239153662e+00,2.600000000000000089e+00,1.199999999999999956e+00,1.199999999999999956e+00,1.399999999999999911e+00
1.225000000000000089e+00,4.766915115922818025e+00,1.738284094811314073e+00,2.600000000000000089e+00,1.199999999999999956e+00,1.199999999999999956e+00,1.399999999999999911e+00
1.250000000000000000e+00,4.828177016638073304e+00,1.926031733312646210e+00,2.600000000000000089e+00,1.199999999999999956e+00,1.199999999999999956e+00,1.399999999999999911e+00
1.275000000000000133e+00,4.863031858276676722e+00,2.137597287089574749e+00,2.600000000000000089e+00,1.199999999999999956e+00,1.199999999999999956e+00,1.399999999999999911e+00
1.300000000000000044e+00,4.867272817846188815e+00,2.374637493259911469e+00,2.600000000000000089e+00,1.199999999999999956e+00,1.199999999999999956e+00,1.399999999999999911e+00
1.325000000000000178e+00,4.836905295310719666e+00,2.638265436691285881e+00,2.600000000000000089e+00,1.199999999999999956e+00,1.199999999999999956e+00,1.399999999999999911e+00
1.350000000000000089e+00,4.768472937670896528e+00,2.928757348242110758e+00,2.600000000000000089e+00,1.199999999999999956e+00,1.199999999999999956e+00,1.399999999999999911e+00
1.375000000000000000e+00,4.659452673936586464e+00,3.245221845736555366e+00,2.600000000000000089e+00,1.199999999999999956e+00,1.199999999999999956e+00,1.399999999999999911e+00
1.400000000000000133e+00,4.508688369543426333e+00,3.585267809334814260e+00,2.600000000000000089e+00,1.199999999999999956e+00,1.199999999999999956e+00,1.399999999999999911e+00
1.425000000000000044e+00,4.316807455354359391e+00,3.944729094217485077e+00,2.600000000000000089e+00,1.199999999999999956e+00,1.199999999999999956e+00,1.399999999999999911e+00
1.450000000000000178e+00,4.086540861054253959e+00,4.317522654818011674e+00,2.600000000000000089e+00,1.199999999999999956e+00,1.199999999999999956e+00,1.399999999999999911e+00
1.475000000000000089e+00,3.822854034599543205e+00,4.695721344322619117e+00,2.600000000000000089e+00,1.199999999999999956e+00,1.199999999999999956e+00,1.399999999999999911e+00
1.500000000000000000e+00,3.532807828253546223e+00,5.069902815866295320e+00,2.600000000000000089e+00,1.199999999999999956e+00,1.199999999999999956e+00,1.399999999999999911e+00
1.525000000000000133e+00,3.225110566398712297e+00,5.429785988002289621e+00,2.600000000000000089e+00,1.199999999999999956e+00,1.199999999999999956e+00,1.399999999999999911e+00
1.550000000000000044e+00,2.909392948318932692e+00,5.765093283317905382e+00,2.600000000000000089e+00,1.199999999999999956e+00,1.199999999999999956e+00,1.399999999999999911e+00
1.575000000000000178e+00,2.595315837613084486e+00,6.066502670748357140e+00,2.600000000000000089e+00,1.199999999999999956e+00,1.199999999999999956e+00,1.399999999999999911e+00
1.600000000000000089e+00,2.291676653248476470e+00,6.326509791081623035e+00,2.600000000000000089e+00,1.199999999999999956e+00,1.199999999999999956e+00,1.399999999999999911e+00
1.625000000000000000e+00,2.005686192166538095e+00,6.540031391936855343e+00,2.600000000000000089e+00,1.199999999999999956e+00,1.199999999999999956e+00,1.399999999999999911e+00
1.650000000000000133e+00,1.742538274883059346e+00,6.704647812993369094e+00,2.600000000000000089e+00,1.199999999999999956e+00,1.199999999999999956e+00,1.399999999999999911e+00
1.675000000000000044e+00,1.505310099737899865e+00,6.820478302551159722e+00,2.600000000000000089e+00,1.199999999999999956e+00,1.199999999999999956e+00,1.399999999999999911e+00
1.700000000000000178e+00,1.295147210004659266e+00,6.889769608178073490e+00,2.600000000000000089e+00,1.199999999999999956e+00,1.199999999999999956e+00,1.399999999999999911e+00
1.725000000000000089e+00,1.111633802086760436e+00,6.916325648460042608e+00,2.600000000000000089e+00,1.199999999999999956e+00,1.199999999999999956e+00,1.399999999999999911e+00
1.750000000000000000e+00,9.532373579103654571e-01,6.904906892075975300e+00,2.600000000000000089e+00,1.199999999999999956e+00,1.199999999999999956e+00,1.399999999999999911e+00
1.775000000000000133e+00,8.177373301019519314e-01,6.860695606925903078e+00,2.600000000000000089e+00,1.199999999999999956e+00,1.199999999999999956e+00,1.399999999999999911e+00
1.800000000000000044e+00,7.025828493110855000e-01,6.788878667930990041e+00,2.600000000000000089e+00,1.199999999999999956e+00,1.199999999999999956e+00,1.399999999999999911e+00
1.825000000000000178e+00,6.051582429720400169e-01,6.694360406097671579e+00,2.600000000000000089e+00,1.199999999999999956e+00,1.199999999999999956e+00,1.399999999999999911e+00
1.850000000000000089e+00,5.229591073299528770e-01,6.581592213319522600e+00,2.600000000000000089e+00,1.199999999999999956e+00,1.199999999999999956e+00,1.399999999999999911e+00
1.875000000000000000e+00,4.536943416457794309e-01,6.454493593513960015e+00,2.600000000000000089e+00,1.199999999999999956e+00,1.199999999999999956e+00,1.399999999999999911e+00
1.900000000000000133e+00,3.953334572057685681e-01,6.316437334387957847e+00,2.600000000000000089e+00,1.199999999999999956e+00,1.199999999999999956e+00,1.399999999999999911e+00
1.925000000000000044e+00,3.461171616653281324e-01,6.170274997943194784e+00,2.600000000000000089e+00,1.199999999999999956e+00,1.199999999999999956e+00,1.399999999999999911e+00
1.950000000000000178e+00,3.045456351040953802e-01,6.018384515084662212e+00,2.600000000000000089e+00,1.199999999999999956e+00,1.199999999999999956e+00,1.399999999999999911e+00
1.975000000000000089e+00,2.693549193524482632e-01,5.862727239090112619e+00,2.600000000000000089e+00,1.199999999999999956e+00,1.199999999999999956e+00,1.399999999999999911e+00
2.000000000000000000e+00,2.394883564302418277e-01,5.704906418402074131e+00,2.600000000000000089e+00,1.199999999999999956e+00,1.199999999999999956e+00,1.399999999999999911e+00
2.024999999999999911e+00,2.140673397462640459e-01,5.546222453609945369e+00,2.600000000000000089e+00,1.199999999999999956e+00,1.199999999999999956e+00,1.399999999999999911e+00
2.050000000000000266e+00,1.923637642412128479e-01,5.387722620322155542e+00,2.600000000000000089e+00,1.199999999999999956e+00,1.199999999999999956e+00,1.399999999999999911e+00
2.075000000000000178e+00,1.737753307989106655e-01,5.230244406728861151e+00,2.600000000000000089e+00,1.199999999999999956e+00,1.199999999999999956e+00,1.399999999999999911e+00
2.100000000000000089e+00,1.578041037426860527e-01,5.074452476051504846e+00,2.600000000000000089e+00,1.199999999999999956e+00,1.199999999999999956e+00,1.399999999999999911e+00
2.125000000000000000e+00,1.440382877369157932e-01,4.920869722138746738e+00,2.600000000000000089e+00,1.199999999999999956e+00,1.199999999999999956e+00,1.399999999999999911e+00
2.149999999999999911e+00,1.321369669712163797e-01,4.769903091332489353e+00,2.600000000000000089e+00,1.199999999999999956e+00,1.199999999999999956e+00,1.399999999999999911e+00
2.175000000000000266e+00,1.218174540072863299e-01,4.621864898952911638e+00,2.600000000000000089e+00,1.199999999999999956e+00,1.199999999999999956e+00,1.399999999999999911e+00
2.200000000000000178e+00,1.128448740750773172e-01,4.476990341932242323e+00,2.600000000000000089e+00,1.199999999999999956e+00,1.199999999999999956e+00,1.399999999999999911e+00
2.225000000000000089e+00,1.050236285488369004e-01,4.335451842305734438e+00,2.600000000000000089e+00,1.199999999999999956e+00,1.199999999999999956e+00,1.399999999999999911e+00
2.250000000000000000e+00,9.819041788818065608e-02,4.197370774341364630e+00,2.600000000000000089e+00,1.199999999999999956e+00,1.199999999999999956e+00,1.399999999999999911e+00
2.274999999999999911e+00,9.220854733998594399e-02,4.062827044950343414e+00,2.600000000000000089e+00,1.199999999999999956e+00,1.199999999999999956e+00,1.399999999999999911e+00
2.300000000000000266e+00,8.696328151983066801e-02,3.931866919774335667e+00,2.600000000000000089e+00,1.199999999999999956e+00,1.199999999999999956e+00,1.399999999999999911e+00
2.325000000000000178e+00,8.235805332333430429e-02,3.804509419077519272e+00,2.600000000000000089e+00,1.199999999999999956e+00,1.199999999999999956e+00,1.399999999999999911e+00
2.350000000000000089e+00,7.831136710118562216e-02,3.680751549097971420e+00,2.600000000000000089e+00,1.199999999999999956e+00,1.199999999999999956e+00,1.399999999999999911e+00
2.375000000000000000e+00,7.475426538967261392e-02,3.560572585452632666e+00,2.600000000000000089e+00,1.199999999999999956e+00,1.199999999999999956e+00,1.399999999999999911e+00
2.400000000000000355e+00,7.162825300023777098e-02,3.443937584601553858e+00,2.600000000000000089e+00,1.199999999999999956e+00,1.199999999999999956e+00,1.399999999999999911e+00
2.425000000000000266e+00,6.888359246644719380e-02,3.330800266119305686e+00,2.600000000000000089e+00,1.199999999999999956e+00,1.199999999999999956e+00,1.399999999999999911e+00
2.450000000000000178e+00,6.647790133321138106e-02,3.221105381448684746e+00,2.600000000000000089e+00,1.199999999999999956e+00,1.199999999999999956e+00,1.399999999999999911e+00
2.475000000000000089e+00,6.437499514791546196e-02,3.114790662869935556e+00,2.600000000000000089e+00,1.199999999999999956e+00,1.199999999999999956e+00,1.399999999999999911e+00
2.500000000000000000e+00,6.254393081825923573e-02,3.011788428683758401e+00,2.600000000000000089e+00,1.199999999999999956e+00,1.199999999999999956e+00,1.399999999999999911e+00
2.525000000000000355e+00,6.095821370776116632e-02,2.912026906293511797e+00,2.600000000000000089e+00,1.199999999999999956e+00,1.199999999999999956e+00,1.399999999999999911e+00
2.550000000000000266e+00,5.959513884446793197e-02,2.815431323327536539e+00,2.600000000000000089e+00,1.199999999999999956e+00,1.199999999999999956e+00,1.399999999999999911e+00
2.575000000000000178e+00,5.843524225073529199e-02,2.721924807629696019e+00,2.600000000000000089e+00,1.199999999999999956e+00,1.199999999999999956e+00,1.399999999999999911e+00
2.600000000000000089e+00,5.746184293136926552e-02,2.631429129428320302e+00,2.600000000000000089e+00,1.199999999999999956e+00,1.199999999999999956e+00,1.399999999999999911e+00
2.625000000000000000e+00,5.666065970230107357e-02,2.543865312917936272e+00,2.600000000000000089e+00,1.199999999999999956e+00,1.199999999999999956e+00,1.399999999999999911e+00
2.650000000000000355e+00,5.601948997823871790e-02,2.459154139570520314e+00,2.600000000000000089e+00,1.199999999999999956e+00,1.199999999999999956e+00,1.399999999999999911e+00
2.675000000000000266e+00,5.552794000652578471e-02,2.377216561505850478e+00,2.600000000000000089e+00,1.199999999999999956e+00,1.199999999999999956e+00,1.399999999999999911e+00
2.700000000000000178e+00,5.517719794865547089e-02,2.297974040011440344e+00,2.600000000000000089e+00,1.199999999999999956e+00,1.199999999999999956e+00,1.399999999999999911e+00
2.725000000000000089e+00,5.495984276072059249e-02,2.221348821665637630e+00,2.600000000000000089e+00,1.199999999999999956e+00,1.199999999999999956e+00,1.399999999999999911e+00
2.750000000000000000e+00,5.486968308150377144e-02,2.147264162366004037e+00,2.600000000000000089e+00,1.199999999999999956e+00,1.199999999999999956e+00,1.399999999999999911e+00
2.775000000000000355e+00,5.490162135936271781e-02,2.075644507805632699e+00,2.600000000000000089e+00,1.199999999999999956e+00,1.199999999999999956e+00,1.399999999999999911e+00
2.800000000000000266e+00,5.505153928239572836e-02,2.006415637497761306e+00,2.600000000000000089e+00,1.199999999999999956e+00,1.199999999999999956e+00,1.399999999999999911e+00
2.825000000000000178e+00,5.531620125721582043e-02,1.939504778263875240e+00,2.600000000000000089e+00,1.199999999999999956e+00,1.199999999999999956e+00,1.399999999999999911e+00
2.850000000000000089e+00,5.569317323932156116e-02,1.874840692124252861e+00,2.600000000000000089e+00,1.199999999999999956e+00,1.199999999999999956e+00,1.399999999999999911e+00
2.875000000000000000e+00,5.618075467599929762e-02,1.812353742723782135e+00,2.600000000000000089e+00,1.199999999999999956e+00,1.199999999999999956e+00,1.399999999999999911e+00
2.900000000000000355e+00,5.677792169975643538e-02,1.751975943758632637e+00,2.600000000000000089e+00,1.199999999999999956e+00,1.199999999999999956e+00,1.399999999999999911e+00
2.925000000000000266e+00,5.748428002160306527e-02,1.693640992315718075e+00,2.600000000000000089e+00,1.199999999999999956e+00,1.199999999999999956e+00,1.399999999999999911e+00
2.950000000000000178e+00,5.830002623125699057e-02,1.637284289576418139e+00,2.600000000000000089e+00,1.199999999999999956e+00,1.199999999999999956e+00,1.399999999999999911e+00
2.975000000000000089e+00,5.922591642537879120e-02,1.582842950952153327e+00,2.600000000000000089e+00,1.199999999999999956e+00,1.199999999999999956e+00,1.399999999999999911e+00
3.000000000000000000e+00,6.026324126320065089e-02,1.530255807398655632e+00,2.600000000000000089e+00,1.199999999999999956e+00,1.199999999999999956e+00,1.399999999999999911e+00
3.025000000000000355e+00,6.141380669783832319e-02,1.479463399387173084e+00,2.600000000000000089e+00,1.199999999999999956e+00,1.199999999999999956e+00,1.399999999999999911e+00
3.050000000000000266e+00,6.267991975640309354e-02,1.430407964785416652e+00,2.600000000000000089e+00,1.199999999999999956e+00,1.199999999999999956e+00,1.399999999999999911e+00
3.075000000000000178e+00,6.406437884701919605e-02,1.383033421711477251e+00,2.600000000000000089e+00,1.199999999999999956e+00,1.199999999999999956e+00,1.399999999999999911e+00
3.100000000000000089e+00,6.557046815947704943e-02,1.337285347264173918e+00,2.600000000000000089e+00,1.199999999999999956e+00,1.199999999999999956e+00,1.399999999999999911e+00
3.125000000000000000e+00,6.720195580135543412e-02,1.293110952898415489e+00,2.600000000000000089e+00,1.199999999999999956e+00,1.199999999999999956e+00,1.399999999999999911e+00
3.150000000000000355e+00,6.896309537535569301e-02,1.250459057100058669e+00,2.600000000000000089e+00,1.199999999999999956e+00,1.199999999999999956e+00,1.399999999999999911e+00
3.175000000000000266e+00,7.085863075822075585e-02,1.209280055918089625e+00,2.600000000000000089e+00,1.199999999999999956e+00,1.199999999999999956e+00,1.399999999999999911e+00
3.200000000000000178e+00,7.289380388853769488e-02,1.169525891829923836e+00,2.600000000000000089e+00,1.199999999999999956e+00,1.199999999999999956e+00,1.399999999999999911e+00
3.225000000000000089e+00,7.507436541124411222e-02,1.131150021345925127e+00,2.600000000000000089e+00,1.199999999999999956e+00,1.199999999999999956e+00,1.399999999999999911e+00
3.250000000000000000e+00,7.740658806185116148e-02,1.094107381699941595e+00,2.600000000000000089e+00,1.199999999999999956e+00,1.199999999999999956e+00,1.399999999999999911e+00
3.275000000000000355e+00,7.989728270415115408e-02,1.058354356922164063e+00,2.600000000000000089e+00,1.199999999999999956e+00,1.199999999999999956e+00,1.399999999999999911e+00
3.300000000000000266e+00,8.255381696223557109e-02,1.023848743547573825e+00,2.600000000000000089e+00,1.199999999999999956e+00,1.199999999999999956e+00,1.399999999999999911e+00
3.325000000000000178e+00,8.538413641162564960e-02,9.905497161765639547e-01,2.600000000000000089e+00,1.199999999999999956e+00,1.199999999999999956e+00,1.399999999999999911e+00
3.350000000000000089e+00,8.839678831572581053e-02,9.584177930730397588e-01,2.600000000000000089e+00,1.199999999999999956e+00,1.199999999999999956e+00,1.399999999999999911e+00
3.375000000000000000e+00,9.160094791307890616e-02,9.274148019586524461e-01,2.600000000000000089e+00,1.199999999999999956e+00,1.199999999999999956e+00,1.399999999999999911e+00
3.400000000000000355e+00,9.500644727838804260e-02,8.975038461391405820e-01,2.600000000000000089e+00,1.199999999999999956e+00,1.199999999999999956e+00,1.399999999999999911e+00
3.425000000000000266e+00,9.862380679627220925e-02,8.686492710794817551e-01,2.600000000000000089e+00,1.199999999999999956e+00,1.199999999999999956e+00,1.399999999999999911e+00
3.450000000000000178e+00,1.024642693014899408e-01,8.408166315282398218e-01,2.600000000000000089e+00,1.199999999999999956e+00,1.199999999999999956e+00,1.399999999999999911e+00
3.475000000000000089e+00,1.065398369531043443e-01,8.139726592777338787e-01,2.600000000000000089e+00,1.199999999999999956e+00,1.199999999999999956e+00,1.399999999999999911e+00
3.500000000000000000e+00,1.108633109229440888e-01,7.880852316351252274e-01,2.600000000000000089e+00,1.199999999999999956e+00,1.199999999999999956e+00,1.399999999999999911e+00
3.525000000000000355e+00,1.154483339908791012e-01,7.631233406699522437e-01,2.600000000000000089e+00,1.199999999999999956e+00,1.199999999999999956e+00,1.399999999999999911e+00
3.550000000000000266e+00,1.203094361509892407e-01,7.390570632958008979e-01,2.600000000000000089e+00,1.199999999999999956e+00,1.199999999999999956e+00,1.399999999999999911e+00
3.575000000000000178e+00,1.254620833437478378e-01,7.158575322375035910e-01,2.600000000000000089e+00,1.199999999999999956e+00,1.199999999999999956e+00,1.399999999999999911e+00
3.600000000000000089e+00,1.309227294399365193e-01,6.934969079303459072e-01,2.600000000000000089e+00,1.199999999999999956e+00,1.199999999999999956e+00,1.399999999999999911e+00
3.625000000000000000e+00,1.367088716122004666e-01,6.719483513941156838e-01,2.600000000000000089e+00,1.199999999999999956e+00,1.199999999999999956e+00,1.399999999999999911e+00
3.650000000000000355e+00,1.428391092399704521e-01,6.511859981223446781e-01,2.600000000000000089e+00,1.199999999999999956e+00,1.199999999999999956e+00,1.399999999999999911e+00
3.675000000000000266e+00,1.493332065029284172e-01,6.311849330257026658e-01,2.600000000000000089e+00,1.199999999999999956e+00,1.199999999999999956e+00,1.399999999999999911e+00
3.700000000000000178e+00,1.562121588272668282e-01,6.119211664681549756e-01,2.600000000000000089e+00,1.199999999999999956e+00,1.199999999999999956e+00,1.399999999999999911e+00
3.725000000000000089e+00,1.634982633576564925e-01,5.933716114351522686e-01,2.600000000000000089e+00,1.199999999999999956e+00,1.199999999999999956e+00,1.399999999999999911e+00
3.750000000000000000e+00,1.712151936360427062e-01,5.755140618747833781e-01,2.600000000000000089e+00,1.199999999999999956e+00,1.199999999999999956e+00,1.399999999999999911e+00
3.775000000000000355e+00,1.793880786760607970e-01,5.583271722554906669e-01,2.600000000000000089e+00,1.199999999999999956e+00,1.199999999999999956e+00,1.399999999999999911e+00
3.800000000000000266e+00,1.880435866288982238e-01,5.417904383876550600e-01,2.600000000000000089e+00,1.199999999999999956e+00,1.199999999999999956e+00,1.399999999999999911e+00
3.825000000000000178e+00,1.972100132427068719e-01,5.258841795611568504e-01,2.600000000000000089e+00,1.199999999999999956e+00,1.199999999999999956e+00,1.399999999999999911e+00
3.850000000000000089e+00,2.069173753230212354e-01,5.105895220569779402e-01,2.600000000000000089e+00,1.199999999999999956e+00,1.199999999999999956e+00,1.399999999999999911e+00
3.875000000000000000e+00,2.171975094058736511e-01,4.958883840981276880e-01,2.600000000000000089e+00,1.199999999999999956e+00,1.199999999999999956e+00,1.399999999999999911e+00
3.900000000000000355e+00,2.280841758581729495e-01,4.817634623137757033e-01,2.600000000000000089e+00,1.199999999999999956e+00,1.199999999999999956e+00,1.399999999999999911e+00
3.925000000000000266e+00,2.396131686211416811e-01,4.681982198006060525e-01,2.600000000000000089e+00,1.199999999999999956e+00,1.199999999999999956e+00,1.399999999999999911e+00
3.950000000000000178e+00,2.518224308118398591e-01,4.551768758772608559e-01,2.600000000000000089e+00,1.199999999999999956e+00,1.199999999999999956e+00,1.399999999999999911e+00
3.975000000000000089e+00,2.647521763946269480e-01,4.426843976415392734e-01,2.600000000000000089e+00,1.199999999999999956e+00,1.199999999999999956e+00,1.399999999999999911e+00
4.000000000000000000e+00,2.784450181283314452e-01,4.307064934560316805e-01,2.600000000000000089e+00,1.199999999999999956e+00,1.199999999999999956e+00,1.399999999999999911e+00
4.025000000000000355e+00,2.929461019853223380e-01,4.192296085064212141e-01,2.600000000000000089e+00,1.199999999999999956e+00,1.199999999999999956e+00,1.399999999999999911e+00
4.049999999999999822e+00,3.083032482249046247e-01,4.082409225981601386e-01,2.600000000000000089e+00,1.199999999999999956e+00,1.199999999999999956e+00,1.399999999999999911e+00
4.075000000000000178e+00,3.245670992846630964e-01,3.977283503820848720e-01,2.600000000000000089e+00,1.199999999999999956e+00,1.199999999999999956e+00,1.399999999999999911e+00
4.100000000000000533e+00,3.417912746285625691e-01,3.876805442283155489e-01,2.600000000000000089e+00,1.199999999999999956e+00,1.199999999999999956e+00,1.399999999999999911e+00
4.125000000000000000e+00,3.600325326586044095e-01,3.780869000011392034e-01,2.600000000000000089e+00,1.199999999999999956e+00,1.199999999999999956e+00,1.399999999999999911e+00
4.150000000000000355e+00,3.793509397562401797e-01,3.689375660262728673e-01,2.600000000000000089e+00,1.199999999999999956e+00,1.199999999999999956e+00,1.399999999999999911e+00
4.174999999999999822e+00,3.998100464688923994e-01,3.602234555868567001e-01,2.600000000000000089e+00,1.199999999999999956e+00,1.199999999999999956e+00,1.399999999999999911e+00
4.200000000000000178e+00,4.214770707938494398e-01,3.519362633368376958e-01,2.600000000000000089e+00,1.199999999999999956e+00,1.199999999999999956e+00,1.399999999999999911e+00
4.225000000000000533e+00,4.444230884341293653e-01,3.440684860813686963e-01,2.600000000000000089e+00,1.199999999999999956e+00,1.199999999999999956e+00,1.399999999999999911e+00
4.250000000000000000e+00,4.687232298058336410e-01,3.366134484450348796e-01,2.600000000000000089e+00,1.199999999999999956e+00,1.199999999999999956e+00,1.399999999999999911e+00
4.275000000000000355e+00,4.944568834606757335e-01,3.295653340319957270e-01,2.600000000000000089e+00,1.199999999999999956e+00,1.199999999999999956e+00,1.399999999999999911e+00
4.299999999999999822e+00,5.217079054467554933e-01,3.229192227797400006e-01,2.600000000000000089e+00,1.199999999999999956e+00,1.199999999999999956e+00,1.399999999999999911e+00
4.325000000000000178e+00,5.505648339604471975e-01,3.166711353227964487e-01,2.600000000000000089e+00,1.199999999999999956e+00,1.199999999999999956e+00,1.399999999999999911e+00
4.350000000000000533e+00,5.811211084367043922e-01,3.108180853176704117e-01,2.600000000000000089e+00,1.199999999999999956e+00,1.199999999999999956e+00,1.399999999999999911e+00
4.375000000000000000e+00,6.134752919772308299e-01,3.053581408394113184e-01,2.600000000000000089e+00,1.199999999999999956e+00,1.199999999999999956e+00,1.399999999999999911e+00
4.400000000000000355e+00,6.477312957174783392e-01,3.002904961483043866e-01,2.600000000000000089e+00,1.199999999999999956e+00,1.199999999999999956e+00,1.399999999999999911e+00
4.424999999999999822e+00,6.839986033742608829e-01,2.956155553479672959e-01,2.600000000000000089e+00,1.199999999999999956e+00,1.199999999999999956e+00,1.399999999999999911e+00
4.450000000000000178e+00,7.223924937837763460e-01,2.913350297205999362e-01,2.600000000000000089e+00,1.199999999999999956e+00,1.199999999999999956e+00,1.399999999999999911e+00
4.475000000000000533e+00,7.630342587203287064e-01,2.874520508397719887e-01,2.600000000000000089e+00,1.199999999999999956e+00,1.199999999999999956e+00,1.399999999999999911e+00
4.500000000000000000e+00,8.060514126612451369e-01,2.839713019362848923e-01,2.600000000000000089e+00,1.199999999999999956e+00,1.199999999999999956e+00,1.399999999999999911e+00
4.525000000000000355e+00,8.515778904117962123e-01,2.808991704409448120e-01,2.600000000000000089e+00,1.199999999999999956e+00,1.199999999999999956e+00,1.399999999999999911e+00
4.549999999999999822e+00,8.997542275990872973e-01,2.782439251649874712e-01,2.600000000000000089e+00,1.199999999999999956e+00,1.199999999999999956e+00,1.399999999999999911e+00
4.575000000000000178e+00,9.507277179538990985e-01,2.760159222233417586e-01,2.600000000000000089e+00,1.199999999999999956e+00,1.199999999999999956e+00,1.399999999999999911e+00
4.600000000000000533e+00,1.004652539985272375e+00,2.742278445811549559e-01,2.600000000000000089e+00,1.199999999999999956e+00,1.199999999999999956e+00,1.399999999999999911e+00
4.625000000000000000e+00,1.061689844066520783e+00,2.728949810386088748e-01,2.600000000000000089e+00,1.199999999999999956e+00,1.199999999999999956e+00,1.399999999999999911e+00
4.650000000000000355e+00,1.122007789034882075e+00,2.720355515982200711e-01,2.600000000000000089e+00,1.199999999999999956e+00,1.199999999999999956e+00,1.399999999999999911e+00
4.674999999999999822e+00,1.185781515088521365e+00,2.716710875259104596e-01,2.600000000000000089e+00,1.199999999999999956e+00,1.199999999999999956e+00,1.399999999999999911e+00
4.700000000000000178e+00,1.253193036956108619e+00,2.718268760756701874e-01,2.600000000000000089e+00,1.199999999999999956e+00,1.199999999999999956e+00,1.399999999999999911e+00
4.725000000000000533e+00,1.324431037907588760e+00,2.725324818636885582e-01,2.600000000000000089e+00,1.199999999999999956e+00,1.199999999999999956e+00,1.399999999999999911e+00
4.750000000000000000e+00,1.399690541037034386e+00,2.738223593330071370e-01,2.600000000000000089e+00,1.199999999999999956e+00,1.199999999999999956e+00,1.399999999999999911e+00
4.775000000000000355e+00,1.479172429215956042e+00,2.757365737448375098e-01,2.600000000000000089e+00,1.199999999999999956e+00,1.199999999999999956e+00,1.399999999999999911e+00
4.800000000000000711e+00,1.563082778986698118e+00,2.783216517920632516e-01,2.600000000000000089e+00,1.199999999999999956e+00,1.199999999999999956e+00,1.399999999999999911e+00
4.825000000000000178e+00,1.651631966192774303e+00,2.816315874074002412e-01,2.600000000000000089e+00,1.199999999999999956e+00,1.199999999999999956e+00,1.399999999999999911e+00
4.850000000000000533e+00,1.745033492021754284e+00,2.857290338216915138e-01,2.600000000000000089e+00,1.199999999999999956e+00,1.199999999999999956e+00,1.399999999999999911e+00
4.875000000000000000e+00,1.843502466993312217e+00,2.906867196477883608e-01,2.600000000000000089e+00,1.199999999999999956e+00,1.199999999999999956e+00,1.399999999999999911e+00
4.900000000000000355e+00,1.947253676804090894e+00,2.965891350039024932e-01,2.600000000000000089e+00,1.199999999999999956e+00,1.199999999999999956e+00,1.399999999999999911e+00
4.925000000000000711e+00,2.056499137287262080e+00,3.035345437878607111e-01,2.600000000000000089e+00,1.199999999999999956e+00,1.199999999999999956e+00,1.399999999999999911e+00
4.950000000000000178e+00,2.171445025387835681e+00,3.116373905783841325e-01,2.600000000000000089e+00,1.199999999999999956e+00,1.199999999999999956e+00,1.399999999999999911e+00
4.975000000000000533e+00,2.292287848193156563e+00,3.210311857530290247e-01,2.600000000000000089e+00,1.199999999999999956e+00,1.199999999999999956e+00,1.399999999999999911e+00
5.000000000000000000e+00,2.419209681745930318e+00,3.318719708314542549e-01,2.600000000000000089e+00,1.199999999999999956e+00,1.199999999999999956e+00,1.399999999999999911e+00
5.025000000000000355e+00,2.552372274511348849e+00,3.443424884004200881e-01,2.600000000000000089e+00,1.199999999999999956e+00,1.199999999999999956e+00,1.399999999999999911e+00
5.050000000000000711e+00,2.691909765744702199e+00,3.586572079162897442e-01,2.600000000000000089e+00,1.199999999999999956e+00,1.199999999999999956e+00,1.399999999999999911e+00
5.075000000000000178e+00,2.837919715301770118e+00,3.750683908555572654e-01,2.600000000000000089e+00,1.199999999999999956e+00,1.199999999999999956e+00,1.399999999999999911e+00
5.100000000000000533e+00,2.990452077366520189e+00,3.938734166054776442e-01,2.600000000000000089e+00,1.199999999999999956e+00,1.199999999999999956e+00,1.399999999999999911e+00
5.125000000000000000e+00,3.149495675088124891e+00,4.154236343315049207e-01,2.600000000000000089e+00,1.199999999999999956e+00,1.199999999999999956e+00,1.399999999999999911e+00
5.150000000000000355e+00,3.314961645779158861e+00,4.401350553195962356e-01,2.600000000000000089e+00,1.199999999999999956e+00,1.199999999999999956e+00,1.399999999999999911e+00
5.175000000000000711e+00,3.486663227934383880e+00,4.685012532038308475e-01,2.600000000000000089e+00,1.199999999999999956e+00,1.199999999999999956e+00,1.399999999999999911e+00
5.200000000000000178e+00,3.664291154996509814e+00,5.011088920953059578e-01,2.600000000000000089e+00,1.199999999999999956e+00,1.199999999999999956e+00,1.399999999999999911e+00
5.225000000000000533e+00,3.847383813641434891e+00,5.386563473018182169e-01,2.600000000000000089e+00,1.199999999999999956e+00,1.199999999999999956e+00,1.399999999999999911e+00
5.250000000000000000e+00,4.035291230176401456e+00,5.819759064979815877e-01,2.600000000000000089e+00,1.199999999999999956e+00,1.199999999999999956e+00,1.399999999999999911e+00
5.275000000000000355e+00,4.227131891987909285e+00,6.320600179205102531e-01,2.600000000000000089e+00,1.199999999999999956e+00,1.199999999999999956e+00,1.399999999999999911e+00
5.300000000000000711e+00,4.421741433185056636e+00,6.900919490753595342e-01,2.600000000000000089e+00,1.199999999999999956e+00,1.199999999999999956e+00,1.399999999999999911e+00
5.325000000000000178e+00,4.617612381424066825e+00,7.574809757757404727e-01,2.600000000000000089e+00,1.199999999999999956e+00,1.199999999999999956e+00,1.399999999999999911e+00
5.350000000000000533e+00,4.812824580243574069e+00,8.359017475966468158e-01,2.600000000000000089e+00,1.199999999999999956e+00,1.199999999999999956e+00,1.399999999999999911e+00
5.375000000000000000e+00,5.004966723634355574e+00,9.273366407558152336e-01,2.600000000000000089e+00,1.199999999999999956e+00,1.199999999999999956e+00,1.399999999999999911e+00
5.400000000000000355e+00,5.191050889812896862e+00,1.034118529187053381e+00,2.600000000000000089e+00,1.199999999999999956e+00,1.199999999999999956e+00,1.399999999999999911e+00
5.425000000000000711e+00,5.367424340317481501e+00,1.158969237998760171e+00,2.600000000000000089e+00,1.199999999999999956e+00,1.199999999999999956e+00,1.399999999999999911e+00
5.450000000000000178e+00,5.529686531506705194e+00,1.305025705600216135e+00,2.600000000000000089e+00,1.199999999999999956e+00,1.199999999999999956e+00,1.399999999999999911e+00
5.475000000000000533e+00,5.672624664028814934e+00,1.475841297930035045e+00,2.600000000000000089e+00,1.199999999999999956e+00,1.199999999999999956e+00,1.399999999999999911e+00
5.500000000000000000e+00,5.790188454785781147e+00,1.675343664907390284e+00,2.600000000000000089e+00,1.199999999999999956e+00,1.199999999999999956e+00,1.399999999999999911e+00
5.525000000000000355e+00,5.875534037956498423e+00,1.907723303025989692e+00,2.600000000000000089e+00,1.199999999999999956e+00,1.199999999999999956e+00,1.399999999999999911e+00
5.550000000000000711e+00,5.921176954365710898e+00,2.177219783478040238e+00,2.600000000000000089e+00,1.199999999999999956e+00,1.199999999999999956e+00,1.399999999999999911e+00
5.575000000000000178e+00,5.919302348203903996e+00,2.487768199251886969e+00,2.600000000000000089e+00,1.199999999999999956e+00,1.199999999999999956e+00,1.399999999999999911e+00
5.600000000000000533e+00,5.862281436528596679e+00,2.842471876586631474e+00,2.600000000000000089e+00,1.199999999999999956e+00,1.199999999999999956e+00,1.399999999999999911e+00
5.625000000000000000e+00,5.743428626423902728e+00,3.242886464385152046e+00,2.600000000000000089e+00,1.199999999999999956e+00,1.199999999999999956e+00,1.399999999999999911e+00
5.650000000000000355e+00,5.557992878587688423e+00,3.688144046685440269e+00,2.600000000000000089e+00,1.199999999999999956e+00,1.199999999999999956e+00,1.399999999999999911e+00
5.675000000000000711e+00,5.304302065295390278e+00,4.174019355451947355e+00,2.600000000000000089e+00,1.199999999999999956e+00,1.199999999999999956e+00,1.399999999999999911e+00
5.700000000000000178e+00,4.984873914908389381e+00,4.692136462642330308e+00,2.600000000000000089e+00,1.199999999999999956e+00,1.199999999999999956e+00,1.399999999999999911e+00
5.725000000000000533e+00,4.607199459642946415e+00,5.229602946184336965e+00,2.600000000000000089e+00,1.199999999999999956e+00,1.199999999999999956e+00,1.399999999999999911e+00
5.750000000000000000e+00,4.183852708485508387e+00,5.769381559102114032e+00,2.600000000000000089e+00,1.199999999999999956e+00,1.199999999999999956e+00,1.399999999999999911e+00
5.775000000000000355e+00,3.731655854666994454e+00,6.291600484403612192e+00,2.600000000000000089e+00,1.199999999999999956e+00,1.199999999999999956e+00,1.399999999999999911e+00
5.800000000000000711e+00,3.269870851734836048e+00,6.775737100934998480e+00,2.600000000000000089e+00,1.199999999999999956e+00,1.199999999999999956e+00,1.399999999999999911e+00
5.825000000000000178e+00,2.817738899736630831e+00,7.203259859763242900e+00,2.600000000000000089e+00,1.199999999999999956e+00,1.199999999999999956e+00,1.399999999999999911e+00
5.850000000000000533e+00,2.391984762866522285e+00,7.560052930024518503e+00,2.600000000000000089e+00,1.199999999999999956e+00,1.199999999999999956e+00,1.399999999999999911e+00
5.875000000000000000e+00,2.004957830000354768e+00,7.837957019926151681e+00,2.600000000000000089e+00,1.199999999999999956e+00,1.199999999999999956e+00,1.399999999999999911e+00
5.900000000000000355e+00,1.663836890001162416e+00,8.035071723177951597e+00,2.600000000000000089e+00,1.199999999999999956e+00,1.199999999999999956e+00,1.399999999999999911e+00
5.925000000000000711e+00,1.370914825446377439e+00,8.154915675271583453e+00,2.600000000000000089e+00,1.199999999999999956e+00,1.199999999999999956e+00,1.399999999999999911e+00
5.950000000000000178e+00,1.124633445115545749e+00,8.204884470621923498e+00,2.600000000000000089e+00,1.199999999999999956e+00,1.199999999999999956e+00,1.399999999999999911e+00
5.975000000000000533e+00,9.209099943789389453e-01,8.194538138819273954e+00,2.600000000000000089e+00,1.199999999999999956e+00,1.199999999999999956e+00,1.399999999999999911e+00
6.000000000000000000e+00,7.543761818728281776e-01,8.134122266101341481e+00,2.600000000000000089e+00,1.199999999999999956e+00,1.199999999999999956e+00,1.399999999999999911e+00
0.000000000000000000e+00,5.000000000000000000e-01,5.000000000000000000e-01,2.899999999999999911e+00,1.500000000000000000e+00,1.500000000000000000e+00,1.699999999999999956e+00
2.500000000000000139e-02,5.268749999999999822e-01,4.881249999999999756e-01,2.899999999999999911e+00,1.500000000000000000e+00,1.500000000000000000e+00,1.699999999999999956e+00
5.000000000000000278e-02,5.554291552734375026e-01,4.770239697265624690e-01,2.899999999999999911e+00,1.500000000000000000e+00,1.500000000000000000e+00,1.699999999999999956e+00
7.500000000000001110e-02,5.857620307601214549e-01,4.666861892838238268e-01,2.899999999999999911e+00,1.500000000000000000e+00,1.500000000000000000e+00,1.699999999999999956e+00
1.000000000000000056e-01,6.179785136166329185e-01,4.571032906128586482e-01,2.899999999999999911e+00,1.500000000000000000e+00,1.500000000000000000e+00,1.699999999999999956e+00
1.250000000000000000e-01,6.521889554000060985e-01,4.482694012156449026e-01,2.899999999999999911e+00,1.500000000000000000e+00,1.500000000000000000e+00,1.699999999999999956e+00
1.500000000000000222e-01,6.885092914471333536e-01,4.401813148833531586e-01,2.899999999999999911e+00,1.500000000000000000e+00,1.500000000000000000e+00,1.699999999999999956e+00
1.750000000000000167e-01,7.270611303813527826e-01,4.328386936965083476e-01,2.899999999999999911e+00,1.500000000000000000e+00,1.500000000000000000e+00,1.699999999999999956e+00
2.000000000000000111e-01,7.679718052123094552e-01,4.262443063360981665e-01,2.899999999999999911e+00,1.500000000000000000e+00,1.500000000000000000e+00,1.699999999999999956e+00
2.250000000000000056e-01,8.113743757377618326e-01,4.204043086692540454e-01,2.899999999999999911e+00,1.500000000000000000e+00,1.500000000000000000e+00,1.699999999999999956e+00
2.500000000000000000e-01,8.574075698473502261e-01,4.153285736822100449e-01,2.899999999999999911e+00,1.500000000000000000e+00,1.500000000000000000e+00,1.699999999999999956e+00
2.750000000000000222e-01,9.062156487969444951e-01,4.110310791650547690e-01,2.899999999999999911e+00,1.500000000000000000e+00,1.500000000000000000e+00,1.699999999999999956e+00
3.000000000000000444e-01,9.579481784816753498e-01,4.075303631535874826e-01,2.899999999999999911e+00,1.500000000000000000e+00,1.500000000000000000e+00,1.699999999999999956e+00
3.250000000000000111e-01,1.012759685081886074e+00,4.048500590592707948e-01,2.899999999999999911e+00,1.500000000000000000e+00,1.500000000000000000e+00,1.699999999999999956e+00
3.500000000000000333e-01,1.070809169063388522e+00,4.030195247361861854e-01,2.899999999999999911e+00,1.500000000000000000e+00,1.500000000000000000e+00,1.699999999999999956e+00
3.750000000000000000e-01,1.132259446230518884e+00,4.020745825248636662e-01,2.899999999999999911e+00,1.500000000000000000e+00,1.500000000000000000e+00,1.699999999999999956e+00
4.000000000000000222e-01,1.197276278176495179e+00,4.020583906732932977e-01,2.899999999999999911e+00,1.500000000000000000e+00,1.500000000000000000e+00,1.699999999999999956e+00
4.250000000000000444e-01,1.266027246834480424e+00,4.030224705794890339e-01,2.899999999999999911e+00,1.500000000000000000e+00,1.500000000000000000e+00,1.699999999999999956e+00
4.500000000000000111e-01,1.338680318648473477e+00,4.050279191613675445e-01,2.899999999999999911e+00,1.500000000000000000e+00,1.500000000000000000e+00,1.699999999999999956e+00
4.750000000000000333e-01,1.415402032854820247e+00,4.081468414926769928e-01,2.899999999999999911e+00,1.500000000000000000e+00,1.500000000000000000e+00,1.699999999999999956e+00
5.000000000000000000e-01,1.496355235143594475e+00,4.124640458224385631e-01,2.899999999999999911e+00,1.500000000000000000e+00,1.500000000000000000e+00,1.699999999999999956e+00
5.250000000000000222e-01,1.581696262156195854e+00,4.180790514102941668e-01,2.899999999999999911e+00,1.500000000000000000e+00,1.500000000000000000e+00,1.699999999999999956e+00
5.500000000000000444e-01,1.671571463428714877e+00,4.251084694591618085e-01,2.899999999999999911e+00,1.500000000000000000e+00,1.500000000000000000e+00,1.699999999999999956e+00
5.750000000000000666e-01,1.766112925036929404e+00,4.336888289975146527e-01,2.899999999999999911e+00,1.500000000000000000e+00,1.500000000000000000e+00,1.699999999999999956e+00
6.000000000000000888e-01,1.865433232864482704e+00,4.439799330027443536e-01,2.899999999999999911e+00,1.500000000000000000e+00,1.500000000000000000e+00,1.699999999999999956e+00
6.250000000000000000e-01,1.969619082681597799e+00,4.561688454156876960e-01,2.899999999999999911e+00,1.500000000000000000e+00,1.500000000000000000e+00,1.699999999999999956e+00
6.500000000000000222e-01,2.078723508818929755e+00,4.704746268426048816e-01,2.899999999999999911e+00,1.500000000000000000e+00,1.500000000000000000e+00,1.699999999999999956e+00
6.750000000000000444e-01,2.192756463191281924e+00,4.871539552188142719e-01,2.899999999999999911e+00,1.500000000000000000e+00,1.500000000000000000e+00,1.699999999999999956e+00
7.000000000000000666e-01,2.311673432377328030e+00,5.065077865173366334e-01,2.899999999999999911e+00,1.500000000000000000e+00,1.500000000000000000e+00,1.699999999999999956e+00
7.250000000000000888e-01,2.435361733972770448e+00,5.288892278422638871e-01,2.899999999999999911e+00,1.500000000000000000e+00,1.500000000000000000e+00,1.699999999999999956e+00
7.500000000000000000e-01,2.563624087673391561e+00,5.547128076713722100e-01,2.899999999999999911e+00,1.500000000000000000e+00,1.500000000000000000e+00,1.699999999999999956e+00
7.750000000000000222e-01,2.696159017198939800e+00,5.844653301761114639e-01,2.899999999999999911e+00,1.500000000000000000e+00,1.500000000000000000e+00,1.699999999999999956e+00
8.000000000000000444e-01,2.832537615813570220e+00,6.187184837759196476e-01,2.899999999999999911e+00,1.500000000000000000e+00,1.500000000000000000e+00,1.699999999999999956e+00
8.250000000000000666e-01,2.972176216251512848e+00,6.581433249239841965e-01,2.899999999999999911e+00,1.500000000000000000e+00,1.500000000000000000e+00,1.699999999999999956e+00
8.500000000000000888e-01,3.114304569283856683e+00,7.035266562606057317e-01,2.899999999999999911e+00,1.500000000000000000e+00,1.500000000000000000e+00,1.699999999999999956e+00
8.750000000000000000e-01,3.257929290049233817e+00,7.557891338772324552e-01,2.899999999999999911e+00,1.500000000000000000e+00,1.500000000000000000e+00,1.699999999999999956e+00
9.000000000000000222e-01,3.401792630214319324e+00,8.160046290509341826e-01,2.899999999999999911e+00,1.500000000000000000e+00,1.500000000000000000e+00,1.699999999999999956e+00
9.250000000000000444e-01,3.544327150905123514e+00,8.854198773160033564e-01,2.899999999999999911e+00,1.500000000000000000e+00,1.500000000000000000e+00,1.699999999999999956e+00
9.500000000000000666e-01,3.683607705178662872e+00,9.654726966971555191e-01,2.899999999999999911e+00,1.500000000000000000e+00,1.500000000000000000e+00,1.699999999999999956e+00
9.750000000000000888e-01,3.817303413878118334e+00,1.057805957013523868e+00,2.899999999999999911e+00,1.500000000000000000e+00,1.500000000000000000e+00,1.699999999999999956e+00
1.000000000000000000e+00,3.942634175474469593e+00,1.164272939750261582e+00,2.899999999999999911e+00,1.500000000000000000e+00,1.500000000000000000e+00,1.699999999999999956e+00
1.025000000000000133e+00,4.056338817627387350e+00,1.286927675379857083e+00,2.899999999999999911e+00,1.500000000000000000e+00,1.500000000000000000e+00,1.699999999999999956e+00
1.050000000000000044e+00,4.154665331213286628e+00,1.427991299868299091e+00,2.899999999999999911e+00,1.500000000000000000e+00,1.500000000000000000e+00,1.699999999999999956e+00
1.074999999999999956e+00,4.233397594719861878e+00,1.589782642630284570e+00,2.899999999999999911e+00,1.500000000000000000e+00,1.500000000000000000e+00,1.699999999999999956e+00
1.100000000000000089e+00,4.287937094758111023e+00,1.774598705897438844e+00,2.899999999999999911e+00,1.500000000000000000e+00,1.500000000000000000e+00,1.699999999999999956e+00
1.125000000000000000e+00,4.313461248403298143e+00,1.984529546621573992e+00,2.899999999999999911e+00,1.500000000000000000e+00,1.500000000000000000e+00,1.699999999999999956e+00
1.150000000000000133e+00,4.305180015325155374e+00,2.221194214477539397e+00,2.899999999999999911e+00,1.500000000000000000e+00,1.500000000000000000e+00,1.699999999999999956e+00
1.175000000000000044e+00,4.258706531099058168e+00,2.485392495699414894e+00,2.899999999999999911e+00,1.500000000000000000e+00,1.500000000000000000e+00,1.699999999999999956e+00
1.200000000000000178e+00,4.170541857587001466e+00,2.776684211648928091e+00,2.899999999999999911e+00,1.500000000000000000e+00,1.500000000000000000e+00,1.699999999999999956e+00
1.225000000000000089e+00,4.038645727387703666e+00,3.092935547528204321e+00,2.899999999999999911e+00,1.500000000000000000e+00,1.500000000000000000e+00,1.699999999999999956e+00
1.250000000000000000e+00,3.863024882594174869e+00,3.429908446787393039e+00,2.899999999999999911e+00,1.500000000000000000e+00,1.500000000000000000e+00,1.699999999999999956e+00
1.275000000000000133e+00,3.646225873771266279e+00,3.781005650609915225e+00,2.899999999999999911e+00,1.500000000000000000e+00,1.500000000000000000e+00,1.699999999999999956e+00
1.300000000000000044e+00,3.393587225914836747e+00,4.137302934163839652e+00,2.899999999999999911e+00,1.500000000000000000e+00,1.500000000000000000e+00,1.699999999999999956e+00
1.325000000000000178e+00,3.113111110276723270e+00,4.487978748978815879e+00,2.899999999999999911e+00,1.500000000000000000e+00,1.500000000000000000e+00,1.699999999999999956e+00
1.350000000000000089e+00,2.814877546791843876e+00,4.821173771127158503e+00,2.899999999999999911e+00,1.500000000000000000e+00,1.500000000000000000e+00,1.699999999999999956e+00
1.375000000000000000e+00,2.510043151526967442e+00,5.125186903261539584e+00,2.899999999999999911e+00,1.500000000000000000e+00,1.500000000000000000e+00,1.699999999999999956e+00
1.400000000000000133e+00,2.209604769256647394e+00,5.389782970628949066e+00,2.899999999999999911e+00,1.500000000000000000e+00,1.500000000000000000e+00,1.699999999999999956e+00
1.425000000000000044e+00,1.923202734134254799e+00,5.607315575270718000e+00,2.899999999999999911e+00,1.500000000000000000e+00,1.500000000000000000e+00,1.699999999999999956e+00
1.450000000000000178e+00,1.658234758152204336e+00,5.773404837528496536e+00,2.899999999999999911e+00,1.500000000000000000e+00,1.500000000000000000e+00,1.699999999999999956e+00
1.475000000000000089e+00,1.419444506575470388e+00,5.887047403476303842e+00,2.899999999999999911e+00,1.500000000000000000e+00,1.500000000000000000e+00,1.699999999999999956e+00
1.500000000000000000e+00,1.208991592171673402e+00,5.950210529959079508e+00,2.899999999999999911e+00,1.500000000000000000e+00,1.500000000000000000e+00,1.699999999999999956e+00
1.525000000000000133e+00,1.026877688765174046e+00,5.967092376274764298e+00,2.899999999999999911e+00,1.500000000000000000e+00,1.500000000000000000e+00,1.699999999999999956e+00
1.550000000000000044e+00,8.715460451507496265e-01,5.943271226332986323e+00,2.899999999999999911e+00,1.500000000000000000e+00,1.500000000000000000e+00,1.699999999999999956e+00
1.575000000000000178e+00,7.404893384528504763e-01,5.884925994185162601e+00,2.899999999999999911e+00,1.500000000000000000e+00,1.500000000000000000e+00,1.699999999999999956e+00
1.600000000000000089e+00,6.307601296302512983e-01,5.798231325292723781e+00,2.899999999999999911e+00,1.500000000000000000e+00,1.500000000000000000e+00,1.699999999999999956e+00
1.625000000000000000e+00,5.393417461896511389e-01,5.688954986806576741e+00,2.899999999999999911e+00,1.500000000000000000e+00,1.500000000000000000e+00,1.699999999999999956e+00
1.650000000000000133e+00,4.633831134167040178e-01,5.562235309238993786e+00,2.899999999999999911e+00,1.500000000000000000e+00,1.500000000000000000e+00,1.699999999999999956e+00
1.675000000000000044e+00,4.003241673212342144e-01,5.422494530414517122e+00,2.899999999999999911e+00,1.500000000000000000e+00,1.500000000000000000e+00,1.699999999999999956e+00
1.700000000000000178e+00,3.479443341635685139e-01,5.273441848160355327e+00,2.899999999999999911e+00,1.500000000000000000e+00,1.500000000000000000e+00,1.699999999999999956e+00
1.725000000000000089e+00,3.043628904176102212e-01,5.118127977586357069e+00,2.899999999999999911e+00,1.500000000000000000e+00,1.500000000000000000e+00,1.699999999999999956e+00
1.750000000000000000e+00,2.680128915434336623e-01,4.959023846968389826e+00,2.899999999999999911e+00,1.500000000000000000e+00,1.500000000000000000e+00,1.699999999999999956e+00
1.775000000000000133e+00,2.376032391631260898e-01,4.798105920489439846e+00,2.899999999999999911e+00,1.500000000000000000e+00,1.500000000000000000e+00,1.699999999999999956e+00
1.800000000000000044e+00,2.120777674316003392e-01,4.636938125439491465e+00,2.899999999999999911e+00,1.500000000000000000e+00,1.500000000000000000e+00,1.699999999999999956e+00
1.825000000000000178e+00,1.905762248693284588e-01,4.476745435809376339e+00,2.899999999999999911e+00,1.500000000000000000e+00,1.500000000000000000e+00,1.699999999999999956e+00
1.850000000000000089e+00,1.723994544901967518e-01,4.318477301469635599e+00,2.899999999999999911e+00,1.500000000000000000e+00,1.500000000000000000e+00,1.699999999999999956e+00
1.875000000000000000e+00,1.569795475281736963e-01,4.162860883569738490e+00,2.899999999999999911e+00,1.500000000000000000e+00,1.500000000000000000e+00,1.699999999999999956e+00
1.900000000000000133e+00,1.438549140517596248e-01,4.010444946690231660e+00,2.899999999999999911e+00,1.500000000000000000e+00,1.500000000000000000e+00,1.699999999999999956e+00
1.925000000000000044e+00,1.326498123286833086e-01,3.861635619447725709e+00,2.899999999999999911e+00,1.500000000000000000e+00,1.500000000000000000e+00,1.699999999999999956e+00
1.950000000000000178e+00,1.230577272149566137e-01,3.716725302128753405e+00,2.899999999999999911e+00,1.500000000000000000e+00,1.500000000000000000e+00,1.699999999999999956e+00
1.975000000000000089e+00,1.148279711244551970e-01,3.575915918101867153e+00,2.899999999999999911e+00,1.500000000000000000e+00,1.500000000000000000e+00,1.699999999999999956e+00
2.000000000000000000e+00,1.077549301639551677e-01,3.439337560449560627e+00,2.899999999999999911e+00,1.500000000000000000e+00,1.500000000000000000e+00,1.699999999999999956e+00
2.024999999999999911e+00,1.016694534019727814e-01,3.307063423329323459e+00,2.899999999999999911e+00,1.500000000000000000e+00,1.500000000000000000e+00,1.699999999999999956e+00
2.050000000000000266e+00,9.643196387553271132e-02,3.179121752735910356e+00,2.899999999999999911e+00,1.500000000000000000e+00,1.500000000000000000e+00,1.699999999999999956e+00
2.075000000000000178e+00,9.192694548091823181e-02,3.055505414020224908e+00,2.899999999999999911e+00,1.500000000000000000e+00,1.500000000000000000e+00,1.699999999999999956e+00
2.100000000000000089e+00,8.805852604286151797e-02,2.936179556909788602e+00,2.899999999999999911e+00,1.500000000000000000e+00,1.500000000000000000e+00,1.699999999999999956e+00
2.125000000000000000e+00,8.474693253176929231e-02,2.821087762390322329e+00,2.899999999999999911e+00,1.500000000000000000e+00,1.500000000000000000e+00,1.699999999999999956e+00
2.149999999999999911e+00,8.192564010536659835e-02,2.710156977523689559e+00,2.899999999999999911e+00,1.500000000000000000e+00,1.500000000000000000e+00,1.699999999999999956e+00
2.175000000000000266e+00,7.953907356914365068e-02,2.603301481422794605e+00,2.899999999999999911e+00,1.500000000000000000e+00,1.500000000000000000e+00,1.699999999999999956e+00
2.200000000000000178e+00,7.754074935089849685e-02,2.500426075514333935e+00,2.899999999999999911e+00,1.500000000000000000e+00,1.500000000000000000e+00,1.699999999999999956e+00
2.225000000000000089e+00,7.589176949414210005e-02,2.401428651489671218e+00,2.899999999999999911e+00,1.500000000000000000e+00,1.500000000000000000e+00,1.699999999999999956e+00
2.250000000000000000e+00,7.455959766963680957e-02,2.306202258914190839e+00,2.899999999999999911e+00,1.500000000000000000e+00,1.500000000000000000e+00,1.699999999999999956e+00
2.274999999999999911e+00,7.351706177933112207e-02,2.214636769631692204e+00,2.899999999999999911e+00,1.500000000000000000e+00,1.500000000000000000e+00,1.699999999999999956e+00
2.300000000000000266e+00,7.274153920039044818e-02,2.126620216480287429e+00,2.899999999999999911e+00,1.500000000000000000e+00,1.500000000000000000e+00,1.699999999999999956e+00
2.325000000000000178e+00,7.221428974836462122e-02,2.042039868323929142e+00,2.899999999999999911e+00,1.500000000000000000e+00,1.500000000000000000e+00,1.699999999999999956e+00
2.350000000000000089e+00,7.191990855278893036e-02,1.960783091122494159e+00,2.899999999999999911e+00,1.500000000000000000e+00,1.500000000000000000e+00,1.699999999999999956e+00
2.375000000000000000e+00,7.184587665016420321e-02,1.882738035022490042e+00,2.899999999999999911e+00,1.500000000000000000e+00,1.500000000000000000e+00,1.699999999999999956e+00
2.400000000000000355e+00,7.198219153372116541e-02,1.807794179707614246e+00,2.899999999999999911e+00,1.500000000000000000e+00,1.500000000000000000e+00,1.699999999999999956e+00
2.425000000000000266e+00,7.232106341126870452e-02,1.735842764078687983e+00,2.899999999999999911e+00,1.500000000000000000e+00,1.500000000000000000e+00,1.699999999999999956e+00
2.450000000000000178e+00,7.285666571060092633e-02,1.666777121403328454e+00,2.899999999999999911e+00,1.500000000000000000e+00,1.500000000000000000e+00,1.699999999999999956e+00
2.475000000000000089e+00,7.358493059156349936e-02,1.600492937126742898e+00,2.899999999999999911e+00,1.500000000000000000e+00,1.500000000000000000e+00,1.699999999999999956e+00
2.500000000000000000e+00,7.450338199604839007e-02,1.536888443362259826e+00,2.899999999999999911e+00,1.500000000000000000e+00,1.500000000000000000e+00,1.699999999999999956e+00
2.525000000000000355e+00,7.561100018646950416e-02,1.475864561523656082e+00,2.899999999999999911e+00,1.500000000000000000e+00,1.500000000000000000e+00,1.699999999999999956e+00
2.550000000000000266e+00,7.690811286361720622e-02,1.417325002495271935e+00,2.899999999999999911e+00,1.500000000000000000e+00,1.500000000000000000e+00,1.699999999999999956e+00
2.575000000000000178e+00,7.839630887411697113e-02,1.361176332061335259e+00,2.899999999999999911e+00,1.500000000000000000e+00,1.500000000000000000e+00,1.699999999999999956e+00
2.600000000000000089e+00,8.007837126147476781e-02,1.307328007954744242e+00,2.899999999999999911e+00,1.500000000000000000e+00,1.500000000000000000e+00,1.699999999999999956e+00
2.625000000000000000e+00,8.195822701862452708e-02,1.255692393775974747e+00,2.899999999999999911e+00,1.500000000000000000e+00,1.500000000000000000e+00,1.699999999999999956e+00
2.650000000000000355e+00,8.404091139217537143e-02,1.206184754125795289e+00,2.899999999999999911e+00,1.500000000000000000e+00,1.500000000000000000e+00,1.699999999999999956e+00
2.675000000000000266e+00,8.633254499145513738e-02,1.158723234552101911e+00,2.899999999999999911e+00,1.500000000000000000e+00,1.500000000000000000e+00,1.699999999999999956e+00
2.700000000000000178e+00,8.884032228660011798e-02,1.113228829300373146e+00,2.899999999999999911e+00,1.500000000000000000e+00,1.500000000000000000e+00,1.699999999999999956e+00
2.725000000000000089e+00,9.157251035336189116e-02,1.069625339354123961e+00,2.899999999999999911e+00,1.500000000000000000e+00,1.500000000000000000e+00,1.699999999999999956e+00
2.750000000000000000e+00,9.453845694914723985e-02,1.027839322836407110e+00,2.899999999999999911e+00,1.500000000000000000e+00,1.500000000000000000e+00,1.699999999999999956e+00
2.775000000000000355e+00,9.774860719398752174e-02,9.878000394998327494e-01,2.899999999999999911e+00,1.500000000000000000e+00,1.500000000000000000e+00,1.699999999999999956e+00
2.800000000000000266e+00,1.012145282887788184e-01,9.494393907478626549e-01,2.899999999999999911e+00,1.500000000000000000e+00,1.500000000000000000e+00,1.699999999999999956e+00
2.825000000000000178e+00,1.049489418369653898e-01,9.126918563938284379e-01,2.899999999999999911e+00,1.500000000000000000e+00,1.500000000000000000e+00,1.699999999999999956e+00
2.850000000000000089e+00,1.089657634494548416e-01,8.774944291677813091e-01,2.899999999999999911e+00,1.500000000000000000e+00,1.500000000000000000e+00,1.699999999999999956e+00
2.875000000000000000e+00,1.132801494096561667e-01,8.437865478180347489e-01,2.899999999999999911e+00,1.500000000000000000e+00,1.500000000000000000e+00,1.699999999999999956e+00
2.900000000000000355e+00,1.179085502591055573e-01,8.115100295185189161e-01,2.899999999999999911e+00,1.500000000000000000e+00,1.500000000000000000e+00,1.699999999999999956e+00
2.925000000000000266e+00,1.228687712365937462e-01,7.806090021802788437e-01,2.899999999999999911e+00,1.500000000000000000e+00,1.500000000000000000e+00,1.699999999999999956e+00
2.950000000000000178e+00,1.281800395669674963e-01,7.510298371718963084e-01,2.899999999999999911e+00,1.500000000000000000e+00,1.500000000000000000e+00,1.699999999999999956e+00
2.975000000000000089e+00,1.338630786513976267e-01,7.227210828762656858e-01,2.899999999999999911e+00,1.500000000000000000e+00,1.500000000000000000e+00,1.699999999999999956e+00
3.000000000000000000e+00,1.399401892601206121e-01,6.956333994475277782e-01,2.899999999999999911e+00,1.500000000000000000e+00,1.500000000000000000e+00,1.699999999999999956e+00
3.025000000000000355e+00,1.464353378724413124e-01,6.697194950800459123e-01,2.899999999999999911e+00,1.500000000000000000e+00,1.500000000000000000e+00,1.699999999999999956e+00
3.050000000000000266e+00,1.533742523478755226e-01,6.449340640594617424e-01,2.899999999999999911e+00,1.500000000000000000e+00,1.500000000000000000e+00,1.699999999999999956e+00
3.075000000000000178e+00,1.607845251472666270e-01,6.212337268327644546e-01,2.899999999999999911e+00,1.500000000000000000e+00,1.500000000000000000e+00,1.699999999999999956e+00
3.100000000000000089e+00,1.686957243539082274e-01,5.985769723089071626e-01,2.899999999999999911e+00,1.500000000000000000e+00,1.500000000000000000e+00,1.699999999999999956e+00
3.125000000000000000e+00,1.771395127723708052e-01,5.769241025829743297e-01,2.899999999999999911e+00,1.500000000000000000e+00,1.500000000000000000e+00,1.699999999999999956e+00
3.150000000000000355e+00,1.861497754069357247e-01,5.562371802646298713e-01,2.899999999999999911e+00,1.500000000000000000e+00,1.500000000000000000e+00,1.699999999999999956e+00
3.175000000000000266e+00,1.957627556422167625e-01,5.364799785851048775e-01,2.899999999999999911e+00,1.500000000000000000e+00,1.500000000000000000e+00,1.699999999999999956e+00
3.200000000000000178e+00,2.060172004654763078e-01,5.176179344560390971e-01,2.899999999999999911e+00,1.500000000000000000e+00,1.500000000000000000e+00,1.699999999999999956e+00
3.225000000000000089e+00,2.169545150829474967e-01,4.996181046579332707e-01,2.899999999999999911e+00,1.500000000000000000e+00,1.500000000000000000e+00,1.699999999999999956e+00
3.250000000000000000e+00,2.286189272906090642e-01,4.824491253458232376e-01,2.899999999999999911e+00,1.500000000000000000e+00,1.500000000000000000e+00,1.699999999999999956e+00
3.275000000000000355e+00,2.410576619625961758e-01,4.660811750752077987e-01,2.899999999999999911e+00,1.500000000000000000e+00,1.500000000000000000e+00,1.699999999999999956e+00
3.300000000000000266e+00,2.543211260168190546e-01,4.504859415725768201e-01,2.899999999999999911e+00,1.500000000000000000e+00,1.500000000000000000e+00,1.699999999999999956e+00
3.325000000000000178e+00,2.684631042062077810e-01,4.356365925025729724e-01,2.899999999999999911e+00,1.500000000000000000e+00,1.500000000000000000e+00,1.699999999999999956e+00
3.350000000000000089e+00,2.835409660638182894e-01,4.215077505185532147e-01,2.899999999999999911e+00,1.500000000000000000e+00,1.500000000000000000e+00,1.699999999999999956e+00
3.375000000000000000e+00,2.996158842989919413e-01,4.080754729259678526e-01,2.899999999999999911e+00,1.500000000000000000e+00,1.500000000000000000e+00,1.699999999999999956e+00
3.400000000000000355e+00,3.167530648976147334e-01,3.953172363396683653e-01,2.899999999999999911e+00,1.500000000000000000e+00,1.500000000000000000e+00,1.699999999999999956e+00
3.425000000000000266e+00,3.350219891195376221e-01,3.832119267783866134e-01,2.899999999999999911e+00,1.500000000000000000e+00,1.500000000000000000e+00,1.699999999999999956e+00
3.450000000000000178e+00,3.544966675070681528e-01,3.717398357139411469e-01,2.899999999999999911e+00,1.500000000000000000e+00,1.500000000000000000e+00,1.699999999999999956e+00
3.475000000000000089e+00,3.752559059160724408e-01,3.608826626813567695e-01,2.899999999999999911e+00,1.500000000000000000e+00,1.500000000000000000e+00,1.699999999999999956e+00
3.500000000000000000e+00,3.973835834507165599e-01,3.506235251616702242e-01,2.899999999999999911e+00,1.500000000000000000e+00,1.500000000000000000e+00,1.699999999999999956e+00
3.525000000000000355e+00,4.209689420182359809e-01,3.409469765749567616e-01,2.899999999999999911e+00,1.500000000000000000e+00,1.500000000000000000e+00,1.699999999999999956e+00
3.550000000000000266e+00,4.461068870140677545e-01,3.318390333710114493e-01,2.899999999999999911e+00,1.500000000000000000e+00,1.500000000000000000e+00,1.699999999999999956e+00
3.575000000000000178e+00,4.728982983913289639e-01,3.232872123840022094e-01,2.899999999999999911e+00,1.500000000000000000e+00,1.500000000000000000e+00,1.699999999999999956e+00
3.600000000000000089e+00,5.014503510511476581e-01,3.152805798312347529e-01,2.899999999999999911e+00,1.500000000000000000e+00,1.500000000000000000e+00,1.699999999999999956e+00
3.625000000000000000e+00,5.318768430985065798e-01,3.078098135922566203e-01,2.899999999999999911e+00,1.500000000000000000e+00,1.500000000000000000e+00,1.699999999999999956e+00
3.650000000000000355e+00,5.642985300258411829e-01,3.008672807118928372e-01,2.899999999999999911e+00,1.500000000000000000e+00,1.500000000000000000e+00,1.699999999999999956e+00
3.675000000000000266e+00,5.988434622937673923e-01,2.944471324405846246e-01,2.899999999999999911e+00,1.500000000000000000e+00,1.500000000000000000e+00,1.699999999999999956e+00
3.700000000000000178e+00,6.356473230505708116e-01,2.885454195713544334e-01,2.899999999999999911e+00,1.500000000000000000e+00,1.500000000000000000e+00,1.699999999999999956e+00
3.725000000000000089e+00,6.748537618393983806e-01,2.831602313719107089e-01,2.899999999999999911e+00,1.500000000000000000e+00,1.500000000000000000e+00,1.699999999999999956e+00
3.750000000000000000e+00,7.166147190473304285e-01,2.782918620640288387e-01,2.899999999999999911e+00,1.500000000000000000e+00,1.500000000000000000e+00,1.699999999999999956e+00
3.775000000000000355e+00,7.610907345077804198e-01,2.739430095967890777e-01,2.899999999999999911e+00,1.500000000000000000e+00,1.500000000000000000e+00,1.699999999999999956e+00
3.800000000000000266e+00,8.084512320200710755e-01,2.701190124284489902e-01,2.899999999999999911e+00,1.500000000000000000e+00,1.500000000000000000e+00,1.699999999999999956e+00
3.825000000000000178e+00,8.588747695269077775e-01,2.668281312148583218e-01,2.899999999999999911e+00,1.500000000000000000e+00,1.500000000000000000e+00,1.699999999999999956e+00
3.850000000000000089e+00,9.125492422038414819e-01,2.640818837519939843e-01,2.899999999999999911e+00,1.500000000000000000e+00,1.500000000000000000e+00,1.699999999999999956e+00
3.875000000000000000e+00,9.696720226549583321e-01,2.618954433011959071e-01,2.899999999999999911e+00,1.500000000000000000e+00,1.500000000000000000e+00,1.699999999999999956e+00
3.900000000000000355e+00,1.030450018638818355e+00,2.602881126195196182e-01,2.899999999999999911e+00,1.500000000000000000e+00,1.500000000000000000e+00,1.699999999999999956e+00
3.925000000000000266e+00,1.095099624096373514e+00,2.592838887269492965e-01,2.899999999999999911e+00,1.500000000000000000e+00,1.500000000000000000e+00,1.699999999999999956e+00
3.950000000000000178e+00,1.163846533502893354e+00,2.589121367965212528e-01,2.899999999999999911e+00,1.500000000000000000e+00,1.500000000000000000e+00,1.699999999999999956e+00
3.975000000000000089e+00,1.236925382448385902e+00,2.592083957161362973e-01,2.899999999999999911e+00,1.500000000000000000e+00,1.500000000000000000e+00,1.699999999999999956e+00
4.000000000000000000e+00,1.314579168525705777e+00,2.602153430483885588e-01,2.899999999999999911e+00,1.500000000000000000e+00,1.500000000000000000e+00,1.699999999999999956e+00
4.025000000000000355e+00,1.397058395644987572e+00,2.619839535676638520e-01,2.899999999999999911e+00,1.500000000000000000e+00,1.500000000000000000e+00,1.699999999999999956e+00
4.049999999999999822e+00,1.484619871259650337e+00,2.645748936106370741e-01,2.899999999999999911e+00,1.500000000000000000e+00,1.500000000000000000e+00,1.699999999999999956e+00
4.075000000000000178e+00,1.577525069007571501e+00,2.680602035505884606e-01,2.899999999999999911e+00,1.500000000000000000e+00,1.500000000000000000e+00,1.699999999999999956e+00
4.100000000000000533e+00,1.676037948094208252e+00,2.725253333161006819e-01,2.899999999999999911e+00,1.500000000000000000e+00,1.500000000000000000e+00,1.699999999999999956e+00
4.125000000000000000e+00,1.780422094313983017e+00,2.780716116672216631e-01,2.899999999999999911e+00,1.500000000000000000e+00,1.500000000000000000e+00,1.699999999999999956e+00
4.150000000000000355e+00,1.890937014606228539e+00,2.848192497168829940e-01,2.899999999999999911e+00,1.500000000000000000e+00,1.500000000000000000e+00,1.699999999999999956e+00
4.174999999999999822e+00,2.007833375849104041e+00,2.929110039199915305e-01,2.899999999999999911e+00,1.500000000000000000e+00,1.500000000000000000e+00,1.699999999999999956e+00
4.200000000000000178e+00,2.131346927229762933e+00,3.025166546217928909e-01,2.899999999999999911e+00,1.500000000000000000e+00,1.500000000000000000e+00,1.699999999999999956e+00
4.225000000000000533e+00,2.261690781619021262e+00,3.138384946352661409e-01,2.899999999999999911e+00,1.500000000000000000e+00,1.500000000000000000e+00,1.699999999999999956e+00
4.250000000000000000e+00,2.399045652152633767e+00,3.271180697470337795e-01,2.899999999999999911e+00,1.500000000000000000e+00,1.500000000000000000e+00,1.699999999999999956e+00
4.275000000000000355e+00,2.543547542572430320e+00,3.426444711440542190e-01,2.899999999999999911e+00,1.500000000000000000e+00,1.500000000000000000e+00,1.699999999999999956e+00
4.299999999999999822e+00,2.695272270563138228e+00,3.607645499662252564e-01,2.899999999999999911e+00,1.500000000000000000e+00,1.500000000000000000e+00,1.699999999999999956e+00
4.325000000000000178e+00,2.854216059389234950e+00,3.818955073823915858e-01,2.899999999999999911e+00,1.500000000000000000e+00,1.500000000000000000e+00,1.699999999999999956e+00
4.350000000000000533e+00,3.020271262813225999e+00,4.065404092003682690e-01,2.899999999999999911e+00,1.500000000000000000e+00,1.500000000000000000e+00,1.699999999999999956e+00
4.375000000000000000e+00,3.193196092551677356e+00,4.353072786248601833e-01,2.899999999999999911e+00,1.500000000000000000e+00,1.500000000000000000e+00,1.699999999999999956e+00
4.400000000000000355e+00,3.372577002968016213e+00,4.689325255769614120e-01,2.899999999999999911e+00,1.500000000000000000e+00,1.500000000000000000e+00,1.699999999999999956e+00
4.424999999999999822e+00,3.557782171244276093e+00,5.083095576788619896e-01,2.899999999999999911e+00,1.500000000000000000e+00,1.500000000000000000e+00,1.699999999999999956e+00
4.450000000000000178e+00,3.747904328092626525e+00,5.545234520443698134e-01,2.899999999999999911e+00,1.500000000000000000e+00,1.500000000000000000e+00,1.699999999999999956e+00
4.475000000000000533e+00,3.941691110156368527e+00,6.088924870554575097e-01,2.899999999999999911e+00,1.500000000000000000e+00,1.500000000000000000e+00,1.699999999999999956e+00
4.500000000000000000e+00,4.137461236770174189e+00,6.730170352281317214e-01,2.899999999999999911e+00,1.500000000000000000e+00,1.500000000000000000e+00,1.699999999999999956e+00
4.525000000000000355e+00,4.333005355375672885e+00,7.488356322912754770e-01,2.899999999999999911e+00,1.500000000000000000e+00,1.500000000000000000e+00,1.699999999999999956e+00
4.549999999999999822e+00,4.525471663452375282e+00,8.386866981069297511e-01,2.899999999999999911e+00,1.500000000000000000e+00,1.500000000000000000e+00,1.699999999999999956e+00
4.575000000000000178e+00,4.711238875797771897e+00,9.453719966922857765e-01,2.899999999999999911e+00,1.500000000000000000e+00,1.500000000000000000e+00,1.699999999999999956e+00
4.600000000000000533e+00,4.885783445434087824e+00,1.072213935691885833e+00,2.899999999999999911e+00,1.500000000000000000e+00,1.500000000000000000e+00,1.699999999999999956e+00
4.625000000000000000e+00,5.043555054091791057e+00,1.223092534561248668e+00,2.899999999999999911e+00,1.500000000000000000e+00,1.500000000000000000e+00,1.699999999999999956e+00
4.650000000000000355e+00,5.177885250476883527e+00,1.402438646878957806e+00,2.899999999999999911e+00,1.500000000000000000e+00,1.500000000000000000e+00,1.699999999999999956e+00
4.674999999999999822e+00,5.280969441722458413e+00,1.615147493800601408e+00,2.899999999999999911e+00,1.500000000000000000e+00,1.500000000000000000e+00,1.699999999999999956e+00
4.700000000000000178e+00,5.343981805298501975e+00,1.866361646262910456e+00,2.899999999999999911e+00,1.500000000000000000e+00,1.500000000000000000e+00,1.699999999999999956e+00
4.725000000000000533e+00,5.357402885692545524e+00,2.161058876786834837e+00,2.899999999999999911e+00,1.500000000000000000e+00,1.500000000000000000e+00,1.699999999999999956e+00
4.750000000000000000e+00,5.311652230055907253e+00,2.503376239372742340e+00,2.899999999999999911e+00,1.500000000000000000e+00,1.500000000000000000e+00,1.699999999999999956e+00
4.775000000000000355e+00,5.198107117314965997e+00,2.895622648619395889e+00,2.899999999999999911e+00,1.500000000000000000e+00,1.500000000000000000e+00,1.699999999999999956e+00
4.800000000000000711e+00,5.010529007113542654e+00,3.336999562259830299e+00,2.899999999999999911e+00,1.500000000000000000e+00,1.500000000000000000e+00,1.699999999999999956e+00
4.825000000000000178e+00,4.746787368750721825e+00,3.822182072242340301e+00,2.899999999999999911e+00,1.500000000000000000e+00,1.500000000000000000e+00,1.699999999999999956e+00
4.850000000000000533e+00,4.410563743675696813e+00,4.340105043481493396e+00,2.899999999999999911e+00,1.500000000000000000e+00,1.500000000000000000e+00,1.699999999999999956e+00
4.875000000000000000e+00,4.012492992022552940e+00,4.873487202203161672e+00,2.899999999999999911e+00,1.500000000000000000e+00,1.500000000000000000e+00,1.699999999999999956e+00
4.900000000000000355e+00,3.570092487235996259e+00,5.399670242817719235e+00,2.899999999999999911e+00,1.500000000000000000e+00,1.500000000000000000e+00,1.699999999999999956e+00
4.925000000000000711e+00,3.106024611281781755e+00,5.893083838776790095e+00,2.899999999999999911e+00,1.500000000000000000e+00,1.500000000000000000e+00,1.699999999999999956e+00
4.950000000000000178e+00,2.644809016615174535e+00,6.329030154613312753e+00,2.899999999999999911e+00,1.500000000000000000e+00,1.500000000000000000e+00,1.699999999999999956e+00
4.975000000000000533e+00,2.208842319594126469e+00,6.687761723767895461e+00,2.899999999999999911e+00,1.500000000000000000e+00,1.500000000000000000e+00,1.699999999999999956e+00
5.000000000000000000e+00,1.815025470808939723e+00,6.957489767463520991e+00,2.899999999999999911e+00,1.500000000000000000e+00,1.500000000000000000e+00,1.699999999999999956e+00
5.025000000000000355e+00,1.473064024661130622e+00,7.135347245127778848e+00,2.899999999999999911e+00,1.500000000000000000e+00,1.500000000000000000e+00,1.699999999999999956e+00
5.050000000000000711e+00,1.185705291564213670e+00,7.226250862094697247e+00,2.899999999999999911e+00,1.500000000000000000e+00,1.500000000000000000e+00,1.699999999999999956e+00
5.075000000000000178e+00,9.503612795017637449e-01,7.240442846156527779e+00,2.899999999999999911e+00,1.500000000000000000e+00,1.500000000000000000e+00,1.699999999999999956e+00
5.100000000000000533e+00,7.612236024869150075e-01,7.190762894973602215e+00,2.899999999999999911e+00,1.500000000000000000e+00,1.500000000000000000e+00,1.699999999999999956e+00
5.125000000000000000e+00,6.111456223344271521e-01,7.090422163270012845e+00,2.899999999999999911e+00,1.500000000000000000e+00,1.500000000000000000e+00,1.699999999999999956e+00
5.150000000000000355e+00,4.929556624942180720e-01,6.951577238790492608e+00,2.899999999999999911e+00,1.500000000000000000e+00,1.500000000000000000e+00,1.699999999999999956e+00
5.175000000000000711e+00,4.001892219077603507e-01,6.784640932259184964e+00,2.899999999999999911e+00,1.500000000000000000e+00,1.500000000000000000e+00,1.699999999999999956e+00
5.200000000000000178e+00,3.273851839109100381e-01,6.598111449223332592e+00,2.899999999999999911e+00,1.500000000000000000e+00,1.500000000000000000e+00,1.699999999999999956e+00
5.225000000000000533e+00,2.701159623593761827e-01,6.398696360016415952e+00,2.899999999999999911e+00,1.500000000000000000e+00,1.500000000000000000e+00,1.699999999999999956e+00
5.250000000000000000e+00,2.248847436880082595e-01,6.191566390658141295e+00,2.899999999999999911e+00,1.500000000000000000e+00,1.500000000000000000e+00,1.699999999999999956e+00
5.275000000000000355e+00,1.889743068257472569e-01,5.980639399834811520e+00,2.899999999999999911e+00,1.500000000000000000e+00,1.500000000000000000e+00,1.699999999999999956e+00
5.300000000000000711e+00,1.602929246346688208e-01,5.768844244777777241e+00,2.899999999999999911e+00,1.500000000000000000e+00,1.500000000000000000e+00,1.699999999999999956e+00
5.325000000000000178e+00,1.372377273297832878e-01,5.558344798715620705e+00,2.899999999999999911e+00,1.500000000000000000e+00,1.500000000000000000e+00,1.699999999999999956e+00
5.350000000000000533e+00,1.185819147652780597e-01,5.350720692566121706e+00,2.899999999999999911e+00,1.500000000000000000e+00,1.500000000000000000e+00,1.699999999999999956e+00
5.375000000000000000e+00,1.033854021445600180e-01,5.147108764573262718e+00,2.899999999999999911e+00,1.500000000000000000e+00,1.500000000000000000e+00,1.699999999999999956e+00
5.400000000000000355e+00,9.092574719352075618e-02,4.948311738685418959e+00,2.899999999999999911e+00,1.500000000000000000e+00,1.500000000000000000e+00,1.699999999999999956e+00
5.425000000000000711e+00,8.064552853305945179e-02,4.754880825123279919e+00,2.899999999999999911e+00,1.500000000000000000e+00,1.500000000000000000e+00,1.699999999999999956e+00
5.450000000000000178e+00,7.211258395468964078e-02,4.567178135452556909e+00,2.899999999999999911e+00,1.500000000000000000e+00,1.500000000000000000e+00,1.699999999999999956e+00
5.475000000000000533e+00,6.499008316407293984e-02,4.385423727823154927e+00,2.899999999999999911e+00,1.500000000000000000e+00,1.500000000000000000e+00,1.699999999999999956e+00
5.500000000000000000e+00,5.901402471418351614e-02,4.209731058869955689e+00,2.899999999999999911e+00,1.500000000000000000e+00,1.500000000000000000e+00,1.699999999999999956e+00
5.525000000000000355e+00,5.397629752790366470e-02,4.040133732846040715e+00,2.899999999999999911e+00,1.500000000000000000e+00,1.500000000000000000e+00,1.699999999999999956e+00
5.550000000000000711e+00,4.971189933305350528e-02,3.876605728965706987e+00,2.899999999999999911e+00,1.500000000000000000e+00,1.500000000000000000e+00,1.699999999999999956e+00
5.575000000000000178e+00,4.608925826898931793e-02,3.719076739250374963e+00,2.899999999999999911e+00,1.500000000000000000e+00,1.500000000000000000e+00,1.699999999999999956e+00
5.600000000000000533e+00,4.300287368008474942e-02,3.567443833645640439e+00,2.899999999999999911e+00,1.500000000000000000e+00,1.500000000000000000e+00,1.699999999999999956e+00
5.625000000000000000e+00,4.036769440167611855e-02,3.421580358335915673e+00,2.899999999999999911e+00,1.500000000000000000e+00,1.500000000000000000e+00,1.699999999999999956e+00
5.650000000000000355e+00,3.811480311044457281e-02,3.281342742241992294e+00,2.899999999999999911e+00,1.500000000000000000e+00,1.500000000000000000e+00,1.699999999999999956e+00
5.675000000000000711e+00,3.618808636501030795e-02,3.146575715667649042e+00,2.899999999999999911e+00,1.500000000000000000e+00,1.500000000000000000e+00,1.699999999999999956e+00
5.700000000000000178e+00,3.454165186075011662e-02,3.017116318517497398e+00,2.899999999999999911e+00,1.500000000000000000e+00,1.500000000000000000e+00,1.699999999999999956e+00
5.725000000000000533e+00,3.313781481449377259e-02,2.892796981786664556e+00,2.899999999999999911e+00,1.500000000000000000e+00,1.500000000000000000e+00,1.699999999999999956e+00
5.750000000000000000e+00,3.194551998810558208e-02,2.773447896461170181e+00,2.899999999999999911e+00,1.500000000000000000e+00,1.500000000000000000e+00,1.699999999999999956e+00
5.775000000000000355e+00,3.093909886677937218e-02,2.658898832182034155e+00,2.899999999999999911e+00,1.500000000000000000e+00,1.500000000000000000e+00,1.699999999999999956e+00
5.800000000000000711e+00,3.009728601540921991e-02,2.548980529333509271e+00,2.899999999999999911e+00,1.500000000000000000e+00,1.500000000000000000e+00,1.699999999999999956e+00
5.825000000000000178e+00,2.940243690006164382e-02,2.443525759188299951e+00,2.899999999999999911e+00,1.500000000000000000e+00,1.500000000000000000e+00,1.699999999999999956e+00
5.850000000000000533e+00,2.883990312725826649e-02,2.342370124870854831e+00,2.899999999999999911e+00,1.500000000000000000e+00,1.500000000000000000e+00,1.699999999999999956e+00
5.875000000000000000e+00,2.839753132312976616e-02,2.245352659344698409e+00,2.899999999999999911e+00,1.500000000000000000e+00,1.500000000000000000e+00,1.699999999999999956e+00
5.900000000000000355e+00,2.806525962623615533e-02,2.152316264040369020e+00,2.899999999999999911e+00,1.500000000000000000e+00,1.500000000000000000e+00,1.699999999999999956e+00
5.925000000000000711e+00,2.783479164608589074e-02,2.063108022121705520e+00,2.899999999999999911e+00,1.500000000000000000e+00,1.500000000000000000e+00,1.699999999999999956e+00
5.950000000000000178e+00,2.769933221770989190e-02,1.977579413004250330e+00,2.899999999999999911e+00,1.500000000000000000e+00,1.500000000000000000e+00,1.699999999999999956e+00
5.975000000000000533e+00,2.765337271045479120e-02,1.895586449044608823e+00,2.899999999999999911e+00,1.500000000000000000e+00,1.500000000000000000e+00,1.699999999999999956e+00
6.000000000000000000e+00,2.769251628520083552e-02,1.816989750906974788e+00,2.899999999999999911e+00,1.500000000000000000e+00,1.500000000000000000e+00,1.699999999999999956e+00
0.000000000000000000e+00,5.000000000000000000e-01,5.000000000000000000e-01,3.200000000000000178e+00,1.899999999999999911e+00,1.899999999999999911e+00,2.100000000000000089e+00
2.500000000000000139e-02,5.281249999999999556e-01,4.856249999999999734e-01,3.200000000000000178e+00,1.899999999999999911e+00,1.899999999999999911e+00,2.100000000000000089e+00
5.000000000000000278e-02,5.581926416015624559e-01,4.723120458984374492e-01,3.200000000000000178e+00,1.899999999999999911e+00,1.899999999999999911e+00,2.100000000000000089e+00
7.500000000000001110e-02,5.903251002730738328e-01,4.600386161453831058e-01,3.200000000000000178e+00,1.899999999999999911e+00,1.899999999999999911e+00,2.100000000000000089e+00
1.000000000000000056e-01,6.246514220401579998e-01,4.487862750525121736e-01,3.200000000000000178e+00,1.899999999999999911e+00,1.899999999999999911e+00,2.100000000000000089e+00
1.250000000000000000e-01,6.613076240204469602e-01,4.385409073951789805e-01,3.200000000000000178e+00,1.899999999999999911e+00,1.899999999999999911e+00,2.100000000000000089e+00
1.500000000000000222e-01,7.004367377805821304e-01,4.292930059184327241e-01,3.200000000000000178e+00,1.899999999999999911e+00,1.899999999999999911e+00,2.100000000000000089e+00
1.750000000000000167e-01,7.421887786536961462e-01,4.210380212570475345e-01,3.200000000000000178e+00,1.899999999999999911e+00,1.899999999999999911e+00,2.100000000000000089e+00
2.000000000000000111e-01,7.867206204447237949e-01,4.137767856423205659e-01,3.200000000000000178e+00,1.899999999999999911e+00,1.899999999999999911e+00,2.100000000000000089e+00
2.250000000000000056e-01,8.341957504278095792e-01,4.075160240485908303e-01,3.200000000000000178e+00,1.899999999999999911e+00,1.899999999999999911e+00,2.100000000000000089e+00
2.500000000000000000e-01,8.847838740261372292e-01,4.022689692219369451e-01,3.200000000000000178e+00,1.899999999999999911e+00,1.899999999999999911e+00,2.100000000000000089e+00
2.750000000000000222e-01,9.386603318412656272e-01,3.980561004447478735e-01,3.200000000000000178e+00,1.899999999999999911e+00,1.899999999999999911e+00,2.100000000000000089e+00
3.000000000000000444e-01,9.960052835001588223e-01,3.949060300598066786e-01,3.200000000000000178e+00,1.899999999999999911e+00,1.899999999999999911e+00,2.100000000000000089e+00
3.250000000000000111e-01,1.057002602789953727e+00,3.928565668718847492e-01,3.200000000000000178e+00,1.899999999999999911e+00,1.899999999999999911e+00,2.100000000000000089e+00
3.500000000000000333e-01,1.121838416362081370e+00,3.919559917621794343e-01,3.200000000000000178e+00,1.899999999999999911e+00,1.899999999999999911e+00,2.100000000000000089e+00
3.750000000000000000e-01,1.190699203439647524e+00,3.922645884260653748e-01,3.200000000000000178e+00,1.899999999999999911e+00,1.899999999999999911e+00,2.100000000000000089e+00
4.000000000000000222e-01,1.263769355898435753e+00,3.938564813500805561e-01,3.200000000000000178e+00,1.899999999999999911e+00,1.899999999999999911e+00,2.100000000000000089e+00
4.250000000000000444e-01,1.341228076162080285e+00,3.968218442874315577e-01,3.200000000000000178e+00,1.899999999999999911e+00,1.899999999999999911e+00,2.100000000000000089e+00
4.500000000000000111e-01,1.423245463812392586e+00,4.012695559049956340e-01,3.200000000000000178e+00,1.899999999999999911e+00,1.899999999999999911e+00,2.100000000000000089e+00
4.750000000000000333e-01,1.509977609845013502e+00,4.073303952923537641e-01,3.200000000000000178e+00,1.899999999999999911e+00,1.899999999999999911e+00,2.100000000000000089e+00
5.000000000000000000e-01,1.601560479239327872e+00,4.151608889327919050e-01,3.200000000000000178e+00,1.899999999999999911e+00,1.899999999999999911e+00,2.100000000000000089e+00
5.250000000000000222e-01,1.698102317147044182e+00,4.249479426952501582e-01,3.200000000000000178e+00,1.899999999999999911e+00,1.899999999999999911e+00,2.100000000000000089e+00
5.500000000000000444e-01,1.799674260926318325e+00,4.369144172962390327e-01,3.200000000000000178e+00,1.899999999999999911e+00,1.899999999999999911e+00,2.100000000000000089e+00
5.750000000000000666e-01,1.906298779326229820e+00,4.513258328623804272e-01,3.200000000000000178e+00,1.899999999999999911e+00,1.899999999999999911e+00,2.100000000000000089e+00
6.000000000000000888e-01,2.017935492169790734e+00,4.684984161396430480e-01,3.200000000000000178e+00,1.899999999999999911e+00,1.899999999999999911e+00,2.100000000000000089e+00
6.250000000000000000e-01,2.134463851400581813e+00,4.888087294351038947e-01,3.200000000000000178e+00,1.899999999999999911e+00,1.899999999999999911e+00,2.100000000000000089e+00
6.500000000000000222e-01,2.255662092759285198e+00,5.127051378931041237e-01,3.200000000000000178e+00,1.899999999999999911e+00,1.899999999999999911e+00,2.100000000000000089e+00
6.750000000000000444e-01,2.381181806825379166e+00,5.407213715083649674e-01,3.200000000000000178e+00,1.899999999999999911e+00,1.899999999999999911e+00,2.100000000000000089e+00
7.000000000000000666e-01,2.510517446482533721e+00,5.734924043930516024e-01,3.200000000000000178e+00,1.899999999999999911e+00,1.899999999999999911e+00,2.100000000000000089e+00
7.250000000000000888e-01,2.642970114585072583e+00,6.117727807784800742e-01,3.200000000000000178e+00,1.899999999999999911e+00,1.899999999999999911e+00,2.100000000000000089e+00
7.500000000000000000e-01,2.777605107867457512e+00,6.564573256720309669e-01,3.200000000000000178e+00,1.899999999999999911e+00,1.899999999999999911e+00,2.100000000000000089e+00
7.750000000000000222e-01,2.913203003504881039e+00,7.086038290662224348e-01,3.200000000000000178e+00,1.899999999999999911e+00,1.899999999999999911e+00,2.100000000000000089e+00
8.000000000000000444e-01,3.048204670636559754e+00,7.694567011889577035e-01,3.200000000000000178e+00,1.899999999999999911e+00,1.899999999999999911e+00,2.100000000000000089e+00
8.250000000000000666e-01,3.180651622542687296e+00,8.404696461213344572e-01,3.200000000000000178e+00,1.899999999999999911e+00,1.899999999999999911e+00,2.100000000000000089e+00
8.500000000000000888e-01,3.308124798023501345e+00,9.233239440225651240e-01,3.200000000000000178e+00,1.899999999999999911e+00,1.899999999999999911e+00,2.100000000000000089e+00
8.750000000000000000e-01,3.427687417163460815e+00,1.019936801663301251e+00,3.200000000000000178e+00,1.899999999999999911e+00,1.899999999999999911e+00,2.100000000000000089e+00
9.000000000000000222e-01,3.535841244821783746e+00,1.132451285290732024e+00,3.200000000000000178e+00,1.899999999999999911e+00,1.899999999999999911e+00,2.100000000000000089e+00
9.250000000000000444e-01,3.628510566199111942e+00,1.263195571021383135e+00,3.200000000000000178e+00,1.899999999999999911e+00,1.899999999999999911e+00,2.100000000000000089e+00
9.500000000000000666e-01,3.701074283855258162e+00,1.414594931182543425e+00,3.200000000000000178e+00,1.899999999999999911e+00,1.899999999999999911e+00,2.100000000000000089e+00
9.750000000000000888e-01,3.748472982774772699e+00,1.589015941084366057e+00,3.200000000000000178e+00,1.899999999999999911e+00,1.899999999999999911e+00,2.100000000000000089e+00
1.000000000000000000e+00,3.765422613489978865e+00,1.788520812084212652e+00,3.200000000000000178e+00,1.899999999999999911e+00,1.899999999999999911e+00,2.100000000000000089e+00
1.025000000000000133e+00,3.746765928819507874e+00,2.014513963199460633e+00,3.200000000000000178e+00,1.899999999999999911e+00,1.899999999999999911e+00,2.100000000000000089e+00
1.050000000000000044e+00,3.687981369803841059e+00,2.267277813452716284e+00,3.200000000000000178e+00,1.899999999999999911e+00,1.899999999999999911e+00,2.100000000000000089e+00
1.074999999999999956e+00,3.585840158419446144e+00,2.545425449215151126e+00,3.200000000000000178e+00,1.899999999999999911e+00,1.899999999999999911e+00,2.100000000000000089e+00
1.100000000000000089e+00,3.439151653280220877e+00,2.845346330944136692e+00,3.200000000000000178e+00,1.899999999999999911e+00,1.899999999999999911e+00,2.100000000000000089e+00
1.125000000000000000e+00,3.249468852477125136e+00,3.160780581635083131e+00,3.200000000000000178e+00,1.899999999999999911e+00,1.899999999999999911e+00,2.100000000000000089e+00
1.150000000000000133e+00,3.021560603322253069e+00,3.482705358452283573e+00,3.200000000000000178e+00,1.899999999999999911e+00,1.899999999999999911e+00,2.100000000000000089e+00
1.175000000000000044e+00,2.763433199644294014e+00,3.799715579077278083e+00,3.200000000000000178e+00,1.899999999999999911e+00,1.899999999999999911e+00,2.100000000000000089e+00
1.200000000000000178e+00,2.485745497045517283e+00,4.098992869746041379e+00,3.200000000000000178e+00,1.899999999999999911e+00,1.899999999999999911e+00,2.100000000000000089e+00
1.225000000000000089e+00,2.200625116060495490e+00,4.367775764833036867e+00,3.200000000000000178e+00,1.899999999999999911e+00,1.899999999999999911e+00,2.100000000000000089e+00
1.250000000000000000e+00,1.920112865498268873e+00,4.595029797026368712e+00,3.200000000000000178e+00,1.899999999999999911e+00,1.899999999999999911e+00,2.100000000000000089e+00
1.275000000000000133e+00,1.654630542783764424e+00,4.772882084636850486e+00,3.200000000000000178e+00,1.899999999999999911e+00,1.899999999999999911e+00,2.100000000000000089e+00
1.300000000000000044e+00,1.411876553675050605e+00,4.897430207724831064e+00,3.200000000000000178e+00,1.899999999999999911e+00,1.899999999999999911e+00,2.100000000000000089e+00
1.325000000000000178e+00,1.196384751000590274e+00,4.968757048787741937e+00,3.200000000000000178e+00,1.899999999999999911e+00,1.899999999999999911e+00,2.100000000000000089e+00
1.350000000000000089e+00,1.009729635762310895e+00,4.990263199044711939e+00,3.200000000000000178e+00,1.899999999999999911e+00,1.899999999999999911e+00,2.100000000000000089e+00
1.375000000000000000e+00,8.511642161126453665e-01,4.967618171605514554e+00,3.200000000000000178e+00,1.899999999999999911e+00,1.899999999999999911e+00,2.100000000000000089e+00
1.400000000000000133e+00,7.184150591200337832e-01,4.907660511877848464e+00,3.200000000000000178e+00,1.899999999999999911e+00,1.899999999999999911e+00,2.100000000000000089e+00
1.425000000000000044e+00,6.084157460525019268e-01,4.817480852801395486e+00,3.200000000000000178e+00,1.899999999999999911e+00,1.899999999999999911e+00,2.100000000000000089e+00
1.450000000000000178e+00,5.178650233970388816e-01,4.703787090368985346e+00,3.200000000000000178e+00,1.899999999999999911e+00,1.899999999999999911e+00,2.100000000000000089e+00
1.475000000000000089e+00,4.435877017173923686e-01,4.572544791676023124e+00,3.200000000000000178e+00,1.899999999999999911e+00,1.899999999999999911e+00,2.100000000000000089e+00
1.500000000000000000e+00,3.827292976856622730e-01,4.428831610282153441e+00,3.200000000000000178e+00,1.899999999999999911e+00,1.899999999999999911e+00,2.100000000000000089e+00
1.525000000000000133e+00,3.328330699413761806e-01,4.276832522301479145e+00,3.200000000000000178e+00,1.899999999999999911e+00,1.899999999999999911e+00,2.100000000000000089e+00
1.550000000000000044e+00,2.918448288806070323e-01,4.119913701536730422e+00,3.200000000000000178e+00,1.899999999999999911e+00,1.899999999999999911e+00,2.100000000000000089e+00
1.575000000000000178e+00,2.580795785027324429e-01,3.960731068894375095e+00,3.200000000000000178e+00,1.899999999999999911e+00,1.899999999999999911e+00,2.100000000000000089e+00
1.600000000000000089e+00,2.301722140538615125e-01,3.801346418506510005e+00,3.200000000000000178e+00,1.899999999999999911e+00,1.899999999999999911e+00,2.100000000000000089e+00
1.625000000000000000e+00,2.070251859053358068e-01,3.643336536807752601e+00,3.200000000000000178e+00,1.899999999999999911e+00,1.899999999999999911e+00,2.100000000000000089e+00
1.650000000000000133e+00,1.877597356449671184e-01,3.487888833758141072e+00,3.200000000000000178e+00,1.899999999999999911e+00,1.899999999999999911e+00,2.100000000000000089e+00
1.675000000000000044e+00,1.716734729407550786e-01,3.335881711541647920e+00,3.200000000000000178e+00,1.899999999999999911e+00,1.899999999999999911e+00,2.100000000000000089e+00
1.700000000000000178e+00,1.582049368358700026e-01,3.187950335625856724e+00,3.200000000000000178e+00,1.899999999999999911e+00,1.899999999999999911e+00,2.100000000000000089e+00
1.725000000000000089e+00,1.469047314122695902e-01,3.044539543375969437e+00,3.200000000000000178e+00,1.899999999999999911e+00,1.899999999999999911e+00,2.100000000000000089e+00
1.750000000000000000e+00,1.374123898903013286e-01,2.905945937383680899e+00,3.200000000000000178e+00,1.899999999999999911e+00,1.899999999999999911e+00,2.100000000000000089e+00
1.775000000000000133e+00,1.294380147145000048e-01,2.772351142038063099e+00,3.200000000000000178e+00,1.899999999999999911e+00,1.899999999999999911e+00,2.100000000000000089e+00
1.800000000000000044e+00,1.227477935656080266e-01,2.643847969407116860e+00,3.200000000000000178e+00,1.899999999999999911e+00,1.899999999999999911e+00,2.100000000000000089e+00
1.825000000000000178e+00,1.171526080743939269e-01,2.520460959989705874e+00,3.200000000000000178e+00,1.899999999999999911e+00,1.899999999999999911e+00,2.100000000000000089e+00
1.850000000000000089e+00,1.124990844072524254e-01,2.402162491903339525e+00,3.200000000000000178e+00,1.899999999999999911e+00,1.899999999999999911e+00,2.100000000000000089e+00
1.875000000000000000e+00,1.086625598153455607e-01,2.288885412422901222e+00,3.200000000000000178e+00,1.899999999999999911e+00,1.899999999999999911e+00,2.100000000000000089e+00
1.900000000000000133e+00,1.055415475687741245e-01,2.180532945302497971e+00,3.200000000000000178e+00,1.899999999999999911e+00,1.899999999999999911e+00,2.100000000000000089e+00
1.925000000000000044e+00,1.030533723496097204e-01,2.076986464698783230e+00,3.200000000000000178e+00,1.899999999999999911e+00,1.899999999999999911e+00,2.100000000000000089e+00
1.950000000000000178e+00,1.011307203107725955e-01,1.978111597128902943e+00,3.200000000000000178e+00,1.899999999999999911e+00,1.899999999999999911e+00,2.100000000000000089e+00
1.975000000000000089e+00,9.971890502867930550e-02,1.883763011186590619e+00,3.200000000000000178e+00,1.899999999999999911e+00,1.899999999999999911e+00,2.100000000000000089e+00
2.000000000000000000e+00,9.877369515254355581e-02,1.793788175377724725e+00,3.200000000000000178e+00,1.899999999999999911e+00,1.899999999999999911e+00,2.100000000000000089e+00
2.024999999999999911e+00,9.825958416060469325e-02,1.708030302774536491e+00,3.200000000000000178e+00,1.899999999999999911e+00,1.899999999999999911e+00,2.100000000000000089e+00
2.050000000000000266e+00,9.814840939744702564e-02,1.626330653374879365e+00,3.200000000000000178e+00,1.899999999999999911e+00,1.899999999999999911e+00,2.100000000000000089e+00
2.075000000000000178e+00,9.841824822704767217e-02,1.548530327994893430e+00,3.200000000000000178e+00,1.899999999999999911e+00,1.899999999999999911e+00,2.100000000000000089e+00
2.100000000000000089e+00,9.905253508034511656e-02,1.474471658780027949e+00,3.200000000000000178e+00,1.899999999999999911e+00,1.899999999999999911e+00,2.100000000000000089e+00
2.125000000000000000e+00,1.000393554907242633e-01,1.403999279090125007e+00,3.200000000000000178e+00,1.899999999999999911e+00,1.899999999999999911e+00,2.100000000000000089e+00
2.149999999999999911e+00,1.013708827379753707e-01,1.336960938129900356e+00,3.200000000000000178e+00,1.899999999999999911e+00,1.899999999999999911e+00,2.100000000000000089e+00
2.175000000000000266e+00,1.030429301090034638e-01,1.273208112126090530e+00,3.200000000000000178e+00,1.899999999999999911e+00,1.899999999999999911e+00,2.100000000000000089e+00
2.200000000000000178e+00,1.050545975284025574e-01,1.212596453228792059e+00,3.200000000000000178e+00,1.899999999999999911e+00,1.899999999999999911e+00,2.100000000000000089e+00
2.225000000000000089e+00,1.074079957936546065e-01,1.154986108971300718e+00,3.200000000000000178e+00,1.899999999999999911e+00,1.899999999999999911e+00,2.100000000000000089e+00
2.250000000000000000e+00,1.101080351582763295e-01,1.100241938549178178e+00,3.200000000000000178e+00,1.899999999999999911e+00,1.899999999999999911e+00,2.100000000000000089e+00
2.274999999999999911e+00,1.131622677634502444e-01,1.048233646982834610e+00,3.200000000000000178e+00,1.899999999999999911e+00,1.899999999999999911e+00,2.100000000000000089e+00
2.300000000000000266e+00,1.165807755941961066e-01,9.988358541065659457e-01,3.200000000000000178e+00,1.899999999999999911e+00,1.899999999999999911e+00,2.100000000000000089e+00
2.325000000000000178e+00,1.203760973599876383e-01,9.519281120477154357e-01,3.200000000000000178e+00,1.899999999999999911e+00,1.899999999999999911e+00,2.100000000000000089e+00
2.350000000000000089e+00,1.245631890717473073e-01,9.073948822422497340e-01,3.200000000000000178e+00,1.899999999999999911e+00,1.899999999999999911e+00,2.100000000000000089e+00
2.375000000000000000e+00,1.291594141842119237e-01,8.651254809378068344e-01,3.200000000000000178e+00,1.899999999999999911e+00,1.899999999999999911e+00,2.100000000000000089e+00
2.400000000000000355e+00,1.341845600540451933e-01,8.250140004534756155e-01,3.200000000000000178e+00,1.899999999999999911e+00,1.899999999999999911e+00,2.100000000000000089e+00
2.425000000000000266e+00,1.396608781756281392e-01,7.869592121124088235e-01,3.200000000000000178e+00,1.899999999999999911e+00,1.899999999999999911e+00,2.100000000000000089e+00
2.450000000000000178e+00,1.456131462337074689e-01,7.508644556724782815e-01,3.200000000000000178e+00,1.899999999999999911e+00,1.899999999999999911e+00,2.100000000000000089e+00
2.475000000000000089e+00,1.520687504825914138e-01,7.166375191994858174e-01,3.200000000000000178e+00,1.899999999999999911e+00,1.899999999999999911e+00,2.100000000000000089e+00
2.500000000000000000e+00,1.590577873467522441e-01,6.841905126159593120e-01,3.200000000000000178e+00,1.899999999999999911e+00,1.899999999999999911e+00,2.100000000000000089e+00
2.525000000000000355e+00,1.666131834541265400e-01,6.534397375839873234e-01,3.200000000000000178e+00,1.899999999999999911e+00,1.899999999999999911e+00,2.100000000000000089e+00
2.550000000000000266e+00,1.747708335739275587e-01,6.243055559173571467e-01,3.200000000000000178e+00,1.899999999999999911e+00,1.899999999999999911e+00,2.100000000000000089e+00
2.575000000000000178e+00,1.835697561452475091e-01,5.967122583462901586e-01,3.200000000000000178e+00,1.899999999999999911e+00,1.899999999999999911e+00,2.100000000000000089e+00
2.600000000000000089e+00,1.930522662585756610e-01,5.705879351614016048e-01,3.200000000000000178e+00,1.899999999999999911e+00,1.899999999999999911e+00,2.100000000000000089e+00
2.625000000000000000e+00,2.032641660950829932e-01,5.458643500296067597e-01,3.200000000000000178e+00,1.899999999999999911e+00,1.899999999999999911e+00,2.100000000000000089e+00
2.650000000000000355e+00,2.142549529419740251e-01,5.224768180937680029e-01,3.200000000000000178e+00,1.899999999999999911e+00,1.899999999999999911e+00,2.100000000000000089e+00
2.675000000000000266e+00,2.260780449888191990e-01,5.003640893323578753e-01,3.200000000000000178e+00,1.899999999999999911e+00,1.899999999999999911e+00,2.100000000000000089e+00
2.700000000000000178e+00,2.387910251707283937e-01,4.794682380596054228e-01,3.200000000000000178e+00,1.899999999999999911e+00,1.899999999999999911e+00,2.100000000000000089e+00
2.725000000000000089e+00,2.524559033594915292e-01,4.597345593863713109e-01,3.200000000000000178e+00,1.899999999999999911e+00,1.899999999999999911e+00,2.100000000000000089e+00
2.750000000000000000e+00,2.671393972122163007e-01,4.411114734346213706e-01,3.200000000000000178e+00,1.899999999999999911e+00,1.899999999999999911e+00,2.100000000000000089e+00
2.775000000000000355e+00,2.829132319661495365e-01,4.235504381023478260e-01,3.200000000000000178e+00,1.899999999999999911e+00,1.899999999999999911e+00,2.100000000000000089e+00
2.800000000000000266e+00,2.998544594145913234e-01,4.070058712108247101e-01,3.200000000000000178e+00,1.899999999999999911e+00,1.899999999999999911e+00,2.100000000000000089e+00
2.825000000000000178e+00,3.180457962069604960e-01,3.914350829330545123e-01,3.200000000000000178e+00,1.899999999999999911e+00,1.899999999999999911e+00,2.100000000000000089e+00
2.850000000000000089e+00,3.375759814793152236e-01,3.767982195032712478e-01,3.200000000000000178e+00,1.899999999999999911e+00,1.899999999999999911e+00,2.100000000000000089e+00
2.875000000000000000e+00,3.585401536311578763e-01,3.630582193458520845e-01,3.200000000000000178e+00,1.899999999999999911e+00,1.899999999999999911e+00,2.100000000000000089e+00
2.900000000000000355e+00,3.810402458089379718e-01,3.501807829429073871e-01,3.200000000000000178e+00,1.899999999999999911e+00,1.899999999999999911e+00,2.100000000000000089e+00
2.925000000000000266e+00,4.051853993221717354e-01,3.381343579898860030e-01,3.200000000000000178e+00,1.899999999999999911e+00,1.899999999999999911e+00,2.100000000000000089e+00
2.950000000000000178e+00,4.310923937867782718e-01,3.268901416765842005e-01,3.200000000000000178e+00,1.899999999999999911e+00,1.899999999999999911e+00,2.100000000000000089e+00
2.975000000000000089e+00,4.588860922398892983e-01,3.164221022883947909e-01,3.200000000000000178e+00,1.899999999999999911e+00,1.899999999999999911e+00,2.100000000000000089e+00
3.000000000000000000e+00,4.886998987732514843e-01,3.067070227640830149e-01,3.200000000000000178e+00,1.899999999999999911e+00,1.899999999999999911e+00,2.100000000000000089e+00
3.025000000000000355e+00,5.206762253536636464e-01,2.977245693904166379e-01,3.200000000000000178e+00,1.899999999999999911e+00,1.899999999999999911e+00,2.100000000000000089e+00
3.050000000000000266e+00,5.549669633951574976e-01,2.894573894842190076e-01,3.200000000000000178e+00,1.899999999999999911e+00,1.899999999999999911e+00,2.100000000000000089e+00
3.075000000000000178e+00,5.917339542642386929e-01,2.818912427388289843e-01,3.200000000000000178e+00,1.899999999999999911e+00,1.899999999999999911e+00,2.100000000000000089e+00
3.100000000000000089e+00,6.311494511678081842e-01,2.750151719326100475e-01,3.200000000000000178e+00,1.899999999999999911e+00,1.899999999999999911e+00,2.100000000000000089e+00
3.125000000000000000e+00,6.733965627068987381e-01,2.688217199604821528e-01,3.200000000000000178e+00,1.899999999999999911e+00,1.899999999999999911e+00,2.100000000000000089e+00
3.150000000000000355e+00,7.186696656688392748e-01,2.633072017171682599e-01,3.200000000000000178e+00,1.899999999999999911e+00,1.899999999999999911e+00,2.100000000000000089e+00
3.175000000000000266e+00,7.671747712375983630e-01,2.584720413117649884e-01,3.200000000000000178e+00,1.899999999999999911e+00,1.899999999999999911e+00,2.100000000000000089e+00
3.200000000000000178e+00,8.191298245512844689e-01,2.543211875282190837e-01,3.200000000000000178e+00,1.899999999999999911e+00,1.899999999999999911e+00,2.100000000000000089e+00
3.225000000000000089e+00,8.747649122037032265e-01,2.508646234946716458e-01,3.200000000000000178e+00,1.899999999999999911e+00,1.899999999999999911e+00,2.100000000000000089e+00
3.250000000000000000e+00,9.343223455885487638e-01,2.481179903526521402e-01,3.200000000000000178e+00,1.899999999999999911e+00,1.899999999999999911e+00,2.100000000000000089e+00
3.275000000000000355e+00,9.980565795560047970e-01,2.461033495387657255e-01,3.200000000000000178e+00,1.899999999999999911e+00,1.899999999999999911e+00,2.100000000000000089e+00
3.300000000000000266e+00,1.066233915225733186e+00,2.448501143827324922e-01,3.200000000000000178e+00,1.899999999999999911e+00,1.899999999999999911e+00,2.100000000000000089e+00
3.325000000000000178e+00,1.139131922378957773e+00,2.443961894424730996e-01,3.200000000000000178e+00,1.899999999999999911e+00,1.899999999999999911e+00,2.100000000000000089e+00
3.350000000000000089e+00,1.217038499866943901e+00,2.447893657990738436e-01,3.200000000000000178e+00,1.899999999999999911e+00,1.899999999999999911e+00,2.100000000000000089e+00
3.375000000000000000e+00,1.300250470935863767e+00,2.460890330150580230e-01,3.200000000000000178e+00,1.899999999999999911e+00,1.899999999999999911e+00,2.100000000000000089e+00
3.400000000000000355e+00,1.389071583009908739e+00,2.483682843825915643e-01,3.200000000000000178e+00,1.899999999999999911e+00,1.899999999999999911e+00,2.100000000000000089e+00
3.425000000000000266e+00,1.483809746667754226e+00,2.517165124354526218e-01,3.200000000000000178e+00,1.899999999999999911e+00,1.899999999999999911e+00,2.100000000000000089e+00
3.450000000000000178e+00,1.584773304210099987e+00,2.562426177236659663e-01,3.200000000000000178e+00,1.899999999999999911e+00,1.899999999999999911e+00,2.100000000000000089e+00
3.475000000000000089e+00,1.692266061698362467e+00,2.620789871417190109e-01,3.200000000000000178e+00,1.899999999999999911e+00,1.899999999999999911e+00,2.100000000000000089e+00
3.500000000000000000e+00,1.806580746301581275e+00,2.693864406494288488e-01,3.200000000000000178e+00,1.899999999999999911e+00,1.899999999999999911e+00,2.100000000000000089e+00
3.525000000000000355e+00,1.927990459048589234e+00,2.783603994724525021e-01,3.200000000000000178e+00,1.899999999999999911e+00,1.899999999999999911e+00,2.100000000000000089e+00
3.550000000000000266e+00,2.056737576540383916e+00,2.892385977322412538e-01,3.200000000000000178e+00,1.899999999999999911e+00,1.899999999999999911e+00,2.100000000000000089e+00
3.575000000000000178e+00,2.193019407767881734e+00,3.023107462470316364e-01,3.200000000000000178e+00,1.899999999999999911e+00,1.899999999999999911e+00,2.100000000000000089e+00
3.600000000000000089e+00,2.336969727038726852e+00,3.179306654196477067e-01,3.200000000000000178e+00,1.899999999999999911e+00,1.899999999999999911e+00,2.100000000000000089e+00
3.625000000000000000e+00,2.488635074033632932e+00,3.365315366533084829e-01,3.200000000000000178e+00,1.899999999999999911e+00,1.899999999999999911e+00,2.100000000000000089e+00
3.650000000000000355e+00,2.647944431138715249e+00,3.586450797966180826e-01,3.200000000000000178e+00,1.899999999999999911e+00,1.899999999999999911e+00,2.100000000000000089e+00
3.675000000000000266e+00,2.814670554144181658e+00,3.849256445929264969e-01,3.200000000000000178e+00,1.899999999999999911e+00,1.899999999999999911e+00,2.100000000000000089e+00
3.700000000000000178e+00,2.988380851800608973e+00,4.161803949269051173e-01,3.200000000000000178e+00,1.899999999999999911e+00,1.899999999999999911e+00,2.100000000000000089e+00
3.725000000000000089e+00,3.168375307597674606e+00,4.534069365402255691e-01,3.200000000000000178e+00,1.899999999999999911e+00,1.899999999999999911e+00,2.100000000000000089e+00
3.750000000000000000e+00,3.353608573459179620e+00,4.978398311181726488e-01,3.200000000000000178e+00,1.899999999999999911e+00,1.899999999999999911e+00,2.100000000000000089e+00
3.775000000000000355e+00,3.542593162858163947e+00,5.510073364622188885e-01,3.200000000000000178e+00,1.899999999999999911e+00,1.899999999999999911e+00,2.100000000000000089e+00
3.800000000000000266e+00,3.733280861802119155e+00,6.147992053826502046e-01,3.200000000000000178e+00,1.899999999999999911e+00,1.899999999999999911e+00,2.100000000000000089e+00
3.825000000000000178e+00,3.922920470649244429e+00,6.915451071971054908e-01,3.200000000000000178e+00,1.899999999999999911e+00,1.899999999999999911e+00,2.100000000000000089e+00
3.850000000000000089e+00,4.107892476574643403e+00,7.841006207957978980e-01,3.200000000000000178e+00,1.899999999999999911e+00,1.899999999999999911e+00,2.100000000000000089e+00
3.875000000000000000e+00,4.283526325250997857e+00,8.959328876536354347e-01,3.200000000000000178e+00,1.899999999999999911e+00,1.899999999999999911e+00,2.100000000000000089e+00
3.900000000000000355e+00,4.443915206049759092e+00,1.031189636273137866e+00,3.200000000000000178e+00,1.899999999999999911e+00,1.899999999999999911e+00,2.100000000000000089e+00
3.925000000000000266e+00,4.581758755548372086e+00,1.194721847354166311e+00,3.200000000000000178e+00,1.899999999999999911e+00,1.899999999999999911e+00,2.100000000000000089e+00
3.950000000000000178e+00,4.688287909975647594e+00,1.392010496384666673e+00,3.200000000000000178e+00,1.899999999999999911e+00,1.899999999999999911e+00,2.100000000000000089e+00
3.975000000000000089e+00,4.753359008687626286e+00,1.628921879410544671e+00,3.200000000000000178e+00,1.899999999999999911e+00,1.899999999999999911e+00,2.100000000000000089e+00
4.000000000000000000e+00,4.765842331110272667e+00,1.911188879013854480e+00,3.200000000000000178e+00,1.899999999999999911e+00,1.899999999999999911e+00,2.100000000000000089e+00
4.025000000000000355e+00,4.714459536637402692e+00,2.243501643827319203e+00,3.200000000000000178e+00,1.899999999999999911e+00,1.899999999999999911e+00,2.100000000000000089e+00
4.049999999999999822e+00,4.589213657858733697e+00,2.628120449236046152e+00,3.200000000000000178e+00,1.899999999999999911e+00,1.899999999999999911e+00,2.100000000000000089e+00
4.075000000000000178e+00,4.383452953131167895e+00,3.063041923007418621e+00,3.200000000000000178e+00,1.899999999999999911e+00,1.899999999999999911e+00,2.100000000000000089e+00
4.100000000000000533e+00,4.096360931640518288e+00,3.540000479790672561e+00,3.200000000000000178e+00,1.899999999999999911e+00,1.899999999999999911e+00,2.100000000000000089e+00
4.125000000000000000e+00,3.735266622160107630e+00,4.042953638613314027e+00,3.200000000000000178e+00,1.899999999999999911e+00,1.899999999999999911e+00,2.100000000000000089e+00
4.150000000000000355e+00,3.316766237323395483e+00,4.548020287195635447e+00,3.200000000000000178e+00,1.899999999999999911e+00,1.899999999999999911e+00,2.100000000000000089e+00
4.174999999999999822e+00,2.865583329885731168e+00,5.025773428541400634e+00,3.200000000000000178e+00,1.899999999999999911e+00,1.899999999999999911e+00,2.100000000000000089e+00
4.200000000000000178e+00,2.410745799837572090e+00,5.446004519981994640e+00,3.200000000000000178e+00,1.899999999999999911e+00,1.899999999999999911e+00,2.100000000000000089e+00
4.225000000000000533e+00,1.979981169008534270e+00,5.783713577498983405e+00,3.200000000000000178e+00,1.899999999999999911e+00,1.899999999999999911e+00,2.100000000000000089e+00
4.250000000000000000e+00,1.594426573935836089e+00,6.024021703273668038e+00,3.200000000000000178e+00,1.899999999999999911e+00,1.899999999999999911e+00,2.100000000000000089e+00
4.275000000000000355e+00,1.265749836281579777e+00,6.163991427420923763e+00,3.200000000000000178e+00,1.899999999999999911e+00,1.899999999999999911e+00,2.100000000000000089e+00
4.299999999999999822e+00,9.964114440293991848e-01,6.210980256636032593e+00,3.200000000000000178e+00,1.899999999999999911e+00,1.899999999999999911e+00,2.100000000000000089e+00
4.325000000000000178e+00,7.821614987499931893e-01,6.178866653964398381e+00,3.200000000000000178e+00,1.899999999999999911e+00,1.899999999999999911e+00,2.100000000000000089e+00
4.350000000000000533e+00,6.151730175245380128e-01,6.084037555756721893e+00,3.200000000000000178e+00,1.899999999999999911e+00,1.899999999999999911e+00,2.100000000000000089e+00
4.375000000000000000e+00,4.866069111858958851e-01,5.942405531820099007e+00,3.200000000000000178e+00,1.899999999999999911e+00,1.899999999999999911e+00,2.100000000000000089e+00
4.400000000000000355e+00,3.881837230402519490e-01,5.767780982440059212e+00,3.200000000000000178e+00,1.899999999999999911e+00,1.899999999999999911e+00,2.100000000000000089e+00
4.424999999999999822e+00,3.128878828498657394e-01,5.571323018895562029e+00,3.200000000000000178e+00,1.899999999999999911e+00,1.899999999999999911e+00,2.100000000000000089e+00
4.450000000000000178e+00,2.551169389352446193e-01,5.361630534946155713e+00,3.200000000000000178e+00,1.899999999999999911e+00,1.899999999999999911e+00,2.100000000000000089e+00
4.475000000000000533e+00,2.105537624856471390e-01,5.145117463425899373e+00,3.200000000000000178e+00,1.899999999999999911e+00,1.899999999999999911e+00,2.100000000000000089e+00
4.500000000000000000e+00,1.759401810676396449e-01,4.926456679012899187e+00,3.200000000000000178e+00,1.899999999999999911e+00,1.899999999999999911e+00,2.100000000000000089e+00
4.525000000000000355e+00,1.488442157469987426e-01,4.708988883170773576e+00,3.200000000000000178e+00,1.899999999999999911e+00,1.899999999999999911e+00,2.100000000000000089e+00
4.549999999999999822e+00,1.274587295361064021e-01,4.495059990274960171e+00,3.200000000000000178e+00,1.899999999999999911e+00,1.899999999999999911e+00,2.100000000000000089e+00
4.575000000000000178e+00,1.104410327104160261e-01,4.286283735974103948e+00,3.200000000000000178e+00,1.899999999999999911e+00,1.899999999999999911e+00,2.100000000000000089e+00
4.600000000000000533e+00,9.679068921843439477e-02,4.083739465944278280e+00,3.200000000000000178e+00,1.899999999999999911e+00,1.899999999999999911e+00,2.100000000000000089e+00
4.625000000000000000e+00,8.575871637478892084e-02,3.888118371963323661e+00,3.200000000000000178e+00,1.899999999999999911e+00,1.899999999999999911e+00,2.100000000000000089e+00
4.650000000000000355e+00,7.678101175186362315e-02,3.699830559368157523e+00,3.200000000000000178e+00,1.899999999999999911e+00,1.899999999999999911e+00,2.100000000000000089e+00
4.674999999999999822e+00,6.942984784322205061e-02,3.519083099850119911e+00,3.200000000000000178e+00,1.899999999999999911e+00,1.899999999999999911e+00,2.100000000000000089e+00
4.700000000000000178e+00,6.337858897259303348e-02,3.345936883806075457e+00,3.200000000000000178e+00,1.899999999999999911e+00,1.899999999999999911e+00,2.100000000000000089e+00
4.725000000000000533e+00,5.837599006226873444e-02,3.180348083434388240e+00,3.200000000000000178e+00,1.899999999999999911e+00,1.899999999999999911e+00,2.100000000000000089e+00
4.750000000000000000e+00,5.422741078187697655e-02,3.022198467539455979e+00,3.200000000000000178e+00,1.899999999999999911e+00,1.899999999999999911e+00,2.100000000000000089e+00
4.775000000000000355e+00,5.078101875065513249e-02,2.871317632887406379e+00,3.200000000000000178e+00,1.899999999999999911e+00,1.899999999999999911e+00,2.100000000000000089e+00
4.800000000000000711e+00,4.791759960935729201e-02,2.727499357802167790e+00,3.200000000000000178e+00,1.899999999999999911e+00,1.899999999999999911e+00,2.100000000000000089e+00
4.825000000000000178e+00,4.554298452541356151e-02,2.590513664570246455e+00,3.200000000000000178e+00,1.899999999999999911e+00,1.899999999999999911e+00,2.100000000000000089e+00
4.850000000000000533e+00,4.358238640987287943e-02,2.460115734057882086e+00,3.200000000000000178e+00,1.899999999999999911e+00,1.899999999999999911e+00,2.100000000000000089e+00
4.875000000000000000e+00,4.197613588226357245e-02,2.336052499460242515e+00,3.200000000000000178e+00,1.899999999999999911e+00,1.899999999999999911e+00,2.100000000000000089e+00
4.900000000000000355e+00,4.067645003843604196e-02,2.218067519952988231e+00,3.200000000000000178e+00,1.899999999999999911e+00,1.899999999999999911e+00,2.100000000000000089e+00
4.925000000000000711e+00,3.964496819029176417e-02,2.105904573006675662e+00,3.200000000000000178e+00,1.899999999999999911e+00,1.899999999999999911e+00,2.100000000000000089e+00
4.950000000000000178e+00,3.885086095460472261e-02,1.999310287614735504e+00,3.200000000000000178e+00,1.899999999999999911e+00,1.899999999999999911e+00,2.100000000000000089e+00
4.975000000000000533e+00,3.826937084648463633e-02,1.898036056499450286e+00,3.200000000000000178e+00,1.899999999999999911e+00,1.899999999999999911e+00,2.100000000000000089e+00
5.000000000000000000e+00,3.788067984221001050e-02,1.801839404205222595e+00,3.200000000000000178e+00,1.899999999999999911e+00,1.899999999999999911e+00,2.100000000000000089e+00
5.025000000000000355e+00,3.766902640369242800e-02,1.710484943310342842e+00,3.200000000000000178e+00,1.899999999999999911e+00,1.899999999999999911e+00,2.100000000000000089e+00
5.050000000000000711e+00,3.762201414758573059e-02,1.623745018154951980e+00,3.200000000000000178e+00,1.899999999999999911e+00,1.899999999999999911e+00,2.100000000000000089e+00
5.075000000000000178e+00,3.773006877225046352e-02,1.541400111208959034e+00,3.200000000000000178e+00,1.899999999999999911e+00,1.899999999999999911e+00,2.100000000000000089e+00
5.100000000000000533e+00,3.798601049446074379e-02,1.463239069150058524e+00,3.200000000000000178e+00,1.899999999999999911e+00,1.899999999999999911e+00,2.100000000000000089e+00
5.125000000000000000e+00,3.838471713877724539e-02,1.389059192214920913e+00,3.200000000000000178e+00,1.899999999999999911e+00,1.899999999999999911e+00,2.100000000000000089e+00
5.150000000000000355e+00,3.892285891122548858e-02,1.318666220222291408e+00,3.200000000000000178e+00,1.899999999999999911e+00,1.899999999999999911e+00,2.100000000000000089e+00
5.175000000000000711e+00,3.959869031018974084e-02,1.251874240974554908e+00,3.200000000000000178e+00,1.899999999999999911e+00,1.899999999999999911e+00,2.100000000000000089e+00
5.200000000000000178e+00,4.041188796716129600e-02,1.188505540891234391e+00,3.200000000000000178e+00,1.899999999999999911e+00,1.899999999999999911e+00,2.100000000000000089e+00
5.225000000000000533e+00,4.136342574810896594e-02,1.128390413250869750e+00,3.200000000000000178e+00,1.899999999999999911e+00,1.899999999999999911e+00,2.100000000000000089e+00
5.250000000000000000e+00,4.245548038697211785e-02,1.071366935976184598e+00,3.200000000000000178e+00,1.899999999999999911e+00,1.899999999999999911e+00,2.100000000000000089e+00
5.275000000000000355e+00,4.369136241589448993e-02,1.017280728239470244e+00,3.200000000000000178e+00,1.899999999999999911e+00,1.899999999999999911e+00,2.100000000000000089e+00
5.300000000000000711e+00,4.507546831279579669e-02,9.659846931032682882e-01,3.200000000000000178e+00,1.899999999999999911e+00,1.899999999999999911e+00,2.100000000000000089e+00
5.325000000000000178e+00,4.661325068764991114e-02,9.173387518055162726e-01,3.200000000000000178e+00,1.899999999999999911e+00,1.899999999999999911e+00,2.100000000000000089e+00
5.350000000000000533e+00,4.831120403550009934e-02,8.712095740428884572e-01,3.200000000000000178e+00,1.899999999999999911e+00,1.899999999999999911e+00,2.100000000000000089e+00
5.375000000000000000e+00,5.017686414259991956e-02,8.274703076213769659e-01,3.200000000000000178e+00,1.899999999999999911e+00,1.899999999999999911e+00,2.100000000000000089e+00
5.400000000000000355e+00,5.221881967664913915e-02,7.860003100686134836e-01,3.200000000000000178e+00,1.899999999999999911e+00,1.899999999999999911e+00,2.100000000000000089e+00
5.425000000000000711e+00,5.444673484906106808e-02,7.466848841917312907e-01,3.200000000000000178e+00,1.899999999999999911e+00,1.899999999999999911e+00,2.100000000000000089e+00
5.450000000000000178e+00,5.687138232647997310e-02,7.094150190821714164e-01,3.200000000000000178e+00,1.899999999999999911e+00,1.899999999999999911e+00,2.100000000000000089e+00
5.475000000000000533e+00,5.950468580562583154e-02,6.740871376873299736e-01,3.200000000000000178e+00,1.899999999999999911e+00,1.899999999999999911e+00,2.100000000000000089e+00
5.500000000000000000e+00,6.235977186172523418e-02,6.406028517670958600e-01,3.200000000000000178e+00,1.899999999999999911e+00,1.899999999999999911e+00,2.100000000000000089e+00
5.525000000000000355e+00,6.545103084538034244e-02,6.088687248146062991e-01,3.200000000000000178e+00,1.899999999999999911e+00,1.899999999999999911e+00,2.100000000000000089e+00
5.550000000000000711e+00,6.879418674280092516e-02,5.787960433320492593e-01,3.200000000000000178e+00,1.899999999999999911e+00,1.899999999999999911e+00,2.100000000000000089e+00
5.575000000000000178e+00,7.240637603540348022e-02,5.503005967039381607e-01,3.200000000000000178e+00,1.899999999999999911e+00,1.899999999999999911e+00,2.100000000000000089e+00
5.600000000000000533e+00,7.630623570120677324e-02,5.233024657940104074e-01,3.200000000000000178e+00,1.899999999999999911e+00,1.899999999999999911e+00,2.100000000000000089e+00
5.625000000000000000e+00,8.051400059565304301e-02,4.977258203014751081e-01,3.200000000000000178e+00,1.899999999999999911e+00,1.899999999999999911e+00,2.100000000000000089e+00
5.650000000000000355e+00,8.505161053617460443e-02,4.734987248427783291e-01,3.200000000000000178e+00,1.899999999999999911e+00,1.899999999999999911e+00,2.100000000000000089e+00
5.675000000000000711e+00,8.994282749517017173e-02,4.505529536724308670e-01,3.200000000000000178e+00,1.899999999999999911e+00,1.899999999999999911e+00,2.100000000000000089e+00
5.700000000000000178e+00,9.521336338177784075e-02,4.288238139176341890e-01,3.200000000000000178e+00,1.899999999999999911e+00,1.899999999999999911e+00,2.100000000000000089e+00
5.725000000000000533e+00,1.008910189653083322e-01,4.082499771739701022e-01,3.200000000000000178e+00,1.899999999999999911e+00,1.899999999999999911e+00,2.100000000000000089e+00
5.750000000000000000e+00,1.070058345635248320e-01,3.887733192913448432e-01,3.200000000000000178e+00,1.899999999999999911e+00,1.899999999999999911e+00,2.100000000000000089e+00
5.775000000000000355e+00,1.135902531879837141e-01,3.703387681691723277e-01,3.200000000000000178e+00,1.899999999999999911e+00,1.899999999999999911e+00,2.100000000000000089e+00
5.800000000000000711e+00,1.206792969070434596e-01,3.528941593762697226e-01,3.200000000000000178e+00,1.899999999999999911e+00,1.899999999999999911e+00,2.100000000000000089e+00
5.825000000000000178e+00,1.283107572553907338e-01,3.363900994132317246e-01,3.200000000000000178e+00,1.899999999999999911e+00,1.899999999999999911e+00,2.100000000000000089e+00
5.850000000000000533e+00,1.365254005873479115e-01,3.207798364425111237e-01,3.200000000000000178e+00,1.899999999999999911e+00,1.899999999999999911e+00,2.100000000000000089e+00
5.875000000000000000e+00,1.453671893399794968e-01,3.060191383236355311e-01,3.200000000000000178e+00,1.899999999999999911e+00,1.899999999999999911e+00,2.100000000000000089e+00
5.900000000000000355e+00,1.548835202411162626e-01,2.920661778077062731e-01,3.200000000000000178e+00,1.899999999999999911e+00,1.899999999999999911e+00,2.100000000000000089e+00
5.925000000000000711e+00,1.651254805666998726e-01,2.788814247665074020e-01,3.200000000000000178e+00,1.899999999999999911e+00,1.899999999999999911e+00,2.100000000000000089e+00
5.950000000000000178e+00,1.761481236209653245e-01,2.664275453573363150e-01,3.200000000000000178e+00,1.899999999999999911e+00,1.899999999999999911e+00,2.100000000000000089e+00
5.975000000000000533e+00,1.880107646813499178e-01,2.546693080553688038e-01,3.200000000000000178e+00,1.899999999999999911e+00,1.899999999999999911e+00,2.100000000000000089e+00
6.000000000000000000e+00,2.007772987168107981e-01,2.435734965215090586e-01,3.200000000000000178e+00,1.899999999999999911e+00,1.899999999999999911e+00,2.100000000000000089e+00
