0.000000000000000000e+00,5.000000000000000000e-01,5.000000000000000000e-01,5.000000000000000000e-01,1.000000000000000000e+00
2.000000000000000042e-02,5.045570784999999780e-01,4.911016220000000154e-01,4.935244839999999855e-01,1.000000000000000000e+00
4.000000000000000083e-02,5.092286329567671244e-01,4.824025277649429122e-01,4.870989715922103835e-01,1.000000000000000000e+00
5.999999999999999778e-02,5.140156765696949348e-01,4.738981249907676663e-01,4.807248670606779628e-01,1.000000000000000000e+00
8.000000000000000167e-02,5.189192577646553062e-01,4.655839315164510550e-01,4.744034801841449100e-01,1.000000000000000000e+00
1.000000000000000056e-01,5.239404596900554267e-01,4.574555731636824607e-01,4.681360294910774100e-01,1.000000000000000000e+00
1.199999999999999956e-01,5.290803997274519110e-01,4.495087815806363407e-01,4.619236454604555009e-01,1.000000000000000000e+00
1.400000000000000133e-01,5.343402290152586831e-01,4.417393920935829832e-01,4.557673736656323027e-01,1.000000000000000000e+00
1.600000000000000033e-01,5.397211319841246357e-01,4.341433415697436016e-01,4.496681778589343148e-01,1.000000000000000000e+00
1.799999999999999933e-01,5.452243259025963962e-01,4.267166662944831268e-01,4.436269429950130960e-01,1.000000000000000000e+00
2.000000000000000111e-01,5.508510604317133907e-01,4.194554998656425115e-01,4.376444781912736670e-01,1.000000000000000000e+00
2.200000000000000011e-01,5.566026171872161532e-01,4.123560711075389684e-01,4.317215196239959640e-01,1.000000000000000000e+00
2.399999999999999911e-01,5.624803093080771310e-01,4.054147020069076568e-01,4.258587333590364010e-01,1.000000000000000000e+00
2.600000000000000089e-01,5.684854810300901118e-01,3.986278056728220776e-01,4.200567181162446206e-01,1.000000000000000000e+00
2.800000000000000266e-01,5.746195072632804823e-01,3.919918843224090566e-01,4.143160079669609974e-01,1.000000000000000000e+00
2.999999999999999889e-01,5.808837931719184056e-01,3.855035272939690283e-01,4.086370749641717870e-01,1.000000000000000000e+00
3.200000000000000067e-01,5.872797737559416476e-01,3.791594090889222057e-01,4.030203317050912171e-01,1.000000000000000000e+00
3.400000000000000244e-01,5.938089134326089980e-01,3.729562874438247522e-01,3.974661338261187282e-01,1.000000000000000000e+00
3.599999999999999867e-01,6.004727056172272093e-01,3.668910014335347025e-01,3.919747824302801664e-01,1.000000000000000000e+00
3.800000000000000044e-01,6.072726723018058159e-01,3.609604696064577789e-01,3.865465264474093332e-01,1.000000000000000000e+00
4.000000000000000222e-01,6.142103636305115133e-01,3.551616881526623026e-01,3.811815649274601925e-01,1.000000000000000000e+00
4.199999999999999845e-01,6.212873574708031033e-01,3.494917291055246178e-01,3.758800492674605476e-01,1.000000000000000000e+00
4.400000000000000022e-01,6.285052589791434441e-01,3.439477385774481477e-01,3.706420853727268594e-01,1.000000000000000000e+00
4.600000000000000200e-01,6.358657001601913938e-01,3.385269350300897928e-01,3.654677357530576876e-01,1.000000000000000000e+00
4.799999999999999822e-01,6.433703394183872826e-01,3.332266075794289573e-01,3.603570215547106659e-01,1.000000000000000000e+00
5.000000000000000000e-01,6.510208611008543311e-01,3.280441143359220657e-01,3.553099245290448627e-01,1.000000000000000000e+00
5.200000000000000178e-01,6.588189750305436521e-01,3.229768807799031083e-01,3.503263889387796537e-01,1.000000000000000000e+00
5.400000000000000355e-01,6.667664160285586838e-01,3.180223981723145910e-01,3.454063234028805773e-01,1.000000000000000000e+00
5.600000000000000533e-01,6.748649434245986845e-01,3.131782220007844897e-01,3.405496026811355437e-01,1.000000000000000000e+00
5.799999999999999600e-01,6.831163405544667944e-01,3.084419704610028568e-01,3.357560693995293999e-01,1.000000000000000000e+00
5.999999999999999778e-01,6.915224142435927313e-01,3.038113229732942733e-01,3.310255357175632129e-01,1.000000000000000000e+00
6.199999999999999956e-01,7.000849942755221766e-01,2.992840187342334923e-01,3.263577849386969931e-01,1.000000000000000000e+00
6.400000000000000133e-01,7.088059328443299112e-01,2.948578553031047655e-01,3.217525730651212834e-01,1.000000000000000000e+00
6.600000000000000311e-01,7.176871039899164195e-01,2.905306872229658222e-01,3.172096302980834670e-01,1.000000000000000000e+00
6.800000000000000488e-01,7.267304030151486849e-01,2.863004246760410543e-01,3.127286624850121322e-01,1.000000000000000000e+00
7.000000000000000666e-01,7.359377458838101127e-01,2.821650321731374866e-01,3.083093525146939351e-01,1.000000000000000000e+00
7.199999999999999734e-01,7.453110685983266315e-01,2.781225272767488543e-01,3.039513616617657288e-01,1.000000000000000000e+00
7.399999999999999911e-01,7.548523265562359086e-01,2.741709793574900189e-01,2.996543308817893880e-01,1.000000000000000000e+00
7.600000000000000089e-01,7.645634938843725026e-01,2.703085083834823044e-01,2.954178820581768727e-01,1.000000000000000000e+00
7.800000000000000266e-01,7.744465627497404414e-01,2.665332837422942358e-01,2.912416192022314054e-01,1.000000000000000000e+00
8.000000000000000444e-01,7.845035426460494898e-01,2.628435230950269541e-01,2.871251296075656989e-01,1.000000000000000000e+00
8.200000000000000622e-01,7.947364596548927018e-01,2.592374912621220884e-01,2.830679849601509535e-01,1.000000000000000000e+00
8.399999999999999689e-01,8.051473556805469611e-01,2.557134991404610980e-01,2.790697424052398512e-01,1.000000000000000000e+00
8.599999999999999867e-01,8.157382876573799901e-01,2.522699026513178788e-01,2.751299455723959508e-01,1.000000000000000000e+00
8.800000000000000044e-01,8.265113267288525245e-01,2.489051017187221826e-01,2.712481255598484520e-01,1.000000000000000000e+00
9.000000000000000222e-01,8.374685573971077934e-01,2.456175392777885103e-01,2.674238018793750893e-01,1.000000000000000000e+00
9.200000000000000400e-01,8.486120766421457740e-01,2.424057003125646981e-01,2.636564833629005955e-01,1.000000000000000000e+00
9.400000000000000577e-01,8.599439930095849061e-01,2.392681109229551906e-01,2.599456690319800756e-01,1.000000000000000000e+00
9.599999999999999645e-01,8.714664256660203945e-01,2.362033374202767988e-01,2.562908489313173721e-01,1.000000000000000000e+00
9.799999999999999822e-01,8.831815034209958837e-01,2.332099854510085724e-01,2.526915049274488512e-01,1.000000000000000000e+00
1.000000000000000000e+00,8.950913637146116208e-01,2.302866991483029646e-01,2.491471114737033032e-01,1.000000000000000000e+00
1.020000000000000018e+00,9.071981515698042120e-01,2.274321603108323264e-01,2.456571363425257004e-01,1.000000000000000000e+00
1.040000000000000036e+00,9.195040185083398487e-01,2.246450876085524240e-01,2.422210413262324558e-01,1.000000000000000000e+00
1.060000000000000053e+00,9.320111214295764279e-01,2.219242358149736694e-01,2.388382829072421831e-01,1.000000000000000000e+00
1.080000000000000071e+00,9.447216214510609777e-01,2.192683950655407998e-01,2.355083128988042507e-01,1.000000000000000000e+00
1.100000000000000089e+00,9.576376827100434586e-01,2.166763901417327332e-01,2.322305790572236628e-01,1.000000000000000000e+00
1.120000000000000107e+00,9.707614711250016626e-01,2.141470797805059556e-01,2.290045256665584339e-01,1.000000000000000000e+00
1.140000000000000124e+00,9.840951531162899224e-01,2.116793560087174564e-01,2.258295940967416648e-01,1.000000000000000000e+00
1.159999999999999920e+00,9.976408942850406580e-01,2.092721435021768772e-01,2.227052233360577449e-01,1.000000000000000000e+00
1.179999999999999938e+00,1.011400858049467999e+00,2.069243989689911745e-01,2.196308504988785937e-01,1.000000000000000000e+00
1.199999999999999956e+00,1.025377204237743367e+00,2.046351105568802731e-01,2.166059113095425426e-01,1.000000000000000000e+00
1.219999999999999973e+00,1.039572087636635223e+00,2.024032972841576239e-01,2.136298405632353348e-01,1.000000000000000000e+00
1.239999999999999991e+00,1.053987656495131597e+00,2.002280084940853688e-01,2.107020725647101023e-01,1.000000000000000000e+00
1.260000000000000009e+00,1.068626050982285358e+00,1.981083233323306658e-01,2.078220415456598913e-01,1.000000000000000000e+00
1.280000000000000027e+00,1.083489401598556112e+00,1.960433502472669343e-01,2.049891820615339921e-01,1.000000000000000000e+00
1.300000000000000044e+00,1.098579827539948761e+00,1.940322265128815449e-01,2.022029293685673468e-01,1.000000000000000000e+00
1.320000000000000062e+00,1.113899435014280126e+00,1.920741177740695194e-01,1.994627197817697151e-01,1.000000000000000000e+00
1.340000000000000080e+00,1.129450315508941038e+00,1.901682176141121783e-01,1.967679910146002964e-01,1.000000000000000000e+00
1.360000000000000098e+00,1.145234544009556821e+00,1.883137471441583277e-01,1.941181825010316608e-01,1.000000000000000000e+00
1.380000000000000115e+00,1.161254177168984381e+00,1.865099546145460030e-01,1.915127357006862208e-01,1.000000000000000000e+00
1.400000000000000133e+00,1.177511251426126782e+00,1.847561150478226055e-01,1.889510943877076299e-01,1.000000000000000000e+00
1.419999999999999929e+00,1.194007781074087449e+00,1.830515298933427515e-01,1.864327049240097345e-01,1.000000000000000000e+00
1.439999999999999947e+00,1.210745756277228802e+00,1.813955267033437735e-01,1.839570165175253846e-01,1.000000000000000000e+00
1.459999999999999964e+00,1.227727141036748737e+00,1.797874588304216037e-01,1.815234814660584284e-01,1.000000000000000000e+00
1.479999999999999982e+00,1.244953871104435006e+00,1.782267051463511942e-01,1.791315553873232824e-01,1.000000000000000000e+00
1.500000000000000000e+00,1.262427851844308169e+00,1.767126697822196113e-01,1.767806974357375993e-01,1.000000000000000000e+00
1.520000000000000018e+00,1.280150956041917087e+00,1.752447818898626164e-01,1.744703705065158428e-01,1.000000000000000000e+00
1.540000000000000036e+00,1.298125021661105549e+00,1.738224954246204434e-01,1.722000414275938474e-01,1.000000000000000000e+00
1.560000000000000053e+00,1.316351849548124786e+00,1.724452889494524632e-01,1.699691811398970631e-01,1.000000000000000000e+00
1.580000000000000071e+00,1.334833201083024390e+00,1.711126654604764874e-01,1.677772648664485888e-01,1.000000000000000000e+00
1.600000000000000089e+00,1.353570795778318736e+00,1.698241522340238896e-01,1.656237722707966653e-01,1.000000000000000000e+00
1.620000000000000107e+00,1.372566308824982650e+00,1.685793006953287820e-01,1.635081876052255634e-01,1.000000000000000000e+00
1.640000000000000124e+00,1.391821368585899776e+00,1.673776863089966316e-01,1.614299998491980359e-01,1.000000000000000000e+00
1.660000000000000142e+00,1.411337554036949715e+00,1.662189084914260095e-01,1.593887028384629312e-01,1.000000000000000000e+00
1.679999999999999938e+00,1.431116392155990402e+00,1.651025905453859244e-01,1.573837953852464389e-01,1.000000000000000000e+00
1.699999999999999956e+00,1.451159355260057238e+00,1.640283796169810238e-01,1.554147813899316999e-01,1.000000000000000000e+00
1.719999999999999973e+00,1.471467858291176656e+00,1.629959466752672892e-01,1.534811699446177180e-01,1.000000000000000000e+00
1.739999999999999991e+00,1.492043256051258648e+00,1.620049865148125157e-01,1.515824754289347154e-01,1.000000000000000000e+00
1.760000000000000009e+00,1.512886840386607590e+00,1.610552177815281205e-01,1.497182175984810015e-01,1.000000000000000000e+00
1.780000000000000027e+00,1.533999837322665316e+00,1.601463830221321327e-01,1.478879216662329077e-01,1.000000000000000000e+00
1.800000000000000044e+00,1.555383404149673465e+00,1.592782487576375750e-01,1.460911183772683197e-01,1.000000000000000000e+00
1.820000000000000062e+00,1.577038626460015802e+00,1.584506055812957837e-01,1.443273440771315475e-01,1.000000000000000000e+00
1.840000000000000080e+00,1.598966515138080302e+00,1.576632682814610442e-01,1.425961407741568043e-01,1.000000000000000000e+00
1.860000000000000098e+00,1.621168003303552263e+00,1.569160759898800273e-01,1.408970561960561363e-01,1.000000000000000000e+00
1.880000000000000115e+00,1.643643943209125213e+00,1.562088923559488418e-01,1.392296438410672854e-01,1.000000000000000000e+00
1.900000000000000133e+00,1.666395103093693209e+00,1.555416057475206282e-01,1.375934630239467049e-01,1.000000000000000000e+00
1.919999999999999929e+00,1.689422163992158055e+00,1.549141294788877188e-01,1.359880789170831716e-01,1.000000000000000000e+00
1.939999999999999947e+00,1.712725716503061379e+00,1.543264020666057501e-01,1.344130625869977835e-01,1.000000000000000000e+00
1.959999999999999964e+00,1.736306257515318974e+00,1.537783875138706846e-01,1.328679910264874142e-01,1.000000000000000000e+00
1.979999999999999982e+00,1.760164186895406990e+00,1.532700756242063034e-01,1.313524471826593987e-01,1.000000000000000000e+00
2.000000000000000000e+00,1.784299804136413981e+00,1.528014823452660265e-01,1.298660199810972582e-01,1.000000000000000000e+00
2.020000000000000018e+00,1.808713304970439584e+00,1.523726501436026837e-01,1.284083043463888074e-01,1.000000000000000000e+00
2.040000000000000036e+00,1.833404777945882191e+00,1.519836484113095687e-01,1.269789012192405475e-01,1.000000000000000000e+00
2.060000000000000053e+00,1.858374200971214307e+00,1.516345739054892339e-01,1.255774175703944506e-01,1.000000000000000000e+00
2.080000000000000071e+00,1.883621437826900502e+00,1.513255512215593290e-01,1.242034664115563986e-01,1.000000000000000000e+00
2.100000000000000089e+00,1.909146234647163265e+00,1.510567333014619096e-01,1.228566668035385723e-01,1.000000000000000000e+00
2.120000000000000107e+00,1.934948216373347574e+00,1.508283019778990375e-01,1.215366438618114969e-01,1.000000000000000000e+00
2.140000000000000124e+00,1.961026883180674529e+00,1.506404685557782563e-01,1.202430287596555347e-01,1.000000000000000000e+00
2.160000000000000142e+00,1.987381606880211926e+00,1.504934744321120843e-01,1.189754587290952625e-01,1.000000000000000000e+00
2.180000000000000160e+00,2.014011627297915830e+00,1.503875917556801445e-01,1.177335770597949249e-01,1.000000000000000000e+00
2.200000000000000178e+00,2.040916048632620772e+00,1.503231241278274732e-01,1.165170330960876161e-01,1.000000000000000000e+00
2.220000000000000195e+00,2.068093835794874380e+00,1.503004073458408807e-01,1.153254822323058759e-01,1.000000000000000000e+00
2.240000000000000213e+00,2.095543810728513812e+00,1.503198101904147377e-01,1.141585859065764874e-01,1.000000000000000000e+00
2.260000000000000231e+00,2.123264648716887137e+00,1.503817352587896172e-01,1.130160115932379861e-01,1.000000000000000000e+00
2.280000000000000249e+00,2.151254874675611273e+00,1.504866198452218251e-01,1.118974327940350094e-01,1.000000000000000000e+00
2.300000000000000266e+00,2.179512859433741845e+00,1.506349368705174885e-01,1.108025290282396297e-01,1.000000000000000000e+00
2.319999999999999840e+00,2.208036816005199743e+00,1.508271958624441689e-01,1.097309858218463718e-01,1.000000000000000000e+00
2.339999999999999858e+00,2.236824795852267123e+00,1.510639439889131241e-01,1.086824946959840249e-01,1.000000000000000000e+00
2.359999999999999876e+00,2.265874685142912348e+00,1.513457671459084442e-01,1.076567531546842316e-01,1.000000000000000000e+00
2.379999999999999893e+00,2.295184201003650060e+00,1.516732911022240227e-01,1.066534646721440382e-01,1.000000000000000000e+00
2.399999999999999911e+00,2.324750887769568397e+00,1.520471827031563694e-01,1.056723386796170894e-01,1.000000000000000000e+00
2.419999999999999929e+00,2.354572113233075470e+00,1.524681511353900287e-01,1.047130905520654992e-01,1.000000000000000000e+00
2.439999999999999947e+00,2.384645064892824795e+00,1.529369492554031873e-01,1.037754415947028525e-01,1.000000000000000000e+00
2.459999999999999964e+00,2.414966746204170622e+00,1.534543749838132021e-01,1.028591190295564534e-01,1.000000000000000000e+00
2.479999999999999982e+00,2.445533972832389491e+00,1.540212727681759819e-01,1.019638559821759716e-01,1.000000000000000000e+00
2.500000000000000000e+00,2.476343368909766696e+00,1.546385351168482469e-01,1.010893914686139261e-01,1.000000000000000000e+00
2.520000000000000018e+00,2.507391363297506892e+00,1.553071042066181129e-01,1.002354703828027133e-01,1.000000000000000000e+00
2.540000000000000036e+00,2.538674185853269538e+00,1.560279735669067580e-01,9.940184348445231521e-02,1.000000000000000000e+00
2.560000000000000053e+00,2.570187863704957110e+00,1.568021898434416861e-01,9.858826738759196573e-02,1.000000000000000000e+00
2.580000000000000071e+00,2.601928217531197518e+00,1.576308546444000480e-01,9.779450454987950736e-02,1.000000000000000000e+00
2.600000000000000089e+00,2.633890857848770750e+00,1.585151264721180731e-01,9.702032326280184138e-02,1.000000000000000000e+00
2.620000000000000107e+00,2.666071181307015259e+00,1.594562227435601109e-01,9.626549764289063504e-02,1.000000000000000000e+00
2.640000000000000124e+00,2.698464366989024921e+00,1.604554219028359874e-01,9.552980762407810300e-02,1.000000000000000000e+00
2.660000000000000142e+00,2.731065372719217343e+00,1.615140656291496057e-01,9.481303895131880377e-02,1.000000000000000000e+00
2.680000000000000160e+00,2.763868931376600280e+00,1.626335611436527107e-01,9.411498317560461346e-02,1.000000000000000000e+00
2.700000000000000178e+00,2.796869547212814222e+00,1.638153836187659917e-01,9.343543765050209282e-02,1.000000000000000000e+00
2.720000000000000195e+00,2.830061492173747695e+00,1.650610786936130281e-01,9.277420553034301798e-02,1.000000000000000000e+00
2.740000000000000213e+00,2.863438802223259749e+00,1.663722650992907892e-01,9.213109577020175966e-02,1.000000000000000000e+00
2.760000000000000231e+00,2.896995273667243076e+00,1.677506373977726839e-01,9.150592312779540216e-02,1.000000000000000000e+00
2.780000000000000249e+00,2.930724459475978705e+00,1.691979688383040970e-01,9.089850816744603212e-02,1.000000000000000000e+00
2.800000000000000266e+00,2.964619665602430398e+00,1.707161143352055876e-01,9.030867726624766667e-02,1.000000000000000000e+00
2.819999999999999840e+00,2.998673947293824416e+00,1.723070135710433881e-01,8.973626262258456443e-02,1.000000000000000000e+00
2.839999999999999858e+00,3.032880105393560122e+00,1.739726942291591472e-01,8.918110226715143807e-02,1.000000000000000000e+00
2.859999999999999876e+00,3.067230682630185168e+00,1.757152753595681849e-01,8.864304007663104112e-02,1.000000000000000000e+00
2.879999999999999893e+00,3.101717959889878973e+00,1.775369708822377157e-01,8.812192579018958416e-02,1.000000000000000000e+00
2.899999999999999911e+00,3.136333952468581376e+00,1.794400932317381514e-01,8.761761502895576426e-02,1.000000000000000000e+00
2.919999999999999929e+00,3.171070406299623112e+00,1.814270571472222371e-01,8.712996931865532590e-02,1.000000000000000000e+00
2.939999999999999947e+00,3.205918794152437634e+00,1.835003836116236298e-01,8.665885611557935797e-02,1.000000000000000000e+00
2.959999999999999964e+00,3.240870311797669157e+00,1.856627039438757953e-01,8.620414883607138701e-02,1.000000000000000000e+00
2.979999999999999982e+00,3.275915874133755956e+00,1.879167640478304757e-01,8.576572688972575187e-02,1.000000000000000000e+00
3.000000000000000000e+00,3.311046111269847714e+00,1.902654288213991018e-01,8.534347571649752995e-02,1.000000000000000000e+00
3.020000000000000018e+00,3.346251364559724717e+00,1.927116867292452407e-01,8.493728682793279250e-02,1.000000000000000000e+00
3.040000000000000036e+00,3.381521682581233534e+00,1.952586545421177433e-01,8.454705785273670948e-02,1.000000000000000000e+00
3.060000000000000053e+00,3.416846817055635643e+00,1.979095822456272413e-01,8.417269258690682210e-02,1.000000000000000000e+00
3.080000000000000071e+00,3.452216218701196659e+00,2.006678581209283829e-01,8.381410104866851563e-02,1.000000000000000000e+00
3.100000000000000089e+00,3.487619033015319392e+00,2.035370139993694649e-01,8.347119953846061924e-02,1.000000000000000000e+00
3.120000000000000107e+00,3.523044095979571022e+00,2.065207306927051012e-01,8.314391070423031438e-02,1.000000000000000000e+00
3.140000000000000124e+00,3.558479929682058618e+00,2.096228435999281103e-01,8.283216361230830160e-02,1.000000000000000000e+00
3.160000000000000142e+00,3.593914737851789276e+00,2.128473484911575231e-01,8.253589382414770748e-02,1.000000000000000000e+00
3.180000000000000160e+00,3.629336401299921189e+00,2.161984074683107049e-01,8.225504347922353576e-02,1.000000000000000000e+00
3.200000000000000178e+00,3.664732473263173418e+00,2.196803551014830658e-01,8.198956138440317842e-02,1.000000000000000000e+00
3.220000000000000195e+00,3.700090174645127572e+00,2.232977047390464764e-01,8.173940311011292092e-02,1.000000000000000000e+00
3.240000000000000213e+00,3.735396389151738106e+00,2.270551549884491926e-01,8.150453109364075299e-02,1.000000000000000000e+00
3.260000000000000231e+00,3.770637658318078511e+00,2.309575963635447371e-01,8.128491474993153332e-02,1.000000000000000000e+00
3.280000000000000249e+00,3.805800176424203318e+00,2.350101180929822786e-01,8.108053059024708520e-02,1.000000000000000000e+00
3.300000000000000266e+00,3.840869785299003691e+00,2.392180150827466212e-01,8.089136234908116119e-02,1.000000000000000000e+00
3.320000000000000284e+00,3.875831969012118350e+00,2.435867950243263969e-01,8.071740111973690901e-02,1.000000000000000000e+00
3.339999999999999858e+00,3.910671848455304023e+00,2.481221856382031521e-01,8.055864549899327542e-02,1.000000000000000000e+00
3.359999999999999876e+00,3.945374175816236839e+00,2.528301420403755162e-01,8.041510174130583888e-02,1.000000000000000000e+00
3.379999999999999893e+00,3.979923328949478201e+00,2.577168542174487209e-01,8.028678392300757360e-02,1.000000000000000000e+00
3.399999999999999911e+00,4.014303305651345077e+00,2.627887545934109448e-01,8.017371411699518446e-02,1.000000000000000000e+00
3.419999999999999929e+00,4.048497717847676647e+00,2.680525256685732383e-01,8.007592257840812078e-02,1.000000000000000000e+00
3.439999999999999947e+00,4.082489785706016505e+00,2.735151077082468296e-01,7.999344794182842999e-02,1.000000000000000000e+00
3.459999999999999964e+00,4.116262331686540321e+00,2.791837064555564574e-01,7.992633743055183038e-02,1.000000000000000000e+00
3.479999999999999982e+00,4.149797774549178975e+00,2.850658008393229248e-01,7.987464707850261414e-02,1.000000000000000000e+00
3.500000000000000000e+00,4.183078123337842236e+00,2.911691506441738131e-01,7.983844196538761318e-02,1.000000000000000000e+00
3.520000000000000018e+00,4.216084971366445444e+00,2.975018041059396268e-01,7.981779646570724696e-02,1.000000000000000000e+00
3.540000000000000036e+00,4.248799490235610321e+00,3.040721053909484772e-01,7.981279451226451493e-02,1.000000000000000000e+00
3.560000000000000053e+00,4.281202423913475386e+00,3.108887019130263663e-01,7.982352987483558315e-02,1.000000000000000000e+00
3.580000000000000071e+00,4.313274082919019037e+00,3.179605514368268881e-01,7.985010645468809676e-02,1.000000000000000000e+00
3.600000000000000089e+00,4.344994338651697596e+00,3.252969289105384632e-01,7.989263859565559622e-02,1.000000000000000000e+00
3.620000000000000107e+00,4.376342617917039490e+00,3.329074329650362762e-01,7.995125141249764811e-02,1.000000000000000000e+00
3.640000000000000124e+00,4.407297897704150813e+00,3.408019920101469369e-01,8.002608113729615946e-02,1.000000000000000000e+00
3.660000000000000142e+00,4.437838700277874082e+00,3.489908698518704999e-01,8.011727548465748250e-02,1.000000000000000000e+00
3.680000000000000160e+00,4.467943088655587758e+00,3.574846707471489582e-01,8.022499403650829031e-02,1.000000000000000000e+00
3.700000000000000178e+00,4.497588662546431415e+00,3.662943438050837441e-01,8.034940864728894183e-02,1.000000000000000000e+00
3.720000000000000195e+00,4.526752554838974874e+00,3.754311866353897131e-01,8.049070387036233454e-02,1.000000000000000000e+00
3.740000000000000213e+00,4.555411428732122125e+00,3.849068481363394634e-01,8.064907740646758139e-02,1.000000000000000000e+00
3.760000000000000231e+00,4.583541475613280625e+00,3.947333303055175491e-01,8.082474057505589782e-02,1.000000000000000000e+00
3.780000000000000249e+00,4.611118413797549387e+00,4.049229889473920374e-01,8.101791880935105272e-02,1.000000000000000000e+00
3.800000000000000266e+00,4.638117488251841891e+00,4.154885331420558603e-01,8.122885217597666796e-02,1.000000000000000000e+00
3.820000000000000284e+00,4.664513471438455738e+00,4.264430233295388173e-01,8.145779591998875135e-02,1.000000000000000000e+00
3.839999999999999858e+00,4.690280665423551376e+00,4.377998678538968513e-01,8.170502103614117606e-02,1.000000000000000000e+00
3.859999999999999876e+00,4.715392905407292723e+00,4.495728178009209541e-01,8.197081486719599852e-02,1.000000000000000000e+00
3.879999999999999893e+00,4.739823564843913317e+00,4.617759599528600822e-01,8.225548173006637376e-02,1.000000000000000000e+00
3.899999999999999911e+00,4.763545562331678696e+00,4.744237076731213643e-01,8.255934357054840744e-02,1.000000000000000000e+00
3.919999999999999929e+00,4.786531370464445878e+00,4.875307895236218325e-01,8.288274064735730307e-02,1.000000000000000000e+00
3.939999999999999947e+00,4.808753026848223477e+00,5.011122354074570850e-01,8.322603224613198125e-02,1.000000000000000000e+00
3.959999999999999964e+00,4.830182147497604994e+00,5.151833600199933194e-01,8.358959742401010640e-02,1.000000000000000000e+00
3.979999999999999982e+00,4.850789942838057200e+00,5.297597433825629309e-01,8.397383578530008552e-02,1.000000000000000000e+00
4.000000000000000000e+00,4.870547236550606840e+00,5.448572082248691606e-01,8.437916828868799457e-02,1.000000000000000000e+00
4.020000000000000462e+00,4.889424487505228178e+00,5.604917939752221967e-01,8.480603808631280438e-02,1.000000000000000000e+00
4.040000000000000036e+00,4.907391815037994043e+00,5.766797271121012480e-01,8.525491139492211157e-02,1.000000000000000000e+00
4.060000000000000497e+00,4.924419027834523455e+00,5.934373876265718328e-01,8.572627839918138537e-02,1.000000000000000000e+00
4.080000000000000071e+00,4.940475656688132489e+00,6.107812713431024498e-01,8.622065418704986939e-02,1.000000000000000000e+00
4.099999999999999645e+00,4.955530991405061592e+00,6.287279478466765159e-01,8.673857971695528302e-02,1.000000000000000000e+00
4.120000000000000107e+00,4.969554122130835694e+00,6.472940137671748806e-01,8.728062281629481167e-02,1.000000000000000000e+00
4.139999999999999680e+00,4.982513985370858656e+00,6.664960411782026029e-01,8.784737921055994769e-02,1.000000000000000000e+00
4.160000000000000142e+00,4.994379414974313924e+00,6.863505208773026389e-01,8.843947358212603249e-02,1.000000000000000000e+00
4.179999999999999716e+00,5.005119198342908859e+00,7.068738003282689641e-01,8.905756065746138483e-02,1.000000000000000000e+00
4.200000000000000178e+00,5.014702138114547125e+00,7.280820160645162797e-01,8.970232632119490290e-02,1.000000000000000000e+00
4.219999999999999751e+00,5.023097119556146239e+00,7.499910203756507965e-01,9.037448875513214019e-02,1.000000000000000000e+00
4.240000000000000213e+00,5.030273183879063303e+00,7.726163021279764953e-01,9.107479959992714758e-02,1.000000000000000000e+00
4.259999999999999787e+00,5.036199607664541666e+00,7.959729016041267036e-01,9.180404513669922217e-02,1.000000000000000000e+00
4.280000000000000249e+00,5.040845988554735868e+00,8.200753192877537900e-01,9.256304748542817928e-02,1.000000000000000000e+00
4.299999999999999822e+00,5.044182337326819088e+00,8.449374185666381765e-01,9.335266581646839423e-02,1.000000000000000000e+00
4.320000000000000284e+00,5.046179176423049917e+00,8.705723223820207579e-01,9.417379757098920390e-02,1.000000000000000000e+00
4.339999999999999858e+00,5.046807644958119177e+00,8.969923039136930010e-01,9.502737968557647963e-02,1.000000000000000000e+00
4.360000000000000320e+00,5.046039610166391576e+00,9.242086714595590946e-01,9.591438981561781207e-02,1.000000000000000000e+00
4.379999999999999893e+00,5.043847785185596067e+00,9.522316477450837313e-01,9.683584755144084011e-02,1.000000000000000000e+00
4.400000000000000355e+00,5.040205853000113478e+00,9.810702439821753496e-01,9.779281562048218468e-02,1.000000000000000000e+00
4.419999999999999929e+00,5.035088596286247942e+00,1.010732129088395048e+00,9.878640106803408816e-02,1.000000000000000000e+00
4.440000000000000391e+00,5.028472032814113923e+00,1.041223494575516550e+00,9.981775640834913976e-02,1.000000000000000000e+00
4.459999999999999964e+00,5.020333555966282724e+00,1.072548915720768159e+00,1.008880807370827748e-01,1.000000000000000000e+00
4.480000000000000426e+00,5.010652079832879302e+00,1.104711209743725719e+00,1.019986207952218865e-01,1.000000000000000000e+00
4.500000000000000000e+00,4.999408188237076445e+00,1.137711291825714399e+00,1.031506719737903949e-01,1.000000000000000000e+00
4.520000000000000462e+00,4.986584286935072718e+00,1.171548029925367329e+00,1.043455792477436389e-01,1.000000000000000000e+00
4.540000000000000036e+00,4.972164758121871309e+00,1.206218099462083249e+00,1.055847380265692304e-01,1.000000000000000000e+00
4.560000000000000497e+00,4.956136116260114299e+00,1.241715839056637849e+00,1.068695949082101720e-01,1.000000000000000000e+00
4.580000000000000071e+00,4.938487164135586305e+00,1.278033108632995019e+00,1.082016483220239883e-01,1.000000000000000000e+00
4.600000000000000533e+00,4.919209147931928428e+00,1.315159151295033801e+00,1.095824490455995087e-01,1.000000000000000000e+00
4.620000000000000107e+00,4.898295910010737053e+00,1.353080460493831350e+00,1.110136005793814218e-01,1.000000000000000000e+00
4.639999999999999680e+00,4.875744037984138579e+00,1.391780654092499514e+00,1.124967593622125117e-01,1.000000000000000000e+00
4.660000000000000142e+00,4.851553008577711879e+00,1.431240357013383813e+00,1.140336348101089886e-01,1.000000000000000000e+00
4.679999999999999716e+00,4.825725324705022246e+00,1.471437094213643659e+00,1.156259891598482858e-01,1.000000000000000000e+00
4.700000000000000178e+00,4.798266644113891033e+00,1.512345195776752860e+00,1.172756370982866725e-01,1.000000000000000000e+00
4.719999999999999751e+00,4.769185897921624395e+00,1.553935715926264782e+00,1.189844451577522222e-01,1.000000000000000000e+00
4.740000000000000213e+00,4.738495397334537174e+00,1.596176367761406034e+00,1.207543308573930524e-01,1.000000000000000000e+00
4.759999999999999787e+00,4.706210926848734211e+00,1.639031475479088451e+00,1.225872615700197843e-01,1.000000000000000000e+00
4.780000000000000249e+00,4.672351822256637810e+00,1.682461945781485557e+00,1.244852530937815283e-01,1.000000000000000000e+00
4.799999999999999822e+00,4.636941031839006300e+00,1.726425260070642453e+00,1.264503679079754805e-01,1.000000000000000000e+00
4.820000000000000284e+00,4.600005159206798311e+00,1.770875488900445216e+00,1.284847130924287872e-01,1.000000000000000000e+00
4.839999999999999858e+00,4.561574486372004245e+00,1.815763329991144426e+00,1.305904378902255358e-01,1.000000000000000000e+00
4.860000000000000320e+00,4.521682975771920354e+00,1.861036170912734544e+00,1.327697308940986864e-01,1.000000000000000000e+00
4.879999999999999893e+00,4.480368250146812059e+00,1.906638177311922311e+00,1.350248168375823010e-01,1.000000000000000000e+00
4.900000000000000355e+00,4.437671549375370006e+00,1.952510407295131367e+00,1.373579529730386828e-01,1.000000000000000000e+00
4.919999999999999929e+00,4.393637663603868759e+00,1.998590952289898581e+00,1.397714250199501296e-01,1.000000000000000000e+00
4.940000000000000391e+00,4.348314842260678326e+00,2.044815104392931016e+00,1.422675426684079092e-01,1.000000000000000000e+00
4.959999999999999964e+00,4.301754678824243783e+00,2.091115549879733582e+00,1.448486346245493328e-01,1.000000000000000000e+00
4.980000000000000426e+00,4.254011971505478940e+00,2.137422588203600871e+00,1.475170431867935950e-01,1.000000000000000000e+00
5.000000000000000000e+00,4.205144560309740598e+00,2.183664375457172735e+00,1.502751183441102256e-01,1.000000000000000000e+00
5.020000000000000462e+00,4.155213141253571330e+00,2.229767190914479613e+00,1.531252113902206169e-01,1.000000000000000000e+00
5.040000000000000036e+00,4.104281058821216632e+00,2.275655724922739154e+00,1.560696680505773148e-01,1.000000000000000000e+00
5.060000000000000497e+00,4.052414078049230817e+00,2.321253386078536707e+00,1.591108211221793078e-01,1.000000000000000000e+00
5.080000000000000071e+00,3.999680137917831502e+00,2.366482625309945576e+00,1.622509826297521274e-01,1.000000000000000000e+00
5.100000000000000533e+00,3.946149087998733318e+00,2.411265274201835229e+00,1.654924355055313046e-01,1.000000000000000000e+00
5.120000000000000107e+00,3.891892410554888215e+00,2.455522894652919952e+00,1.688374248038156944e-01,1.000000000000000000e+00
5.139999999999999680e+00,3.836982930502245814e+00,2.499177136746121519e+00,1.722881484655779949e-01,1.000000000000000000e+00
5.160000000000000142e+00,3.781494515822364288e+00,2.542150101553838581e+00,1.758467476527030282e-01,1.000000000000000000e+00
5.179999999999999716e+00,3.725501771153260755e+00,2.584364705490898917e+00,1.795152966758369051e-01,1.000000000000000000e+00
5.200000000000000178e+00,3.669079727381073575e+00,2.625745042773326432e+00,1.832957925443340907e-01,1.000000000000000000e+00
5.219999999999999751e+00,3.612303530104742588e+00,2.666216742542206752e+00,1.871901441713438863e-01,1.000000000000000000e+00
5.240000000000000213e+00,3.555248129848955774e+00,2.705707317269181456e+00,1.912001612716389132e-01,1.000000000000000000e+00
5.259999999999999787e+00,3.497987976857194425e+00,2.744146499172293474e+00,1.953275429943088504e-01,1.000000000000000000e+00
5.280000000000000249e+00,3.440596723208083851e+00,2.781466561535547388e+00,1.995738663368751276e-01,1.000000000000000000e+00
5.299999999999999822e+00,3.383146934866839040e+00,2.817602622038865245e+00,2.039405743916749558e-01,1.000000000000000000e+00
5.320000000000000284e+00,3.325709816112734085e+00,2.852492925462152940e+00,2.084289644794661001e-01,1.000000000000000000e+00
5.339999999999999858e+00,3.268354948577549823e+00,2.886079103422031000e+00,2.130401762290651535e-01,1.000000000000000000e+00
5.360000000000000320e+00,3.211150046893890497e+00,2.918306409125685619e+00,2.177751796654000538e-01,1.000000000000000000e+00
5.379999999999999893e+00,3.154160732691705160e+00,2.949123925475974239e+00,2.226347633715839158e-01,1.000000000000000000e+00
5.400000000000000355e+00,3.097450328402344244e+00,2.978484745227708341e+00,2.276195227934517118e-01,1.000000000000000000e+00
5.419999999999999929e+00,3.041079672038194737e+00,3.006346122269208276e+00,2.327298487573987440e-01,1.000000000000000000e+00
5.440000000000000391e+00,2.985106953818617015e+00,3.032669593478120706e+00,2.379659162742789047e-01,1.000000000000000000e+00
5.459999999999999964e+00,2.929587575215599315e+00,3.057421070968832755e+00,2.433276737035192094e-01,1.000000000000000000e+00
5.480000000000000426e+00,2.874574030700975502e+00,3.080570904903796148e+00,2.488148323524535521e-01,1.000000000000000000e+00
5.500000000000000000e+00,2.820115812196477556e+00,3.102093917376643528e+00,2.544268565861411702e-01,1.000000000000000000e+00
5.520000000000000462e+00,2.766259335963002108e+00,3.121969408185803374e+00,2.601629545225899176e-01,1.000000000000000000e+00
5.540000000000000036e+00,2.713047891420235391e+00,3.140181133599062147e+00,2.660220693873335263e-01,1.000000000000000000e+00
5.560000000000000497e+00,2.660521611165488132e+00,3.156717259458752700e+00,2.720028715997017121e-01,1.000000000000000000e+00
5.580000000000000071e+00,2.608717461263718729e+00,3.171570290191532138e+00,2.781037516608677040e-01,1.000000000000000000e+00
5.600000000000000533e+00,2.557669250711025466e+00,3.184736975464595332e+00,2.843228139108604502e-01,1.000000000000000000e+00
5.620000000000000107e+00,2.507407658832313313e+00,3.196218196371098497e+00,2.906578712181965840e-01,1.000000000000000000e+00
5.639999999999999680e+00,2.457960279260690939e+00,3.206018833131897061e+00,2.971064406616341635e-01,1.000000000000000000e+00
5.660000000000000142e+00,2.409351679061042084e+00,3.214147616369490645e+00,3.036657402588009425e-01,1.000000000000000000e+00
5.679999999999999716e+00,2.361603471502206286e+00,3.220616964045107000e+00,3.103326867911312958e-01,1.000000000000000000e+00
5.700000000000000178e+00,2.314734400949847615e+00,3.225442806153465902e+00,3.171038947686944942e-01,1.000000000000000000e+00
5.719999999999999751e+00,2.268760438343587094e+00,3.228644399244700480e+00,3.239756765721571452e-01,1.000000000000000000e+00
5.740000000000000213e+00,2.223694885735137738e+00,3.230244132792266409e+00,3.309440438023387165e-01,1.000000000000000000e+00
5.759999999999999787e+00,2.179548488396678696e+00,3.230267329352745520e+00,3.380047098606501765e-01,1.000000000000000000e+00
5.780000000000000249e+00,2.136329553058023301e+00,3.228742040371654021e+00,3.451530937762070095e-01,1.000000000000000000e+00
5.799999999999999822e+00,2.094044070894696574e+00,3.225698839382098004e+00,3.523843252876451282e-01,1.000000000000000000e+00
5.820000000000000284e+00,2.052695843964316591e+00,3.221170614223753503e+00,3.596932511797090726e-01,1.000000000000000000e+00
5.839999999999999858e+00,2.012286613873143448e+00,3.215192359781356757e+00,3.670744428665951298e-01,1.000000000000000000e+00
5.860000000000000320e+00,1.972816191546001185e+00,3.207800972607687484e+00,3.745222052058927997e-01,1.000000000000000000e+00
5.879999999999999893e+00,1.934282587068723025e+00,3.199035048658664948e+00,3.820305865188476924e-01,1.000000000000000000e+00
5.900000000000000355e+00,1.896682138670845896e+00,3.188934685230134125e+00,3.895933897846456939e-01,1.000000000000000000e+00
5.919999999999999929e+00,1.860009640015631849e+00,3.177541288049368973e+00,3.972041849685622461e-01,1.000000000000000000e+00
5.940000000000000391e+00,1.824258465063050227e+00,3.164897384341160969e+00,4.048563224362085045e-01,1.000000000000000000e+00
5.959999999999999964e+00,1.789420689867716074e+00,3.151046442560137884e+00,4.125429473988065365e-01,1.000000000000000000e+00
5.980000000000000426e+00,1.755487210766818684e+00,3.136032699358974440e+00,4.202570153275071441e-01,1.000000000000000000e+00
6.000000000000000000e+00,1.722447858501830131e+00,3.119900994247395420e+00,4.279913082682911818e-01,1.000000000000000000e+00
6.020000000000000462e+00,1.690291507901537260e+00,3.102696612290059885e+00,4.357384519830256320e-01,1.000000000000000000e+00
6.040000000000000036e+00,1.659006182832134524e+00,3.084465135093058752e+00,4.434909338368360210e-01,1.000000000000000000e+00
6.060000000000000497e+00,1.628579156192373256e+00,3.065252300239126981e+00,4.512411213471528848e-01,1.000000000000000000e+00
6.080000000000000071e+00,1.598997044797871414e+00,3.045103869250857187e+00,4.589812813056343699e-01,1.000000000000000000e+00
6.100000000000000533e+00,1.570245899058541950e+00,3.024065504089130663e+00,4.667035993806936123e-01,1.000000000000000000e+00
6.120000000000000107e+00,1.542311287406737952e+00,3.002182652130449103e+00,4.744002001055973583e-01,1.000000000000000000e+00
6.140000000000000568e+00,1.515178375481253115e+00,2.979500439511539867e+00,4.820631671550673625e-01,1.000000000000000000e+00
6.160000000000000142e+00,1.488832000113955001e+00,2.956063572682107843e+00,4.896845638120230770e-01,1.000000000000000000e+00
6.179999999999999716e+00,1.463256738201845097e+00,2.931916247966447564e+00,4.972564535255557527e-01,1.000000000000000000e+00
6.200000000000000178e+00,1.438436970578025331e+00,2.907102068901306513e+00,5.047709204614160283e-01,1.000000000000000000e+00
6.219999999999999751e+00,1.414356941020772807e+00,2.881663971090334897e+00,5.122200899472175717e-01,1.000000000000000000e+00
6.240000000000000213e+00,1.391000810561038081e+00,2.855644154294131987e+00,5.195961487161894210e-01,1.000000000000000000e+00
6.259999999999999787e+00,1.368352707265579227e+00,2.829084021458723619e+00,5.268913648556245999e-01,1.000000000000000000e+00
6.280000000000000249e+00,1.346396771685999694e+00,2.802024124373746705e+00,5.340981073691362102e-01,1.000000000000000000e+00
6.299999999999999822e+00,1.325117198173571653e+00,2.774504115644114588e+00,5.412088652654094556e-01,1.000000000000000000e+00
6.320000000000000284e+00,1.304498272266251258e+00,2.746562706655011343e+00,5.482162660902826223e-01,1.000000000000000000e+00
6.339999999999999858e+00,1.284524404358100780e+00,2.718237631209203364e+00,5.551130938236540358e-01,1.000000000000000000e+00
6.360000000000000320e+00,1.265180159862767217e+00,2.689565614517436476e+00,5.618923060678401304e-01,1.000000000000000000e+00
6.379999999999999893e+00,1.246450286082032566e+00,2.660582347226682298e+00,5.685470504595496744e-01,1.000000000000000000e+00
6.400000000000000355e+00,1.228319735988069539e+00,2.631322464176833353e+00,5.750706802435294751e-01,1.000000000000000000e+00
6.419999999999999929e+00,1.210773689124163388e+00,2.601819527583788982e+00,5.814567689521145111e-01,1.000000000000000000e+00
6.440000000000000391e+00,1.193797569823561444e+00,2.572106014355401093e+00,5.876991241413261902e-01,1.000000000000000000e+00
6.459999999999999964e+00,1.177377062940007546e+00,2.542213307256222077e+00,5.937918001407356261e-01,1.000000000000000000e+00
6.480000000000000426e+00,1.161498127276621162e+00,2.512171689647146877e+00,5.997291097809901439e-01,1.000000000000000000e+00
6.500000000000000000e+00,1.146147006892268116e+00,2.482010343536683372e+00,6.055056350696269574e-01,1.000000000000000000e+00
6.520000000000000462e+00,1.131310240456609550e+00,2.451757350691543547e+00,6.111162367925111472e-01,1.000000000000000000e+00
6.540000000000000036e+00,1.116974668816746563e+00,2.421439696565356403e+00,6.165560630248796414e-01,1.000000000000000000e+00
6.560000000000000497e+00,1.103127440929928094e+00,2.391083276815472392e+00,6.218205565424961279e-01,1.000000000000000000e+00
6.580000000000000071e+00,1.089756018308257524e+00,2.360712906188900728e+00,6.269054611297760760e-01,1.000000000000000000e+00
6.600000000000000533e+00,1.076848178112826515e+00,2.330352329569382874e+00,6.318068267878774735e-01,1.000000000000000000e+00
6.620000000000000107e+00,1.064392015026277782e+00,2.300024234988318206e+00,6.365210138516339544e-01,1.000000000000000000e+00
6.640000000000000568e+00,1.052375942024536215e+00,2.269750268412731753e+00,6.410446960297944141e-01,1.000000000000000000e+00
6.660000000000000142e+00,1.040788690160386887e+00,2.239551050133633758e+00,6.453748623882955560e-01,1.000000000000000000e+00
6.679999999999999716e+00,1.029619307463771394e+00,2.209446192587943614e+00,6.495088183012017735e-01,1.000000000000000000e+00
6.700000000000000178e+00,1.018857157056144880e+00,2.179454319456644917e+00,6.534441853984818138e-01,1.000000000000000000e+00
6.719999999999999751e+00,1.008491914569017878e+00,2.149593085890950661e+00,6.571789005439332421e-01,1.000000000000000000e+00
6.740000000000000213e+00,9.985135649499068400e-01,2.119879199727028318e+00,6.607112138803009627e-01,1.000000000000000000e+00
6.759999999999999787e+00,9.889123987323624743e-01,2.090328443558226112e+00,6.640396859819565067e-01,1.000000000000000000e+00
6.780000000000000249e+00,9.796790078405203106e-01,2.060955697541785980e+00,6.671631841584103606e-01,1.000000000000000000e+00
6.799999999999999822e+00,9.708042809927487360e-01,2.031774962824724362e+00,6.700808779544128457e-01,1.000000000000000000e+00
6.820000000000000284e+00,9.622793987634352675e-01,2.002799385480909411e+00,6.727922338944702929e-01,1.000000000000000000e+00
6.839999999999999858e+00,9.540958283567595455e-01,1.974041280858389147e+00,6.752970095212693646e-01,1.000000000000000000e+00
6.860000000000000320e+00,9.462453181414380854e-01,1.945512158242738154e+00,6.775952467787677014e-01,1.000000000000000000e+00
6.879999999999999893e+00,9.387198919908846806e-01,1.917222745748585755e+00,6.796872647915986887e-01,1.000000000000000000e+00
6.900000000000000355e+00,9.315118434689994009e-01,1.889183015357607687e+00,6.815736520929560616e-01,1.000000000000000000e+00
6.919999999999999929e+00,9.246137298978680530e-01,1.861402208027099547e+00,6.832552583532975898e-01,1.000000000000000000e+00
6.940000000000000391e+00,9.180183663400065530e-01,1.833888858798812471e+00,6.847331856620518797e-01,1.000000000000000000e+00
6.959999999999999964e+00,9.117188195244142479e-01,1.806650821843050814e+00,6.860087794140533601e-01,1.000000000000000000e+00
6.980000000000000426e+00,9.057084017425821587e-01,1.779695295378096231e+00,6.870836188516858956e-01,1.000000000000000000e+00
7.000000000000000000e+00,8.999806647377369684e-01,1.753028846409858454e+00,6.879595073127150462e-01,1.000000000000000000e+00
7.020000000000000462e+00,8.945293936079589114e-01,1.726657435241265803e+00,6.886384622325519844e-01,1.000000000000000000e+00
7.040000000000000036e+00,8.893486007413942129e-01,1.700586439705295216e+00,6.891227049482464562e-01,1.000000000000000000e+00
7.060000000000000497e+00,8.844325197995632770e-01,1.674820679079735086e+00,6.894146503498727041e-01,1.000000000000000000e+00
7.080000000000000071e+00,8.797755997627395574e-01,1.649364437645750359e+00,6.895168964231805919e-01,1.000000000000000000e+00
7.100000000000000533e+00,8.753724990495252989e-01,1.624221487856116308e+00,6.894322137254529359e-01,1.000000000000000000e+00
7.120000000000000107e+00,8.712180797210684613e-01,1.599395113082582309e+00,6.891635348344634648e-01,1.000000000000000000e+00
7.140000000000000568e+00,8.673074017788324763e-01,1.574888129915251067e+00,6.887139438082935383e-01,1.000000000000000000e+00
7.160000000000000142e+00,8.636357175634488126e-01,1.550702909990098410e+00,6.880866656915561874e-01,1.000000000000000000e+00
7.179999999999999716e+00,8.601984662609228893e-01,1.526841401323827174e+00,6.872850561013154058e-01,1.000000000000000000e+00
7.200000000000000178e+00,8.569912685213350034e-01,1.503305149138151720e+00,6.863125909236986733e-01,1.000000000000000000e+00
7.219999999999999751e+00,8.540099211941567514e-01,1.480095316158350993e+00,6.851728561498913184e-01,1.000000000000000000e+00
7.240000000000000213e+00,8.512503921833860510e-01,1.457212702373502422e+00,6.838695378778987255e-01,1.000000000000000000e+00
7.259999999999999787e+00,8.487088154248837446e-01,1.434657764248241651e+00,6.824064125041734430e-01,1.000000000000000000e+00
7.280000000000000249e+00,8.463814859875602448e-01,1.412430633378164435e+00,6.807873371269459462e-01,1.000000000000000000e+00
7.299999999999999822e+00,8.442648552994054256e-01,1.390531134583118611e+00,6.790162401808829129e-01,1.000000000000000000e+00
7.320000000000000284e+00,8.423555264987754310e-01,1.368958803434623839e+00,6.770971123205340447e-01,1.000000000000000000e+00
7.339999999999999858e+00,8.406502499108335913e-01,1.347712903215503522e+00,6.750339975679285898e-01,1.000000000000000000e+00
7.360000000000000320e+00,8.391459186485905608e-01,1.326792441311538617e+00,6.728309847376546804e-01,1.000000000000000000e+00
7.379999999999999893e+00,8.378395643375877722e-01,1.306196185036532675e+00,6.704921991508023815e-01,1.000000000000000000e+00
7.400000000000000355e+00,8.367283529629221395e-01,1.285922676893650918e+00,6.680217946472839508e-01,1.000000000000000000e+00
7.419999999999999929e+00,8.358095808370057389e-01,1.265970249277234894e+00,6.654239459042659011e-01,1.000000000000000000e+00
7.440000000000000391e+00,8.350806706861912954e-01,1.246337038620527693e+00,6.627028410667590297e-01,1.000000000000000000e+00
7.459999999999999964e+00,8.345391678541719260e-01,1.227020998995860479e+00,6.598626746948192956e-01,1.000000000000000000e+00
7.480000000000000426e+00,8.341827366198699689e-01,1.208019915174865178e+00,6.569076410303156255e-01,1.000000000000000000e+00
7.500000000000000000e+00,8.340091566273699630e-01,1.189331415157188765e+00,6.538419275848181833e-01,1.000000000000000000e+00
7.520000000000000462e+00,8.340163194253166212e-01,1.170952982176998614e+00,6.506697090488603452e-01,1.000000000000000000e+00
7.540000000000000036e+00,8.342022251130881694e-01,1.152881966197290664e+00,6.473951415216170346e-01,1.000000000000000000e+00
7.560000000000000497e+00,8.345649790909688281e-01,1.135115594902645242e+00,6.440223570589320712e-01,1.000000000000000000e+00
7.580000000000000071e+00,8.351027889114733815e-01,1.117650984201628672e+00,6.405554585366090015e-01,1.000000000000000000e+00
7.600000000000000533e+00,8.358139612289273712e-01,1.100485148250511358e+00,6.369985148249499574e-01,1.000000000000000000e+00
7.620000000000000107e+00,8.366968988443687083e-01,1.083615009010371333e+00,6.333555562696923102e-01,1.000000000000000000e+00
7.640000000000000568e+00,8.377500978428140677e-01,1.067037405349985590e+00,6.296305704737372722e-01,1.000000000000000000e+00
7.660000000000000142e+00,8.389721448199229936e-01,1.050749101707173727e+00,6.258274983733945751e-01,1.000000000000000000e+00
7.679999999999999716e+00,8.403617141950915359e-01,1.034746796321465823e+00,6.219502306022770544e-01,1.000000000000000000e+00
7.700000000000000178e+00,8.419175656080156722e-01,1.019027129051113034e+00,6.180026041354621524e-01,1.000000000000000000e+00
7.719999999999999751e+00,8.436385413957824264e-01,1.003586688787559300e+00,6.139883992060930495e-01,1.000000000000000000e+00
7.740000000000000213e+00,8.455235641475685737e-01,9.884220204805369558e-01,6.099113364862154274e-01,1.000000000000000000e+00
7.759999999999999787e+00,8.475716343340564674e-01,9.735296317869551741e-01,6.057750745233322354e-01,1.000000000000000000e+00
7.780000000000000249e+00,8.497818280087113818e-01,9.589059993567135010e-01,6.015832074239076954e-01,1.000000000000000000e+00
7.799999999999999822e+00,8.521532945781021828e-01,9.445475747684969337e-01,5.973392627748517203e-01,1.000000000000000000e+00
7.820000000000000284e+00,8.546852546384902105e-01,9.304507901285039573e-01,5.930466997938729223e-01,1.000000000000000000e+00
7.839999999999999858e+00,8.573769978759546717e-01,9.166120633449175159e-01,5.887089076994900250e-01,1.000000000000000000e+00
7.860000000000000320e+00,8.602278810273719101e-01,9.030278030907665787e-01,5.843292042914393081e-01,1.000000000000000000e+00
7.879999999999999893e+00,8.632373258996129950e-01,8.896944134676331162e-01,5.799108347322036172e-01,1.000000000000000000e+00
7.900000000000000355e+00,8.664048174443765848e-01,8.766082983824492469e-01,5.754569705204137797e-01,1.000000000000000000e+00
7.919999999999999929e+00,8.697299018861235353e-01,8.637658656493971687e-01,5.709707086469320014e-01,1.000000000000000000e+00
7.940000000000000391e+00,8.732121849006335701e-01,8.511635308286782386e-01,5.664550709245173010e-01,1.000000000000000000e+00
7.959999999999999964e+00,8.768513298417561774e-01,8.387977208136552232e-01,5.619130034820888353e-01,1.000000000000000000e+00
7.980000000000000426e+00,8.806470560139800785e-01,8.266648771775971793e-01,5.573473764147456322e-01,1.000000000000000000e+00
8.000000000000000000e+00,8.845991369885000122e-01,8.147614592909744324e-01,5.527609835808635630e-01,1.000000000000000000e+00
8.019999999999999574e+00,8.887073989605094315e-01,8.030839472199565732e-01,5.481565425377730172e-01,1.000000000000000000e+00
8.040000000000000924e+00,8.929717191455019965e-01,7.916288444164697458e-01,5.435366946077188066e-01,1.000000000000000000e+00
8.060000000000000497e+00,8.973920242124141522e-01,7.803926802098651860e-01,5.389040050660171000e-01,1.000000000000000000e+00
8.080000000000000071e+00,9.019682887514929304e-01,7.693720121099442144e-01,5.342609634435478982e-01,1.000000000000000000e+00
8.099999999999999645e+00,9.067005337748222926e-01,7.585634279307761352e-01,5.296099839359568184e-01,1.000000000000000000e+00
8.120000000000000995e+00,9.115888252474892983e-01,7.479635477444361857e-01,5.249534059121824248e-01,1.000000000000000000e+00
8.140000000000000568e+00,9.166332726474212267e-01,7.375690256734811490e-01,5.202934945151725943e-01,1.000000000000000000e+00
8.160000000000000142e+00,9.218340275519699700e-01,7.273765515306723772e-01,5.156324413479098645e-01,1.000000000000000000e+00
8.179999999999999716e+00,9.271912822493658668e-01,7.173828523141506652e-01,5.109723652381175096e-01,1.000000000000000000e+00
8.199999999999999289e+00,9.327052683732091065e-01,7.075846935659650949e-01,5.063153130752816589e-01,1.000000000000000000e+00
8.220000000000000639e+00,9.383762555582085829e-01,6.979788806015597702e-01,5.016632607138785671e-01,1.000000000000000000e+00
8.240000000000000213e+00,9.442045501154225917e-01,6.885622596175265953e-01,4.970181139369588275e-01,1.000000000000000000e+00
8.259999999999999787e+00,9.501904937252950711e-01,6.793317186846469236e-01,4.923817094744940004e-01,1.000000000000000000e+00
8.279999999999999361e+00,9.563344621468233830e-01,6.702841886329572452e-01,4.877558160711470969e-01,1.000000000000000000e+00
8.300000000000000711e+00,9.626368639412310468e-01,6.614166438353014099e-01,4.831421355983790411e-01,1.000000000000000000e+00
8.320000000000000284e+00,9.690981392085586954e-01,6.527261028955565481e-01,4.785423042060507060e-01,1.000000000000000000e+00
8.339999999999999858e+00,9.757187583356219385e-01,6.442096292474600583e-01,4.739578935089232559e-01,1.000000000000000000e+00
8.359999999999999432e+00,9.824992207538228994e-01,6.358643316697042414e-01,4.693904118036961726e-01,1.000000000000000000e+00
8.380000000000000782e+00,9.894400537053358313e-01,6.276873647227175779e-01,4.648413053124563210e-01,1.000000000000000000e+00
8.400000000000000355e+00,9.965418110162218568e-01,6.196759291123083990e-01,4.603119594486358990e-01,1.000000000000000000e+00
8.419999999999999929e+00,1.003805071875062183e+00,6.118272719851106656e-01,4.558037001017992140e-01,1.000000000000000000e+00
8.439999999999999503e+00,1.011230439615730559e+00,6.041386871605449738e-01,4.513177949377902287e-01,1.000000000000000000e+00
8.460000000000000853e+00,1.018818540502958392e+00,5.966075153037876388e-01,4.468554547109813146e-01,1.000000000000000000e+00
8.480000000000000426e+00,1.026570022519375902e+00,5.892311440440274328e-01,4.424178345855627192e-01,1.000000000000000000e+00
8.500000000000000000e+00,1.034485554152745346e+00,5.820070080420860492e-01,4.380060354630067043e-01,1.000000000000000000e+00
8.519999999999999574e+00,1.042565823182128426e+00,5.749325890112789716e-01,4.336211053130252235e-01,1.000000000000000000e+00
8.540000000000000924e+00,1.050811535461763091e+00,5.680054156952053512e-01,4.292640405055208053e-01,1.000000000000000000e+00
8.560000000000000497e+00,1.059223413701450678e+00,5.612230638059721999e-01,4.249357871412007270e-01,1.000000000000000000e+00
8.580000000000000071e+00,1.067802196242283896e+00,5.545831559261821253e-01,4.206372423786916004e-01,1.000000000000000000e+00
8.599999999999999645e+00,1.076548635826573452e+00,5.480833613778474112e-01,4.163692557561479712e-01,1.000000000000000000e+00
8.620000000000000995e+00,1.085463498360857537e+00,5.417213960612305979e-01,4.121326305055008632e-01,1.000000000000000000e+00
8.640000000000000568e+00,1.094547561670908609e+00,5.354950222664576209e-01,4.079281248576364094e-01,1.000000000000000000e+00
8.660000000000000142e+00,1.103801614247672536e+00,5.294020484606040133e-01,4.037564533369322195e-01,1.000000000000000000e+00
8.679999999999999716e+00,1.113226453983109376e+00,5.234403290528105712e-01,3.996182880437109119e-01,1.000000000000000000e+00
8.700000000000001066e+00,1.122822886894925043e+00,5.176077641398534324e-01,3.955142599232946421e-01,1.000000000000000000e+00
8.720000000000000639e+00,1.132591725839211305e+00,5.119022992344636203e-01,3.914449600204630286e-01,1.000000000000000000e+00
8.740000000000000213e+00,1.142533789210040673e+00,5.063219249785688714e-01,3.874109407182301790e-01,1.000000000000000000e+00
8.759999999999999787e+00,1.152649899625082908e+00,5.008646768435157659e-01,3.834127169599615970e-01,1.000000000000000000e+00
8.779999999999999361e+00,1.162940882596342540e+00,4.955286348192177726e-01,3.794507674539543962e-01,1.000000000000000000e+00
8.800000000000000711e+00,1.173407565185137003e+00,4.903119230940709561e-01,3.755255358596978899e-01,1.000000000000000000e+00
8.820000000000000284e+00,1.184050774640466930e+00,4.852127097273795653e-01,3.716374319551229988e-01,1.000000000000000000e+00
8.839999999999999858e+00,1.194871337019951740e+00,4.802292063159382396e-01,3.677868327842325202e-01,1.000000000000000000e+00
8.859999999999999432e+00,1.205870075792533136e+00,4.753596676563290324e-01,3.639740837845849564e-01,1.000000000000000000e+00
8.880000000000000782e+00,1.217047810422176912e+00,4.706023914044066281e-01,3.601994998941786541e-01,1.000000000000000000e+00
8.900000000000000355e+00,1.228405354931827009e+00,4.659557177333644162e-01,3.564633666373548393e-01,1.000000000000000000e+00
8.919999999999999929e+00,1.239943516446898153e+00,4.614180289916995359e-01,3.527659411894020769e-01,1.000000000000000000e+00
8.939999999999999503e+00,1.251663093717616748e+00,4.569877493623228926e-01,3.491074534196082491e-01,1.000000000000000000e+00
8.960000000000000853e+00,1.263564875619551664e+00,4.526633445239939268e-01,3.454881069125630422e-01,1.000000000000000000e+00
8.980000000000000426e+00,1.275649639631704746e+00,4.484433213161955756e-01,3.419080799675669469e-01,1.000000000000000000e+00
9.000000000000000000e+00,1.287918150291556207e+00,4.443262274085068020e-01,3.383675265760547890e-01,1.000000000000000000e+00
9.019999999999999574e+00,1.300371157626497132e+00,4.403106509754735054e-01,3.348665773769863852e-01,1.000000000000000000e+00
9.040000000000000924e+00,1.313009395561105075e+00,4.363952203779267736e-01,3.314053405902011584e-01,1.000000000000000000e+00
9.060000000000000497e+00,1.325833580299752290e+00,4.325786038516485354e-01,3.279839029277739626e-01,1.000000000000000000e+00
9.080000000000000071e+00,1.338844408684067622e+00,4.288595092042393753e-01,3.246023304834450007e-01,1.000000000000000000e+00
9.099999999999999645e+00,1.352042556524805983e+00,4.252366835210003027e-01,3.212606696002324735e-01,1.000000000000000000e+00
9.120000000000000995e+00,1.365428676907708638e+00,4.217089128806005283e-01,3.179589477163666245e-01,1.000000000000000000e+00
9.140000000000000568e+00,1.379003398472974817e+00,4.182750220812674335e-01,3.146971741897133801e-01,1.000000000000000000e+00
9.160000000000000142e+00,1.392767323667996271e+00,4.149338743781995631e-01,3.114753411008824302e-01,1.000000000000000000e+00
9.179999999999999716e+00,1.406721026973041910e+00,4.116843712328727700e-01,3.082934240352377953e-01,1.000000000000000000e+00
9.200000000000001066e+00,1.420865053099615194e+00,4.085254520748801688e-01,3.051513828440515774e-01,1.000000000000000000e+00
9.220000000000000639e+00,1.435199915161242012e+00,4.054560940769195154e-01,3.020491623850610208e-01,1.000000000000000000e+00
9.240000000000000213e+00,1.449726092816483236e+00,4.024753119435174331e-01,2.989866932427073798e-01,1.000000000000000000e+00
9.259999999999999787e+00,1.464444030384003614e+00,3.995821577140569736e-01,2.959638924283506944e-01,1.000000000000000000e+00
9.279999999999999361e+00,1.479354134929567577e+00,3.967757205806541343e-01,2.929806640607694468e-01,1.000000000000000000e+00
9.300000000000000711e+00,1.494456774324867121e+00,3.940551267214114639e-01,2.900369000272662312e-01,1.000000000000000000e+00
9.320000000000000284e+00,1.509752275278130718e+00,3.914195391495579046e-01,2.871324806257128937e-01,1.000000000000000000e+00
9.339999999999999858e+00,1.525240921336498801e+00,3.888681575789706968e-01,2.842672751878777548e-01,1.000000000000000000e+00
9.359999999999999432e+00,1.540922950860190266e+00,3.864002183065603502e-01,2.814411426843858033e-01,1.000000000000000000e+00
9.380000000000000782e+00,1.556798554968530590e+00,3.840149941119873622e-01,2.786539323116714595e-01,1.000000000000000000e+00
9.400000000000000355e+00,1.572867875457945486e+00,3.817117941751690946e-01,2.759054840612885084e-01,1.000000000000000000e+00
9.419999999999999929e+00,1.589131002692073524e+00,3.794899640120249495e-01,2.731956292719473489e-01,1.000000000000000000e+00
9.439999999999999503e+00,1.605587973464187357e+00,3.773488854289003824e-01,2.705241911646543707e-01,1.000000000000000000e+00
9.460000000000000853e+00,1.622238768832159783e+00,3.752879764961014608e-01,2.678909853613308245e-01,1.000000000000000000e+00
9.480000000000000426e+00,1.639083311926249120e+00,3.733066915409673503e-01,2.652958203872916587e-01,1.000000000000000000e+00
9.500000000000000000e+00,1.656121465730029163e+00,3.714045211609008912e-01,2.627384981579661827e-01,1.000000000000000000e+00
9.519999999999999574e+00,1.673353030834823452e+00,3.695809922567736550e-01,2.602188144502432521e-01,1.000000000000000000e+00
9.540000000000000924e+00,1.690777743168055069e+00,3.678356680871182061e-01,2.577365593588243353e-01,1.000000000000000000e+00
9.560000000000000497e+00,1.708395271695962281e+00,3.661681483435160200e-01,2.552915177379673217e-01,1.000000000000000000e+00
9.580000000000000071e+00,1.726205216101178053e+00,3.645780692475880103e-01,2.528834696290029327e-01,1.000000000000000000e+00
9.599999999999999645e+00,1.744207104435711697e+00,3.630651036699912848e-01,2.505121906740048754e-01,1.000000000000000000e+00
9.620000000000000995e+00,1.762400390749920387e+00,3.616289612718243673e-01,2.481774525159921030e-01,1.000000000000000000e+00
9.640000000000000568e+00,1.780784452698098264e+00,3.602693886688411173e-01,2.458790231860401021e-01,1.000000000000000000e+00
9.660000000000000142e+00,1.799358589121355712e+00,3.589861696188719198e-01,2.436166674776756580e-01,1.000000000000000000e+00
9.679999999999999716e+00,1.818122017608510221e+00,3.577791252328493266e-01,2.413901473089256622e-01,1.000000000000000000e+00
9.700000000000001066e+00,1.837073872035746680e+00,3.566481142098333890e-01,2.391992220723886120e-01,1.000000000000000000e+00
9.720000000000000639e+00,1.856213200085855775e+00,3.555930330964297559e-01,2.370436489736929275e-01,1.000000000000000000e+00
9.740000000000000213e+00,1.875538960747898276e+00,3.546138165709921131e-01,2.349231833587030749e-01,1.000000000000000000e+00
9.759999999999999787e+00,1.895050021798189377e+00,3.537104377529964871e-01,2.328375790298305437e-01,1.000000000000000000e+00
9.779999999999999361e+00,1.914745157263538555e+00,3.528829085379726616e-01,2.307865885518025351e-01,1.000000000000000000e+00
9.800000000000000711e+00,1.934623044867722408e+00,3.521312799583731779e-01,2.287699635472369430e-01,1.000000000000000000e+00
9.820000000000000284e+00,1.954682263462213854e+00,3.514556425707552334e-01,2.267874549823683250e-01,1.000000000000000000e+00
9.839999999999999858e+00,1.974921290442227750e+00,3.508561268696447355e-01,2.248388134432646457e-01,1.000000000000000000e+00
9.859999999999999432e+00,1.995338499149191369e+00,3.503329037284443892e-01,2.229237894028703593e-01,1.000000000000000000e+00
9.880000000000000782e+00,2.015932156260781483e+00,3.498861848677383146e-01,2.210421334792067316e-01,1.000000000000000000e+00
9.900000000000000355e+00,2.036700419169718224e+00,3.495162233513355865e-01,2.191935966850561135e-01,1.000000000000000000e+00
9.919999999999999929e+00,2.057641333352540070e+00,3.492233141103824878e-01,2.173779306694516578e-01,1.000000000000000000e+00
9.939999999999999503e+00,2.078752829729630935e+00,3.490077944958584477e-01,2.155948879512900318e-01,1.000000000000000000e+00
9.960000000000000853e+00,2.100032722017803444e+00,3.488700448597542580e-01,2.138442221453796532e-01,1.000000000000000000e+00
9.980000000000000426e+00,2.121478704076788180e+00,3.488104891652115680e-01,2.121256881812327855e-01,1.000000000000000000e+00
1.000000000000000000e+01,2.143088347251014270e+00,3.488295956258801178e-01,2.104390425149052501e-01,1.000000000000000000e+00
0.000000000000000000e+00,5.000000000000000000e-01,5.000000000000000000e-01,5.000000000000000000e-01,1.444444444444444420e+00
2.000000000000000042e-02,5.090819582530864418e-01,4.867740437283950561e-01,4.891512096790123221e-01,1.444444444444444420e+00
4.000000000000000083e-02,5.184424911369641675e-01,4.739721869156044987e-01,4.784932145108653501e-01,1.444444444444444420e+00
5.999999999999999778e-02,5.280873551294344992e-01,4.615800872873527805e-01,4.680262991923279103e-01,1.444444444444444420e+00
8.000000000000000167e-02,5.380224737379919464e-01,4.495839343983394909e-01,4.577504728042369742e-01,1.444444444444444420e+00
1.000000000000000056e-01,5.482539376636470507e-01,4.379704297777218258e-01,4.476654881964389210e-01,1.444444444444444420e+00
1.199999999999999956e-01,5.587880049761464463e-01,4.267267677551163096e-01,4.377708604494826572e-01,1.444444444444444420e+00
1.400000000000000133e-01,5.696311012888343184e-01,4.158406169564935473e-01,4.280658844373563254e-01,1.444444444444444420e+00
1.600000000000000033e-01,5.807898199213941126e-01,4.053001024579432343e-01,4.185496515169006559e-01,1.444444444444444420e+00
1.799999999999999933e-01,5.922709220386720430e-01,3.950937885841254160e-01,4.092210653705630752e-01,1.444444444444444420e+00
2.000000000000000111e-01,6.040813367537056777e-01,3.852106623372806293e-01,4.000788570299183000e-01,1.444444444444444420e+00
2.200000000000000011e-01,6.162281611829750760e-01,3.756401174419156108e-01,3.911215991079018961e-01,1.444444444444444420e+00
2.399999999999999911e-01,6.287186604417553948e-01,3.663719389896966105e-01,3.823477192680126979e-01,1.444444444444444420e+00
2.600000000000000089e-01,6.415602675672815725e-01,3.573962886686480322e-01,3.737555129588662761e-01,1.444444444444444420e+00
2.800000000000000266e-01,6.547605833572459622e-01,3.487036905604509185e-01,3.653431554424459438e-01,1.444444444444444420e+00
2.999999999999999889e-01,6.683273761109280731e-01,3.402850174894511137e-01,3.571087131442240992e-01,1.444444444444444420e+00
3.200000000000000067e-01,6.822685812600174371e-01,3.321314779069046152e-01,3.490501543530332151e-01,1.444444444444444420e+00
3.400000000000000244e-01,6.965923008759298263e-01,3.242346032939934508e-01,3.411653592981714334e-01,1.444444444444444420e+00
3.599999999999999867e-01,7.113068030401350494e-01,3.165862360672311304e-01,3.334521296307451088e-01,1.444444444444444420e+00
3.800000000000000044e-01,7.264205210637180166e-01,3.091785179700285990e-01,3.259081973356985906e-01,1.444444444444444420e+00
4.000000000000000222e-01,7.419420525420840073e-01,3.020038789344028918e-01,3.185312331003689046e-01,1.444444444444444420e+00
4.199999999999999845e-01,7.578801582303904549e-01,2.950550263970701526e-01,3.113188541647410323e-01,1.444444444444444420e+00
4.400000000000000022e-01,7.742437607249542664e-01,2.883249350544683787e-01,3.042686316778815958e-01,1.444444444444444420e+00
4.600000000000000200e-01,7.910419429355356469e-01,2.818068370415929280e-01,2.973780975842993946e-01,1.444444444444444420e+00
4.799999999999999822e-01,8.082839463330480090e-01,2.754942125198965863e-01,2.906447510632311770e-01,1.444444444444444420e+00
5.000000000000000000e-01,8.259791689568869444e-01,2.693807806598987331e-01,2.840660645430850284e-01,1.444444444444444420e+00
5.200000000000000178e-01,8.441371631657117458e-01,2.634604910045610926e-01,2.776394893125004315e-01,1.444444444444444420e+00
5.400000000000000355e-01,8.627676331151539202e-01,2.577275151999162683e-01,2.713624607487051255e-01,1.444444444444444420e+00
5.600000000000000533e-01,8.818804319455728624e-01,2.521762390798771847e-01,2.652324031830715079e-01,1.444444444444444420e+00
5.799999999999999600e-01,9.014855586626286943e-01,2.468012550926056703e-01,2.592467344230026116e-01,1.444444444444444420e+00
5.999999999999999778e-01,9.215931546931008800e-01,2.415973550562770800e-01,2.534028699485129654e-01,1.444444444444444420e+00
6.199999999999999956e-01,9.422135000980537134e-01,2.365595232325391206e-01,2.476982268011145016e-01,1.444444444444444420e+00
6.400000000000000133e-01,9.633570094251345806e-01,2.316829297064287585e-01,2.421302271818776830e-01,1.444444444444444420e+00
6.600000000000000311e-01,9.850342271814975792e-01,2.269629240619766841e-01,2.366963017748107134e-01,1.444444444444444420e+00
6.800000000000000488e-01,1.007255822908570631e+00,2.223950293431947167e-01,2.313938928109913751e-01,1.444444444444444420e+00
7.000000000000000666e-01,1.030032585839637749e+00,2.179749362906058252e-01,2.262204568881940880e-01,1.444444444444444420e+00
7.199999999999999734e-01,1.053375419120993195e+00,2.136984978439389060e-01,2.211734675600825206e-01,1.444444444444444420e+00
7.399999999999999911e-01,1.077295333577237058e+00,2.095617239020697298e-01,2.162504177083861001e-01,1.444444444444444420e+00
7.600000000000000089e-01,1.101803441001141026e+00,2.055607763317459091e-01,2.114488217108466128e-01,1.444444444444444420e+00
7.800000000000000266e-01,1.126910946948409986e+00,2.016919642170864890e-01,2.067662174171100431e-01,1.444444444444444420e+00
8.000000000000000444e-01,1.152629143017608992e+00,1.979517393422956795e-01,2.022001679441490229e-01,1.444444444444444420e+00
8.200000000000000622e-01,1.178969398595524298e+00,1.943366919004763660e-01,1.977482633022326075e-01,1.444444444444444420e+00
8.399999999999999689e-01,1.205943152048279732e+00,1.908435464218705413e-01,1.934081218619123910e-01,1.444444444444444420e+00
8.599999999999999867e-01,1.233561901338648736e+00,1.874691579152935328e-01,1.891773916719680093e-01,1.444444444444444420e+00
8.800000000000000044e-01,1.261837194050180466e+00,1.842105082169645802e-01,1.850537516377491198e-01,1.444444444444444420e+00
9.000000000000000222e-01,1.290780616799019009e+00,1.810647025413710809e-01,1.810349125688659744e-01,1.444444444444444420e+00
9.200000000000000400e-01,1.320403784014622994e+00,1.780289662292356412e-01,1.771186181047164632e-01,1.444444444444444420e+00
9.400000000000000577e-01,1.350718326071010056e+00,1.751006416880872829e-01,1.733026455258917520e-01,1.444444444444444420e+00
9.599999999999999645e-01,1.381735876750651792e+00,1.722771855213691139e-01,1.695848064590775861e-01,1.444444444444444420e+00
9.799999999999999822e-01,1.413468060023741257e+00,1.695561658424474538e-01,1.659629474826613549e-01,1.444444444444444420e+00
1.000000000000000000e+00,1.445926476126247362e+00,1.669352597703210317e-01,1.624349506398664877e-01,1.444444444444444420e+00
1.020000000000000018e+00,1.479122686920966379e+00,1.644122511042659107e-01,1.589987338658655491e-01,1.444444444444444420e+00
1.040000000000000036e+00,1.513068200526684670e+00,1.619850281750926935e-01,1.556522513349695158e-01,1.444444444444444420e+00
1.060000000000000053e+00,1.547774455201579524e+00,1.596515818711381485e-01,1.523934937336544337e-01,1.444444444444444420e+00
1.080000000000000071e+00,1.583252802468119613e+00,1.574100038375665922e-01,1.492204884648663521e-01,1.444444444444444420e+00
1.100000000000000089e+00,1.619514489467970275e+00,1.552584848480164370e-01,1.461312997887398990e-01,1.444444444444444420e+00
1.120000000000000107e+00,1.656570640536789041e+00,1.531953133480977169e-01,1.431240289045767056e-01,1.444444444444444420e+00
1.140000000000000124e+00,1.694432237990288526e+00,1.512188741707276296e-01,1.401968139786538836e-01,1.444444444444444420e+00
1.159999999999999920e+00,1.733110102114572504e+00,1.493276474237854867e-01,1.373478301221717490e-01,1.444444444444444420e+00
1.179999999999999938e+00,1.772614870355504024e+00,1.475202075510772814e-01,1.345752893234012648e-01,1.444444444444444420e+00
1.199999999999999956e+00,1.812956975703747586e+00,1.457952225681264369e-01,1.318774403378568938e-01,1.444444444444444420e+00
1.219999999999999973e+00,1.854146624274136901e+00,1.441514534748514487e-01,1.292525685400971458e-01,1.444444444444444420e+00
1.239999999999999991e+00,1.896193772080163154e+00,1.425877538477578199e-01,1.266989957405442180e-01,1.444444444444444420e+00
1.260000000000000009e+00,1.939108101006635110e+00,1.411030696148608821e-01,1.242150799705137587e-01,1.444444444444444420e+00
1.280000000000000027e+00,1.982898993985951597e+00,1.396964390171721582e-01,1.217992152384574089e-01,1.444444444444444420e+00
1.300000000000000044e+00,2.027575509385924235e+00,1.383669927612266592e-01,1.194498312602414597e-01,1.444444444444444420e+00
1.320000000000000062e+00,2.073146354619694431e+00,1.371139543678054629e-01,1.171653931661165715e-01,1.444444444444444420e+00
1.340000000000000080e+00,2.119619858991000694e+00,1.359366407227193818e-01,1.149444011868742122e-01,1.444444444444444420e+00
1.360000000000000098e+00,2.167003945790848984e+00,1.348344628362698472e-01,1.127853903215352283e-01,1.444444444444444420e+00
1.380000000000000115e+00,2.215306103664517412e+00,1.338069268187955241e-01,1.106869299887746627e-01,1.444444444444444420e+00
1.400000000000000133e+00,2.264533357270772651e+00,1.328536350805506194e-01,1.086476236641537307e-01,1.444444444444444420e+00
1.419999999999999929e+00,2.314692237258169527e+00,1.319742877650490476e-01,1.066661085051048702e-01,1.444444444444444420e+00
1.439999999999999947e+00,2.365788749586325679e+00,1.311686844259503937e-01,1.047410549654980844e-01,1.444444444444444420e+00
1.459999999999999964e+00,2.417828344223114545e+00,1.304367259585643701e-01,1.028711664015069110e-01,1.444444444444444420e+00
1.479999999999999982e+00,2.470815883251738398e+00,1.297784167981151926e-01,1.010551786703888510e-01,1.444444444444444420e+00
1.500000000000000000e+00,2.524755608424647857e+00,1.291938673980406460e-01,9.929185972369908297e-02,1.444444444444444420e+00
1.520000000000000018e+00,2.579651108204209731e+00,1.286832970028090051e-01,9.758000919636586334e-02,1.444444444444444420e+00
1.540000000000000036e+00,2.635505284332871234e+00,1.282470367310257764e-01,9.591845799297264719e-02,1.444444444444444420e+00
1.560000000000000053e+00,2.692320317978304622e+00,1.278855329859775458e-01,9.430606787251392953e-02,1.444444444444444420e+00
1.580000000000000071e+00,2.750097635501583593e+00,1.275993512122302886e-01,9.274173103281996289e-02,1.444444444444444420e+00
1.600000000000000089e+00,2.808837873898837323e+00,1.273891800184687451e-01,9.122436969577898958e-02,1.444444444444444420e+00
1.620000000000000107e+00,2.868540845968984065e+00,1.272558356884426201e-01,8.975293569442456543e-02,1.444444444444444420e+00
1.640000000000000124e+00,2.929205505262041598e+00,1.272002671036796539e-01,8.832641006289988772e-02,1.444444444444444420e+00
1.660000000000000142e+00,2.990829910864096775e+00,1.272235611035453517e-01,8.694380263026020572e-02,1.444444444444444420e+00
1.679999999999999938e+00,3.053411192076242120e+00,1.273269483102816846e-01,8.560415161902867887e-02,1.444444444444444420e+00
1.699999999999999956e+00,3.116945513045631166e+00,1.275118094488532361e-01,8.430652324938028852e-02,1.444444444444444420e+00
1.719999999999999973e+00,3.181428037407179943e+00,1.277796821937775273e-01,8.305001134979236865e-02,1.444444444444444420e+00
1.739999999999999991e+00,3.246852892994342099e+00,1.281322685776267178e-01,8.183373697496887367e-02,1.444444444444444420e+00
1.760000000000000009e+00,3.313213136676736781e+00,1.285714429985721774e-01,8.065684803181906448e-02,1.444444444444444420e+00
1.780000000000000027e+00,3.380500719381161812e+00,1.290992608672109632e-01,7.951851891424928376e-02,1.444444444444444420e+00
1.800000000000000044e+00,3.448706451350646240e+00,1.297179679359760640e-01,7.841795014750935211e-02,1.444444444444444420e+00
1.820000000000000062e+00,3.517819967693618377e+00,1.304300103577006598e-01,7.735436804282241896e-02,1.444444444444444420e+00
1.840000000000000080e+00,3.587829694271948533e+00,1.312380455233935761e-01,7.632702436301971871e-02,1.444444444444444420e+00
1.860000000000000098e+00,3.658722813972527188e+00,1.321449537329974222e-01,7.533519599989846327e-02,1.444444444444444420e+00
1.880000000000000115e+00,3.730485233402097478e+00,1.331538507568564289e-01,7.437818466402350281e-02,1.444444444444444420e+00
1.900000000000000133e+00,3.803101550039247325e+00,1.342681013498263631e-01,7.345531658770046435e-02,1.444444444444444420e+00
1.919999999999999929e+00,3.876555019870740804e+00,1.354913337844250165e-01,7.256594224186069253e-02,1.444444444444444420e+00
1.939999999999999947e+00,3.950827525531675377e+00,1.368274554741581162e-01,7.170943606761642775e-02,1.444444444444444420e+00
1.959999999999999964e+00,4.025899544960285681e+00,1.382806697631691339e-01,7.088519622326820702e-02,1.444444444444444420e+00
1.979999999999999982e+00,4.101750120568535607e+00,1.398554939636589833e-01,7.009264434757660200e-02,1.444444444444444420e+00
2.000000000000000000e+00,4.178356828918913912e+00,1.415567787281070966e-01,6.933122534014633798e-02,1.444444444444444420e+00
2.020000000000000018e+00,4.255695750886095752e+00,1.433897288491994271e-01,6.860040715981388648e-02,1.444444444444444420e+00
2.040000000000000036e+00,4.333741442269319677e+00,1.453599255865291595e-01,6.789968064197965392e-02,1.444444444444444420e+00
2.060000000000000053e+00,4.412466904807465617e+00,1.474733506255755111e-01,6.722855933588348099e-02,1.444444444444444420e+00
2.080000000000000071e+00,4.491843557533925946e+00,1.497364117811721962e-01,6.658657936288805979e-02,1.444444444444444420e+00
2.100000000000000089e+00,4.571841208392480205e+00,1.521559705646314820e-01,6.597329929690935735e-02,1.444444444444444420e+00
2.120000000000000107e+00,4.652428026018500695e+00,1.547393717408632186e-01,6.538830006821702567e-02,1.444444444444444420e+00
2.140000000000000124e+00,4.733570511572071204e+00,1.574944750091866186e-01,6.483118489192182810e-02,1.444444444444444420e+00
2.160000000000000142e+00,4.815233470490976941e+00,1.604296889490244848e-01,6.430157922257190295e-02,1.444444444444444420e+00
2.180000000000000160e+00,4.897379984012186327e+00,1.635540073792338123e-01,6.379913073639624510e-02,1.444444444444444420e+00
2.200000000000000178e+00,4.979971380290456828e+00,1.668770482873848937e-01,6.332350934286327948e-02,1.444444444444444420e+00
2.220000000000000195e+00,5.062967204922236952e+00,1.704090954927522938e-01,6.287440722736506449e-02,1.444444444444444420e+00
2.240000000000000213e+00,5.146325190662219384e+00,1.741611432140070803e-01,6.245153892699588372e-02,1.444444444444444420e+00
2.260000000000000231e+00,5.230001226098977440e+00,1.781449437194490837e-01,6.205464144156764422e-02,1.444444444444444420e+00
2.280000000000000249e+00,5.313949323035278560e+00,1.823730582439130055e-01,6.168347438219601991e-02,1.444444444444444420e+00
2.300000000000000266e+00,5.398121582298211152e+00,1.868589113620063857e-01,6.133782016000129816e-02,1.444444444444444420e+00
2.319999999999999840e+00,5.482468157684460941e+00,1.916168490118305145e-01,6.101748421769860597e-02,1.444444444444444420e+00
2.339999999999999858e+00,5.566937217727351062e+00,1.966622003664918739e-01,6.072229530710461509e-02,1.444444444444444420e+00
2.359999999999999876e+00,5.651474904954992162e+00,2.020113437521651178e-01,6.045210581586439591e-02,1.444444444444444420e+00
2.379999999999999893e+00,5.736025292293570388e+00,2.076817768107916407e-01,6.020679214700397353e-02,1.444444444444444420e+00
2.399999999999999911e+00,5.820530336257011328e+00,2.136921911021860410e-01,5.998625515524408369e-02,1.444444444444444420e+00
2.419999999999999929e+00,5.904929826554613292e+00,2.200625513337883810e-01,5.979042064436999870e-02,1.444444444444444420e+00
2.439999999999999947e+00,5.989161331742496763e+00,2.268141793958609320e-01,5.961923993034386193e-02,1.444444444444444420e+00
2.459999999999999964e+00,6.073160140543681251e+00,2.339698433647909581e-01,5.947269047527163621e-02,1.444444444444444420e+00
2.479999999999999982e+00,6.156859198466273497e+00,2.415538516164138505e-01,5.935077659779908199e-02,1.444444444444444420e+00
2.500000000000000000e+00,6.240189039360664047e+00,2.495921521638664320e-01,5.925353026601234280e-02,1.444444444444444420e+00
2.520000000000000018e+00,6.323077711576055471e+00,2.581124372992177896e-01,5.918101197946129544e-02,1.444444444444444420e+00
2.540000000000000036e+00,6.405450698405458887e+00,2.671442535736441304e-01,5.913331174750987435e-02,1.444444444444444420e+00
2.560000000000000053e+00,6.487230832548052994e+00,2.767191170956679880e-01,5.911055017184976834e-02,1.444444444444444420e+00
2.580000000000000071e+00,6.568338204370259170e+00,2.868706340592348525e-01,5.911287964169367054e-02,1.444444444444444420e+00
2.600000000000000089e+00,6.648690063814038709e+00,2.976346263312028007e-01,5.914048565089412984e-02,1.444444444444444420e+00
2.620000000000000107e+00,6.728200715884877781e+00,3.090492618290078264e-01,5.919358824701504568e-02,1.444444444444444420e+00
2.640000000000000124e+00,6.806781409755173762e+00,3.211551893014487069e-01,5.927244362321593824e-02,1.444444444444444420e+00
2.660000000000000142e+00,6.884340221643856950e+00,3.339956769860874530e-01,5.937734586469495257e-02,1.444444444444444420e+00
2.680000000000000160e+00,6.960781931782976883e+00,3.476167544528416808e-01,5.950862886237434646e-02,1.444444444444444420e+00
2.700000000000000178e+00,7.036007895959757619e+00,3.620673567519043790e-01,5.966666840750071976e-02,1.444444444444444420e+00
2.720000000000000195e+00,7.109915912331563170e+00,3.773994697619271754e-01,5.985188448186820609e-02,1.444444444444444420e+00
2.740000000000000213e+00,7.182400084454850564e+00,3.936682753780827437e-01,6.006474375945250466e-02,1.444444444444444420e+00
2.760000000000000231e+00,7.253350681751053131e+00,4.109322948857420110e-01,6.030576233635993877e-02,1.444444444444444420e+00
2.780000000000000249e+00,7.322653998956146992e+00,4.292535285306445236e-01,6.057550870714024233e-02,1.444444444444444420e+00
2.800000000000000266e+00,7.390192216469954722e+00,4.486975889173459020e-01,6.087460700667311070e-02,1.444444444444444420e+00
2.819999999999999840e+00,7.455843263939447851e+00,4.693338254414317068e-01,6.120374053800099051e-02,1.444444444444444420e+00
2.839999999999999858e+00,7.519480689880389868e+00,4.912354364850642918e-01,6.156365560762608324e-02,1.444444444444444420e+00
2.859999999999999876e+00,7.580973540666052557e+00,5.144795655782301580e-01,6.195516569089347392e-02,1.444444444444444420e+00
2.879999999999999893e+00,7.640186252791870025e+00,5.391473771490492561e-01,6.237915595111640649e-02,1.444444444444444420e+00
2.899999999999999911e+00,7.696978562960992143e+00,5.653241068566777772e-01,6.283658813702776291e-02,1.444444444444444420e+00
2.919999999999999929e+00,7.751205441226291626e+00,5.930990808226546118e-01,6.332850588392197055e-02,1.444444444444444420e+00
2.939999999999999947e+00,7.802717053165753924e+00,6.225656973565335539e-01,6.385604044443241034e-02,1.444444444444444420e+00
2.959999999999999964e+00,7.851358757853818204e+00,6.538213640180130515e-01,6.442041687521178617e-02,1.444444444444444420e+00
2.979999999999999982e+00,7.896971149211219121e+00,6.869673820831605493e-01,6.502296070577588682e-02,1.444444444444444420e+00
3.000000000000000000e+00,7.939390149155969745e+00,7.221087697040514675e-01,6.566510511535472716e-02,1.444444444444444420e+00
3.020000000000000018e+00,7.978447161819089750e+00,7.593540142920984781e-01,6.634839864267483289e-02,1.444444444444444420e+00
3.040000000000000036e+00,8.013969298905463390e+00,7.988147439448367582e-01,6.707451345206677518e-02,1.444444444444444420e+00
3.060000000000000053e+00,8.045779687040969463e+00,8.406053071105024088e-01,6.784525417703385353e-02,1.444444444444444420e+00
3.080000000000000071e+00,8.073697868612470074e+00,8.848422491889410546e-01,6.866256735929657240e-02,1.444444444444444420e+00
3.100000000000000089e+00,8.097540308130028563e+00,9.316436744542904158e-01,6.952855149719736061e-02,1.444444444444444420e+00
3.120000000000000107e+00,8.117121016464874828e+00,9.811284816163760025e-01,7.044546771205012492e-02,1.444444444444444420e+00
3.140000000000000124e+00,8.132252305377779322e+00,1.033415461584334283e+00,7.141575103437877714e-02,1.444444444444444420e+00
3.160000000000000142e+00,8.142745684478084556e+00,1.088622246635965407e+00,7.244202230382643104e-02,1.444444444444444420e+00
3.180000000000000160e+00,8.148412912064253888e+00,1.146864101314301720e+00,7.352710066664606969e-02,1.444444444444444420e+00
3.200000000000000178e+00,8.149067210108144721e+00,1.208252547057168336e+00,7.467401664291661856e-02,1.444444444444444420e+00
3.220000000000000195e+00,8.144524651871037690e+00,1.272893814904386467e+00,7.588602572178096417e-02,1.444444444444444420e+00
3.240000000000000213e+00,8.134605728196003582e+00,1.340887123703936590e+00,7.716662242690577878e-02,1.444444444444444420e+00
3.260000000000000231e+00,8.119137095332582987e+00,1.412322785124410007e+00,7.851955477586640419e-02,1.444444444444444420e+00
3.280000000000000249e+00,8.097953503155148169e+00,1.487280141528366961e+00,7.994883903615086773e-02,1.444444444444444420e+00
3.300000000000000266e+00,8.070899897797984224e+00,1.565825348392598571e+00,8.145877465688459995e-02,1.444444444444444420e+00
3.320000000000000284e+00,8.037833687043173470e+00,1.648009019460021429e+00,8.305395922919767138e-02,1.444444444444444420e+00
3.339999999999999858e+00,7.998627150299517652e+00,1.733863760106549412e+00,8.473930329945923712e-02,1.444444444444444420e+00
3.359999999999999876e+00,7.953169967792929285e+00,1.823401622375708575e+00,8.652004482855786549e-02,1.444444444444444420e+00
3.379999999999999893e+00,7.901371835804108734e+00,1.916611523573610754e+00,8.840176305729198492e-02,1.444444444444444420e+00
3.399999999999999911e+00,7.843165126661121533e+00,2.013456678948398526e+00,9.039039150316292848e-02,1.444444444444444420e+00
3.419999999999999929e+00,7.778507544019830355e+00,2.113872107441243653e+00,9.249222977799115286e-02,1.444444444444444420e+00
3.439999999999999947e+00,7.707384716114570544e+00,2.217762277351678968e+00,9.471395387951825340e-02,1.444444444444444420e+00
3.459999999999999964e+00,7.629812662572170723e+00,2.324998965501250847e+00,9.706262457439454594e-02,1.444444444444444420e+00
3.479999999999999982e+00,7.545840064543851256e+00,2.435419408549386766e+00,9.954569345572987504e-02,1.444444444444444420e+00
3.500000000000000000e+00,7.455550263840866165e+00,2.548824827935726844e+00,1.021710062269120811e-01,1.444444444444444420e+00
3.520000000000000018e+00,7.359062914979047854e+00,2.664979409931743870e+00,1.049468027360230538e-01,1.444444444444444420e+00
3.540000000000000036e+00,7.256535215023393270e+00,2.783609818980492534e+00,1.078817132633769910e-01,1.444444444444444420e+00
3.560000000000000053e+00,7.148162640271825907e+00,2.904405315498255646e+00,1.109847505500183018e-01,1.444444444444444420e+00
3.580000000000000071e+00,7.034179126393650172e+00,3.027018538381574420e+00,1.142652970490315861e-01,1.444444444444444420e+00
3.600000000000000089e+00,6.914856639736015609e+00,3.151066997596412733e+00,1.177330868857899976e-01,1.444444444444444420e+00
3.620000000000000107e+00,6.790504102014172538e+00,3.276135303663261222e+00,1.213981820292687475e-01,1.444444444444444420e+00
3.640000000000000124e+00,6.661465648157450126e+00,3.401778139107266341e+00,1.252709422055796329e-01,1.444444444444444420e+00
3.660000000000000142e+00,6.528118217100773002e+00,3.527523952805844853e+00,1.293619881280066997e-01,1.444444444444444420e+00
3.680000000000000160e+00,6.390868496972588630e+00,3.652879332678931945e+00,1.336821576757980246e-01,1.444444444444444420e+00
3.700000000000000178e+00,6.250149268426477889e+00,3.777333986570581725e+00,1.382424547271737525e-01,1.444444444444444420e+00
3.720000000000000195e+00,6.106415211657470365e+00,3.900366236831050770e+00,1.430539904403937135e-01,1.444444444444444420e+00
3.740000000000000213e+00,5.960138262744959725e+00,4.021448912420050092e+00,1.481279168797619283e-01,1.444444444444444420e+00
3.760000000000000231e+00,5.811802622218705139e+00,4.140055504629369665e+00,1.534753530001053135e-01,1.444444444444444420e+00
3.780000000000000249e+00,5.661899532128947143e+00,4.255666439893145636e+00,1.591073031320217879e-01,1.444444444444444420e+00
3.800000000000000266e+00,5.510921946607867383e+00,4.367775316456643075e+00,1.650345682490309274e-01,1.444444444444444420e+00
3.820000000000000284e+00,5.359359224414350642e+00,4.475894951386723442e+00,1.712676504442124104e-01,1.444444444444444420e+00
3.839999999999999858e+00,5.207691970064763254e+00,4.579563090597989827e+00,1.778166511951145556e-01,1.444444444444444420e+00
3.859999999999999876e+00,5.056387143023107988e+00,4.678347646889926992e+00,1.846911641484675071e-01,1.444444444444444420e+00
3.879999999999999893e+00,4.905893542538975360e+00,4.771851348706282359e+00,1.919001633071036328e-01,1.444444444444444420e+00
3.899999999999999911e+00,4.756637759851309433e+00,4.859715704378465340e+00,1.994518876468877877e-01,1.444444444444444420e+00
3.919999999999999929e+00,4.609020670607022474e+00,4.941624211706512781e+00,2.073537233277515102e-01,1.444444444444444420e+00
3.939999999999999947e+00,4.463414519594604002e+00,5.017304769444789869e+00,2.156120847865229118e-01,1.444444444444444420e+00
3.959999999999999964e+00,4.320160628424064342e+00,5.086531274161755434e+00,2.242322961067065301e-01,1.444444444444444420e+00
3.979999999999999982e+00,4.179567735709209586e+00,5.149124411692031167e+00,2.332184741485045232e-01,1.444444444444444420e+00
4.000000000000000000e+00,4.041910959617884380e+00,5.204951675832893088e+00,2.425734149883239932e-01,1.444444444444444420e+00
4.020000000000000462e+00,3.907431355161951725e+00,5.253926667139307227e+00,2.522984852583455839e-01,1.444444444444444420e+00
4.040000000000000036e+00,3.776336023897014726e+00,5.296007741007399794e+00,2.623935199914835259e-01,1.444444444444444420e+00
4.060000000000000497e+00,3.648798722157414964e+00,5.331196086363975795e+00,2.728567285638449635e-01,1.444444444444444420e+00
4.080000000000000071e+00,3.524960905706148839e+00,5.359533324135441923e+00,2.836846102847874196e-01,1.444444444444444420e+00
4.099999999999999645e+00,3.404933143671929674e+00,5.381098718433041661e+00,2.948718811136989970e-01,1.444444444444444420e+00
4.120000000000000107e+00,3.288796832650151547e+00,5.396006093438312945e+00,3.064114128831539885e-01,1.444444444444444420e+00
4.139999999999999680e+00,3.176606142509253772e+00,5.404400545820129409e+00,3.182941862812430078e-01,1.444444444444444420e+00
4.160000000000000142e+00,3.068390128335501288e+00,5.406455036765102307e+00,3.305092586933965348e-01,1.444444444444444420e+00
4.179999999999999716e+00,2.964154947593426126e+00,5.402366939992985451e+00,3.430437478282717390e-01,1.444444444444444420e+00
4.200000000000000178e+00,2.863886127497564438e+00,5.392354613084109793e+00,3.558828318561790272e-01,1.444444444444444420e+00
4.219999999999999751e+00,2.767550834329659981e+00,5.376654049647501488e+00,3.690097665755058820e-01,1.444444444444444420e+00
4.240000000000000213e+00,2.675100103586078859e+00,5.355515659817269736e+00,3.824059198965030215e-01,1.444444444444444420e+00
4.259999999999999787e+00,2.586470997054099108e+00,5.329201216707328825e+00,3.960508236968167117e-01,1.444444444444444420e+00
4.280000000000000249e+00,2.501588659910642054e+00,5.297980997116231272e+00,4.099222428637098181e-01,1.444444444444444420e+00
4.299999999999999822e+00,2.420368257497567122e+00,5.262131136200835613e+00,4.239962610985801850e-01,1.444444444444444420e+00
4.320000000000000284e+00,2.342716777402347184e+00,5.221931208192491347e+00,4.382473828247476222e-01,1.444444444444444420e+00
4.339999999999999858e+00,2.268534687767336244e+00,5.177662038601777539e+00,4.526486503140446094e-01,1.444444444444444420e+00
4.360000000000000320e+00,2.197717447319397444e+00,5.129603747775684397e+00,4.671717749358250127e-01,1.444444444444444420e+00
4.379999999999999893e+00,2.130156866448480457e+00,5.078034021113570162e+00,4.817872812376011171e-01,1.444444444444444420e+00
4.400000000000000355e+00,2.065742321793538228e+00,5.023226597658005055e+00,4.964646623932469360e-01,1.444444444444444420e+00
4.419999999999999929e+00,2.004361829263809458e+00,4.965449966070869969e+00,5.111725454056859075e-01,1.444444444444444420e+00
4.440000000000000391e+00,1.945902982294372974e+00,4.904966255085617455e+00,5.258788643287797271e-01,1.444444444444444420e+00
4.459999999999999964e+00,1.890253763476773985e+00,4.842030304287553655e+00,5.405510396797058581e-01,1.444444444444444420e+00
4.480000000000000426e+00,1.837303238591321941e+00,4.776888900408575722e+00,5.551561621497503873e-01,1.444444444444444420e+00
4.500000000000000000e+00,1.786942142569612813e+00,4.709780164127852942e+00,5.696611786887758599e-01,1.444444444444444420e+00
4.520000000000000462e+00,1.739063367102591018e+00,4.640933072549579208e+00,5.840330790366053959e-01,1.444444444444444420e+00
4.540000000000000036e+00,1.693562359544283469e+00,4.570567102996417219e+00,5.982390808024817819e-01,1.444444444444444420e+00
4.560000000000000497e+00,1.650337442500871443e+00,4.498891984436481195e+00,6.122468112502934545e-01,1.444444444444444420e+00
4.580000000000000071e+00,1.609290063088566702e+00,4.426107543687265000e+00,6.260244840305129177e-01,1.444444444444444420e+00
4.600000000000000533e+00,1.570324980334228071e+00,4.352403634457163939e+00,6.395410692073668635e-01,1.444444444444444420e+00
4.620000000000000107e+00,1.533350398615288324e+00,4.277960138249516930e+00,6.527664550588316850e-01,1.444444444444444420e+00
4.639999999999999680e+00,1.498278054419429628e+00,4.202947027129912527e+00,6.656716002744672567e-01,1.444444444444444420e+00
4.660000000000000142e+00,1.465023263072843251e+00,4.127524479317629336e+00,6.782286753384543232e-01,1.444444444444444420e+00
4.679999999999999716e+00,1.433504931457011189e+00,4.051843039486209719e+00,6.904111920589369733e-01,1.444444444444444420e+00
4.700000000000000178e+00,1.403645542121522150e+00,3.976043816532147446e+00,7.021941203862774872e-01,1.444444444444444420e+00
4.719999999999999751e+00,1.375371113614520802e+00,3.900258712385209936e+00,7.135539918485220845e-01,1.444444444444444420e+00
4.740000000000000213e+00,1.348611141299940197e+00,3.824610676183844316e+00,7.244689891187967579e-01,1.444444444444444420e+00
4.759999999999999787e+00,1.323298522416098022e+00,3.749213978822346860e+00,7.349190214132272914e-01,1.444444444444444420e+00
4.780000000000000249e+00,1.299369468655968696e+00,3.674174503493475630e+00,7.448857855962958130e-01,1.444444444444444420e+00
4.799999999999999822e+00,1.276763409116314918e+00,3.599590048403125131e+00,7.543528130406029764e-01,1.444444444444444420e+00
4.820000000000000284e+00,1.255422886070517885e+00,3.525550638326041319e+00,7.633055024474544314e-01,1.444444444444444420e+00
4.839999999999999858e+00,1.235293445667158485e+00,3.452138842107660643e+00,7.717311389815559863e-01,1.444444444444444420e+00
4.860000000000000320e+00,1.216323525341290956e+00,3.379430093601757612e+00,7.796189002058159234e-01,1.444444444444444420e+00
4.879999999999999893e+00,1.198464339445665772e+00,3.307493013871667387e+00,7.869598494196344829e-01,1.444444444444444420e+00
4.900000000000000355e+00,1.181669764362335506e+00,3.236389732779366923e+00,7.937469171053326278e-01,1.444444444444444420e+00
4.919999999999999929e+00,1.165896224138492920e+00,3.166176208346429988e+00,7.999748712721247434e-01,1.444444444444444420e+00
4.940000000000000391e+00,1.151102577501340818e+00,3.096902542498316535e+00,8.056402775552236051e-01,1.444444444444444420e+00
4.959999999999999964e+00,1.137250006942658764e+00,3.028613292002758417e+00,8.107414499795367879e-01,1.444444444444444420e+00
4.980000000000000426e+00,1.124301910421979134e+00,2.961347773587922561e+00,8.152783933335320254e-01,1.444444444444444420e+00
5.000000000000000000e+00,1.112223796115503927e+00,2.895140362379913679e+00,8.192527381199893322e-01,1.444444444444444420e+00
5.020000000000000462e+00,1.100983180533863681e+00,2.830020782934939305e+00,8.226676690575277506e-01,1.444444444444444420e+00
5.040000000000000036e+00,1.090549490243446051e+00,2.766014392261685995e+00,8.255278481011306679e-01,1.444444444444444420e+00
5.060000000000000497e+00,1.080893967351430840e+00,2.703142454336288303e+00,8.278393329326731997e-01,1.444444444444444420e+00
5.080000000000000071e+00,1.071989578852119873e+00,2.641422405707587906e+00,8.296094918450171996e-01,1.444444444444444420e+00
5.100000000000000533e+00,1.063810929880099732e+00,2.580868111875720405e+00,8.308469159069733490e-01,1.444444444444444420e+00
5.120000000000000107e+00,1.056334180872830375e+00,2.521490114203714050e+00,8.315613292527275213e-01,1.444444444444444420e+00
5.139999999999999680e+00,1.049536968610164767e+00,2.463295867190810284e+00,8.317634982895630857e-01,1.444444444444444420e+00
5.160000000000000142e+00,1.043398331069975704e+00,2.406289965998471114e+00,8.314651405632078607e-01,1.444444444444444420e+00
5.179999999999999716e+00,1.037898636016527210e+00,2.350474364176250663e+00,8.306788339621492545e-01,1.444444444444444420e+00
5.200000000000000178e+00,1.033019513220612584e+00,2.295848581585432591e+00,8.294179268819678041e-01,1.444444444444444420e+00
5.219999999999999751e+00,1.028743790197054420e+00,2.242409902564052260e+00,8.276964499092170913e-01,1.444444444444444420e+00
5.240000000000000213e+00,1.025055431335252232e+00,2.190153564418018117e+00,8.255290295225867769e-01,1.444444444444444420e+00
5.259999999999999787e+00,1.021939480291524704e+00,2.139072936359833310e+00,8.229308042479025476e-01,1.444444444444444420e+00
5.280000000000000249e+00,1.019382005507507571e+00,2.089159689049175483e+00,8.199173436436689721e-01,1.444444444444444420e+00
5.299999999999999822e+00,1.017370048716436104e+00,2.040403954918561968e+00,8.165045704360023304e-01,1.444444444444444420e+00
5.320000000000000284e+00,1.015891576298374899e+00,1.992794479492704829e+00,8.127086860664443080e-01,1.444444444444444420e+00
5.339999999999999858e+00,1.014935433346061178e+00,1.946318763932166407e+00,8.085460998637228336e-01,1.444444444444444420e+00
5.360000000000000320e+00,1.014491300304720900e+00,1.900963199050728081e+00,8.040333620013603300e-01,1.444444444444444420e+00
5.379999999999999893e+00,1.014549652051781825e+00,1.856713191071674540e+00,7.991871003573506327e-01,1.444444444444444420e+00
5.400000000000000355e+00,1.015101719285645521e+00,1.813553279401147078e+00,7.940239613500968963e-01,1.444444444444444420e+00
5.419999999999999929e+00,1.016139452096425977e+00,1.771467246707013610e+00,7.885605547864975584e-01,1.444444444444444420e+00
5.440000000000000391e+00,1.017655485595696074e+00,1.730438221599513993e+00,7.828134027235087444e-01,1.444444444444444420e+00
5.459999999999999964e+00,1.019643107486661204e+00,1.690448774215445260e+00,7.767988923136546209e-01,1.444444444444444420e+00
5.480000000000000426e+00,1.022096227460740137e+00,1.651481005011036229e+00,7.705332325777229929e-01,1.444444444444444420e+00
5.500000000000000000e+00,1.025009348311174628e+00,1.613516627070091136e+00,7.640324150241435408e-01,1.444444444444444420e+00
5.520000000000000462e+00,1.028377538658955093e+00,1.576537042233642438e+00,7.573121780141461867e-01,1.444444444444444420e+00
5.540000000000000036e+00,1.032196407190998366e+00,1.540523411355408712e+00,7.503879747545584289e-01,1.444444444444444420e+00
5.560000000000000497e+00,1.036462078315081747e+00,1.505456718983979814e+00,7.432749447858243430e-01,1.444444444444444420e+00
5.580000000000000071e+00,1.041171169140516994e+00,1.471317832768002098e+00,7.359878888213053916e-01,1.444444444444444420e+00
5.600000000000000533e+00,1.046320767697894727e+00,1.438087557874877964e+00,7.285412467849377016e-01,1.444444444444444420e+00
5.620000000000000107e+00,1.051908412315435193e+00,1.405746686706772053e+00,7.209490788876502521e-01,1.444444444444444420e+00
5.639999999999999680e+00,1.057932072073526797e+00,1.374276044190172463e+00,7.132250495783790667e-01,1.444444444444444420e+00
5.660000000000000142e+00,1.064390128262911794e+00,1.343656528907023251e+00,7.053824142028222166e-01,1.444444444444444420e+00
5.679999999999999716e+00,1.071281356775684035e+00,1.313869150326658630e+00,6.974340082020694664e-01,1.444444444444444420e+00
5.700000000000000178e+00,1.078604911361786378e+00,1.284895062388529352e+00,6.893922386837000316e-01,1.444444444444444420e+00
5.719999999999999751e+00,1.086360307687049831e+00,1.256715593676142495e+00,6.812690781996890710e-01,1.444444444444444420e+00
5.740000000000000213e+00,1.094547408131983479e+00,1.229312274412824646e+00,6.730760605683162590e-01,1.444444444444444420e+00
5.759999999999999787e+00,1.103166407273524552e+00,1.202666860499955748e+00,6.648242785810614119e-01,1.444444444444444420e+00
5.780000000000000249e+00,1.112217817994787028e+00,1.176761354808292248e+00,6.565243834400497080e-01,1.444444444444444420e+00
5.799999999999999822e+00,1.121702458170511285e+00,1.151578025922969317e+00,6.481865857768289718e-01,1.444444444444444420e+00
5.820000000000000284e+00,1.131621437878419290e+00,1.127099424532806538e+00,6.398206581089979084e-01,1.444444444444444420e+00
5.839999999999999858e+00,1.141976147089035498e+00,1.103308397644700900e+00,6.314359385973355998e-01,1.444444444444444420e+00
5.860000000000000320e+00,1.152768243788736768e+00,1.080188100794212680e+00,6.230413359725073263e-01,1.444444444444444420e+00
5.879999999999999893e+00,1.163999642492866249e+00,1.057722008413988446e+00,6.146453355070479185e-01,1.444444444444444420e+00
5.900000000000000355e+00,1.175672503107673572e+00,1.035893922512439724e+00,6.062560059150633451e-01,1.444444444444444420e+00
5.919999999999999929e+00,1.187789220101665100e+00,1.014687979806150997e+00,5.978810070688793665e-01,1.444444444444444420e+00
5.940000000000000391e+00,1.200352411948629738e+00,9.940886574408327458e-01,5.895275984286321158e-01,1.444444444444444420e+00
5.959999999999999964e+00,1.213364910806199459e+00,9.740807774272982611e-01,5.812026480874945555e-01,1.444444444444444420e+00
5.980000000000000426e+00,1.226829752395274031e+00,9.546495099109293392e-01,5.729126423418099412e-01,1.444444444444444420e+00
6.000000000000000000e+00,1.240750166047031700e+00,9.357803753854196938e-01,5.646636957018301706e-01,1.444444444444444420e+00
6.020000000000000462e+00,1.255129564885533622e+00,9.174592459542522116e-01,5.564615612649930210e-01,1.444444444444444420e+00
6.040000000000000036e+00,1.269971536115147570e+00,8.996723457363792198e-01,5.483116413797001210e-01,1.444444444444444420e+00
6.060000000000000497e+00,1.285279831383148608e+00,8.824062505059332429e-01,5.402189985333512023e-01,1.444444444444444420e+00
6.080000000000000071e+00,1.301058357188919157e+00,8.656478866494978774e-01,5.321883664039399608e-01,1.444444444444444420e+00
6.100000000000000533e+00,1.317311165312175625e+00,8.493845295185117328e-01,5.242241610198076218e-01,1.444444444444444420e+00
6.120000000000000107e+00,1.334042443233586450e+00,8.336038012487514415e-01,5.163304919771798396e-01,1.444444444444444420e+00
6.140000000000000568e+00,1.351256504522045043e+00,8.182936681135412060e-01,5.085111736698721963e-01,1.444444444444444420e+00
6.160000000000000142e+00,1.368957779163699762e+00,8.034424374723564410e-01,5.007697364900433046e-01,1.444444444444444420e+00
6.179999999999999716e+00,1.387150803808649302e+00,7.890387543718112573e-01,4.931094379631009716e-01,1.444444444444444420e+00
6.200000000000000178e+00,1.405840211911980830e+00,7.750715978516453664e-01,4.855332737838300439e-01,1.444444444444444420e+00
6.219999999999999751e+00,1.425030723746561589e+00,7.615302770042341463e-01,4.780439887245187536e-01,1.444444444444444420e+00
6.240000000000000213e+00,1.444727136265708145e+00,7.484044268323282179e-01,4.706440873893143473e-01,1.444444444444444420e+00
6.259999999999999787e+00,1.464934312794546445e+00,7.356840039461791658e-01,4.633358447922532042e-01,1.444444444444444420e+00
6.280000000000000249e+00,1.485657172529546877e+00,7.233592821379037918e-01,4.561213167393903256e-01,1.444444444444444420e+00
6.299999999999999822e+00,1.506900679826380429e+00,7.114208478678816228e-01,4.490023499982059851e-01,1.444444444444444420e+00
6.320000000000000284e+00,1.528669833256892874e+00,6.998595956951446651e-01,4.419805922400094622e-01,1.444444444444444420e+00
6.339999999999999858e+00,1.550969654416641585e+00,6.886667236811050419e-01,4.350575017433931380e-01,1.444444444444444420e+00
6.360000000000000320e+00,1.573805176465088884e+00,6.778337287935541910e-01,4.282343568489333507e-01,1.444444444444444420e+00
6.379999999999999893e+00,1.597181432381194366e+00,6.673524023356536272e-01,4.215122651572905110e-01,1.444444444444444420e+00
6.400000000000000355e+00,1.621103442917807724e+00,6.572148254226036768e-01,4.148921724646463249e-01,1.444444444444444420e+00
6.419999999999999929e+00,1.645576204238932583e+00,6.474133645268200787e-01,4.083748714310366790e-01,1.444444444444444420e+00
6.440000000000000391e+00,1.670604675224613533e+00,6.379406671107538118e-01,4.019610099786072310e-01,1.444444444444444420e+00
6.459999999999999964e+00,1.696193764428896689e+00,6.287896573649495169e-01,3.956510994181442475e-01,1.444444444444444420e+00
6.480000000000000426e+00,1.722348316677033031e+00,6.199535320675428895e-01,3.894455223034251068e-01,1.444444444444444420e+00
6.500000000000000000e+00,1.749073099288833921e+00,6.114257565801393124e-01,3.833445400139992576e-01,1.444444444444444420e+00
6.520000000000000462e+00,1.776372787915852403e+00,6.032000609938854563e-01,3.773483000679643262e-01,1.444444444444444420e+00
6.540000000000000036e+00,1.804251951980856861e+00,5.952704364385342783e-01,3.714568431671448345e-01,1.444444444444444420e+00
6.560000000000000497e+00,1.832715039708880944e+00,5.876311315664084489e-01,3.656701099778290609e-01,1.444444444444444420e+00
6.580000000000000071e+00,1.861766362739986969e+00,5.802766492223735417e-01,3.599879476508731080e-01,1.444444444444444420e+00
6.600000000000000533e+00,1.891410080314759545e+00,5.732017433102389870e-01,3.544101160855527288e-01,1.444444444444444420e+00
6.620000000000000107e+00,1.921650183024464109e+00,5.664014158654063769e-01,3.489362939420377341e-01,1.444444444444444420e+00
6.640000000000000568e+00,1.952490476118748042e+00,5.598709143430677937e-01,3.435660844077864651e-01,1.444444444444444420e+00
6.660000000000000142e+00,1.983934562364751741e+00,5.536057291308257300e-01,3.382990207235178626e-01,1.444444444444444420e+00
6.679999999999999716e+00,2.015985824452507735e+00,5.476015912942475694e-01,3.331345714747179221e-01,1.444444444444444420e+00
6.700000000000000178e+00,2.048647406942561311e+00,5.418544705635794934e-01,3.280721456548856274e-01,1.444444444444444420e+00
6.719999999999999751e+00,2.081922197752828829e+00,5.363605735696237442e-01,3.231110975069212965e-01,1.444444444444444420e+00
6.740000000000000213e+00,2.115812809182826992e+00,5.311163423366199732e-01,3.182507311492158153e-01,1.444444444444444420e+00
6.759999999999999787e+00,2.150321558474559414e+00,5.261184530398691495e-01,3.134903049931159758e-01,1.444444444444444420e+00
6.780000000000000249e+00,2.185450447910522342e+00,5.213638150357816636e-01,3.088290359585201816e-01,1.444444444444444420e+00
6.799999999999999822e+00,2.221201144450498877e+00,5.168495701720294822e-01,3.042661034944105225e-01,1.444444444444444420e+00
6.820000000000000284e+00,2.257574958910047336e+00,5.125730923855184029e-01,2.998006534111464783e-01,1.444444444444444420e+00
6.839999999999999858e+00,2.294572824684843138e+00,5.085319875959756208e-01,2.954318015313436296e-01,1.444444444444444420e+00
6.860000000000000320e+00,2.332195276026307607e+00,5.047240939030605000e-01,2.911586371661350481e-01,1.444444444444444420e+00
6.879999999999999893e+00,2.370442425875253889e+00,5.011474820950534426e-01,2.869802264235692402e-01,1.444444444444444420e+00
6.900000000000000355e+00,2.409313943261580437e+00,4.978004564773488849e-01,2.828956153558376818e-01,1.444444444444444420e+00
6.919999999999999929e+00,2.448809030279358812e+00,4.946815560291749625e-01,2.789038329519500370e-01,1.444444444444444420e+00
6.940000000000000391e+00,2.488926398647979266e+00,4.917895558971776548e-01,2.750038939823887807e-01,1.444444444444444420e+00
6.959999999999999964e+00,2.529664245871332540e+00,4.891234692347348201e-01,2.711948017021772461e-01,1.444444444444444420e+00
6.980000000000000426e+00,2.571020231008324330e+00,4.866825493961042248e-01,2.674755504186902000e-01,1.444444444444444420e+00
7.000000000000000000e+00,2.612991450069315214e+00,4.844662924947509830e-01,2.638451279304233066e-01,1.444444444444444420e+00
7.020000000000000462e+00,2.655574411054367090e+00,4.824744403354392919e-01,2.603025178428214903e-01,1.444444444444444420e+00
7.040000000000000036e+00,2.698765008650452657e+00,4.807069837299043913e-01,2.568467017671434149e-01,1.444444444444444420e+00
7.060000000000000497e+00,2.742558498606020301e+00,4.791641662061368878e-01,2.534766614082170633e-01,1.444444444444444420e+00
7.080000000000000071e+00,2.786949471802526279e+00,4.778464881215051530e-01,2.501913805468142793e-01,1.444444444444444420e+00
7.100000000000000533e+00,2.831931828043736221e+00,4.767547111901028201e-01,2.469898469222474024e-01,1.444444444444444420e+00
7.120000000000000107e+00,2.877498749584737503e+00,4.758898634348309731e-01,2.438710540206648625e-01,1.444444444444444420e+00
7.140000000000000568e+00,2.923642674423725385e+00,4.752532445747952305e-01,2.408340027743983980e-01,1.444444444444444420e+00
7.160000000000000142e+00,2.970355269380693386e+00,4.748464318586079203e-01,2.378777031775922701e-01,1.444444444444444420e+00
7.179999999999999716e+00,3.017627402988195318e+00,4.746712863541185379e-01,2.350011758232253278e-01,1.444444444444444420e+00
7.200000000000000178e+00,3.065449118220339386e+00,4.747299597049434161e-01,2.322034533665199851e-01,1.444444444444444420e+00
7.219999999999999751e+00,3.113809605087137999e+00,4.750249013639050721e-01,2.294835819196204552e-01,1.444444444444444420e+00
7.240000000000000213e+00,3.162697173122262839e+00,4.755588663131127825e-01,2.268406223823137002e-01,1.444444444444444420e+00
7.259999999999999787e+00,3.212099223793161151e+00,4.763349232798935740e-01,2.242736517134638341e-01,1.444444444444444420e+00
7.280000000000000249e+00,3.262002222863379153e+00,4.773564634570992005e-01,2.217817641477325963e-01,1.444444444444444420e+00
7.299999999999999822e+00,3.312391672737826198e+00,4.786272097354449806e-01,2.193640723620657873e-01,1.444444444444444420e+00
7.320000000000000284e+00,3.363252084822606847e+00,4.801512264544524622e-01,2.170197085963393724e-01,1.444444444444444420e+00
7.339999999999999858e+00,3.414566951931988115e+00,4.819329296772454363e-01,2.147478257324780537e-01,1.444444444444444420e+00
7.360000000000000320e+00,3.466318720776040418e+00,4.839770979928493810e-01,2.125475983362858368e-01,1.444444444444444420e+00
7.379999999999999893e+00,3.518488764563567628e+00,4.862888838477391618e-01,2.104182236661598648e-01,1.444444444444444420e+00
7.400000000000000355e+00,3.571057355756104723e+00,4.888738254061256727e-01,2.083589226527988170e-01,1.444444444444444420e+00
7.419999999999999929e+00,3.624003639010096478e+00,4.917378589358275542e-01,2.063689408539630676e-01,1.444444444444444420e+00
7.440000000000000391e+00,3.677305604345881829e+00,4.948873317134952488e-01,2.044475493882968731e-01,1.444444444444444420e+00
7.459999999999999964e+00,3.730940060583862294e+00,4.983290154393863469e-01,2.025940458521833798e-01,1.444444444444444420e+00
7.480000000000000426e+00,3.784882609090284067e+00,5.020701201477835163e-01,2.008077552235698893e-01,1.444444444444444420e+00
7.500000000000000000e+00,3.839107617877459688e+00,5.061183085944355176e-01,1.990880307566751939e-01,1.444444444444444420e+00
7.520000000000000462e+00,3.893588196106090749e+00,5.104817110970254479e-01,1.974342548714717038e-01,1.444444444444444420e+00
7.540000000000000036e+00,3.948296169040665049e+00,5.151689407985591274e-01,1.958458400418220391e-01,1.444444444444444420e+00
7.560000000000000497e+00,4.003202053512808334e+00,5.201891093166463031e-01,1.943222296861445431e-01,1.444444444444444420e+00
7.580000000000000071e+00,4.058275033952055466e+00,5.255518427338358167e-01,1.928628990644812025e-01,1.444444444444444420e+00
7.600000000000000533e+00,4.113482939048831888e+00,5.312672978753866238e-01,1.914673561858478423e-01,1.444444444444444420e+00
7.620000000000000107e+00,4.168792219120683207e+00,5.373461788110083237e-01,1.901351427297570951e-01,1.444444444444444420e+00
7.640000000000000568e+00,4.224167924259975671e+00,5.437997535061109833e-01,1.888658349858201579e-01,1.444444444444444420e+00
7.660000000000000142e+00,4.279573683349638280e+00,5.506398705358487300e-01,1.876590448153525326e-01,1.444444444444444420e+00
7.679999999999999716e+00,4.334971684043056328e+00,5.578789757616455791e-01,1.865144206389318937e-01,1.444444444444444420e+00
7.700000000000000178e+00,4.390322653815182719e+00,5.655301288548335581e-01,1.854316484538799936e-01,1.444444444444444420e+00
7.719999999999999751e+00,4.445585842204355487e+00,5.736070195354266987e-01,1.844104528856662373e-01,1.444444444444444420e+00
7.740000000000000213e+00,4.500719004378423982e+00,5.821239833757870796e-01,1.834505982772548505e-01,1.444444444444444420e+00
7.759999999999999787e+00,4.555678386174662364e+00,5.910960169989187829e-01,1.825518898204402662e-01,1.444444444444444420e+00
7.780000000000000249e+00,4.610418710780796125e+00,6.005387924792541243e-01,1.817141747332336466e-01,1.444444444444444420e+00
7.799999999999999822e+00,4.664893167244339445e+00,6.104686707299969983e-01,1.809373434873753905e-01,1.444444444444444420e+00
7.820000000000000284e+00,4.719053401019582594e+00,6.209027136352790466e-01,1.802213310900523946e-01,1.444444444444444420e+00
7.839999999999999858e+00,4.772849506785976637e+00,6.318586946575152075e-01,1.795661184238902253e-01,1.444444444444444420e+00
7.860000000000000320e+00,4.826230023798538937e+00,6.433551076203837260e-01,1.789717336492679667e-01,1.444444444444444420e+00
7.879999999999999893e+00,4.879141934060279517e+00,6.554111733357866898e-01,1.784382536729623991e-01,1.444444444444444420e+00
7.900000000000000355e+00,4.931530663638580947e+00,6.680468437090048006e-01,1.779658056870642990e-01,1.444444444444444420e+00
7.919999999999999929e+00,4.983340087482003078e+00,6.812828029201102309e-01,1.775545687820196117e-01,1.444444444444444420e+00
7.940000000000000391e+00,5.034512538131060921e+00,6.951404652416619534e-01,1.772047756375250138e-01,1.444444444444444420e+00
7.959999999999999964e+00,5.084988818756095874e+00,7.096419690129580626e-01,1.769167142948473159e-01,1.444444444444444420e+00
7.980000000000000426e+00,5.134708220997262984e+00,7.248101662499111253e-01,1.766907300139302917e-01,1.444444444444444420e+00
8.000000000000000000e+00,5.183608548125683946e+00,7.406686073272747972e-01,1.765272272183973368e-01,1.444444444444444420e+00
8.019999999999999574e+00,5.231626144090627761e+00,7.572415201269098173e-01,1.764266715312415579e-01,1.444444444444444420e+00
8.040000000000000924e+00,5.278695929064839198e+00,7.745537830025764903e-01,1.763895919036124749e-01,1.444444444444444420e+00
8.060000000000000497e+00,5.324751442148209613e+00,7.926308908690300470e-01,1.764165828386474733e-01,1.444444444444444420e+00
8.080000000000000071e+00,5.369724891938311373e+00,8.114989136817770676e-01,1.765083067117488302e-01,1.444444444444444420e+00
8.099999999999999645e+00,5.413547215724022976e+00,8.311844465346714950e-01,1.766654961880604890e-01,1.444444444444444420e+00
8.120000000000000995e+00,5.456148148104622564e+00,8.517145505667013117e-01,1.768889567371433880e-01,1.444444444444444420e+00
8.140000000000000568e+00,5.497456299880153274e+00,8.731166838381348994e-01,1.771795692439684933e-01,1.444444444444444420e+00
8.160000000000000142e+00,5.537399248098233251e+00,8.954186213111428039e-01,1.775382927143324685e-01,1.444444444444444420e+00
8.179999999999999716e+00,5.575903638176260557e+00,9.186483630527630950e-01,1.779661670716354005e-01,1.444444444444444420e+00
8.199999999999999289e+00,5.612895299044371455e+00,9.428340297705226636e-01,1.784643160406307327e-01,1.444444444444444420e+00
8.220000000000000639e+00,5.648299372271622154e+00,9.680037447952417606e-01,1.790339501122478472e-01,1.444444444444444420e+00
8.240000000000000213e+00,5.682040456143456097e+00,9.941855016438145842e-01,1.796763695818829609e-01,1.444444444444444420e+00
8.259999999999999787e+00,5.714042765650245492e+00,1.021407016329526574e+00,1.803929676516397573e-01,1.444444444444444420e+00
8.279999999999999361e+00,5.744230309321954664e+00,1.049695563641343199e+00,1.811852335848600781e-01,1.444444444444444420e+00
8.300000000000000711e+00,5.772527083800082615e+00,1.079077796689308144e+00,1.820547558989049075e-01,1.444444444444444420e+00
8.320000000000000284e+00,5.798857286972113556e+00,1.109579549113500985e+00,1.830032255795123464e-01,1.444444444444444420e+00
8.339999999999999858e+00,5.823145550402866633e+00,1.141225619481700981e+00,1.840324392971602052e-01,1.444444444444444420e+00
8.359999999999999432e+00,5.845317191678484292e+00,1.174039537558676072e+00,1.851443026026871608e-01,1.444444444444444420e+00
8.380000000000000782e+00,5.865298487129518179e+00,1.208043312320368878e+00,1.863408330759701304e-01,1.444444444444444420e+00
8.400000000000000355e+00,5.883016965217117367e+00,1.243257161811363698e+00,1.876241633977146217e-01,1.444444444444444420e+00
8.419999999999999929e+00,5.898401720648343449e+00,1.279699225205637392e+00,1.889965443103881204e-01,1.444444444444444420e+00
8.439999999999999503e+00,5.911383749031398516e+00,1.317385257729860815e+00,1.904603474300219090e-01,1.444444444444444420e+00
8.460000000000000853e+00,5.921896301587858957e+00,1.356328309445755664e+00,1.920180678660350637e-01,1.444444444444444420e+00
8.480000000000000426e+00,5.929875259106456298e+00,1.396538389262639956e+00,1.936723266014157285e-01,1.444444444444444420e+00
8.500000000000000000e+00,5.935259523952200134e+00,1.438022115961518743e+00,1.954258725805569363e-01,1.444444444444444420e+00
8.519999999999999574e+00,5.937991428537396033e+00,1.480782358454785896e+00,1.972815844468241153e-01,1.444444444444444420e+00
8.540000000000000924e+00,5.938017158220603164e+00,1.524817867976142827e+00,1.992424718665762873e-01,1.444444444444444420e+00
8.560000000000000497e+00,5.935287186130340231e+00,1.570122905387364431e+00,2.013116763709333901e-01,1.444444444444444420e+00
8.580000000000000071e+00,5.929756716918803683e+00,1.616686867293885221e+00,2.034924716411480872e-01,1.444444444444444420e+00
8.599999999999999645e+00,5.921386135945033935e+00,1.664493915169764637e+00,2.057882631580879307e-01,1.444444444444444420e+00
8.620000000000000995e+00,5.910141459876832037e+00,1.713522612192426742e+00,2.082025871311617704e-01,1.444444444444444420e+00
8.640000000000000568e+00,5.895994784198004268e+00,1.763745572964805053e+00,2.107391086171454542e-01,1.444444444444444420e+00
8.660000000000000142e+00,5.878924722625744614e+00,1.815129131741586743e+00,2.134016187349042082e-01,1.444444444444444420e+00
8.679999999999999716e+00,5.858916832997152824e+00,1.867633035160140231e+00,2.161940308781144793e-01,1.444444444444444420e+00
8.700000000000001066e+00,5.835964023790425337e+00,1.921210165787333946e+00,2.191203758249101186e-01,1.444444444444444420e+00
8.720000000000000639e+00,5.810066935122291554e+00,1.975806303012169529e+00,2.221847956410848424e-01,1.444444444444444420e+00
8.740000000000000213e+00,5.781234287826465312e+00,2.031359927922347541e+00,2.253915362722497817e-01,1.444444444444444420e+00
8.759999999999999787e+00,5.749483194085547311e+00,2.087802078782726056e+00,2.287449387203566442e-01,1.444444444444444420e+00
8.779999999999999361e+00,5.714839423077372693e+00,2.145056263568901223e+00,2.322494287014412739e-01,1.444444444444444420e+00
8.800000000000000711e+00,5.677337615220974243e+00,2.203038435686088814e+00,2.359095046845073596e-01,1.444444444444444420e+00
8.820000000000000284e+00,5.637021438879241231e+00,2.261657038511806661e+00,2.397297242163391739e-01,1.444444444444444420e+00
8.839999999999999858e+00,5.593943683803761502e+00,2.320813123734527750e+00,2.437146884438816108e-01,1.444444444444444420e+00
8.859999999999999432e+00,5.548166286196885899e+00,2.380400547618651164e+00,2.478690247548119285e-01,1.444444444444444420e+00
8.880000000000000782e+00,5.499760281016392582e+00,2.440306248313816706e+00,2.521973674681905475e-01,1.444444444444444420e+00
8.900000000000000355e+00,5.448805678053611601e+00,2.500410606155170523e+00,2.567043365207261063e-01,1.444444444444444420e+00
8.919999999999999929e+00,5.395391259364886061e+00,2.560587887588698042e+00,2.613945141102991254e-01,1.444444444444444420e+00
8.939999999999999503e+00,5.339614296811382665e+00,2.620706771926879064e+00,2.662724192769903020e-01,1.444444444444444420e+00
8.960000000000000853e+00,5.281580189740151532e+00,2.680630958625683569e+00,2.713424804229440657e-01,1.444444444444444420e+00
8.980000000000000426e+00,5.221402024191398539e+00,2.740219851210896618e+00,2.766090057958947024e-01,1.444444444444444420e+00
9.000000000000000000e+00,5.159200056409787294e+00,2.799329312411130921e+00,2.820761519869685041e-01,1.444444444444444420e+00
9.019999999999999574e+00,5.095101124834485518e+00,2.857812483521047664e+00,2.877478905212622062e-01,1.444444444444444420e+00
9.040000000000000924e+00,5.029237996104312103e+00,2.915520659567208739e+00,2.936279726494365749e-01,1.444444444444444420e+00
9.060000000000000497e+00,4.961748651900898643e+00,2.972304210526373502e+00,2.997198924798327724e-01,1.444444444444444420e+00
9.080000000000000071e+00,4.892775524625034400e+00,3.028013537695444679e+00,3.060268486230401930e-01,1.444444444444444420e+00
9.099999999999999645e+00,4.822464690922752872e+00,3.082500053373055326e+00,3.125517045539699668e-01,1.444444444444444420e+00
9.120000000000000995e+00,4.750965032915739350e+00,3.135617171318385576e+00,3.192969479298172764e-01,1.444444444444444420e+00
9.140000000000000568e+00,4.678427377618441518e+00,3.187221295029029289e+00,3.262646491352741429e-01,1.444444444444444420e+00
9.160000000000000142e+00,4.605003625421796976e+00,3.237172790743559680e+00,3.334564193583856029e-01,1.444444444444444420e+00
9.179999999999999716e+00,4.530845878678563921e+00,3.285336932233049456e+00,3.408733685308962813e-01,1.444444444444444420e+00
9.200000000000001066e+00,4.456105581333927645e+00,3.331584804896211338e+00,3.485160634951644520e-01,1.444444444444444420e+00
9.220000000000000639e+00,4.380932680211967245e+00,3.375794157402001172e+00,3.563844867850665121e-01,1.444444444444444420e+00
9.240000000000000213e+00,4.305474818006499227e+00,3.417850190108875363e+00,3.644779964301326780e-01,1.444444444444444420e+00
9.259999999999999787e+00,4.229876567254168052e+00,3.457646270700429181e+00,3.727952872098136972e-01,1.444444444444444420e+00
9.279999999999999361e+00,4.154278713615318530e+00,3.495084568874788911e+00,3.813343537976967013e-01,1.444444444444444420e+00
9.300000000000000711e+00,4.078817595686337505e+00,3.530076603466557383e+00,3.900924562431319353e-01,1.444444444444444420e+00
9.320000000000000284e+00,4.003624507351717376e+00,3.562543697018604405e+00,3.990660882396389053e-01,1.444444444444444420e+00
9.339999999999999858e+00,3.928825167393056983e+00,3.592417334508504645e+00,4.082509486252545727e-01,1.444444444444444420e+00
9.359999999999999432e+00,3.854539259744235391e+00,3.619639424623525503e+00,4.176419165493867047e-01,1.444444444444444420e+00
9.380000000000000782e+00,3.780880046454463628e+00,3.644162463623808801e+00,4.272330307235703284e-01,1.444444444444444420e+00
9.400000000000000355e+00,3.707954054129020793e+00,3.665949603394885958e+00,4.370174731497426523e-01,1.444444444444444420e+00
9.419999999999999929e+00,3.635860833392593694e+00,3.684974626732430814e+00,4.469875576893196367e-01,1.444444444444444420e+00
9.439999999999999503e+00,3.564692789789226435e+00,3.701221834195021376e+00,4.571347237996756241e-01,1.444444444444444420e+00
9.460000000000000853e+00,3.494535083517664287e+00,3.714685847982443168e+00,4.674495357219231595e-01,1.444444444444444420e+00
9.480000000000000426e+00,3.425465594517569379e+00,3.725371339232648626e+00,4.779216873556146328e-01,1.444444444444444420e+00
9.500000000000000000e+00,3.357554948681354290e+00,3.733292685871897554e+00,4.885400130027195420e-01,1.444444444444444420e+00
9.519999999999999574e+00,3.290866600373424600e+00,3.738473568698459815e+00,4.992925041056530122e-01,1.444444444444444420e+00
9.540000000000000924e+00,3.225456965993727998e+00,3.740946513735227796e+00,5.101663320430359638e-01,1.444444444444444420e+00
9.560000000000000497e+00,3.161375603021425729e+00,3.740752389060435945e+00,5.211478769831264790e-01,1.444444444444444420e+00
9.580000000000000071e+00,3.098665428809301403e+00,3.737939864332472606e+00,5.322227627294254804e-01,1.444444444444444420e+00
9.599999999999999645e+00,3.037362973359194029e+00,3.732564841081722928e+00,5.433758974268195763e-01,1.444444444444444420e+00
9.620000000000000995e+00,2.977498660380053508e+00,3.724689861569006943e+00,5.545915199308181220e-01,1.444444444444444420e+00
9.640000000000000568e+00,2.919097111098446717e+00,3.714383503627166405e+00,5.658532515780007044e-01,1.444444444444444420e+00
9.660000000000000142e+00,2.862177465540924004e+00,3.701719768430919100e+00,5.771441530337506620e-01,1.444444444444444420e+00
9.679999999999999716e+00,2.806753716322917480e+00,3.686777467600964364e+00,5.884467858347041114e-01,1.444444444444444420e+00
9.700000000000001066e+00,2.752835050344417223e+00,3.669639615461354420e+00,5.997432781890309483e-01,1.444444444444444420e+00
9.720000000000000639e+00,2.700426194194028628e+00,3.650392831652650383e+00,6.110153945485553573e-01,1.444444444444444420e+00
9.740000000000000213e+00,2.649527759486770773e+00,3.629126758673861364e+00,6.222446084235925268e-01,1.444444444444444420e+00
9.759999999999999787e+00,2.600136584795096795e+00,3.605933498298105278e+00,6.334121778748884601e-01,1.444444444444444420e+00
9.779999999999999361e+00,2.552246071266646599e+00,3.580907070192538288e+00,6.444992230877540917e-01,1.444444444444444420e+00
9.800000000000000711e+00,2.505846509447255510e+00,3.554142895482514941e+00,6.554868054117849452e-01,1.444444444444444420e+00
9.820000000000000284e+00,2.460925395236494229e+00,3.525737307441045409e+00,6.663560072357357367e-01,1.444444444444444420e+00
9.839999999999999858e+00,2.417467733289716758e+00,3.495787090963406563e+00,6.770880120613009812e-01,1.444444444444444420e+00
9.859999999999999432e+00,2.375456326540978047e+00,3.464389052007295966e+00,6.876641841417237000e-01,1.444444444444444420e+00
9.880000000000000782e+00,2.334872050852229819e+00,3.431639617743718063e+00,6.980661470611592145e-01,1.444444444444444420e+00
9.900000000000000355e+00,2.295694114094124050e+00,3.397634467773914757e+00,7.082758606482759678e-01,1.444444444444444420e+00
9.919999999999999929e+00,2.257900299231716978e+00,3.362468196423014533e+00,7.182756956422557959e-01,1.444444444444444420e+00
9.939999999999999503e+00,2.221467191224437254e+00,3.326234005820582151e+00,7.280485055606416012e-01,1.444444444444444420e+00
9.960000000000000853e+00,2.186370387754569045e+00,3.289023429220143679e+00,7.375776952557413502e-01,1.444444444444444420e+00
9.980000000000000426e+00,2.152584693973531582e+00,3.250926083791598309e+00,7.468472856888176414e-01,1.444444444444444420e+00
1.000000000000000000e+01,2.120084301602080501e+00,3.212029451939493185e+00,7.558419744983018163e-01,1.444444444444444420e+00
0.000000000000000000e+00,5.000000000000000000e-01,5.000000000000000000e-01,5.000000000000000000e-01,1.888888888888888840e+00
2.000000000000000042e-02,5.136466997345678909e-01,4.824856555802469193e-01,4.848175600493827009e-01,1.888888888888888840e+00
4.000000000000000083e-02,5.278206646091930798e-01,4.656913452234980877e-01,4.700417091832619354e-01,1.888888888888888840e+00
5.999999999999999778e-02,5.425382828652572931e-01,4.495857706128906228e-01,4.556676065062759129e-01,1.888888888888888840e+00
8.000000000000000167e-02,5.578165084800437157e-01,4.341391334834945881e-01,4.416899319529127843e-01,1.888888888888888840e+00
1.000000000000000056e-01,5.736728689588290742e-01,4.193230598538922327e-01,4.281029448829049566e-01,1.888888888888888840e+00
1.199999999999999956e-01,5.901254730971216000e-01,4.051105281671549818e-01,4.149005382679747944e-01,1.888888888888888840e+00
1.400000000000000133e-01,6.071930186537275453e-01,3.914758011687187178e-01,4.020762887161855592e-01,1.888888888888888840e+00
1.600000000000000033e-01,6.248947998730149944e-01,3.783943613515688975e-01,3.896235025740508728e-01,1.888888888888888840e+00
1.799999999999999933e-01,6.432507147921350255e-01,3.658428498028671871e-01,3.775352583394399608e-01,1.888888888888888840e+00
2.000000000000000111e-01,6.622812722660699203e-01,3.537990082905139722e-01,3.658044456104245779e-01,1.888888888888888840e+00
2.200000000000000011e-01,6.820075986402132084e-01,3.422416244330037105e-01,3.544238007867507867e-01,1.888888888888888840e+00
2.399999999999999911e-01,7.024514439967580737e-01,3.311504798011691841e-01,3.433859397317602369e-01,1.888888888888888840e+00
2.600000000000000089e-01,7.236351878974935925e-01,3.205063008059220175e-01,3.326833875934760987e-01,1.888888888888888840e+00
2.800000000000000266e-01,7.455818445416843021e-01,3.102907122317928312e-01,3.223086059743341947e-01,1.888888888888888840e+00
2.999999999999999889e-01,7.683150672535608017e-01,3.004861932818812531e-01,3.122540176297804448e-01,1.888888888888888840e+00
3.200000000000000067e-01,7.918591522095828061e-01,2.910760360056797724e-01,3.025120288667587087e-01,1.888888888888888840e+00
3.400000000000000244e-01,8.162390413110697240e-01,2.820443059870889613e-01,2.930750498040453067e-01,1.888888888888888840e+00
3.599999999999999867e-01,8.414803241030431868e-01,2.733758051757486096e-01,2.839355126475057722e-01,1.888888888888888840e+00
3.800000000000000044e-01,8.676092386352107777e-01,2.650560367505407355e-01,2.750858881246979748e-01,1.888888888888888840e+00
4.000000000000000222e-01,8.946526711559593670e-01,2.570711719097455439e-01,2.665187002148606821e-01,1.888888888888888840e+00
4.199999999999999845e-01,9.226381545250482707e-01,2.494080184878317841e-01,2.582265393022296074e-01,1.888888888888888840e+00
4.400000000000000022e-01,9.515938652254192220e-01,2.420539913042233926e-01,2.502020738728379934e-01,1.888888888888888840e+00
4.600000000000000200e-01,9.815486188492058561e-01,2.349970841545917233e-01,2.424380608674932269e-01,1.888888888888888840e+00
4.799999999999999822e-01,1.012531863927662812e+00,2.282258433602712688e-01,2.349273547964869369e-01,1.888888888888888840e+00
5.000000000000000000e-01,1.044573673969383387e+00,2.217293427962827856e-01,2.276629157147927462e-01,1.888888888888888840e+00
5.200000000000000178e-01,1.077704737565874371e+00,2.154971603231678190e-01,2.206378161500370527e-01,1.888888888888888840e+00
5.400000000000000355e-01,1.111956346418358388e+00,2.095193555523966744e-01,2.138452470693877616e-01,1.888888888888888840e+00
5.600000000000000533e-01,1.147360381134627350e+00,2.037864488795082252e-01,2.072785229656902983e-01,1.888888888888888840e+00
5.799999999999999600e-01,1.183949294639934813e+00,1.982894017233810258e-01,2.009310861376810697e-01,1.888888888888888840e+00
5.999999999999999778e-01,1.221756093041346913e+00,1.930195979141268448e-01,1.947965102339183352e-01,1.888888888888888840e+00
6.199999999999999956e-01,1.260814313780752816e+00,1.879688261760469326e-01,1.888685031251781665e-01,1.888888888888888840e+00
6.400000000000000133e-01,1.301158000907918444e+00,1.831292636559069542e-01,1.831409091654593035e-01,1.888888888888888840e+00
6.600000000000000311e-01,1.342821677301657468e+00,1.784934604504785360e-01,1.776077108974128405e-01,1.888888888888888840e+00
6.800000000000000488e-01,1.385840313664451262e+00,1.740543250908730410e-01,1.722630302539505942e-01,1.888888888888888840e+00
7.000000000000000666e-01,1.430249294113785208e+00,1.698051109446687690e-01,1.671011293039767198e-01,1.888888888888888840e+00
7.199999999999999734e-01,1.476084378192165980e+00,1.657394035002170418e-01,1.621164105866191030e-01,1.888888888888888840e+00
7.399999999999999911e-01,1.523381659117352571e+00,1.618511085008195183e-01,1.573034170749993688e-01,1.888888888888888840e+00
7.600000000000000089e-01,1.572177518094876936e+00,1.581344408997100992e-01,1.526568318074595365e-01,1.888888888888888840e+00
7.800000000000000266e-01,1.622508574516553725e+00,1.545839146099652339e-01,1.481714772212495701e-01,1.888888888888888840e+00
8.000000000000000444e-01,1.674411631871509432e+00,1.511943330266206642e-01,1.438423142209615813e-01,1.888888888888888840e+00
8.200000000000000622e-01,1.727923619200401273e+00,1.479607803014057199e-01,1.396644410114621926e-01,1.888888888888888840e+00
8.399999999999999689e-01,1.783081527929073484e+00,1.448786133536347220e-01,1.356330917227137889e-01,1.888888888888888840e+00
8.599999999999999867e-01,1.839922343925033399e+00,1.419434546039364531e-01,1.317436348516798361e-01,1.888888888888888840e+00
8.800000000000000044e-01,1.898482974628926012e+00,1.391511854206750609e-01,1.279915715444662760e-01,1.888888888888888840e+00
9.000000000000000222e-01,1.958800171123779021e+00,1.364979402721384072e-01,1.243725337399540914e-01,1.888888888888888840e+00
9.200000000000000400e-01,2.020910445017269019e+00,1.339801015808640139e-01,1.208822821944167819e-01,1.888888888888888840e+00
9.400000000000000577e-01,2.084849980026742600e+00,1.315942952798609955e-01,1.175167044049828663e-01,1.888888888888888840e+00
9.599999999999999645e-01,2.150654538173294661e+00,1.293373870739907561e-01,1.142718124482895864e-01,1.888888888888888840e+00
9.799999999999999822e-01,2.218359360509950307e+00,1.272064794134191712e-01,1.111437407492722462e-01,1.888888888888888840e+00
1.000000000000000000e+00,2.287999062329975963e+00,1.251989091898721429e-01,1.081287437937370616e-01,1.888888888888888840e+00
1.020000000000000018e+00,2.359607522824595627e+00,1.233122461704490025e-01,1.052231937971667003e-01,1.888888888888888840e+00
1.040000000000000036e+00,2.433217769184969459e+00,1.215442921880045823e-01,1.024235783411014677e-01,1.888888888888888840e+00
1.060000000000000053e+00,2.508861855171141464e+00,1.198930811116380585e-01,9.972649798741839433e-02,1.888888888888888840e+00
1.080000000000000071e+00,2.586570734200819732e+00,1.183568796256646155e-01,9.712866387989042838e-02,1.888888888888888840e+00
1.100000000000000089e+00,2.666374127043181996e+00,1.169341888506363197e-01,9.462689534154293536e-02,1.888888888888888840e+00
1.120000000000000107e+00,2.748300384237353899e+00,1.156237468455702383e-01,9.221811747553002037e-02,1.888888888888888840e+00
1.140000000000000124e+00,2.832376343391592943e+00,1.144245320365857022e-01,8.989935877652414919e-02,1.888888888888888840e+00
1.159999999999999920e+00,2.918627181557371220e+00,1.133357676237065209e-01,8.766774875894491059e-02,1.888888888888888840e+00
1.179999999999999938e+00,3.007076262912210751e+00,1.123569270247105206e-01,8.552051560774273642e-02,1.888888888888888840e+00
1.199999999999999956e+00,3.097744982026001903e+00,1.114877404226780749e-01,8.345498385689727183e-02,1.888888888888888840e+00
1.219999999999999973e+00,3.190652603027264611e+00,1.107282024923795655e-01,8.146857210028420060e-02,1.888888888888888840e+00
1.239999999999999991e+00,3.285816095027971340e+00,1.100785813899335663e-01,7.955879073910643307e-02,1.888888888888888840e+00
1.260000000000000009e+00,3.383249964207661886e+00,1.095394291003568554e-01,7.772323976967146497e-02,1.888888888888888840e+00
1.280000000000000027e+00,3.482966082999068735e+00,1.091115932488168211e-01,7.595960661492584531e-02,1.888888888888888840e+00
1.300000000000000044e+00,3.584973516857754117e+00,1.087962304937004215e-01,7.426566400282520741e-02,1.888888888888888840e+00
1.320000000000000062e+00,3.689278349136605240e+00,1.085948216331569793e-01,7.263926789432519071e-02,1.888888888888888840e+00
1.340000000000000080e+00,3.795883504621719418e+00,1.085091885716936849e-01,7.107835546351980172e-02,1.888888888888888840e+00
1.360000000000000098e+00,3.904788572318386386e+00,1.085415133098544538e-01,6.958094313223094074e-02,1.888888888888888840e+00
1.380000000000000115e+00,4.015989628103668885e+00,1.086943591381631935e-01,6.814512466116193212e-02,1.888888888888888840e+00
1.400000000000000133e+00,4.129479057884539728e+00,1.089706942365461645e-01,6.676906929957006354e-02,1.888888888888888840e+00
1.419999999999999929e+00,4.245245381916657124e+00,1.093739179025664671e-01,6.545101999528610270e-02,1.888888888888888840e+00
1.439999999999999947e+00,4.363273080947594806e+00,1.099078896562300928e-01,6.418929166681285048e-02,1.888888888888888840e+00
1.459999999999999964e+00,4.483542424848609542e+00,1.105769614960980946e-01,6.298226953916970239e-02,1.888888888888888840e+00
1.479999999999999982e+00,4.606029304389712919e+00,1.113860136112289900e-01,6.182840754511555181e-02,1.888888888888888840e+00
1.500000000000000000e+00,4.730705066792781466e+00,1.123404938863655084e-01,6.072622679337909973e-02,1.888888888888888840e+00
1.520000000000000018e+00,4.857536355665545535e+00,1.134464615740819887e-01,5.967431410555446014e-02,1.888888888888888840e+00
1.540000000000000036e+00,4.986484955874454172e+00,1.147106355476575079e-01,5.867132062338142884e-02,1.888888888888888840e+00
1.560000000000000053e+00,5.117507643855462973e+00,1.161404475925951058e-01,5.771596048822617842e-02,1.888888888888888840e+00
1.580000000000000071e+00,5.250556043787756977e+00,1.177441012433521061e-01,5.680700959471091799e-02,1.888888888888888840e+00
1.600000000000000089e+00,5.385576489965236746e+00,1.195306367253853447e-01,5.594330442061271058e-02,1.888888888888888840e+00
1.620000000000000107e+00,5.522509895593391782e+00,1.215100026214725321e-01,5.512374093536537289e-02,1.888888888888888840e+00
1.640000000000000124e+00,5.661291628114149432e+00,1.236931349458864904e-01,5.434727358975739719e-02,1.888888888888888840e+00
1.660000000000000142e+00,5.801851391017700976e+00,1.260920443808197233e-01,5.361291438972780321e-02,1.888888888888888840e+00
1.679999999999999938e+00,5.944113111937636695e+00,1.287199125069310723e-01,5.291973205752518311e-02,1.888888888888888840e+00
1.699999999999999956e+00,6.087994836643594532e+00,1.315911979444475410e-01,5.226685128391928004e-02,1.888888888888888840e+00
1.719999999999999973e+00,6.233408628343809710e+00,1.347217534133098027e-01,5.165345207564547847e-02,1.888888888888888840e+00
1.739999999999999991e+00,6.380260471488509388e+00,1.381289548207521034e-01,5.107876920282883315e-02,1.888888888888888840e+00
1.760000000000000009e+00,6.528450179024233968e+00,1.418318435927330146e-01,5.054209175178406288e-02,1.888888888888888840e+00
1.780000000000000027e+00,6.677871301789510383e+00,1.458512835819398001e-01,5.004276278933234706e-02,1.888888888888888840e+00
1.800000000000000044e+00,6.828411038464598626e+00,1.502101340096731463e-01,4.958017914562557610e-02,1.888888888888888840e+00
1.820000000000000062e+00,6.979950144193629136e+00,1.549334400315515170e-01,4.915379132343825064e-02,1.888888888888888840e+00
1.840000000000000080e+00,7.132362835687894531e+00,1.600486426571318122e-01,4.876310354299102229e-02,1.888888888888888840e+00
1.860000000000000098e+00,7.285516690296564235e+00,1.655858099003053585e-01,4.840767393262558616e-02,1.888888888888888840e+00
1.880000000000000115e+00,7.439272536198350494e+00,1.715778911892693326e-01,4.808711487707787585e-02,1.888888888888888840e+00
1.900000000000000133e+00,7.593484330528112558e+00,1.780609972199106439e-01,4.780109353671724293e-02,1.888888888888888840e+00
1.919999999999999929e+00,7.747999021910324302e+00,1.850747075916543971e-01,4.754933255295862304e-02,1.888888888888888840e+00
1.939999999999999947e+00,7.902656393532017098e+00,1.926624087162552290e-01,4.733161095714064764e-02,1.888888888888888840e+00
1.959999999999999964e+00,8.057288882557807952e+00,2.008716646323563948e-01,4.714776530252636627e-02,1.888888888888888840e+00
1.979999999999999982e+00,8.211721371376947687e+00,2.097546234849813618e-01,4.699769104176014511e-02,1.888888888888888840e+00
2.000000000000000000e+00,8.365770945886943366e+00,2.193684625304967717e-01,4.688134417514264185e-02,1.888888888888888840e+00
2.020000000000000018e+00,8.519246615772303244e+00,2.297758745925490842e-01,4.679874319850883119e-02,1.888888888888888840e+00
2.040000000000000036e+00,8.671948991545344043e+00,2.410455989085495687e-01,4.674997138335877656e-02,1.888888888888888840e+00
2.060000000000000053e+00,8.823669912997043951e+00,2.532529992513127826e-01,4.673517942624837856e-02,1.888888888888888840e+00
2.080000000000000071e+00,8.974192023681879959e+00,2.664806920638819188e-01,4.675458850935303862e-02,1.888888888888888840e+00
2.100000000000000089e+00,9.123288286158796723e+00,2.808192270795878409e-01,4.680849381963034933e-02,1.888888888888888840e+00
2.120000000000000107e+00,9.270721432963688002e+00,2.963678224799818905e-01,4.689726858019060973e-02,1.888888888888888840e+00
2.140000000000000124e+00,9.416243348736921703e+00,3.132351560292117587e-01,4.702136865440071506e-02,1.888888888888888840e+00
2.160000000000000142e+00,9.559594379620154569e+00,3.315402127651009834e-01,4.718133779096302105e-02,1.888888888888888840e+00
2.180000000000000160e+00,9.700502567026658696e+00,3.514131886655954551e-01,4.737781358679003102e-02,1.888888888888888840e+00
2.200000000000000178e+00,9.838682804245811653e+00,3.729964481747538585e-01,4.761153425399717448e-02,1.888888888888888840e+00
2.220000000000000195e+00,9.973835916143539038e+00,3.964455314839940292e-01,4.788334628781135832e-02,1.888888888888888840e+00
2.240000000000000213e+00,1.010564766455702568e+01,4.219302049286543510e-01,4.819421314367914461e-02,1.888888888888888840e+00
2.260000000000000231e+00,1.023378768495719626e+01,4.496355446716782112e-01,4.854522504437244756e-02,1.888888888888888840e+00
2.280000000000000249e+00,1.035790836368178347e+01,4.797630398884986658e-01,4.893761005141863962e-02,1.888888888888888840e+00
2.300000000000000266e+00,1.047764366965199123e+01,5.125316968136383045e-01,4.937274654967183096e-02,1.888888888888888840e+00
2.319999999999999840e+00,1.059260796011149175e+01,5.481791191280857012e-01,4.985217730918397455e-02,1.888888888888888840e+00
2.339999999999999858e+00,1.070239478670553446e+01,5.869625331256309586e-01,5.037762530454524545e-02,1.888888888888888840e+00
2.359999999999999876e+00,1.080657573628323931e+01,6.291597177745331670e-01,5.095101148826643167e-02,1.888888888888888840e+00
2.379999999999999893e+00,1.090469935027369530e+01,6.750697900904585325e-01,5.157447473117320741e-02,1.888888888888888840e+00
2.399999999999999911e+00,1.099629017743889214e+01,7.250137851028320979e-01,5.225039415862405695e-02,1.888888888888888840e+00
2.419999999999999929e+00,1.108084802727001339e+01,7.793349571434753376e-01,5.298141412591307609e-02,1.888888888888888840e+00
2.439999999999999947e+00,1.115784750520838031e+01,8.383987153294431005e-01,5.377047208851136462e-02,1.888888888888888840e+00
2.459999999999999964e+00,1.122673792605444021e+01,9.025920912106841776e-01,5.462082963159940741e-02,1.888888888888888840e+00
2.479999999999999982e+00,1.128694371802367158e+01,9.723226210606803477e-01,5.553610692709081559e-02,1.888888888888888840e+00
2.500000000000000000e+00,1.133786544633899851e+01,1.048016509909355687e+00,5.652032088312141517e-02,1.888888888888888840e+00
2.520000000000000018e+00,1.137888160115317504e+01,1.130115930171569971e+00,5.757792723844163546e-02,1.888888888888888840e+00
2.540000000000000036e+00,1.140935130876449932e+01,1.219075296007813503e+00,5.871386682952228070e-02,1.888888888888888840e+00
2.560000000000000053e+00,1.142861813591688502e+01,1.315356347193776809e+00,5.993361621821675922e-02,1.888888888888888840e+00
2.580000000000000071e+00,1.143601516241255744e+01,1.419421875563225743e+00,6.124324280881057042e-02,1.888888888888888840e+00
2.600000000000000089e+00,1.143087149481702269e+01,1.531727935771687088e+00,6.264946450111376353e-02,1.888888888888888840e+00
2.620000000000000107e+00,1.141252038080386733e+01,1.652714403342445904e+00,6.415971381648381822e-02,1.888888888888888840e+00
2.640000000000000124e+00,1.138030905649268831e+01,1.782793780067863265e+00,6.578220629173160694e-02,1.888888888888888840e+00
2.660000000000000142e+00,1.133361041474013930e+01,1.922338203172587523e+00,6.752601275730338304e-02,1.888888888888888840e+00
2.680000000000000160e+00,1.127183651780371498e+01,2.071664693070787155e+00,6.940113489696110582e-02,1.888888888888888840e+00
2.700000000000000178e+00,1.119445389093755949e+01,2.231018776918572755e+00,7.141858322336283593e-02,1.888888888888888840e+00
2.720000000000000195e+00,1.110100042351996485e+01,2.400556751604429273e+00,7.359045629596987215e-02,1.888888888888888840e+00
2.740000000000000213e+00,1.099110357258480875e+01,2.580326997943608980e+00,7.593001965529626307e-02,1.888888888888888840e+00
2.760000000000000231e+00,1.086449941431610533e+01,2.770250921937170929e+00,7.845178255437455783e-02,1.888888888888888840e+00
2.780000000000000249e+00,1.072105192983739563e+01,2.970104269342449310e+00,8.117157014190368169e-02,1.888888888888888840e+00
2.800000000000000266e+00,1.056077175401387613e+01,3.179499722521479388e+00,8.410658830380096651e-02,1.888888888888888840e+00
2.819999999999999840e+00,1.038383347526585077e+01,3.397871825618077324e+00,8.727547791772111152e-02,1.888888888888888840e+00
2.839999999999999858e+00,1.019059046882759212e+01,3.624465374636761439e+00,9.069835484066250675e-02,1.888888888888888840e+00
2.859999999999999876e+00,9.981586195134246609e+00,3.858328431059325325e+00,9.439683156017107668e-02,1.888888888888888840e+00
2.879999999999999893e+00,9.757560917730515371e+00,4.098311051270469463e+00,9.839401612619685933e-02,1.888888888888888840e+00
2.899999999999999911e+00,9.519452905848870827e+00,4.343070654823470100e+00,1.027144837774737751e-01,1.888888888888888840e+00
2.919999999999999929e+00,9.268393392796287600e+00,4.591084677305086181e+00,1.073842166182434471e-01,1.888888888888888840e+00
2.939999999999999947e+00,9.005694859357129545e+00,4.840670775628322708e+00,1.124305068212591435e-01,1.888888888888888840e+00
2.959999999999999964e+00,8.732832586162196264e+00,5.090014396734279245e+00,1.178818191595514958e-01,1.888888888888888840e+00
2.979999999999999982e+00,8.451419842619875666e+00,5.337203020703760181e+00,1.237676092229177544e-01,1.888888888888888840e+00
3.000000000000000000e+00,8.163177514509136756e+00,5.580265893032038349e+00,1.301180944655427607e-01,1.888888888888888840e+00
3.020000000000000018e+00,7.869899373690119049e+00,5.817217620739459250e+00,1.369639762560265761e-01,1.888888888888888840e+00
3.040000000000000036e+00,7.573414517641531063e+00,6.046103673717805549e+00,1.443361123440682070e-01,1.888888888888888840e+00
3.060000000000000053e+00,7.275548716458767551e+00,6.265045647183460353e+00,1.522651405889264842e-01,1.888888888888888840e+00
3.080000000000000071e+00,6.978086476066238220e+00,6.472284127683193944e+00,1.607810563704239470e-01,1.888888888888888840e+00
3.100000000000000089e+00,6.682735551058492263e+00,6.666217167238798424e+00,1.699127477695900612e-01,1.888888888888888840e+00
3.120000000000000107e+00,6.391095429174241893e+00,6.845432689717005026e+00,1.796874943007283065e-01,1.888888888888888840e+00
3.140000000000000124e+00,6.104630988447556028e+00,7.008733593479265167e+00,1.901304366323421369e-01,1.888888888888888840e+00
3.160000000000000142e+00,5.824652135655169261e+00,7.155154825297343812e+00,2.012640262818807535e-01,1.888888888888888840e+00
3.180000000000000160e+00,5.552299814225671426e+00,7.283972228125459303e+00,2.131074656411915957e-01,1.888888888888888840e+00
3.200000000000000178e+00,5.288538363566583023e+00,7.394703458471173718e+00,2.256761498231288909e-01,1.888888888888888840e+00
3.220000000000000195e+00,5.034153855326378491e+00,7.487101686408283996e+00,2.389811226596776361e-01,1.888888888888888840e+00
3.240000000000000213e+00,4.789757750480823972e+00,7.561143105220843985e+00,2.530285596827932526e-01,1.888888888888888840e+00
3.260000000000000231e+00,4.555795027335561187e+00,7.617009476035349280e+00,2.678192910473664035e-01,1.888888888888888840e+00
3.280000000000000249e+00,4.332555826103742014e+00,7.655067017515548855e+00,2.833483770911425226e-01,1.888888888888888840e+00
3.300000000000000266e+00,4.120189632789868384e+00,7.675842934882435742e+00,2.996047485633545060e-01,1.888888888888888840e+00
3.320000000000000284e+00,3.918721069391176037e+00,7.680000786599924467e+00,3.165709225015447825e-01,1.888888888888888840e+00
3.339999999999999858e+00,3.728066451313765128e+00,7.668315734763907265e+00,3.342228033187542580e-01,1.888888888888888840e+00
3.359999999999999876e+00,3.548050398266484162e+00,7.641650540147512771e+00,3.525295769193533824e-01,1.888888888888888840e+00
3.379999999999999893e+00,3.378421925198925813e+00,7.600932965931963103e+00,3.714537036426130978e-01,1.888888888888888840e+00
3.399999999999999911e+00,3.218869581452359352e+00,7.547135062175309272e+00,3.909510136009839432e-01,1.888888888888888840e+00
3.419999999999999929e+00,3.069035339044927202e+00,7.481254628092631975e+00,4.109709056058691856e-01,1.888888888888888840e+00
3.439999999999999947e+00,2.928527048256154508e+00,7.404298998706190460e+00,4.314566484340714991e-01,1.888888888888888840e+00
3.459999999999999964e+00,2.796929376847719251e+00,7.317271179868082065e+00,4.523457807622955906e-01,1.888888888888888840e+00
3.479999999999999982e+00,2.673813227282350269e+00,7.221158261442408133e+00,4.735706037636935317e-01,1.888888888888888840e+00
3.500000000000000000e+00,2.558743684920236294e+00,7.116921970734265912e+00,4.950587581941754411e-01,1.888888888888888840e+00
3.520000000000000018e+00,2.451286591301365725e+00,7.005491183874758221e+00,5.167338758649349106e-01,1.888888888888888840e+00
3.540000000000000036e+00,2.351013862823419842e+00,6.887756187943445241e+00,5.385162937596513766e-01,1.888888888888888840e+00
3.560000000000000053e+00,2.257507689185653810e+00,6.764564477108404361e+00,5.603238177566860490e-01,1.888888888888888840e+00
3.580000000000000071e+00,2.170363750611731035e+00,6.636717868172775425e+00,5.820725219914503201e-01,1.888888888888888840e+00
3.600000000000000089e+00,2.089193590561188252e+00,6.504970731244657856e+00,6.036775693608259497e-01,1.888888888888888840e+00
3.620000000000000107e+00,2.013626273515340515e+00,6.370029146936474262e+00,6.250540385342288063e-01,1.888888888888888840e+00
3.640000000000000124e+00,1.943309447222835828e+00,6.232550820251026025e+00,6.461177430845592706e-01,1.888888888888888840e+00
3.660000000000000142e+00,1.877909916884100916e+00,6.093145601356645180e+00,6.667860289635439974e-01,1.888888888888888840e+00
3.680000000000000160e+00,1.817113826176280478e+00,5.952376483498196258e+00,6.869785374848602633e-01,1.888888888888888840e+00
3.700000000000000178e+00,1.760626527514674411e+00,5.810760967439406066e+00,7.066179222003035054e-01,1.888888888888888840e+00
3.720000000000000195e+00,1.708172212018856939e+00,5.668772699514135205e+00,7.256305095071774458e-01,1.888888888888888840e+00
3.740000000000000213e+00,1.659493358619267500e+00,5.526843306260805555e+00,7.439468944523530691e-01,1.888888888888888840e+00
3.760000000000000231e+00,1.614350051777731387e+00,5.385364362594227572e+00,7.615024649411704649e-01,1.888888888888888840e+00
3.780000000000000249e+00,1.572519208472989316e+00,5.244689442535790391e+00,7.782378493589460211e-01,1.888888888888888840e+00
3.800000000000000266e+00,1.533793747416381192e+00,5.105136211769818466e+00,7.940992844132833683e-01,1.888888888888888840e+00
3.820000000000000284e+00,1.497981726861189911e+00,4.966988529870407731e+00,8.090389017551722350e-01,1.888888888888888840e+00
3.839999999999999858e+00,1.464905471769831324e+00,4.830498537128779191e+00,8.230149335906381536e-01,1.888888888888888840e+00
3.859999999999999876e+00,1.434400706408255566e+00,4.695888706696755399e+00,8.359918390143920019e-01,1.888888888888888840e+00
3.879999999999999893e+00,1.406315704542798528e+00,4.563353847436014021e+00,8.479403541524576093e-01,1.888888888888888840e+00
3.899999999999999911e+00,1.380510466218324295e+00,4.433063046603002100e+00,8.588374703703527402e-01,1.888888888888888840e+00
3.919999999999999929e+00,1.356855927500011827e+00,4.305161544467597246e+00,8.686663457735301908e-01,1.888888888888888840e+00
3.939999999999999947e+00,1.335233207474506800e+00,4.179772535302763714e+00,8.774161559916663355e-01,1.888888888888888840e+00
3.959999999999999964e+00,1.315532895148386228e+00,4.056998891016044162e+00,8.850818907993290852e-01,1.888888888888888840e+00
3.979999999999999982e+00,1.297654377581438423e+00,3.936924805126074123e+00,8.916641034900106844e-01,1.888888888888888840e+00
4.000000000000000000e+00,1.281505209586941474e+00,3.819617355904846079e+00,8.971686201010466988e-01,1.888888888888888840e+00
4.020000000000000462e+00,1.267000524567454489e+00,3.705127988379544046e+00,9.016062156001103389e-01,1.888888888888888840e+00
4.040000000000000036e+00,1.254062485487214440e+00,3.593493915572529840e+00,9.049922640092009640e-01,1.888888888888888840e+00
4.060000000000000497e+00,1.242619774572786717e+00,3.484739439898614677e+00,9.073463691805770948e-01,1.888888888888888840e+00
4.080000000000000071e+00,1.232607120050218885e+00,3.378877196068972300e+00,9.086919825729737887e-01,1.888888888888888840e+00
4.099999999999999645e+00,1.223964858043129933e+00,3.275909317196626258e+00,9.090560139277179541e-01,1.888888888888888840e+00
4.120000000000000107e+00,1.216638527650170110e+00,3.175828526078376068e+00,9.084684402342757537e-01,1.888888888888888840e+00
4.139999999999999680e+00,1.210578497174305213e+00,3.078619153856141377e+00,9.069619178232627421e-01,1.888888888888888840e+00
4.160000000000000142e+00,1.205739619476019264e+00,2.984258088446858803e+00,9.045714018501729292e-01,1.888888888888888840e+00
4.179999999999999716e+00,1.202080914456127747e+00,2.892715655281201226e+00,9.013337768511319181e-01,1.888888888888888840e+00
4.200000000000000178e+00,1.199565276732176056e+00,2.803956433012286809e+00,8.972875014767065505e-01,1.888888888888888840e+00
4.219999999999999751e+00,1.198159206647973152e+00,2.717940006949575160e+00,8.924722699527786185e-01,1.888888888888888840e+00
4.240000000000000213e+00,1.197832562842859661e+00,2.634621663042687079e+00,8.869286922880105228e-01,1.888888888888888840e+00
4.259999999999999787e+00,1.198558334701316008e+00,2.553953025286740619e+00,8.806979947526532015e-01,1.888888888888888840e+00
4.280000000000000249e+00,1.200312433100981346e+00,2.475882639446471689e+00,8.738217416985123442e-01,1.888888888888888840e+00
4.299999999999999822e+00,1.203073497975424733e+00,2.400356506002238266e+00,8.663415793781578111e-01,1.888888888888888840e+00
4.320000000000000284e+00,1.206822721305104817e+00,2.327318565208381429e+00,8.582990020546966692e-01,1.888888888888888840e+00
4.339999999999999858e+00,1.211543684244427821e+00,2.256711137124690403e+00,8.497351403720606600e-01,1.888888888888888840e+00
4.360000000000000320e+00,1.217222207183632054e+00,2.188475319436389288e+00,8.406905716790771255e-01,1.888888888888888840e+00
4.379999999999999893e+00,1.223846211630709391e+00,2.122551345818693314e+00,8.312051517670040468e-01,1.888888888888888840e+00
4.400000000000000355e+00,1.231405592880270961e+00,2.058878907530179880e+00,8.213178672874168473e-01,1.888888888888888840e+00
4.419999999999999929e+00,1.239892102512954120e+00,1.997397440836639060e+00,8.110667079625327736e-01,1.888888888888888840e+00
4.440000000000000391e+00,1.249299239840549358e+00,1.938046382775417520e+00,8.004885575801049535e-01,1.888888888888888840e+00
4.459999999999999964e+00,1.259622151478545726e+00,1.880765397671141148e+00,7.896191026765623233e-01,1.888888888888888840e+00
4.480000000000000426e+00,1.270857538289349886e+00,1.825494576708750039e+00,7.784927577516861374e-01,1.888888888888888840e+00
4.500000000000000000e+00,1.283003568996200716e+00,1.772174612760490264e+00,7.671426058223909106e-01,1.888888888888888840e+00
4.520000000000000462e+00,1.296059799820005853e+00,1.720746952551320819e+00,7.556003531087992497e-01,1.888888888888888840e+00
4.540000000000000036e+00,1.310027099539180728e+00,1.671153928133428890e+00,7.438962966496081020e-01,1.888888888888888840e+00
4.560000000000000497e+00,1.324907579416358949e+00,1.623338869526388617e+00,7.320593036627794925e-01,1.888888888888888840e+00
4.580000000000000071e+00,1.340704527475806707e+00,1.577246200266006371e+00,7.201168014991112809e-01,1.888888888888888840e+00
4.600000000000000533e+00,1.357422346651784295e+00,1.532821517493010655e+00,7.080947770777770156e-01,1.888888888888888840e+00
4.620000000000000107e+00,1.375066496361215584e+00,1.490011658103252534e+00,6.960177847422186481e-01,1.888888888888888840e+00
4.639999999999999680e+00,1.393643437084099101e+00,1.448764752374666287e+00,6.839089615298626912e-01,1.888888888888888840e+00
4.660000000000000142e+00,1.413160577562368125e+00,1.409030266383441976e+00,6.717900489082636595e-01,1.888888888888888840e+00
4.679999999999999716e+00,1.433626224252613879e+00,1.370759034423133516e+00,6.596814200919605131e-01,1.888888888888888840e+00
4.700000000000000178e+00,1.455049532690448011e+00,1.333903282546087032e+00,6.476021121172821360e-01,1.888888888888888840e+00
4.719999999999999751e+00,1.477440460444502390e+00,1.298416644256881858e+00,6.355698619154772633e-01,1.888888888888888840e+00
4.740000000000000213e+00,1.500809721356349602e+00,1.264254169302584163e+00,6.236011456869837710e-01,1.888888888888888840e+00
4.759999999999999787e+00,1.525168740779157872e+00,1.231372326424599262e+00,6.117112209406704304e-01,1.888888888888888840e+00
4.780000000000000249e+00,1.550529611542847963e+00,1.199729000861806671e+00,5.999141706209019098e-01,1.888888888888888840e+00
4.799999999999999822e+00,1.576905050387055418e+00,1.169283487324431769e+00,5.882229488018624330e-01,1.888888888888888840e+00
4.820000000000000284e+00,1.604308354615479937e+00,1.139996479092672210e+00,5.766494274823864563e-01,1.888888888888888840e+00
4.839999999999999858e+00,1.632753358736370952e+00,1.111830053833344767e+00,5.652044440653701818e-01,1.888888888888888840e+00
4.860000000000000320e+00,1.662254390864079445e+00,1.084747656671597893e+00,5.538978491535178073e-01,1.888888888888888840e+00
4.879999999999999893e+00,1.692826228665946564e+00,1.058714081002888552e+00,5.427385543376501698e-01,1.888888888888888840e+00
4.900000000000000355e+00,1.724484054647408726e+00,1.033695447482748886e+00,5.317345796950447845e-01,1.888888888888888840e+00
4.919999999999999929e+00,1.757243410576196041e+00,1.009659181588189680e+00,5.208931007533259550e-01,1.888888888888888840e+00
4.940000000000000391e+00,1.791120150853995785e+00,9.865739901046773896e-01,5.102204947103460286e-01,1.888888888888888840e+00
4.959999999999999964e+00,1.826130394651045208e+00,9.644098368562931123e-01,4.997223857323998542e-01,1.888888888888888840e+00
4.980000000000000426e+00,1.862290476625909852e+00,9.431379179637042753e-01,4.894036891821139101e-01,1.888888888888888840e+00
5.000000000000000000e+00,1.899616896059286741e+00,9.227306368847610907e-01,4.792686546535913639e-01,1.888888888888888840e+00
5.020000000000000462e+00,1.938126264237129304e+00,9.031615794656571161e-01,4.693209077160264697e-01,1.888888888888888840e+00
5.040000000000000036e+00,1.977835249924817074e+00,8.844054892064759921e-01,4.595634902881824968e-01,1.888888888888888840e+00
5.060000000000000497e+00,2.018760522780555622e+00,8.664382429233867811e-01,4.499988995850229823e-01,1.888888888888888840e+00
5.080000000000000071e+00,2.060918694562776210e+00,8.492368269705731221e-01,4.406291255945542495e-01,1.888888888888888840e+00
5.100000000000000533e+00,2.104326257993073046e+00,8.327793141680103206e-01,4.314556870577417880e-01,1.888888888888888840e+00
5.120000000000000107e+00,2.148999523143237056e+00,8.170448415662761033e-01,4.224796659373605823e-01,1.888888888888888840e+00
5.139999999999999680e+00,2.194954551222288330e+00,8.020135891665414185e-01,4.137017403729800757e-01,1.888888888888888840e+00
5.160000000000000142e+00,2.242207085647105025e+00,7.876667597025945877e-01,4.051222161291139767e-01,1.888888888888888840e+00
5.179999999999999716e+00,2.290772480288390867e+00,7.739865595820680788e-01,3.967410565520222421e-01,1.888888888888888840e+00
5.200000000000000178e+00,2.340665624792305888e+00,7.609561810758379563e-01,3.885579110578681883e-01,1.888888888888888840e+00
5.219999999999999751e+00,2.391900866887189725e+00,7.485597858377375236e-01,3.805721421810263627e-01,1.888888888888888840e+00
5.240000000000000213e+00,2.444491931594441780e+00,7.367824898311565729e-01,3.727828512164290675e-01,1.888888888888888840e+00
5.259999999999999787e+00,2.498451837272820164e+00,7.256103497346909625e-01,3.651889024940276340e-01,1.888888888888888840e+00
5.280000000000000249e+00,2.553792808436189166e+00,7.150303508956661336e-01,3.577889463268364989e-01,1.888888888888888840e+00
5.299999999999999822e+00,2.610526185296110135e+00,7.050303968980033975e-01,3.505814406767092661e-01,1.888888888888888840e+00
5.320000000000000284e+00,2.668662329992603777e+00,6.955993008094430996e-01,3.435646715840507959e-01,1.888888888888888840e+00
5.339999999999999858e+00,2.728210529488932945e+00,6.867267781725137077e-01,3.367367724091761549e-01,1.888888888888888840e+00
5.360000000000000320e+00,2.789178895119317936e+00,6.784034418037669933e-01,3.300957419340538324e-01,1.888888888888888840e+00
5.379999999999999893e+00,2.851574258792083150e+00,6.706207984666234800e-01,3.236394613737818005e-01,1.888888888888888840e+00
5.400000000000000355e+00,2.915402065864799219e+00,6.633712474846187312e-01,3.173657103473977448e-01,1.888888888888888840e+00
5.419999999999999929e+00,2.980666264722479752e+00,6.566480813638518876e-01,3.112721818575709953e-01,1.888888888888888840e+00
5.440000000000000391e+00,3.047369193104742635e+00,6.504454884959448568e-01,3.053564963284114975e-01,1.888888888888888840e+00
5.459999999999999964e+00,3.115511461242994606e+00,6.447585580157608742e-01,2.996162147501021389e-01,1.888888888888888840e+00
5.480000000000000426e+00,3.185091831884041991e+00,6.395832868914368419e-01,2.940488509783519833e-01,1.888888888888888840e+00
5.500000000000000000e+00,3.256107097291998542e+00,6.349165893278788664e-01,2.886518832358164199e-01,1.888888888888888840e+00
5.520000000000000462e+00,3.328551953335832980e+00,6.307563085686815896e-01,2.834227648616626238e-01,1.888888888888888840e+00
5.540000000000000036e+00,3.402418870785286487e+00,6.271012311853680909e-01,2.783589343544052852e-01,1.888888888888888840e+00
5.560000000000000497e+00,3.477697963953077398e+00,6.239511039468074172e-01,2.734578247520209060e-01,1.888888888888888840e+00
5.580000000000000071e+00,3.554376856836172660e+00,6.213066533655502433e-01,2.687168723921910529e-01,1.888888888888888840e+00
5.600000000000000533e+00,3.632440546923378477e+00,6.191696080214896813e-01,2.641335250943446233e-01,1.888888888888888840e+00
5.620000000000000107e+00,3.711871266850432782e+00,6.175427237665691571e-01,2.597052498039838508e-01,1.888888888888888840e+00
5.639999999999999680e+00,3.792648344097125257e+00,6.164298119170427137e-01,2.554295397386033839e-01,1.888888888888888840e+00
5.660000000000000142e+00,3.874748058933643158e+00,6.158357705418597838e-01,2.513039210733585271e-01,1.888888888888888840e+00
5.679999999999999716e+00,3.958143500835284101e+00,6.157666189568580251e-01,2.473259592035213228e-01,1.888888888888888840e+00
5.700000000000000178e+00,4.042804423595910635e+00,6.162295355343488934e-01,2.434932646196891759e-01,1.888888888888888840e+00
5.719999999999999751e+00,4.128697099381041902e+00,6.172328989360604812e-01,2.398034984306934847e-01,1.888888888888888840e+00
5.740000000000000213e+00,4.215784171971382221e+00,6.187863328739052760e-01,2.362543775681975322e-01,1.888888888888888840e+00
5.759999999999999787e+00,4.304024509457025971e+00,6.209007544972646730e-01,2.328436797060868257e-01,1.888888888888888840e+00
5.780000000000000249e+00,4.393373056651722841e+00,6.235884264969430157e-01,2.295692479269425545e-01,1.888888888888888840e+00
5.799999999999999822e+00,4.483780687505809937e+00,6.268630130041131787e-01,2.264289951671584200e-01,1.888888888888888840e+00
5.820000000000000284e+00,4.575194057806031722e+00,6.307396393468177598e-01,2.234209084716154980e-01,1.888888888888888840e+00
5.839999999999999858e+00,4.667555458461073670e+00,6.352349557062032526e-01,2.205430530882737106e-01,1.888888888888888840e+00
5.860000000000000320e+00,4.760802669683796395e+00,6.403672046888350122e-01,2.177935764325756307e-01,1.888888888888888840e+00
5.879999999999999893e+00,4.854868816395731201e+00,6.461562927992512417e-01,2.151707119511900301e-01,1.888888888888888840e+00
5.900000000000000355e+00,4.949682225197299168e+00,6.526238657573285584e-01,2.126727829143512383e-01,1.888888888888888840e+00
5.919999999999999929e+00,5.045166283269555407e+00,6.597933875568836593e-01,2.102982061658774382e-01,1.888888888888888840e+00
5.940000000000000391e+00,5.141239299601441104e+00,6.676902231039245628e-01,2.080454958598749460e-01,1.888888888888888840e+00
5.959999999999999964e+00,5.237814368971979384e+00,6.763417242036358079e-01,2.059132672131568087e-01,1.888888888888888840e+00
5.980000000000000426e+00,5.334799239161387874e+00,6.857773185829436624e-01,2.039002403025190480e-01,1.888888888888888840e+00
6.000000000000000000e+00,5.432096181920703870e+00,6.960286015385951375e-01,2.020052439362232666e-01,1.888888888888888840e+00
6.020000000000000462e+00,5.529601868298372302e+00,7.071294296871954987e-01,2.002272196293244377e-01,1.888888888888888840e+00
6.040000000000000036e+00,5.627207249006846546e+00,7.191160161615245405e-01,1.985652257128489584e-01,1.888888888888888840e+00
6.060000000000000497e+00,5.724797440615279065e+00,7.320270264445017938e-01,1.970184416072609523e-01,1.888888888888888840e+00
6.080000000000000071e+00,5.822251618478670565e+00,7.459036738561035662e-01,1.955861722911397815e-01,1.888888888888888840e+00
6.100000000000000533e+00,5.919442917462556686e+00,7.607898135069679491e-01,1.942678529965128631e-01,1.888888888888888840e+00
6.120000000000000107e+00,6.016238341698569414e+00,7.767320333029799073e-01,1.930630541628219898e-01,1.888888888888888840e+00
6.140000000000000568e+00,6.112498684813384209e+00,7.937797403254485129e-01,1.919714866820237953e-01,1.888888888888888840e+00
6.160000000000000142e+00,6.208078462314853496e+00,8.119852406193865946e-01,1.909930074678015954e-01,1.888888888888888840e+00
6.179999999999999716e+00,6.302825858097759415e+00,8.314038100959267874e-01,1.901276253822583306e-01,1.888888888888888840e+00
6.200000000000000178e+00,6.396582687350393925e+00,8.520937538925512644e-01,1.893755075537199850e-01,1.888888888888888840e+00
6.219999999999999751e+00,6.489184378504629258e+00,8.741164511356533939e-01,1.887369861193509413e-01,1.888888888888888840e+00
6.240000000000000213e+00,6.580459977277921979e+00,8.975363816139273476e-01,1.882125654260973224e-01,1.888888888888888840e+00
6.259999999999999787e+00,6.670232176306707395e+00,9.224211303992546629e-01,1.878029297229541761e-01,1.888888888888888840e+00
6.280000000000000249e+00,6.758317374366372476e+00,9.488413659466511385e-01,1.875089513766044769e-01,1.888888888888888840e+00
6.299999999999999822e+00,6.844525769711305330e+00,9.768707866708290499e-01,1.873316996409926660e-01,1.888888888888888840e+00
6.320000000000000284e+00,6.928661492645244557e+00,1.006586030440707269e+00,1.872724500092511069e-01,1.888888888888888840e+00
6.339999999999999858e+00,7.010522783040381789e+00,1.038066540864255316e+00,1.873326941734492490e-01,1.888888888888888840e+00
6.360000000000000320e+00,7.089902219153469964e+00,1.071394383667234163e+00,1.875141506137230074e-01,1.888888888888888840e+00
6.379999999999999893e+00,7.166587004724791043e+00,1.106654005917485861e+00,1.878187758332805768e-01,1.888888888888888840e+00
6.400000000000000355e+00,7.240359321973065754e+00,1.143931930332761082e+00,1.882487762493696426e-01,1.888888888888888840e+00
6.419999999999999929e+00,7.310996758693155684e+00,1.183316376461092556e+00,1.888066207423011733e-01,1.888888888888888840e+00
6.440000000000000391e+00,7.378272818194867355e+00,1.224896800170515165e+00,1.894950538548136332e-01,1.888888888888888840e+00
6.459999999999999964e+00,7.441957521255503138e+00,1.268763342667603045e+00,1.903171096221594749e-01,1.888888888888888840e+00
6.480000000000000426e+00,7.501818109554660552e+00,1.315006180226188315e+00,1.912761259990228002e-01,1.888888888888888840e+00
6.500000000000000000e+00,7.557619860169219272e+00,1.363714765999249456e+00,1.923757598324374596e-01,1.888888888888888840e+00
6.520000000000000462e+00,7.609127020575200184e+00,1.414976955764499778e+00,1.936200023099672873e-01,1.888888888888888840e+00
6.540000000000000036e+00,7.656103873171277385e+00,1.468878010278549251e+00,1.950131947892369266e-01,1.888888888888888840e+00
6.560000000000000497e+00,7.698315937541662990e+00,1.525499468149655646e+00,1.965600448881787143e-01,1.888888888888888840e+00
6.580000000000000071e+00,7.735531317446930899e+00,1.584917884849653680e+00,1.982656426848298237e-01,1.888888888888888840e+00
6.600000000000000533e+00,7.767522197803316431e+00,1.647203435733737065e+00,2.001354768409675799e-01,1.888888888888888840e+00
6.620000000000000107e+00,7.794066494621277208e+00,1.712418383777518649e+00,2.021754504251626339e-01,1.888888888888888840e+00
6.640000000000000568e+00,7.814949657968360164e+00,1.780615416217195879e+00,2.043918961679115631e-01,1.888888888888888840e+00
6.660000000000000142e+00,7.829966624459713032e+00,1.851835858415190605e+00,2.067915908344513110e-01,1.888888888888888840e+00
6.679999999999999716e+00,7.838923911542715395e+00,1.926107778069156229e+00,2.093817683498815641e-01,1.888888888888888840e+00
6.700000000000000178e+00,7.841641840939103325e+00,2.003443998302210094e+00,2.121701312567395581e-01,1.888888888888888840e+00
6.719999999999999751e+00,7.837956873083252063e+00,2.083840044140895742e+00,2.151648600278201207e-01,1.888888888888888840e+00
6.740000000000000213e+00,7.827724028336676909e+00,2.167272053280321575e+00,2.183746196977086329e-01,1.888888888888888840e+00
6.759999999999999787e+00,7.810819364303636547e+00,2.253694688674134472e+00,2.218085632163873111e-01,1.888888888888888840e+00
6.780000000000000249e+00,7.787142471912728681e+00,2.343039097132964876e+00,2.254763308689024526e-01,1.888888888888888840e+00
6.799999999999999822e+00,7.756618946312780594e+00,2.435210964472433126e+00,2.293880450483045952e-01,1.888888888888888840e+00
6.820000000000000284e+00,7.719202782361003656e+00,2.530088723469650525e+00,2.335542996171156294e-01,1.888888888888888840e+00
6.839999999999999858e+00,7.674878638908540829e+00,2.627521975569228729e+00,2.379861430480115780e-01,1.888888888888888840e+00
6.860000000000000320e+00,7.623663911600437437e+00,2.727330190500766083e+00,2.426950545001399784e-01,1.888888888888888840e+00
6.879999999999999893e+00,7.565610550909226184e+00,2.829301749297512103e+00,2.476929119667049539e-01,1.888888888888888840e+00
6.900000000000000355e+00,7.500806561013309448e+00,2.933193395230468958e+00,2.529919516255501044e-01,1.888888888888888840e+00
6.919999999999999929e+00,7.429377116277750659e+00,3.038730153539523471e+00,2.586047175409598164e-01,1.888888888888888840e+00
6.940000000000000391e+00,7.351485235792923234e+00,3.145605774292326462e+00,2.645440009052756336e-01,1.888888888888888840e+00
6.959999999999999964e+00,7.267331962870940743e+00,3.253483743101714065e+00,2.708227680765062928e-01,1.888888888888888840e+00
6.980000000000000426e+00,7.177156005652568282e+00,3.361998891816460500e+00,2.774540767658574825e-01,1.888888888888888840e+00
7.000000000000000000e+00,7.081232806939784297e+00,3.470759625890852629e+00,2.844509798594331840e-01,1.888888888888888840e+00
7.020000000000000462e+00,6.979873025765262362e+00,3.579350767362470709e+00,2.918264165229040308e-01,1.888888888888888840e+00
7.040000000000000036e+00,6.873420429581573288e+00,3.687336992853460949e+00,2.995930904373779180e-01,1.888888888888888840e+00
7.060000000000000497e+00,6.762249213670206593e+00,3.794266825569852841e+00,3.077633352485418250e-01,1.888888888888888840e+00
7.080000000000000071e+00,6.646760782659445255e+00,3.899677119861602037e+00,3.163489675775447152e-01,1.888888888888888840e+00
7.100000000000000533e+00,6.527380047025031828e+00,4.003097957566517984e+00,3.253611282377626424e-01,1.888888888888888840e+00
7.120000000000000107e+00,6.404551304207405593e+00,4.104057858155587546e+00,3.348101126216950774e-01,1.888888888888888840e+00
7.140000000000000568e+00,6.278733788612805178e+00,4.202089190626772108e+00,3.447051915604125161e-01,1.888888888888888840e+00
7.160000000000000142e+00,6.150396986459252702e+00,4.296733665021316817e+00,3.550544243063555871e-01,1.888888888888888840e+00
7.179999999999999716e+00,6.020015819521028710e+00,4.387547776012099554e+00,3.658644656396904393e-01,1.888888888888888840e+00
7.200000000000000178e+00,5.888065805861084634e+00,4.474108070621060307e+00,3.771403694385667693e-01,1.888888888888888840e+00
7.219999999999999751e+00,5.755018305407332058e+00,4.556016116842926955e+00,3.888853913734038881e-01,1.888888888888888840e+00
7.240000000000000213e+00,5.621335953772985228e+00,4.632903059553618696e+00,4.011007936732173818e-01,1.888888888888888840e+00
7.259999999999999787e+00,5.487468379344083047e+00,4.704433664037487972e+00,4.137856551564310092e-01,1.888888888888888840e+00
7.280000000000000249e+00,5.353848286886612406e+00,4.770309764999581148e+00,4.269366899084763856e-01,1.888888888888888840e+00
7.299999999999999822e+00,5.220887976469877678e+00,4.830273059070032460e+00,4.405480781135370227e-01,1.888888888888888840e+00
7.320000000000000284e+00,5.088976350192544018e+00,4.884107200477890487e+00,4.546113125991857462e-01,1.888888888888888840e+00
7.339999999999999858e+00,4.958476441920426581e+00,4.931639181661186200e+00,4.691150646233266941e-01,1.888888888888888840e+00
7.360000000000000320e+00,4.829723487878845312e+00,4.972740002027605577e+00,4.840450723179016146e-01,1.888888888888888840e+00
7.379999999999999893e+00,4.703023539297328526e+00,5.007324647942327900e+00,4.993840550008673551e-01,1.888888888888888840e+00
7.400000000000000355e+00,4.578652603074210070e+00,5.035351424523940800e+00,5.151116562773262464e-01,1.888888888888888840e+00
7.419999999999999929e+00,4.456856283156831466e+00,5.056820694408703076e+00,5.312044184755793097e-01,1.888888888888888840e+00
7.440000000000000391e+00,4.337849884394942457e+00,5.071773089950345259e+00,5.476357905103185209e-01,1.888888888888888840e+00
7.459999999999999964e+00,4.221818932224849164e+00,5.080287273225002842e+00,5.643761707419924223e-01,1.888888888888888840e+00
7.480000000000000426e+00,4.108920055723642939e+00,5.082477322772265715e+00,5.813929858199367029e-01,1.888888888888888840e+00
7.500000000000000000e+00,3.999282178240258556e+00,5.078489827451218019e+00,5.986508058707540325e-01,1.888888888888888840e+00
7.520000000000000462e+00,3.893007958754713727e+00,5.068500766477797015e+00,6.161114957380643409e-01,1.888888888888888840e+00
7.540000000000000036e+00,3.790175428048565998e+00,5.052712251074289007e+00,6.337344013118441088e-01,1.888888888888888840e+00
7.560000000000000497e+00,3.690839766347929540e+00,5.031349197685376140e+00,6.514765693225911258e-01,1.888888888888888840e+00
7.580000000000000071e+00,3.595035172963028547e+00,5.004655995888741771e+00,6.692929983350914824e-01,1.888888888888888840e+00
7.600000000000000533e+00,3.502776783235753921e+00,4.972893226422064217e+00,6.871369180757527229e-01,1.888888888888888840e+00
7.620000000000000107e+00,3.414062593481856922e+00,4.936334476589692599e+00,7.049600936823494646e-01,1.888888888888888840e+00
7.640000000000000568e+00,3.328875360276267514e+00,4.895263292070720418e+00,7.227131509900129869e-01,1.888888888888888840e+00
7.660000000000000142e+00,3.247184446122527657e+00,4.849970296128979008e+00,7.403459185746548155e-01,1.888888888888888840e+00
7.679999999999999716e+00,3.168947589063309422e+00,4.800750499659671711e+00,7.578077819744689636e-01,1.888888888888888840e+00
7.700000000000000178e+00,3.094112578970359628e+00,4.747900818566122894e+00,7.750480453085719645e-01,1.888888888888888840e+00
7.719999999999999751e+00,3.022618827987085588e+00,4.691717808752487784e+00,7.920162954130457456e-01,1.888888888888888840e+00
7.740000000000000213e+00,2.954398826814996326e+00,4.632495623601148971e+00,8.086627636193400859e-01,1.888888888888888840e+00
7.759999999999999787e+00,2.889379482201322347e+00,4.570524194190803691e+00,8.249386804058319589e-01,1.888888888888888840e+00
7.780000000000000249e+00,2.827483334093355616e+00,4.506087628682979407e+00,8.407966183550779071e-01,1.888888888888888840e+00
7.799999999999999822e+00,2.768629653491820886e+00,4.439462824216082737e+00,8.561908191390884548e-01,1.888888888888888840e+00
7.820000000000000284e+00,2.712735424093835501e+00,4.370918282235350283e+00,8.710775006226999517e-01,1.888888888888888840e+00
7.839999999999999858e+00,2.659716212409755087e+00,4.300713116382335777e+00,8.854151406089136866e-01,1.888888888888888840e+00
7.860000000000000320e+00,2.609486932218050725e+00,4.229096240792631356e+00,8.991647342366795304e-01,1.888888888888888840e+00
7.879999999999999893e+00,2.561962510041766894e+00,4.156305725828864261e+00,9.122900225669644536e-01,1.888888888888888840e+00
7.900000000000000355e+00,2.517058458842551527e+00,4.082568307834419485e+00,9.247576904426983990e-01,1.888888888888888840e+00
7.919999999999999929e+00,2.474691367385074781e+00,4.008099039363739458e+00,9.365375322681306347e-01,1.888888888888888840e+00
7.940000000000000391e+00,2.434779312773605042e+00,3.933101066466080820e+00,9.476025849096773035e-01,1.888888888888888840e+00
7.959999999999999964e+00,2.397242203546895656e+00,3.857765519917184971e+00,9.579292274609286784e-01,1.888888888888888840e+00
7.980000000000000426e+00,2.362002060475564935e+00,3.782271507760678997e+00,9.674972481278644176e-01,1.888888888888888840e+00
8.000000000000000000e+00,2.328983241871056542e+00,3.706786197098647317e+00,9.762898789668306154e-01,1.888888888888888840e+00
8.019999999999999574e+00,2.298112619815154911e+00,3.631464973725759826e+00,9.842937996395475508e-01,1.888888888888888840e+00
8.040000000000000924e+00,2.269319713277371253e+00,3.556451668906615016e+00,9.914991117302449641e-01,1.888888888888888840e+00
8.060000000000000497e+00,2.242536783623410468e+00,3.481878843329852646e+00,9.978992854957339231e-01,1.888888888888888840e+00
8.080000000000000071e+00,2.217698897546654280e+00,3.407868119017849029e+00,1.003491081187378731e+00,1.888888888888888840e+00
8.099999999999999645e+00,2.194743961988003811e+00,3.334530550713968200e+00,1.008274447293789677e+00,1.888888888888888840e+00
8.120000000000000995e+00,2.173612735156510656e+00,3.261967029000043539e+00,1.012252398205406800e+00,1.888888888888888840e+00
8.140000000000000568e+00,2.154248817330494781e+00,3.190268708107216078e+00,1.015430873899140440e+00,1.888888888888888840e+00
8.160000000000000142e+00,2.136598624710806416e+00,3.119517452067689156e+00,1.017818584286149353e+00,1.888888888888888840e+00
8.179999999999999716e+00,2.120611349217368158e+00,3.049786293509214374e+00,1.019426840862876826e+00,1.888888888888888840e+00
8.199999999999999289e+00,2.106238906768662655e+00,2.981139900015360666e+00,1.020269378259509585e+00,1.888888888888888840e+00
8.220000000000000639e+00,2.093435876261887874e+00,2.913635043560938609e+00,1.020362168196425001e+00,1.888888888888888840e+00
8.240000000000000213e+00,2.082159431178799647e+00,2.847321069082290990e+00,1.019723228243567537e+00,1.888888888888888840e+00
8.259999999999999787e+00,2.072369265477886913e+00,2.782240358755993626e+00,1.018372427635729771e+00,1.888888888888888840e+00
8.279999999999999361e+00,2.064027515196209972e+00,2.718428789036886783e+00,1.016331292234017969e+00,1.888888888888888840e+00
8.300000000000000711e+00,2.057098676972359375e+00,2.655916177947577506e+00,1.013622810545729225e+00,1.888888888888888840e+00
8.320000000000000284e+00,2.051549524513828437e+00,2.594726720517332996e+00,1.010271242526507463e+00,1.888888888888888840e+00
8.339999999999999858e+00,2.047349023865788542e+00,2.534879410639508279e+00,1.006301932694601220e+00,1.888888888888888840e+00
8.359999999999999432e+00,2.044468248191950721e+00,2.476388447954426919e+00,1.001741128891468158e+00,1.888888888888888840e+00
8.380000000000000782e+00,2.042880292650055107e+00,2.419263628670216271e+00,9.966158078294957701e-01,1.888888888888888840e+00
8.400000000000000355e+00,2.042560189832785422e+00,2.363510719508904678e+00,9.909535083793326038e-01,1.888888888888888840e+00
8.419999999999999929e+00,2.043484826147873967e+00,2.309131814210576117e+00,9.847821733688346679e-01,1.888888888888888840e+00
8.439999999999999503e+00,2.045632859427279460e+00,2.256125672246169778e+00,9.781300004949854410e-01,1.888888888888888840e+00
8.460000000000000853e+00,2.048984637983096047e+00,2.204488039581204983e+00,9.710253027909299117e-01,1.888888888888888840e+00
8.480000000000000426e+00,2.053522121265979994e+00,2.154211951500009992e+00,9.634963789436088444e-01,1.888888888888888840e+00
8.500000000000000000e+00,2.059228802229108091e+00,2.105288017644620258e+00,9.555713936241132522e-01,1.888888888888888840e+00
8.519999999999999574e+00,2.066089631455904740e+00,2.057704689546095089e+00,9.472782678731779260e-01,1.888888888888888840e+00
8.540000000000000924e+00,2.074090943072001814e+00,2.011448511030256014e+00,9.386445794782561913e-01,1.888888888888888840e+00
8.560000000000000497e+00,2.083220382430231776e+00,1.966504351966458231e+00,9.296974731861620267e-01,1.888888888888888840e+00
8.580000000000000071e+00,2.093466835531085035e+00,1.922855625898553189e+00,9.204635805159142592e-01,1.888888888888888840e+00
8.599999999999999645e+00,2.104820360119320721e+00,1.880484492153277731e+00,9.109689488695785764e-01,1.888888888888888840e+00
8.620000000000000995e+00,2.117272118379630808e+00,1.839372043064395834e+00,9.012389795838526840e-01,1.888888888888888840e+00
8.640000000000000568e+00,2.130814311139930695e+00,1.799498476982453576e+00,8.912983745210594222e-01,1.888888888888888840e+00
8.660000000000000142e+00,2.145440113479459843e+00,1.760843257761340208e+00,8.811710907642132939e-01,1.888888888888888840e+00
8.679999999999999716e+00,2.161143611630028882e+00,1.723385261425237402e+00,8.708803029559974984e-01,1.888888888888888840e+00
8.700000000000001066e+00,2.177919741052088298e+00,1.687102910724166405e+00,8.604483728048882840e-01,1.888888888888888840e+00
8.720000000000000639e+00,2.195764225562487848e+00,1.651974298284300202e+00,8.498968252723799743e-01,1.888888888888888840e+00
8.740000000000000213e+00,2.214673517387584223e+00,1.617977299051498230e+00,8.392463309523876536e-01,1.888888888888888840e+00
8.759999999999999787e+00,2.234644738013519483e+00,1.585089672714055764e+00,8.285166941565867971e-01,1.888888888888888840e+00
8.779999999999999361e+00,2.255675619704808454e+00,1.553289156774269264e+00,8.177268462268609817e-01,1.888888888888888840e+00
8.800000000000000711e+00,2.277764447562710792e+00,1.522553550918857246e+00,8.068948436074238062e-01,1.888888888888888840e+00
8.820000000000000284e+00,2.300910001996042453e+00,1.492860793316191481e+00,7.960378702238469772e-01,1.888888888888888840e+00
8.839999999999999858e+00,2.325111501479019793e+00,1.464189029444306067e+00,7.851722437335247884e-01,1.888888888888888840e+00
8.859999999999999432e+00,2.350368545473305648e+00,1.436516674028251783e+00,7.743134252314596289e-01,1.888888888888888840e+00
8.880000000000000782e+00,2.376681057394569585e+00,1.409822466639033545e+00,7.634760320161376734e-01,1.888888888888888840e+00
8.900000000000000355e+00,2.404049227507524034e+00,1.384085521479484271e+00,7.526738530422240059e-01,1.888888888888888840e+00
8.919999999999999929e+00,2.432473455637484072e+00,1.359285371855339042e+00,7.419198667094395461e-01,1.888888888888888840e+00
8.939999999999999503e+00,2.461954293591000820e+00,1.335402009802757028e+00,7.312262606599346793e-01,1.888888888888888840e+00
8.960000000000000853e+00,2.492492387182989599e+00,1.312415921316840928e+00,7.206044532794538826e-01,1.888888888888888840e+00
8.980000000000000426e+00,2.524088417772990756e+00,1.290308117599523019e+00,7.100651166203343356e-01,1.888888888888888840e+00
9.000000000000000000e+00,2.556743043218759226e+00,1.269060162719672480e+00,6.996182004866899895e-01,1.888888888888888840e+00
9.019999999999999574e+00,2.590456838161240061e+00,1.248654198053575692e+00,6.892729574438353213e-01,1.888888888888888840e+00
9.040000000000000924e+00,2.625230233561174131e+00,1.229072963850122768e+00,6.790379685349504646e-01,1.888888888888888840e+00
9.060000000000000497e+00,2.661063455414059753e+00,1.210299818242195125e+00,6.689211695080898856e-01,1.888888888888888840e+00
9.080000000000000071e+00,2.697956462576988290e+00,1.192318754003907966e+00,6.589298773757958916e-01,1.888888888888888840e+00
9.099999999999999645e+00,2.735908883647964807e+00,1.175114413332577046e+00,6.490708171477519439e-01,1.888888888888888840e+00
9.120000000000000995e+00,2.774919952845722904e+00,1.158672100914531322e+00,6.393501485940566997e-01,1.888888888888888840e+00
9.140000000000000568e+00,2.814988444845762050e+00,1.142977795515191186e+00,6.297734929127981607e-01,1.888888888888888840e+00
9.160000000000000142e+00,2.856112608536344855e+00,1.128018160316158758e+00,6.203459591906641535e-01,1.888888888888888840e+00
9.179999999999999716e+00,2.898290099666545938e+00,1.113780552205378083e+00,6.110721705593343822e-01,1.888888888888888840e+00
9.200000000000001066e+00,2.941517912367092258e+00,1.100253030210690319e+00,6.019562899633970066e-01,1.888888888888888840e+00
9.220000000000000639e+00,2.985792309533727984e+00,1.087424363252282422e+00,5.930020454675286601e-01,1.888888888888888840e+00
9.240000000000000213e+00,3.031108752072139367e+00,1.075284037375540347e+00,5.842127550417200998e-01,1.888888888888888840e+00
9.259999999999999787e+00,3.077461827013124651e+00,1.063822262612622582e+00,5.755913507734480294e-01,1.888888888888888840e+00
9.279999999999999361e+00,3.124845174516655444e+00,1.053029979608584021e+00,5.671404024649332465e-01,1.888888888888888840e+00
9.300000000000000711e+00,3.173251413793789499e+00,1.042898866136039437e+00,5.588621405820350940e-01,1.888888888888888840e+00
9.320000000000000284e+00,3.222672067986030786e+00,1.033421343611074628e+00,5.507584785289499907e-01,1.888888888888888840e+00
9.339999999999999858e+00,3.273097488052704840e+00,1.024590583712317926e+00,5.428310342297627544e-01,1.888888888888888840e+00
9.359999999999999432e+00,3.324516775728240781e+00,1.016400515194672005e+00,5.350811510040877073e-01,1.888888888888888840e+00
9.380000000000000782e+00,3.376917705622893173e+00,1.008845830979103741e+00,5.275099177295780040e-01,1.888888888888888840e+00
9.400000000000000355e+00,3.430286646552449970e+00,1.001921995589978298e+00,5.201181882890253405e-01,1.888888888888888840e+00
9.419999999999999929e+00,3.484608482194815782e+00,9.956252530016246327e-01,5.129066003041599098e-01,1.888888888888888840e+00
9.439999999999999503e+00,3.539866531184075793e+00,9.899526349460032737e-01,5.058755931621373714e-01,1.888888888888888840e+00
9.460000000000000853e+00,3.596042466765730250e+00,9.849019697234189241e-01,4.990254253441068766e-01,1.888888888888888840e+00
9.480000000000000426e+00,3.653116236150273810e+00,9.804718915480512553e-01,4.923561910682279219e-01,1.888888888888888840e+00
9.500000000000000000e+00,3.711065979716177132e+00,9.766618504495455655e-01,4.858678362620887370e-01,1.888888888888888840e+00
9.519999999999999574e+00,3.769867950227676179e+00,9.734721227408779098e-01,4.795601738816999693e-01,1.888888888888888840e+00
9.540000000000000924e+00,3.829496432247593507e+00,9.709038220510493034e-01,4.734328985961370195e-01,1.888888888888888840e+00
9.560000000000000497e+00,3.889923661940771105e+00,9.689589109087224372e-01,4.674856008585054346e-01,1.888888888888888840e+00
9.580000000000000071e+00,3.951119747479641120e+00,9.676402128495363852e-01,4.617177803852407503e-01,1.888888888888888840e+00
9.599999999999999645e+00,4.013052590280069332e+00,9.669514250053600213e-01,4.561288590668478027e-01,1.888888888888888840e+00
9.620000000000000995e+00,4.075687807312957212e+00,9.668971311179976880e-01,4.507181933340623226e-01,1.888888888888888840e+00
9.640000000000000568e+00,4.138988654755291208e+00,9.674828149026660773e-01,4.454850860040990290e-01,1.888888888888888840e+00
9.660000000000000142e+00,4.202915953263482329e+00,9.687148736677273497e-01,4.404287976321565878e-01,1.888888888888888840e+00
9.679999999999999716e+00,4.267428015172089140e+00,9.706006320765003803e-01,4.355485573936948018e-01,1.888888888888888840e+00
9.700000000000001066e+00,4.332480573942492974e+00,9.731483559142740658e-01,4.308435735232035158e-01,1.888888888888888840e+00
9.720000000000000639e+00,4.398026716208994991e+00,9.763672656987130161e-01,4.263130433352529391e-01,1.888888888888888840e+00
9.740000000000000213e+00,4.464016816794248221e+00,9.802675499444685192e-01,4.219561628535672959e-01,1.888888888888888840e+00
9.759999999999999787e+00,4.530398477092198561e+00,9.848603778627755823e-01,4.177721360737044476e-01,1.888888888888888840e+00
9.779999999999999361e+00,4.597116467244926952e+00,9.901579112439343744e-01,4.137601838846607927e-01,1.888888888888888840e+00
9.800000000000000711e+00,4.664112672570215778e+00,9.961733152346397002e-01,4.099195526743579232e-01,1.888888888888888840e+00
9.820000000000000284e+00,4.731326044729531333e+00,1.002920767682964120e+00,4.062495226435086648e-01,1.888888888888888840e+00
9.839999999999999858e+00,4.798692558161624433e+00,1.010415466681252372e+00,4.027494158518049039e-01,1.888888888888888840e+00
9.859999999999999432e+00,4.866145172345345493e+00,1.018673635891129470e+00,3.994186040197179044e-01,1.888888888888888840e+00
9.880000000000000782e+00,4.933613800496752688e+00,1.027712527185163038e+00,3.962565161084482535e-01,1.888888888888888840e+00
9.900000000000000355e+00,5.001025285350311655e+00,1.037550420086430059e+00,3.932626456997022069e-01,1.888888888888888840e+00
9.919999999999999929e+00,5.068303382722130657e+00,1.048206617430340160e+00,3.904365581959967080e-01,1.888888888888888840e+00
9.939999999999999503e+00,5.135368753604788061e+00,1.059701436612682679e+00,3.877778978610931238e-01,1.888888888888888840e+00
9.960000000000000853e+00,5.202138965598424036e+00,1.072056195724204741e+00,3.852863947189203442e-01,1.888888888888888840e+00
9.980000000000000426e+00,5.268528504541307278e+00,1.085293193805435319e+00,3.829618713279529518e-01,1.888888888888888840e+00
1.000000000000000000e+01,5.334448797264836450e+00,1.099435684386421475e+00,3.808042494464415340e-01,1.888888888888888840e+00
0.000000000000000000e+00,5.000000000000000000e-01,5.000000000000000000e-01,5.000000000000000000e-01,2.333333333333333037e+00
2.000000000000000042e-02,5.182513029444444363e-01,4.782364575555555497e-01,4.805235351111111219e-01,2.333333333333333037e+00
4.000000000000000083e-02,5.373653220311913614e-01,4.575580056767749038e-01,4.617423578110105842e-01,2.333333333333333037e+00
5.999999999999999778e-02,5.573774243266209627e-01,4.379075848508869884e-01,4.436405873987712134e-01,2.333333333333333037e+00
8.000000000000000167e-02,5.783244637625672979e-01,4.192314326826024340e-01,4.262017815086867611e-01,2.333333333333333037e+00
1.000000000000000056e-01,6.002448177894262882e-01,4.014788795209410233e-01,4.094090640893880417e-01,2.333333333333333037e+00
1.199999999999999956e-01,6.231784241037620076e-01,3.846021575098388379e-01,3.932452399618809880e-01,2.333333333333333037e+00
1.400000000000000133e-01,6.471668172309904543e-01,3.685562222176478331e-01,3.776928970409587083e-01,2.333333333333333037e+00
1.600000000000000033e-01,6.722531647263354504e-01,3.532985860431483993e-01,3.627344972412985258e-01,2.333333333333333037e+00
1.799999999999999933e-01,6.984823027380357985e-01,3.387891626384773036e-01,3.483524570265100206e-01,2.333333333333333037e+00
2.000000000000000111e-01,7.259007706557537576e-01,3.249901216318779040e-01,3.345292184972561977e-01,2.333333333333333037e+00
2.200000000000000011e-01,7.545568445442814021e-01,3.118657529749727653e-01,3.212473118539492800e-01,2.333333333333333037e+00
2.399999999999999911e-01,7.845005690379822649e-01,2.993823402800147027e-01,3.084894100108857562e-01,2.333333333333333037e+00
2.600000000000000089e-01,8.157837873449514943e-01,2.875080425520428751e-01,2.962383760823759093e-01,2.333333333333333037e+00
2.800000000000000266e-01,8.484601689816629877e-01,2.762127837588846946e-01,2.844773044076730484e-01,2.333333333333333037e+00
2.999999999999999889e-01,8.825852348289353611e-01,2.654681497183808969e-01,2.731895557304684363e-01,2.333333333333333037e+00
3.200000000000000067e-01,9.182163790684575444e-01,2.552472918170006766e-01,2.623587871004699479e-01,2.333333333333333037e+00
3.400000000000000244e-01,9.554128875259501052e-01,2.455248371071247493e-01,2.519689770191574363e-01,2.333333333333333037e+00
3.599999999999999867e-01,9.942359519124097655e-01,2.362768043617004543e-01,2.420044463091834408e-01,2.333333333333333037e+00
3.800000000000000044e-01,1.034748679418936890e+00,2.274805256947393939e-01,2.324498751470222835e-01,2.333333333333333037e+00
4.000000000000000222e-01,1.077016097083548285e+00,2.191145733842732868e-01,2.232903166612841273e-01,2.333333333333333037e+00
4.199999999999999845e-01,1.121105150310345966e+00,2.111586915609637571e-01,2.145112074645133260e-01,2.333333333333333037e+00
4.400000000000000022e-01,1.167084694882710272e+00,2.035937324506441326e-01,2.060983754541732826e-01,2.333333333333333037e+00
4.600000000000000200e-01,1.215025481773105209e+00,1.964015968827303449e-01,1.980380451887689686e-01,2.333333333333333037e+00
4.799999999999999822e-01,1.265000134013009703e+00,1.895651787987574777e-01,1.903168411175501229e-01,2.333333333333333037e+00
5.000000000000000000e-01,1.317083114847808156e+00,1.830683135163640451e-01,1.829217889168496536e-01,2.333333333333333037e+00
5.200000000000000178e-01,1.371350686363707050e+00,1.768957295239487471e-01,1.758403151627176975e-01,2.333333333333333037e+00
5.400000000000000355e-01,1.427880857737408471e+00,1.710330036000566600e-01,1.690602455479883748e-01,2.333333333333333037e+00
5.600000000000000533e-01,1.486753322225021767e+00,1.654665190694091792e-01,1.625698018321427574e-01,2.333333333333333037e+00
5.799999999999999600e-01,1.548049381975207694e+00,1.601834270244698877e-01,1.563575976941903589e-01,2.333333333333333037e+00
5.999999999999999778e-01,1.611851859723623326e+00,1.551716103576345485e-01,1.504126336421691967e-01,2.333333333333333037e+00
6.199999999999999956e-01,1.678244996402225020e+00,1.504196504646475308e-01,1.447242911176541691e-01,2.333333333333333037e+00
6.400000000000000133e-01,1.747314333678834375e+00,1.459167964947784835e-01,1.392823259197599473e-01,2.333333333333333037e+00
6.600000000000000311e-01,1.819146580430605731e+00,1.416529370377450359e-01,1.340768610604328170e-01,2.333333333333333037e+00
6.800000000000000488e-01,1.893829462150756315e+00,1.376185741514455996e-01,1.290983791512521628e-01,2.333333333333333037e+00
7.000000000000000666e-01,1.971451552292300402e+00,1.338047996483780200e-01,1.243377144114205385e-01,2.333333333333333037e+00
7.199999999999999734e-01,2.052102084566810092e+00,1.302032735722793710e-01,1.197860443770309147e-01,2.333333333333333037e+00
7.399999999999999911e-01,2.135870745241696955e+00,1.268062048101463724e-01,1.154348813829840087e-01,2.333333333333333037e+00
7.600000000000000089e-01,2.222847444517501714e+00,1.236063337985104649e-01,1.112760638810181141e-01,2.333333333333333037e+00
7.800000000000000266e-01,2.313122066118521669e+00,1.205969172967786551e-01,1.073017476501418460e-01,2.333333333333333037e+00
8.000000000000000444e-01,2.406784194297179269e+00,1.177717152147543661e-01,1.035043969492665250e-01,2.333333333333333037e+00
8.200000000000000622e-01,2.503922817536086587e+00,1.151249794962745099e-01,9.987677565596235485e-02,2.333333333333333037e+00
8.399999999999999689e-01,2.604626008333097431e+00,1.126514450764102560e-01,9.641193842995966767e-02,2.333333333333333037e+00
8.599999999999999867e-01,2.708980578574823106e+00,1.103463229460618644e-01,9.310322193523448697e-02,2.333333333333333037e+00
8.800000000000000044e-01,2.817071710144171792e+00,1.082052953752382085e-01,8.994423615021233942e-02,2.333333333333333037e+00
9.000000000000000222e-01,2.928982560568162086e+00,1.062245133650751017e-01,8.692885579175517463e-02,2.333333333333333037e+00
9.200000000000000400e-01,3.044793843694147739e+00,1.044005964189658048e-01,8.405121187512487602e-02,2.333333333333333037e+00
9.400000000000000577e-01,3.164583385585817865e+00,1.027306347453368074e-01,8.130568342901040024e-02,2.333333333333333037e+00
9.599999999999999645e-01,3.288425656054769775e+00,1.012121940289196359e-01,7.868688938193099669e-02,2.333333333333333037e+00
9.799999999999999822e-01,3.416391276488429884e+00,9.984332293420680737e-02,7.618968063385778144e-02,2.333333333333333037e+00
1.000000000000000000e+00,3.548546504899484866e+00,9.862256353454300351e-02,7.380913232470349972e-02,2.333333333333333037e+00
1.020000000000000018e+00,3.684952699404012932e+00,9.754896489345497856e-02,7.154053630939197217e-02,2.333333333333333037e+00
1.040000000000000036e+00,3.825665761632792705e+00,9.662210006188932943e-02,6.937939384751326544e-02,2.333333333333333037e+00
1.060000000000000053e+00,3.970735561889636500e+00,9.584208679660498331e-02,6.732140851407864002e-02,2.333333333333333037e+00
1.080000000000000071e+00,4.120205348188131111e+00,9.520961235173736048e-02,6.536247933659347642e-02,2.333333333333333037e+00
1.100000000000000089e+00,4.274111141619098220e+00,9.472596274828966323e-02,6.349869416255173038e-02,2.333333333333333037e+00
1.120000000000000107e+00,4.432481120819717901e+00,9.439305698589997573e-02,6.172632326050798285e-02,2.333333333333333037e+00
1.140000000000000124e+00,4.595334998625048684e+00,9.421348672869023222e-02,6.004181315709170713e-02,2.333333333333333037e+00
1.159999999999999920e+00,4.762683394276111315e+00,9.419056207347803467e-02,5.844178071168251720e-02,2.333333333333333037e+00
1.179999999999999938e+00,4.934527204827395153e+00,9.432836409544027856e-02,5.692300742995722723e-02,2.333333333333333037e+00
1.199999999999999956e+00,5.110856979631323682e+00,9.463180496495771088e-02,5.548243401714253453e-02,2.333333333333333037e+00
1.219999999999999973e+00,5.291652301967819660e+00,9.510669654155150254e-02,5.411715517155652605e-02,2.333333333333333037e+00
1.239999999999999991e+00,5.476881182022864003e+00,9.575982847849172364e-02,5.282441461889512274e-02,2.333333333333333037e+00
1.260000000000000009e+00,5.666499465489470033e+00,9.659905701702489744e-02,5.160160038771475360e-02,2.333333333333333037e+00
1.280000000000000027e+00,5.860450262055982407e+00,9.763340581474296009e-02,5.044624032668114377e-02,2.333333333333333037e+00
1.300000000000000044e+00,6.058663397948011564e+00,9.887318034124194244e-02,4.935599786439915510e-02,2.333333333333333037e+00
1.320000000000000062e+00,6.261054896489471666e+00,1.003300975891050495e-01,4.832866801301560072e-02,2.333333333333333037e+00
1.340000000000000080e+00,6.467526490333121991e+00,1.020174330930083417e-01,4.736217361730415271e-02,2.333333333333333037e+00
1.360000000000000098e+00,6.677965168570201726e+00,1.039501875284418453e-01,4.645456185161011414e-02,2.333333333333333037e+00
1.380000000000000115e+00,6.892242761351202063e+00,1.061452754786941649e-01,4.560400096786713930e-02,2.333333333333333037e+00
1.400000000000000133e+00,7.110215563925589954e+00,1.086217393193909531e-01,4.480877729891700328e-02,2.333333333333333037e+00
1.419999999999999929e+00,7.331724001128487878e+00,1.114009915795488997e-01,4.406729252258958368e-02,2.333333333333333037e+00
1.439999999999999947e+00,7.556592332299470804e+00,1.145070896028625995e-01,4.337806119346184625e-02,2.333333333333333037e+00
1.459999999999999964e+00,7.784628395406940626e+00,1.179670468593247840e-01,4.273970855094601229e-02,2.333333333333333037e+00
1.479999999999999982e+00,8.015623387766922292e+00,1.218111858522588631e-01,4.215096861439922987e-02,2.333333333333333037e+00
1.500000000000000000e+00,8.249351679185691566e+00,1.260735382366952317e-01,4.161068257834982242e-02,2.333333333333333037e+00
1.520000000000000018e+00,8.485570651621518579e+00,1.307922985191510290e-01,4.111779752375755576e-02,2.333333333333333037e+00
1.540000000000000036e+00,8.724020557554815980e+00,1.360103385535175735e-01,4.067136546453813117e-02,2.333333333333333037e+00
1.560000000000000053e+00,8.964424387183223430e+00,1.417757909895736579e-01,4.027054275246891302e-02,2.333333333333333037e+00
1.580000000000000071e+00,9.206487732327202522e+00,1.481427108750940358e-01,3.991458986815361182e-02,2.333333333333333037e+00
1.600000000000000089e+00,9.449898632554106115e+00,1.551718257630378683e-01,3.960287163107552993e-02,2.333333333333333037e+00
1.620000000000000107e+00,9.694327386520461332e+00,1.629313859321054048e-01,3.933485786805141632e-02,2.333333333333333037e+00
1.640000000000000124e+00,9.939426308914345753e+00,1.714981276874653626e-01,3.911012458677442377e-02,2.333333333333333037e+00
1.660000000000000142e+00,1.018482941067987113e+01,1.809583641571611279e-01,3.892835570979746862e-02,2.333333333333333037e+00
1.679999999999999938e+00,1.043015197746029799e+01,1.914092195172854838e-01,3.878934543448294553e-02,2.333333333333333037e+00
1.699999999999999956e+00,1.067499001845308548e+01,2.029600241305930253e-01,3.869300129639410141e-02,2.333333333333333037e+00
1.719999999999999973e+00,1.091891955519298030e+01,2.157338896154378793e-01,3.863934802763394766e-02,2.333333333333333037e+00
1.739999999999999991e+00,1.116149571725270562e+01,2.298694842965765539e-01,3.862853231810341181e-02,2.333333333333333037e+00
1.760000000000000009e+00,1.140225160958817163e+01,2.455230307152529157e-01,3.866082860696015006e-02,2.333333333333333037e+00
1.780000000000000027e+00,1.164069691440714927e+01,2.628705477385361866e-01,3.873664605417968809e-02,2.333333333333333037e+00
1.800000000000000044e+00,1.187631618920772603e+01,2.821103600962970304e-01,3.885653686858143302e-02,2.333333333333333037e+00
1.820000000000000062e+00,1.210856682228121706e+01,3.034658976054381840e-01,3.902120619957806513e-02,2.333333333333333037e+00
1.840000000000000080e+00,1.233687660785249385e+01,3.271888045404619527e-01,3.923152383589761233e-02,2.333333333333333037e+00
1.860000000000000098e+00,1.256064090559414836e+01,3.535623760881290156e-01,3.948853799633062628e-02,2.333333333333333037e+00
1.880000000000000115e+00,1.277921935408660659e+01,3.829053329520432647e-01,3.979349154593564419e-02,2.333333333333333037e+00
1.900000000000000133e+00,1.299193211565329875e+01,4.155759361508437610e-01,4.014784102688282591e-02,2.333333333333333037e+00
1.919999999999999929e+00,1.319805564182023438e+01,4.519764308816625609e-01,4.055327895700384933e-02,2.333333333333333037e+00
1.939999999999999947e+00,1.339681796559925431e+01,4.925577897708987019e-01,4.101175992185168012e-02,2.333333333333333037e+00
1.959999999999999964e+00,1.358739355028960816e+01,5.378247004307046275e-01,4.152553106820708329e-02,2.333333333333333037e+00
1.979999999999999982e+00,1.376889775621196854e+01,5.883407082520213383e-01,4.209716769877658998e-02,2.333333333333333037e+00
2.000000000000000000e+00,1.394038102866227469e+01,6.447333808346549233e-01,4.272961476914212409e-02,2.333333333333333037e+00
2.020000000000000018e+00,1.410082296452786821e+01,7.076993032661754723e-01,4.342623519800808962e-02,2.333333333333333037e+00
2.040000000000000036e+00,1.424912648365422463e+01,7.780086414885163393e-01,4.419086601863496389e-02,2.333333333333333037e+00
2.060000000000000053e+00,1.438411241626208437e+01,8.565089223532801332e-01,4.502788351986673765e-02,2.333333333333333037e+00
2.080000000000000071e+00,1.450451492108217089e+01,9.441275724353116461e-01,4.594227864429917957e-02,2.333333333333333037e+00
2.100000000000000089e+00,1.460897827096863644e+01,1.041872633280815919e+00,4.693974402135502738e-02,2.333333333333333037e+00
2.120000000000000107e+00,1.469605568235852289e+01,1.150830930661259410e+00,4.802677410356489401e-02,2.333333333333333037e+00
2.140000000000000124e+00,1.476421101802862346e+01,1.272162824998861463e+00,4.921077993037205334e-02,2.333333333333333037e+00
2.160000000000000142e+00,1.481182435099625749e+01,1.407092519522634477e+00,5.050022004550364790e-02,2.333333333333333037e+00
2.180000000000000160e+00,1.483720252728017996e+01,1.556892768327185372e+00,5.190474901577720596e-02,2.333333333333333037e+00
2.200000000000000178e+00,1.483859598547443426e+01,1.722862732729326218e+00,5.343538480902645937e-02,2.333333333333333037e+00
2.220000000000000195e+00,1.481422315196708617e+01,1.906297714780381680e+00,5.510469594772298557e-02,2.333333333333333037e+00
2.240000000000000213e+00,1.476230369326923153e+01,2.108449594639148827e+00,5.692700881756251885e-02,2.333333333333333037e+00
2.260000000000000231e+00,1.468110172429677718e+01,2.330477064770953621e+00,5.891863472670227919e-02,2.333333333333333037e+00
2.280000000000000249e+00,1.456897969208093713e+01,2.573385242867091804e+00,6.109811522980822945e-02,2.333333333333333037e+00
2.300000000000000266e+00,1.442446302963896620e+01,2.837955005604831271e+00,6.348648280367814867e-02,2.333333333333333037e+00
2.319999999999999840e+00,1.424631477065550023e+01,3.124663446060369942e+00,6.610753215168470309e-02,2.333333333333333037e+00
2.339999999999999858e+00,1.403361812919924212e+01,3.433598209890003083e+00,6.898809520863458111e-02,2.333333333333333037e+00
2.359999999999999876e+00,1.378586362697458512e+01,3.764370041263876310e+00,7.215831033704596387e-02,2.333333333333333037e+00
2.379999999999999893e+00,1.350303580865742603e+01,4.116029522785594530e+00,7.565187332069935044e-02,2.333333333333333037e+00
2.399999999999999911e+00,1.318569311709425840e+01,4.486995490894834404e+00,7.950625470416855523e-02,2.333333333333333037e+00
2.419999999999999929e+00,1.283503337051241289e+01,4.875003639464516425e+00,8.376286500124402457e-02,2.333333333333333037e+00
2.439999999999999947e+00,1.245293680210576781e+01,5.277084041350635246e+00,8.846714657530278803e-02,2.333333333333333037e+00
2.459999999999999964e+00,1.204197908249290982e+01,5.689575404250049040e+00,9.366856891501282312e-02,2.333333333333333037e+00
2.479999999999999982e+00,1.160540834741336447e+01,6.108181642375861919e+00,9.942050295726524711e-02,2.333333333333333037e+00
2.500000000000000000e+00,1.114708301765043075e+01,6.528072818938496447e+00,1.057799504076899072e-01,2.333333333333333037e+00
2.520000000000000018e+00,1.067137090596426141e+01,6.944028011190928495e+00,1.128071059833751361e-01,2.333333333333333037e+00
2.540000000000000036e+00,1.018301428785085072e+01,7.350612768660685248e+00,1.205647343508004649e-01,2.333333333333333037e+00
2.560000000000000053e+00,9.686969615082459129e+00,7.742379370692291651e+00,1.291173493020054130e-01,2.333333333333333037e+00
2.580000000000000071e+00,9.188233667421075168e+00,8.114074864849193602e+00,1.385301902750175063e-01,2.333333333333333037e+00
2.600000000000000089e+00,8.691669581707758496e+00,8.460840530891415412e+00,1.488680003743079461e-01,2.333333333333333037e+00
2.620000000000000107e+00,8.201846055293279036e+00,8.778387261500762762e+00,1.601936201222894096e-01,2.333333333333333037e+00
2.640000000000000124e+00,7.722901137627142809e+00,9.063134237166245555e+00,1.725664216984608701e-01,2.333333333333333037e+00
2.660000000000000142e+00,7.258438788216533766e+00,9.312302652255318947e+00,1.860406187603183270e-01,2.333333333333333037e+00
2.680000000000000160e+00,6.811462413508627023e+00,9.523961319604307363e+00,2.006634964391861564e-01,2.333333333333333037e+00
2.700000000000000178e+00,6.384345592516834422e+00,9.697025887946455924e+00,2.164736141481299059e-01,2.333333333333333037e+00
2.720000000000000195e+00,5.978836762933431359e+00,9.831217439534741587e+00,2.334990398835313785e-01,2.333333333333333037e+00
2.740000000000000213e+00,5.596092163770662431e+00,9.926988955634541867e+00,2.517556783051504432e-01,2.333333333333333037e+00
2.760000000000000231e+00,5.236729970119305300e+00,9.985429415925729302e+00,2.712457557281472975e-01,2.333333333333333037e+00
2.780000000000000249e+00,4.900898244496181277e+00,1.000815527109386949e+01,2.919565230892312568e-01,2.333333333333333037e+00
2.800000000000000266e+00,4.588349851589164530e+00,9.997198006270783921e+00,3.138592329540730863e-01,2.333333333333333037e+00
2.819999999999999840e+00,4.298518554903067113e+00,9.954894875842498436e+00,3.369084388773572192e-01,2.333333333333333037e+00
2.839999999999999858e+00,4.030591853232577293e+00,9.883787998833488686e+00,3.610416552348734154e-01,2.333333333333333037e+00
2.859999999999999876e+00,3.783577489693229268e+00,9.786535146786480510e+00,3.861794034882641835e-01,2.333333333333333037e+00
2.879999999999999893e+00,3.556361814183933490e+00,9.665833925539494942e+00,4.122256573042500927e-01,2.333333333333333037e+00
2.899999999999999911e+00,3.347759210320382817e+00,9.524359749052683455e+00,4.390686846990319303e-01,2.333333333333333037e+00
2.919999999999999929e+00,3.156552577314773789e+00,9.364717053807938285e+00,4.665822711212567198e-01,2.333333333333333037e+00
2.939999999999999947e+00,2.981525394532031914e+00,9.189402582016318988e+00,4.946272938231949801e-01,2.333333333333333037e+00
2.959999999999999964e+00,2.821486224393886300e+00,9.000779218318673003e+00,5.230536056494144992e-01,2.333333333333333037e+00
2.979999999999999982e+00,2.675286671346978284e+00,8.801058734546961304e+00,5.517021760560985033e-01,2.333333333333333037e+00
3.000000000000000000e+00,2.541833855139052023e+00,8.592291818371455392e+00,5.804074292025167559e-01,2.333333333333333037e+00
3.020000000000000018e+00,2.420098415323936880e+00,8.376363880296363362e+00,6.089997136264827526e-01,2.333333333333333037e+00
3.040000000000000036e+00,2.309118973074964831e+00,8.154995306429263735e+00,6.373078354709784676e-01,2.333333333333333037e+00
3.060000000000000053e+00,2.208003860482585345e+00,7.929745019896486724e+00,6.651615874574641207e-01,2.333333333333333037e+00
3.080000000000000071e+00,2.115930803785677661e+00,7.702016409873747804e+00,6.923942086452798961e-01,2.333333333333333037e+00
3.100000000000000089e+00,2.032145126693891690e+00,7.473064870268159687e+00,7.188447151918864186e-01,2.333333333333333037e+00
3.120000000000000107e+00,1.955956929747694861e+00,7.244006352625629752e+00,7.443600494505228093e-01,2.333333333333333037e+00
3.140000000000000124e+00,1.886737604850810657e+00,7.015826476740842033e+00,7.687970033548298110e-01,2.333333333333333037e+00
3.160000000000000142e+00,1.823915961754157822e+00,6.789389857524078309e+00,7.920238816508492485e-01,2.333333333333333037e+00
3.180000000000000160e+00,1.766974175002760994e+00,6.565449399514760920e+00,8.139218806464465494e-01,2.333333333333333037e+00
3.200000000000000178e+00,1.715443704492959576e+00,6.344655383559084427e+00,8.343861682807833802e-01,2.333333333333333037e+00
3.220000000000000195e+00,1.668901298749259743e+00,6.127564226502396849e+00,8.533266610440211064e-01,2.333333333333333037e+00
3.240000000000000213e+00,1.626965155624971571e+00,5.914646837213572539e+00,8.706685022384771377e-01,2.333333333333333037e+00
3.260000000000000231e+00,1.589291288717693096e+00,5.706296523581619873e+00,8.863522539841476311e-01,2.333333333333333037e+00
3.280000000000000249e+00,1.555570127874922992e+00,5.502836427708636791e+00,9.003338220352091748e-01,2.333333333333333037e+00
3.300000000000000266e+00,1.525523367440007494e+00,5.304526482410088839e+00,9.125841377749627226e-01,2.333333333333333037e+00
3.320000000000000284e+00,1.498901065246321718e+00,5.111569893003122367e+00,9.230886256580486116e-01,2.333333333333333037e+00
3.339999999999999858e+00,1.475478987890265437e+00,4.924119155560367389e+00,9.318464869027154318e-01,2.333333333333333037e+00
3.359999999999999876e+00,1.455056192755327160e+00,4.742281627378450715e+00,9.388698314911614329e-01,2.333333333333333037e+00
3.379999999999999893e+00,1.437452834023277282e+00,4.566124668154167843e+00,9.441826906442319922e-01,2.333333333333333037e+00
3.399999999999999911e+00,1.422508178023514924e+00,4.395680371867361380e+00,9.478199410591952034e-01,2.333333333333333037e+00
3.419999999999999929e+00,1.410078812370674894e+00,4.230949910063749542e+00,9.498261705134054544e-01,2.333333333333333037e+00
3.439999999999999947e+00,1.400037033141102061e+00,4.071907507410627680e+00,9.502545121247183424e-01,2.333333333333333037e+00
3.459999999999999964e+00,1.392269394625466061e+00,3.918504070264280603e+00,9.491654717989754797e-01,2.333333333333333037e+00
3.479999999999999982e+00,1.386675406805667921e+00,3.770670488669498610e+00,9.466257703508136334e-01,2.333333333333333037e+00
3.500000000000000000e+00,1.383166366518963075e+00,3.628320631787943285e+00,9.427072186037825929e-01,2.333333333333333037e+00
3.520000000000000018e+00,1.381664309202776941e+00,3.491354056267809813e+00,9.374856405855028774e-01,2.333333333333333037e+00
3.540000000000000036e+00,1.382101069096608681e+00,3.359658446544655064e+00,9.310398568369254724e-01,2.333333333333333037e+00
3.560000000000000053e+00,1.384417436768008214e+00,3.233111805511271974e+00,9.234507369325399839e-01,2.333333333333333037e+00
3.580000000000000071e+00,1.388562403797271916e+00,3.111584413414778538e+00,9.148003276198272138e-01,2.333333333333333037e+00
3.600000000000000089e+00,1.394492485380106173e+00,2.994940572230279763e+00,9.051710605709105684e-01,2.333333333333333037e+00
3.620000000000000107e+00,1.402171112476627846e+00,2.883040152120796673e+00,8.946450416194789979e-01,2.333333333333333037e+00
3.640000000000000124e+00,1.411568085941855788e+00,2.775739955921885382e+00,8.833034215393663624e-01,2.333333333333333037e+00
3.660000000000000142e+00,1.422659085814451441e+00,2.672894916887513350e+00,8.712258469036444630e-01,2.333333333333333037e+00
3.680000000000000160e+00,1.435425229616771325e+00,2.574359144204160010e+00,8.584899883316076119e-01,2.333333333333333037e+00
3.700000000000000178e+00,1.449852674132117158e+00,2.479986830027318234e+00,8.451711424658715499e-01,2.333333333333333037e+00
3.720000000000000195e+00,1.465932255677387941e+00,2.389633031024442023e+00,8.313419032988240698e-01,2.333333333333333037e+00
3.740000000000000213e+00,1.483659164384913964e+00,2.303154336627614374e+00,8.170718979601157006e-01,2.333333333333333037e+00
3.760000000000000231e+00,1.503032648450196351e+00,2.220409435414973931e+00,8.024275817569962443e-01,2.333333333333333037e+00
3.780000000000000249e+00,1.524055744696878767e+00,2.141259590259411816e+00,7.874720870994655897e-01,2.333333333333333037e+00
3.800000000000000266e+00,1.546735032160778456e+00,2.065569032113126369e+00,7.722651209158817309e-01,2.333333333333333037e+00
3.820000000000000284e+00,1.571080405705342020e+00,1.993205281543660945e+00,7.568629052470352558e-01,2.333333333333333037e+00
3.839999999999999858e+00,1.597104866955360913e+00,1.924039406406657049e+00,7.413181558750974176e-01,2.333333333333333037e+00
3.859999999999999876e+00,1.624824330077880630e+00,1.857946223337538783e+00,7.256800940780105957e-01,2.333333333333333037e+00
3.879999999999999893e+00,1.654257440152361536e+00,1.794804450072594371e+00,7.099944868820455834e-01,2.333333333333333037e+00
3.899999999999999911e+00,1.685425402059449684e+00,1.734496814972468881e+00,6.943037115000970649e-01,2.333333333333333037e+00
3.919999999999999929e+00,1.718351817982074703e+00,1.676910129520086334e+00,6.786468399779097549e-01,2.333333333333333037e+00
3.939999999999999947e+00,1.753062531756641951e+00,1.621935329001876980e+00,6.630597404141141959e-01,2.333333333333333037e+00
3.959999999999999964e+00,1.789585478438236565e+00,1.569467486056550731e+00,6.475751914640267559e-01,2.333333333333333037e+00
3.979999999999999982e+00,1.827950537554185129e+00,1.519405801289590352e+00,6.322230071747537705e-01,2.333333333333333037e+00
4.000000000000000000e+00,1.868189388617032209e+00,1.471653574703663425e+00,6.170301695249627016e-01,2.333333333333333037e+00
4.020000000000000462e+00,1.910335367552801866e+00,1.426118161284352759e+00,6.020209663528218735e-01,2.333333333333333037e+00
4.040000000000000036e+00,1.954423322774980765e+00,1.382710913705720746e+00,5.872171326473297759e-01,2.333333333333333037e+00
4.060000000000000497e+00,2.000489469700531320e+00,1.341347114779736005e+00,5.726379934497759505e-01,2.333333333333333037e+00
4.080000000000000071e+00,2.048571242562796879e+00,1.301945901965766206e+00,5.583006068624284390e-01,2.333333333333333037e+00
4.099999999999999645e+00,2.098707142428713368e+00,1.264430185979340093e+00,5.442199058904001463e-01,2.333333333333333037e+00
4.120000000000000107e+00,2.150936580375491403e+00,1.228726565291275996e+00,5.304088380501814637e-01,2.333333333333333037e+00
4.139999999999999680e+00,2.205299714825994517e+00,1.194765238087104997e+00,5.168785018651130825e-01,2.333333333333333037e+00
4.160000000000000142e+00,2.261837282083465794e+00,1.162479913060552761e+00,5.036382795349665376e-01,2.333333333333333037e+00
4.179999999999999716e+00,2.320590419146025596e+00,1.131807720241769344e+00,4.906959652148610296e-01,2.333333333333333037e+00
4.200000000000000178e+00,2.381600477920397196e+00,1.102689122909187525e+00,4.780578884691845665e-01,2.333333333333333037e+00
4.219999999999999751e+00,2.444908829993466703e+00,1.075067831501586024e+00,4.657290325802746489e-01,2.333333333333333037e+00
4.240000000000000213e+00,2.510556661160380454e+00,1.048890720332471105e+00,4.537131474906764828e-01,2.333333333333333037e+00
4.259999999999999787e+00,2.578584754949656332e+00,1.024107747810729663e+00,4.420128572431450964e-01,2.333333333333333037e+00
4.280000000000000249e+00,2.649033264429937251e+00,1.000671880788182255e+00,4.306297618554882356e-01,2.333333333333333037e+00
4.299999999999999822e+00,2.721941471630201725e+00,9.785390235848576701e-01,4.195645336291000116e-01,2.333333333333333037e+00
4.320000000000000284e+00,2.797347533956013432e+00,9.576679521852814458e-01,4.088170079417976499e-01,2.333333333333333037e+00
4.339999999999999858e+00,2.875288217039261962e+00,9.380202540526992872e-01,3.983862686184553303e-01,2.333333333333333037e+00
4.360000000000000320e+00,2.955798613518253681e+00,9.195602739719261898e-01,3.882707280079704670e-01,2.333333333333333037e+00
4.379999999999999893e+00,3.038911847309268666e+00,9.022550663044843766e-01,3.784682019232532002e-01,2.333333333333333037e+00
4.400000000000000355e+00,3.124658763000081496e+00,8.860743540210309632e-01,3.689759796230801525e-01,2.333333333333333037e+00
4.419999999999999929e+00,3.213067600070589780e+00,8.709904948650102341e-01,3.597908890315958952e-01,2.333333333333333037e+00
4.440000000000000391e+00,3.304163651725601891e+00,8.569784549972927490e-01,3.509093574037087659e-01,2.333333333333333037e+00
4.459999999999999964e+00,3.397968908209957561e+00,8.440157904736401706e-01,3.423274676532587213e-01,2.333333333333333037e+00
4.480000000000000426e+00,3.494501684566217570e+00,8.320826369145516432e-01,3.340410105662226514e-01,2.333333333333333037e+00
4.500000000000000000e+00,3.593776232889817290e+00,8.211617077398307707e-01,3.260455331238876764e-01,2.333333333333333037e+00
4.520000000000000462e+00,3.695802339235323863e+00,8.112383013574946400e-01,3.183363831613264527e-01,2.333333333333333037e+00
4.540000000000000036e+00,3.800584905429594151e+00,8.023003177178567036e-01,3.109087505850627875e-01,2.333333333333333037e+00
4.560000000000000497e+00,3.908123516152423704e+00,7.943382846681543707e-01,3.037577053708814812e-01,2.333333333333333037e+00
4.580000000000000071e+00,4.018411991751756673e+00,7.873453945703147161e-01,2.968782325586287740e-01,2.333333333333333037e+00
4.600000000000000533e+00,4.131437927367669793e+00,7.813175516736368120e-01,2.902652644558488260e-01,2.333333333333333037e+00
4.620000000000000107e+00,4.247182219045999574e+00,7.762534307644815001e-01,2.839137102564491255e-01,2.333333333333333037e+00
4.639999999999999680e+00,4.365618577627444985e+00,7.721545476455350387e-01,2.778184832744930444e-01,2.333333333333333037e+00
4.660000000000000142e+00,4.486713031300089582e+00,7.690253420266974782e-01,2.719745259868674436e-01,2.333333333333333037e+00
4.679999999999999716e+00,4.610423417801345458e+00,7.668732734367490478e-01,2.663768330721227318e-01,2.333333333333333037e+00
4.700000000000000178e+00,4.736698867348302144e+00,7.657089307880095008e-01,2.610204726263729569e-01,2.333333333333333037e+00
4.719999999999999751e+00,4.865479277462583241e+00,7.655461562431928879e-01,2.559006057308914062e-01,2.333333333333333037e+00
4.740000000000000213e+00,4.996694780936533853e+00,7.664021840421409992e-01,2.510125045400478094e-01,2.333333333333333037e+00
4.759999999999999787e+00,5.130265208261854504e+00,7.682977949431237796e-01,2.463515690525937274e-01,2.333333333333333037e+00
4.780000000000000249e+00,5.266099545910231328e+00,7.712574869153753232e-01,2.419133427240931777e-01,2.333333333333333037e+00
4.799999999999999822e+00,5.404095391919421232e+00,7.753096626821920356e-01,2.376935270735807126e-01,2.333333333333333037e+00
4.820000000000000284e+00,5.544138410299895625e+00,7.804868346521453004e-01,2.336879954333672960e-01,2.333333333333333037e+00
4.839999999999999858e+00,5.686101785840103062e+00,7.868258476836309523e-01,2.298928059873565910e-01,2.333333333333333037e+00
4.860000000000000320e+00,5.829845680957500775e+00,7.943681199978619434e-01,2.263042142403204060e-01,2.333333333333333037e+00
4.879999999999999893e+00,5.975216696324401333e+00,8.031599023789558478e-01,2.229186850583488311e-01,2.333333333333333037e+00
4.900000000000000355e+00,6.122047337100871012e+00,8.132525555669699591e-01,2.197329044191650149e-01,2.333333333333333037e+00
4.919999999999999929e+00,6.270155486742241102e+00,8.247028454489213622e-01,2.167437910101947529e-01,2.333333333333333037e+00
4.940000000000000391e+00,6.419343890529481733e+00,8.375732552705197342e-01,2.139485078122199957e-01,2.333333333333333037e+00
4.959999999999999964e+00,6.569399651212857627e+00,8.519323136120698914e-01,2.113444738071197093e-01,2.333333333333333037e+00
4.980000000000000426e+00,6.720093739481941775e+00,8.678549362782136400e-01,2.089293759495990388e-01,2.333333333333333037e+00
5.000000000000000000e+00,6.871180522400517354e+00,8.854227795231376374e-01,2.067011815448978884e-01,2.333333333333333037e+00
5.020000000000000462e+00,7.022397313498598415e+00,9.047246011487134476e-01,2.046581511772010420e-01,2.333333333333333037e+00
5.040000000000000036e+00,7.173463948924568179e+00,9.258566249488642264e-01,2.027988523367671991e-01,2.333333333333333037e+00
5.060000000000000497e+00,7.324082394959987141e+00,9.489229027037278108e-01,2.011221738975433881e-01,2.333333333333333037e+00
5.080000000000000071e+00,7.473936393322384575e+00,9.740356664252350916e-01,1.996273416010840573e-01,2.333333333333333037e+00
5.100000000000000533e+00,7.622691152063420184e+00,1.001315661794664580e+00,1.983139347067494618e-01,2.333333333333333037e+00
5.120000000000000107e+00,7.769993091548058395e+00,1.030892451686788780e+00,1.971819039721521560e-01,2.333333333333333037e+00
5.139999999999999680e+00,7.915469657010501869e+00,1.062904676321542174e+00,1.962315911313166072e-01,2.333333333333333037e+00
5.160000000000000142e+00,8.058729211556943994e+00,1.097500253905331791e+00,1.954637500405830841e-01,2.333333333333333037e+00
5.179999999999999716e+00,8.199361026249423645e+00,1.134836502611558773e+00,1.948795696633873475e-01,2.333333333333333037e+00
5.200000000000000178e+00,8.336935387074349890e+00,1.175080161408033508e+00,1.944806990640118305e-01,2.333333333333333037e+00
5.219999999999999751e+00,8.471003842172841303e+00,1.218407283590538848e+00,1.942692745764164897e-01,2.333333333333333037e+00
5.240000000000000213e+00,8.601099616665065284e+00,1.265002972974523576e+00,1.942479493063249685e-01,2.333333333333333037e+00
5.259999999999999787e+00,8.726738226684515709e+00,1.315060928611132773e+00,1.944199251116759952e-01,2.333333333333333037e+00
5.280000000000000249e+00,8.847418328759312445e+00,1.368782759751431488e+00,1.947889871869428746e-01,2.333333333333333037e+00
5.299999999999999822e+00,8.962622845295944884e+00,1.426377028757072063e+00,1.953595413490262500e-01,2.333333333333333037e+00
5.320000000000000284e+00,9.071820411436856801e+00,1.488057975981895265e+00,1.961366540845350392e-01,2.333333333333333037e+00
5.339999999999999858e+00,9.174467192707060903e+00,1.554043877633928927e+00,1.971260953681241435e-01,2.333333333333333037e+00
5.360000000000000320e+00,9.270009126286099743e+00,1.624554985658357209e+00,1.983343841967382393e-01,2.333333333333333037e+00
5.379999999999999893e+00,9.357884641002060633e+00,1.699810998232681003e+00,1.997688367024761658e-01,2.333333333333333037e+00
5.400000000000000355e+00,9.437527911713926798e+00,1.780028011095354135e+00,2.014376166045194760e-01,2.333333333333333037e+00
5.419999999999999929e+00,9.508372702009420863e+00,1.865414904277310493e+00,2.033497876352498568e-01,2.333333333333333037e+00
5.440000000000000391e+00,9.569856844404418084e+00,1.956169126570720174e+00,2.055153674244369344e-01,2.333333333333333037e+00
5.459999999999999964e+00,9.621427398744781812e+00,2.052471851976314987e+00,2.079453821455410634e-01,2.333333333333333037e+00
5.480000000000000426e+00,9.662546516533842222e+00,2.154482499119998895e+00,2.106519210175206436e-01,2.333333333333333037e+00
5.500000000000000000e+00,9.692698020746226106e+00,2.262332626824040016e+00,2.136481895125804664e-01,2.333333333333333037e+00
5.520000000000000462e+00,9.711394686788693775e+00,2.376119247068778417e+00,2.169485598446730945e-01,2.333333333333333037e+00
5.540000000000000036e+00,9.718186180322343048e+00,2.495897630591080496e+00,2.205686170064439788e-01,2.333333333333333037e+00
5.560000000000000497e+00,9.712667571724978188e+00,2.621673720001342911e+00,2.245251982868993190e-01,2.333333333333333037e+00
5.580000000000000071e+00,9.694488305601424827e+00,2.753396309653407759e+00,2.288364238441407683e-01,2.333333333333333037e+00
5.600000000000000533e+00,9.663361458119691605e+00,2.890949198964157141e+00,2.335217155359150809e-01,2.333333333333333037e+00
5.620000000000000107e+00,9.619073066964755725e+00,3.034143574054310566e+00,2.386018008379106881e-01,2.333333333333333037e+00
5.639999999999999680e+00,9.561491271042472206e+00,3.182710918250473586e+00,2.440986983221063444e-01,2.333333333333333037e+00
5.660000000000000142e+00,9.490574953176695416e+00,3.336296791171136089e+00,2.500356808456197233e-01,2.333333333333333037e+00
5.679999999999999716e+00,9.406381543003591972e+00,3.494455844253556265e+00,2.564372123391091551e-01,2.333333333333333037e+00
5.700000000000000178e+00,9.309073613551422710e+00,3.656648452834250662e+00,2.633288539112454418e-01,2.333333333333333037e+00
5.719999999999999751e+00,9.198923898093884333e+00,3.822239336630314455e+00,2.707371349333478894e-01,2.333333333333333037e+00
5.740000000000000213e+00,9.076318367802095111e+00,3.990498507799120631e+00,2.786893848687537756e-01,2.333333333333333037e+00
5.759999999999999787e+00,8.941757048478368830e+00,4.160604826197046968e+00,2.872135218973379533e-01,2.333333333333333037e+00
5.780000000000000249e+00,8.795852317601189796e+00,4.331652354557489204e+00,2.963377948866597889e-01,2.333333333333333037e+00
5.799999999999999822e+00,8.639324510291373826e+00,4.502659594145633548e+00,3.060904760019907966e-01,2.333333333333333037e+00
5.820000000000000284e+00,8.472994771420012228e+00,4.672581548922230432e+00,3.164995022441942640e-01,2.333333333333333037e+00
5.839999999999999858e+00,8.297775215202202403e+00,4.840324421032448754e+00,3.275920654621063410e-01,2.333333333333333037e+00
5.860000000000000320e+00,8.114656585296520674e+00,5.004762592531739607e+00,3.393941518958487613e-01,2.333333333333333037e+00
5.879999999999999893e+00,7.924693738075204941e+00,5.164757409166998769e+00,3.519300340445677411e-01,2.333333333333333037e+00
5.900000000000000355e+00,7.728989389062824955e+00,5.319177163579107415e+00,3.652217195744367206e-01,2.333333333333333037e+00
5.919999999999999929e+00,7.528676657706134812e+00,5.466917588297825148e+00,3.792883640310829585e-01,2.333333333333333037e+00
5.940000000000000391e+00,7.324901010368749965e+00,5.606922121824601923e+00,3.941456562194835533e-01,2.333333333333333037e+00
5.959999999999999964e+00,7.118802230087215577e+00,5.738201208940347797e+00,4.098051871748111252e-01,2.333333333333333037e+00
5.980000000000000426e+00,6.911497031850593942e+00,5.859849939968865051e+00,4.262738155709092647e-01,2.333333333333333037e+00
6.000000000000000000e+00,6.704062895250283205e+00,5.971063419591374988e+00,4.435530440953968645e-01,2.333333333333333037e+00
6.020000000000000462e+00,6.497523606975573962e+00,6.071149376565886158e+00,4.616384226590990458e-01,2.333333333333333037e+00
6.040000000000000036e+00,6.292836901260515425e+00,6.159537671006769521e+00,4.805189952069374715e-01,2.333333333333333037e+00
6.060000000000000497e+00,6.090884466283947418e+00,6.235786513674053566e+00,5.001768072752756922e-01,2.333333333333333037e+00
6.080000000000000071e+00,5.892464458633450697e+00,6.299585369667777712e+00,5.205864912338478145e-01,2.333333333333333037e+00
6.100000000000000533e+00,5.698286545781276580e+00,6.350754665721081160e+00,5.417149453197884768e-01,2.333333333333333037e+00
6.120000000000000107e+00,5.508969386233036225e+00,6.389242546747833096e+00,5.635211211058340774e-01,2.333333333333333037e+00
6.140000000000000568e+00,5.325040364721407293e+00,6.415119027033619581e+00,5.859559319635672114e-01,2.333333333333333037e+00
6.160000000000000142e+00,5.146937329305582232e+00,6.428567951126183289e+00,6.089622924354662903e-01,2.333333333333333037e+00
6.179999999999999716e+00,4.975012029936897839e+00,6.429877218668338834e+00,6.324752952957811702e-01,2.333333333333333037e+00
6.200000000000000178e+00,4.809534933318564853e+00,6.419427738187843957e+00,6.564225295655823356e-01,2.333333333333333037e+00
6.219999999999999751e+00,4.650701084445849176e+00,6.397681561123267358e+00,6.807245389790697043e-01,2.333333333333333037e+00
6.240000000000000213e+00,4.498636697682661278e+00,6.365169614166064527e+00,7.052954165192679703e-01,2.333333333333333037e+00
6.259999999999999787e+00,4.353406185659089545e+00,6.322479400836187757e+00,7.300435268028268032e-01,2.333333333333333037e+00
6.280000000000000249e+00,4.215019368605503303e+00,6.270242987462436801e+00,7.548723444476149735e-01,2.333333333333333037e+00
6.299999999999999822e+00,4.083438646177799392e+00,6.209125529243851638e+00,7.796813932476928111e-01,2.333333333333333037e+00
6.320000000000000284e+00,3.958585955091342701e+00,6.139814532842727601e+00,8.043672681378024603e-01,2.333333333333333037e+00
6.339999999999999858e+00,3.840349376331400499e+00,6.063009996081033748e+00,8.288247196620970314e-01,2.333333333333333037e+00
6.360000000000000320e+00,3.728589293395914606e+00,5.979415514913382523e+00,8.529477790510622270e-01,2.333333333333333037e+00
6.379999999999999893e+00,3.623144036657561795e+00,5.889730404201827696e+00,8.766309011077276780e-01,2.333333333333333037e+00
6.400000000000000355e+00,3.523834977786165723e+00,5.794642842463689547e+00,8.997701019283053103e-01,2.333333333333333037e+00
6.419999999999999929e+00,3.430471061998551008e+00,5.694824021677183268e+00,9.222640690201180380e-01,2.333333333333333037e+00
6.440000000000000391e+00,3.342852784805651289e+00,5.590923260975545261e+00,9.440152225875503289e-01,2.333333333333333037e+00
6.459999999999999964e+00,3.260775634259102773e+00,5.483564026939715674e+00,9.649307085643973325e-01,2.333333333333333037e+00
6.480000000000000426e+00,3.184033029968664774e+00,5.373340792372382602e+00,9.849233062860636156e-01,2.333333333333333037e+00
6.500000000000000000e+00,3.112418796951714306e+00,5.260816659017016228e+00,1.003912236409024050e+00,2.333333333333333037e+00
6.520000000000000462e+00,3.045729216289358554e+00,5.146521666813157481e+00,1.021823857679375447e+00,2.333333333333333037e+00
6.540000000000000036e+00,2.983764696179890485e+00,5.030951712162156753e+00,1.038592244305238665e+00,2.333333333333333037e+00
6.560000000000000497e+00,2.926331106828939710e+00,4.914567999620147454e+00,1.054159638879854199e+00,2.333333333333333037e+00
6.580000000000000071e+00,2.873240821161353598e+00,4.797796954848245754e+00,1.068476778922042403e+00,2.333333333333333037e+00
6.600000000000000533e+00,2.824313500976285862e+00,4.681030531051399102e+00,1.081503098049320544e+00,2.333333333333333037e+00
6.620000000000000107e+00,2.779376665217334175e+00,4.564626846143891470e+00,1.093206805493214029e+00,2.333333333333333037e+00
6.640000000000000568e+00,2.738266073751103313e+00,4.448911093196111999e+00,1.103564850040959611e+00,2.333333333333333037e+00
6.660000000000000142e+00,2.700825956638595038e+00,4.334176672123290608e+00,1.112562776496617944e+00,2.333333333333333037e+00
6.679999999999999716e+00,2.666909115491916005e+00,4.220686495913239966e+00,1.120194484370163002e+00,2.333333333333333037e+00
6.700000000000000178e+00,2.636376920239150490e+00,4.108674429845985188e+00,1.126461899715757831e+00,2.333333333333333037e+00
6.719999999999999751e+00,2.609099221543649261e+00,3.998346827060287989e+00,1.131374571856486266e+00,2.333333333333333037e+00
6.740000000000000213e+00,2.584954196284060757e+00,3.889884128425331600e+00,1.134949207172260222e+00,2.333333333333333037e+00
6.759999999999999787e+00,2.563828140920919374e+00,3.783442498955555067e+00,1.137209152221339448e+00,2.333333333333333037e+00
6.780000000000000249e+00,2.545615225261691705e+00,3.679155476952641557e+00,1.138183838252931457e+00,2.333333333333333037e+00
6.799999999999999822e+00,2.530217217084871795e+00,3.577135615670863800e+00,1.137908198693056594e+00,2.333333333333333037e+00
6.820000000000000284e+00,2.517543186283361489e+00,3.477476100586951446e+00,1.136422070495436643e+00,2.333333333333333037e+00
6.839999999999999858e+00,2.507509195621336229e+00,3.380252328324330424e+00,1.133769589391229404e+00,2.333333333333333037e+00
6.860000000000000320e+00,2.500037983847692935e+00,3.285523435947726334e+00,1.129998588092194334e+00,2.333333333333333037e+00
6.879999999999999893e+00,2.495058645752250115e+00,3.193333771723154246e+00,1.125160005444540534e+00,2.333333333333333037e+00
6.900000000000000355e+00,2.492506312767295285e+00,3.103714300546660532e+00,1.119307313434364959e+00,2.333333333333333037e+00
6.919999999999999929e+00,2.492321836886560948e+00,3.016683939099804590e+00,1.112495967844457478e+00,2.333333333333333037e+00
6.940000000000000391e+00,2.494451479977206176e+00,2.932250817408010413e+00,1.104782887285232107e+00,2.333333333333333037e+00
6.959999999999999964e+00,2.498846609980168054e+00,2.850413464876890846e+00,1.096225964293185084e+00,2.333333333333333037e+00
6.980000000000000426e+00,2.505463405014310307e+00,2.771161920078651253e+00,1.086883611226794999e+00,2.333333333333333037e+00
7.000000000000000000e+00,2.514262566005699640e+00,2.694478764572742602e+00,1.076814342805479052e+00,2.333333333333333037e+00
7.020000000000000462e+00,2.525209038142334883e+00,2.620340081888733241e+00,1.066076396340869259e+00,2.333333333333333037e+00
7.040000000000000036e+00,2.538271741195500475e+00,2.548716343491173930e+00,1.054727390006090060e+00,2.333333333333333037e+00
7.060000000000000497e+00,2.553423308541871606e+00,2.479573224101739637e+00,1.042824018879336512e+00,2.333333333333333037e+00
7.080000000000000071e+00,2.570639834557097103e+00,2.412872349188229570e+00,1.030421787981497639e+00,2.333333333333333037e+00
7.100000000000000533e+00,2.589900629924628106e+00,2.348571977757408558e+00,1.017574781100259118e+00,2.333333333333333037e+00
7.120000000000000107e+00,2.611187984306839738e+00,2.286627623822707900e+00,1.004335463849787669e+00,2.333333333333333037e+00
7.140000000000000568e+00,2.634486935753808101e+00,2.226992620071080342e+00,9.907545191492723724e-01,2.333333333333333037e+00
7.160000000000000142e+00,2.659785046174064416e+00,2.169618627337549732e+00,9.768807131080378126e-01,2.333333333333333037e+00
7.179999999999999716e+00,2.687072182157550060e+00,2.114456093521919655e+00,9.627607891719943689e-01,2.333333333333333037e+00
7.200000000000000178e+00,2.716340300420812870e+00,2.061454665559500743e+00,9.484393883080941556e-01,2.333333333333333037e+00
7.219999999999999751e+00,2.747583237135688972e+00,2.010563557995377781e+00,9.339589929725687911e-01,2.333333333333333037e+00
7.240000000000000213e+00,2.780796500403222460e+00,1.961731881617530870e+00,9.193598926177246611e-01,2.333333333333333037e+00
7.259999999999999787e+00,2.815977065142745595e+00,1.914908935484990193e+00,9.046801685340726262e-01,2.333333333333333037e+00
7.280000000000000249e+00,2.853123169680494176e+00,1.870044465549248747e+00,8.899556958932443029e-01,2.333333333333333037e+00
7.299999999999999822e+00,2.892234113341814794e+00,1.827088892915627483e+00,8.752201609467380461e-01,2.333333333333333037e+00
7.320000000000000284e+00,2.933310054375094733e+00,1.785993514630719314e+00,8.605050914409322349e-01,2.333333333333333037e+00
7.339999999999999858e+00,2.976351807563343943e+00,1.746710679716236614e+00,8.458398984254925645e-01,2.333333333333333037e+00
7.360000000000000320e+00,3.021360640910425666e+00,1.709193943001753313e+00,8.312519277563884534e-01,2.333333333333333037e+00
7.379999999999999893e+00,3.068338070822891783e+00,1.673398199141581166e+00,8.167665197229116991e-01,2.333333333333333037e+00
7.400000000000000355e+00,3.117285655244979470e+00,1.639279799036454488e+00,8.024070753575675008e-01,2.333333333333333037e+00
7.419999999999999929e+00,3.168204784243434879e+00,1.606796650720500264e+00,7.881951281162105083e-01,2.333333333333333037e+00
7.440000000000000391e+00,3.221096467580303546e+00,1.575908306619388188e+00,7.741504197414724731e-01,2.333333333333333037e+00
7.459999999999999964e+00,3.275961118855682308e+00,1.546576038937524489e+00,7.602909792439421777e-01,2.333333333333333037e+00
7.480000000000000426e+00,3.332798335848608851e+00,1.518762904791302493e+00,7.466332040516019397e-01,2.333333333333333037e+00
7.500000000000000000e+00,3.391606676732833225e+00,1.492433802572121104e+00,7.331919424879098646e-01,2.333333333333333037e+00
7.520000000000000462e+00,3.452383431895206023e+00,1.467555520897290133e+00,7.199805768420955987e-01,2.333333333333333037e+00
7.540000000000000036e+00,3.515124391137890214e+00,1.444096781389034634e+00,7.070111063913881999e-01,2.333333333333333037e+00
7.560000000000000497e+00,3.579823606101610434e+00,1.422028276411395620e+00,6.942942298238716781e-01,2.333333333333333037e+00
7.580000000000000071e+00,3.646473147805776360e+00,1.401322702791606201e+00,6.818394265924628828e-01,2.333333333333333037e+00
7.600000000000000533e+00,3.715062859262607819e+00,1.381954792456050241e+00,6.696550368052512914e-01,2.333333333333333037e+00
7.620000000000000107e+00,3.785580103186398482e+00,1.363901340820686592e+00,6.577483393253320543e-01,2.333333333333333037e+00
7.640000000000000568e+00,3.858009504885837160e+00,1.347141233691217854e+00,6.461256278145867116e-01,2.333333333333333037e+00
7.660000000000000142e+00,3.932332690496916250e+00,1.331655473348642982e+00,6.347922845109437162e-01,2.333333333333333037e+00
7.679999999999999716e+00,4.008528020786409130e+00,1.317427204420389186e+00,6.237528515778473226e-01,2.333333333333333037e+00
7.700000000000000178e+00,4.086570320831273584e+00,1.304441740065178656e+00,6.130110999083652201e-01,2.333333333333333037e+00
7.719999999999999751e+00,4.166430605957635258e+00,1.292686588930272329e+00,6.025700953049631936e-01,2.333333333333333037e+00
7.740000000000000213e+00,4.248075804404349398e+00,1.282151483271811276e+00,5.924322619898683140e-01,2.333333333333333037e+00
7.759999999999999787e+00,4.331468477260538741e+00,1.272828408561660352e+00,5.825994434305193925e-01,2.333333333333333037e+00
7.780000000000000249e+00,4.416566536314156188e+00,1.264711634836373166e+00,5.730729604902461416e-01,2.333333333333333037e+00
7.799999999999999822e+00,4.503322960539621889e+00,1.257797749974515655e+00,5.638536669363893861e-01,2.333333333333333037e+00
7.820000000000000284e+00,4.591685512047207318e+00,1.252085695016392997e+00,5.549420023569217042e-01,2.333333333333333037e+00
7.839999999999999858e+00,4.681596452415357490e+00,1.247576801563923032e+00,5.463380425525724560e-01,2.333333333333333037e+00
7.860000000000000320e+00,4.772992260429961497e+00,1.244274831216612087e+00,5.380415474848120327e-01,2.333333333333333037e+00
7.879999999999999893e+00,4.865803352362229717e+00,1.242186016910835411e+00,5.300520068710786736e-01,2.333333333333333037e+00
7.900000000000000355e+00,4.959953806029903767e+00,1.241319105932332745e+00,5.223686835276032392e-01,2.333333333333333037e+00
7.919999999999999929e+00,5.055361090005873415e+00,1.241685404264345038e+00,5.149906545673207381e-01,2.333333333333333037e+00
7.940000000000000391e+00,5.151935799464768984e+00,1.243298821814373012e+00,5.079168505658737676e-01,2.333333333333333037e+00
7.959999999999999964e+00,5.249581400292955280e+00,1.246175917929291943e+00,5.011460928127819958e-01,2.333333333333333037e+00
7.980000000000000426e+00,5.348193983231821491e+00,1.250335946459614211e+00,4.946771287676407503e-01,2.333333333333333037e+00
8.000000000000000000e+00,5.447662029979865039e+00,1.255800899467082177e+00,4.885086658428529627e-01,2.333333333333333037e+00
8.019999999999999574e+00,5.547866193347497088e+00,1.262595548483541164e+00,4.826394036349997418e-01,2.333333333333333037e+00
8.040000000000000924e+00,5.648679093741552748e+00,1.270747482021261199e+00,4.770680647266095642e-01,2.333333333333333037e+00
8.060000000000000497e+00,5.749965134456159532e+00,1.280287137803702402e+00,4.717934241788520611e-01,2.333333333333333037e+00
8.080000000000000071e+00,5.851580338464869691e+00,1.291247827929512981e+00,4.668143378336026550e-01,2.333333333333333037e+00
8.099999999999999645e+00,5.953372209647870505e+00,1.303665754899939300e+00,4.621297695404104622e-01,2.333333333333333037e+00
8.120000000000000995e+00,6.055179621649409150e+00,1.317580016129866527e+00,4.577388174201481030e-01,2.333333333333333037e+00
8.140000000000000568e+00,6.156832737846054115e+00,1.333032594225020517e+00,4.536407392724867149e-01,2.333333333333333037e+00
8.160000000000000142e+00,6.258152966217069846e+00,1.350068329942855083e+00,4.498349772287631998e-01,2.333333333333333037e+00
8.179999999999999716e+00,6.358952953244630280e+00,1.368734874363737974e+00,4.463211817451989138e-01,2.333333333333333037e+00
8.199999999999999289e+00,6.459036621333274830e+00,1.389082616384926361e+00,4.430992350236666044e-01,2.333333333333333037e+00
8.220000000000000639e+00,6.558199254623254149e+00,1.411164581216803215e+00,4.401692739381404818e-01,2.333333333333333037e+00
8.240000000000000213e+00,6.656227638477874464e+00,1.435036295115183380e+00,4.375317125344196367e-01,2.333333333333333037e+00
8.259999999999999787e+00,6.752900258345144735e+00,1.460755611133849996e+00,4.351872641584779156e-01,2.333333333333333037e+00
8.279999999999999361e+00,6.847987564121064352e+00,1.488382490239266831e+00,4.331369632546209769e-01,2.333333333333333037e+00
8.300000000000000711e+00,6.941252306564720698e+00,1.517978731709328066e+00,4.313821868582506380e-01,2.333333333333333037e+00
8.320000000000000284e+00,7.032449952719368902e+00,1.549607646358465596e+00,4.299246757891447279e-01,2.333333333333333037e+00
8.339999999999999858e+00,7.121329187660192517e+00,1.583333665814977032e+00,4.287665555294304376e-01,2.333333333333333037e+00
8.359999999999999432e+00,7.207632510195048248e+00,1.619221880850149287e+00,4.279103567455087576e-01,2.333333333333333037e+00
8.380000000000000782e+00,7.291096930360838613e+00,1.657337501654498224e+00,4.273590353847129819e-01,2.333333333333333037e+00
8.400000000000000355e+00,7.371454776651384044e+00,1.697745233010983235e+00,4.271159922450851743e-01,2.333333333333333037e+00
8.419999999999999929e+00,7.448434620843535470e+00,1.740508557569940384e+00,4.271850918799646180e-01,2.333333333333333037e+00
8.439999999999999503e+00,7.521762328012147947e+00,1.785688920931531865e+00,4.275706806577650454e-01,2.333333333333333037e+00
8.460000000000000853e+00,7.591162238792050765e+00,1.833344813038067178e+00,4.282776037510728773e-01,2.333333333333333037e+00
8.480000000000000426e+00,7.656358490103039038e+00,1.883530741521974639e+00,4.293112207778007616e-01,2.333333333333333037e+00
8.500000000000000000e+00,7.717076479346831164e+00,1.936296094196972684e+00,4.306774197604540944e-01,2.333333333333333037e+00
8.519999999999999574e+00,7.773044475457336233e+00,1.991683889868967272e+00,4.323826290076221990e-01,2.333333333333333037e+00
8.540000000000000924e+00,7.823995378085137453e+00,2.049729419122180207e+00,4.344338264547809025e-01,2.333333333333333037e+00
8.560000000000000497e+00,7.869668623578152555e+00,2.110458779737438562e+00,4.368385459298083084e-01,2.333333333333333037e+00
8.580000000000000071e+00,7.909812233248788793e+00,2.173887314940521787e+00,4.396048797329696889e-01,2.333333333333333037e+00
8.599999999999999645e+00,7.944184995676240924e+00,2.240017966754983103e+00,4.427414768425561031e-01,2.333333333333333037e+00
8.620000000000000995e+00,7.972558770486164015e+00,2.308839561314775857e+00,4.462575359772980033e-01,2.333333333333333037e+00
8.640000000000000568e+00,7.994720896213247663e+00,2.380325048012765343e+00,4.501627926670034308e-01,2.333333333333333037e+00
8.660000000000000142e+00,8.010476679554759727e+00,2.454429719717979186e+00,4.544674994059814122e-01,2.333333333333333037e+00
8.679999999999999716e+00,8.019651937675194020e+00,2.531089446839394075e+00,4.591823978926429795e-01,2.333333333333333037e+00
8.700000000000001066e+00,8.022095559379145868e+00,2.610218963552206617e+00,4.643186822967347305e-01,2.333333333333333037e+00
8.720000000000000639e+00,8.017682045133771140e+00,2.691710249791351650e+00,4.698879524470513935e-01,2.333333333333333037e+00
8.740000000000000213e+00,8.006313980342637748e+00,2.775431057369472487e+00,4.759021558018388109e-01,2.333333333333333037e+00
8.759999999999999787e+00,7.987924391240199817e+00,2.861223632468330891e+00,4.823735170565871533e-01,2.333333333333333037e+00
8.779999999999999361e+00,7.962478928614425300e+00,2.948903689434504205e+00,4.893144542650620932e-01,2.333333333333333037e+00
8.800000000000000711e+00,7.929977821617620215e+00,3.038259691925315753e+00,4.967374804050029846e-01,2.333333333333333037e+00
8.820000000000000284e+00,7.890457542536369218e+00,3.129052496657317217e+00,5.046550894157340039e-01,2.333333333333333037e+00
8.839999999999999858e+00,7.843992123882730816e+00,3.221015412006911660e+00,5.130796258765433215e-01,2.333333333333333037e+00
8.859999999999999432e+00,7.790694071813994981e+00,3.313854718271591615e+00,5.220231376870881901e-01,2.333333333333333037e+00
8.880000000000000782e+00,7.730714824884526770e+00,3.407250688392777338e+00,5.314972113583349422e-01,2.333333333333333037e+00
8.900000000000000355e+00,7.664244714573974271e+00,3.500859137368631302e+00,5.415127898273702778e-01,2.333333333333333037e+00
8.919999999999999929e+00,7.591512393887376753e+00,3.594313515600792375e+00,5.520799730727599108e-01,2.333333333333333037e+00
8.939999999999999503e+00,7.512783712405607162e+00,3.687227546341948159e+00,5.632078022277473561e-01,2.333333333333333037e+00
8.960000000000000853e+00,7.428360030147490356e+00,3.779198390729190837e+00,5.749040283626347669e-01,2.333333333333333037e+00
8.980000000000000426e+00,7.338575978006885769e+00,3.869810306245400344e+00,5.871748676284292978e-01,2.333333333333333037e+00
9.000000000000000000e+00,7.243796688735846701e+00,3.958638746621739646e+00,6.000247450113853631e-01,2.333333333333333037e+00
9.019999999999999574e+00,7.144414538742875465e+00,4.045254834041588587e+00,6.134560295293113308e-01,2.333333333333333037e+00
9.040000000000000924e+00,7.040845456587075724e+00,4.129230118927790016e+00,6.274687642891667583e-01,2.333333333333333037e+00
9.060000000000000497e+00,6.933524868188705170e+00,4.210141529461909116e+00,6.420603954024021176e-01,2.333333333333333037e+00
9.080000000000000071e+00,6.822903360704188458e+00,4.287576403075227027e+00,6.572255042980985618e-01,2.333333333333333037e+00
9.099999999999999645e+00,6.709442156090177356e+00,4.361137486091759996e+00,6.729555484609450744e-01,2.333333333333333037e+00
9.120000000000000995e+00,6.593608491118159165e+00,4.430447785913123049e+00,6.892386160272533369e-01,2.333333333333333037e+00
9.140000000000000568e+00,6.475871002698730727e+00,4.495155162790449133e+00,7.060591999735580382e-01,2.333333333333333037e+00
9.160000000000000142e+00,6.356695215745059357e+00,4.554936555246663410e+00,7.233979978062223815e-01,2.333333333333333037e+00
9.179999999999999716e+00,6.236539225578141554e+00,4.609501744254342448e+00,7.412317426867925940e-01,2.333333333333333037e+00
9.200000000000001066e+00,6.115849658387269017e+00,4.658596575770931558e+00,7.595330717903605589e-01,2.333333333333333037e+00
9.220000000000000639e+00,5.995057982018985321e+00,4.702005578428719801e+00,7.782704373816260457e-01,2.333333333333333037e+00
9.240000000000000213e+00,5.874577226022161369e+00,4.739553932187908103e+00,7.974080656004003398e-01,2.333333333333333037e+00
9.259999999999999787e+00,5.754799155154156409e+00,4.771108763640781625e+00,8.169059672764279467e-01,2.333333333333333037e+00
9.279999999999999361e+00,5.636091925210548581e+00,4.796579763461576995e+00,8.367200042513255331e-01,2.333333333333333037e+00
9.300000000000000711e+00,5.518798234812133607e+00,4.815919140354527173e+00,8.568020136892390282e-01,2.333333333333333037e+00
9.320000000000000284e+00,5.403233972331428880e+00,4.829120943004756583e+00,8.770999917307198412e-01,2.333333333333333037e+00
9.339999999999999858e+00,5.289687344024528670e+00,4.836219796382160929e+00,8.975583366160585497e-01,2.333333333333333037e+00
9.359999999999999432e+00,5.178418458080617626e+00,4.837289110864462671e+00,9.181181501101336462e-01,2.333333333333333037e+00
9.380000000000000782e+00,5.069659329997215913e+00,4.832438831794100054e+00,9.387175947401545928e-01,2.333333333333333037e+00
9.400000000000000355e+00,4.963614267579806061e+00,4.821812803202729647e+00,9.592923030525004613e-01,2.333333333333333037e+00
9.419999999999999929e+00,4.860460588965120010e+00,4.805585822622126635e+00,9.797758338479590767e-01,2.333333333333333037e+00
9.439999999999999503e+00,4.760349624281272618e+00,4.783960464375480726e+00,1.000100169207742251e+00,2.333333333333333037e+00
9.460000000000000853e+00,4.663407950699299143e+00,4.757163746829844442e+00,1.020196245114417977e+00,2.333333333333333037e+00
9.480000000000000426e+00,4.569738811450068106e+00,4.725443715173554438e+00,1.039994507636396337e+00,2.333333333333333037e+00
9.500000000000000000e+00,4.479423671589914058e+00,4.689066005778356860e+00,1.059425486009633266e+00,2.333333333333333037e+00
9.519999999999999574e+00,4.392523866593810666e+00,4.648310451534954701e+00,1.078420373536173038e+00,2.333333333333333037e+00
9.540000000000000924e+00,4.309082303936458302e+00,4.603467780113995822e+00,1.096911607038144831e+00,2.333333333333333037e+00
9.560000000000000497e+00,4.229125182408322914e+00,4.554836449267141596e+00,1.114833435661311656e+00,2.333333333333333037e+00
9.580000000000000071e+00,4.152663698754636812e+00,4.502719655362358075e+00,1.132122470109009349e+00,2.333333333333333037e+00
9.599999999999999645e+00,4.079695716106661152e+00,4.447422543607859602e+00,1.148718203891871958e+00,2.333333333333333037e+00
9.620000000000000995e+00,4.010207373422248978e+00,4.389249641068920127e+00,1.164563498880242465e+00,2.333333333333333037e+00
9.640000000000000568e+00,3.944174619633158851e+00,4.328502526776303760e+00,1.179605028317525450e+00,2.333333333333333037e+00
9.660000000000000142e+00,3.881564660313700177e+00,4.265477747070595349e+00,1.193793671461936823e+00,2.333333333333333037e+00
9.679999999999999716e+00,3.822337308377385501e+00,4.200464978886385481e+00,1.207084855135868828e+00,2.333333333333333037e+00
9.700000000000001066e+00,3.766446233542772859e+00,4.133745438980928277e+00,1.219438838639388401e+00,2.333333333333333037e+00
9.720000000000000639e+00,3.713840108078194646e+00,4.065590533151039132e+00,1.230820939690111082e+00,2.333333333333333037e+00
9.740000000000000213e+00,3.664463648648126348e+00,3.996260736234394706e+00,1.241201700250091244e+00,2.333333333333333037e+00
9.759999999999999787e+00,3.618258555966095358e+00,3.926004691115178247e+00,1.250556992258358813e+00,2.333333333333333037e+00
9.779999999999999361e+00,3.575164355444609754e+00,3.855058512995950259e+00,1.258868064376009288e+00,2.333333333333333037e+00
9.800000000000000711e+00,3.535119143161824518e+00,3.783645283797500536e+00,1.266121531844549564e+00,2.333333333333333037e+00
9.820000000000000284e+00,3.498060242280803589e+00,3.711974720642696290e+00,1.272309312437895468e+00,2.333333333333333037e+00
9.839999999999999858e+00,3.463924775603977935e+00,3.640243001904825082e+00,1.277428512239714653e+00,2.333333333333333037e+00
9.859999999999999432e+00,3.432650160265172445e+00,3.568632734192966449e+00,1.281481265591812635e+00,2.333333333333333037e+00
9.880000000000000782e+00,3.404174530694231038e+00,3.497313043846885794e+00,1.284474534032187698e+00,2.333333333333333037e+00
9.900000000000000355e+00,3.378437095971246418e+00,3.426439776966148099e+00,1.286419869374170410e+00,2.333333333333333037e+00
9.919999999999999929e+00,3.355378437551259641e+00,3.356155792651638325e+00,1.287333146275817963e+00,2.333333333333333037e+00
9.939999999999999503e+00,3.334940753114531198e+00,3.286591334946377785e+00,1.287234269720001656e+00,2.333333333333333037e+00
9.960000000000000853e+00,3.317068052006589163e+00,3.217864469885513223e+00,1.286146862781759825e+00,2.333333333333333037e+00
9.980000000000000426e+00,3.301706307396805151e+00,3.150081575066643769e+00,1.284097939913828590e+00,2.333333333333333037e+00
1.000000000000000000e+01,3.288803569921347592e+00,3.083337870200153930e+00,1.281117570748479872e+00,2.333333333333333037e+00
0.000000000000000000e+00,5.000000000000000000e-01,5.000000000000000000e-01,5.000000000000000000e-01,2.777777777777777679e+00
2.000000000000000042e-02,5.228957678827160782e-01,4.740264496543210027e-01,4.762691348641975297e-01,2.777777777777777679e+00
4.000000000000000083e-02,5.470786505406328715e-01,4.495701893438843189e-01,4.535930823885656604e-01,2.777777777777777679e+00
5.999999999999999778e-02,5.726139197902421207e-01,4.265380900565508560e-01,4.319372118861593002e-01,2.777777777777777679e+00
8.000000000000000167e-02,5.995701312071683997e-01,4.048432679184835181e-01,4.112665787244821347e-01,2.777777777777777679e+00
1.000000000000000056e-01,6.280192378792166519e-01,3.844046316212788028e-01,3.915461522434241504e-01,2.777777777777777679e+00
1.199999999999999956e-01,6.580367052618221191e-01,3.651464652209084893e-01,3.727410119435995428e-01,2.777777777777777679e+00
1.400000000000000133e-01,6.897016264892352755e-01,3.469980435287535192e-01,3.548165152736543204e-01,2.777777777777777679e+00
1.600000000000000033e-01,7.230968374162635159e-01,3.298932775160808295e-01,3.377384400656457952e-01,2.777777777777777679e+00
1.799999999999999933e-01,7.583090305780256779e-01,3.137703873456214043e-01,3.214731044020291417e-01,2.777777777777777679e+00
2.000000000000000111e-01,7.954288671586885462e-01,2.985716008265290600e-01,3.059874664474491190e-01,2.777777777777777679e+00
2.200000000000000011e-01,8.345510859542961679e-01,2.842428752614083454e-01,2.912492065441495970e-01,2.777777777777777679e+00
2.399999999999999911e-01,8.757746081993865728e-01,2.707336408160840313e-01,2.772267936516164544e-01,2.777777777777777679e+00
2.600000000000000089e-01,9.192026370019655834e-01,2.579965636943690743e-01,2.638895380089559262e-01,2.777777777777777679e+00
2.800000000000000266e-01,9.649427499965400612e-01,2.459873275414755645e-01,2.512076317120939262e-01,2.777777777777777679e+00
2.999999999999999889e-01,1.013106983680357009e+00,2.346644316312421485e-01,2.391521787266028820e-01,2.777777777777777679e+00
3.200000000000000067e-01,1.063811907743962948e+00,2.239890045144477815e-01,2.276952157001151111e-01,2.777777777777777679e+00
3.400000000000000244e-01,1.117178687544066351e+00,2.139246319186439149e-01,2.168097247950876161e-01,2.777777777777777679e+00
3.599999999999999867e-01,1.173333132695048020e+00,2.044371977946989050e-01,2.064696396323053573e-01,2.777777777777777679e+00
3.800000000000000044e-01,1.232405729576154352e+00,1.954947375021706957e-01,1.966498453170985317e-01,2.777777777777777679e+00
4.000000000000000222e-01,1.294531655365561251e+00,1.870673022152793963e-01,1.873261734129479938e-01,2.777777777777777679e+00
4.199999999999999845e-01,1.359850771021564375e+00,1.791268337142118972e-01,1.784753926301250460e-01,2.777777777777777679e+00
4.400000000000000022e-01,1.428507590437005703e+00,1.716470488033258190e-01,1.700751959094452814e-01,2.777777777777777679e+00
4.600000000000000200e-01,1.500651222797944939e+00,1.646033326690887477e-01,1.621041845023352690e-01,2.777777777777777679e+00
4.799999999999999822e-01,1.576435284984310181e+00,1.579726405568381842e-01,1.545418495774779633e-01,2.777777777777777679e+00
5.000000000000000000e-01,1.656017780662119687e+00,1.517334072072136497e-01,1.473685518206264700e-01,2.777777777777777679e+00
5.200000000000000178e-01,1.739560942537730748e+00,1.458654635509194220e-01,1.405654994371046684e-01,2.777777777777777679e+00
5.400000000000000355e-01,1.827231034078969696e+00,1.403499602148374492e-01,1.341147249154465426e-01,2.777777777777777679e+00
5.600000000000000533e-01,1.919198106861101483e+00,1.351692974439343276e-01,1.279990608650025674e-01,2.777777777777777679e+00
5.799999999999999600e-01,2.015635709573289081e+00,1.303070610923964257e-01,1.222021151996462163e-01,2.777777777777777679e+00
5.999999999999999778e-01,2.116720544630045886e+00,1.257479643844904293e-01,1.167082459034720077e-01,2.777777777777777679e+00
6.199999999999999956e-01,2.222632068279486894e+00,1.214777951912959231e-01,1.115025355821538389e-01,2.777777777777777679e+00
6.400000000000000133e-01,2.333552030093902108e+00,1.174833686142183475e-01,1.065707659750300962e-01,2.777777777777777679e+00
6.600000000000000311e-01,2.449663947776874906e+00,1.137524847106149983e-01,1.018993925776393444e-01,2.777777777777777679e+00
6.800000000000000488e-01,2.571152513333978540e+00,1.102738912415305306e-01,9.747551950201571724e-02,2.777777777777777679e+00
7.000000000000000666e-01,2.698202926840508997e+00,1.070372513670625747e-01,9.328687468226772028e-02,2.777777777777777679e+00
7.199999999999999734e-01,2.831000154309491812e+00,1.040331162619337474e-01,8.932178551553644763e-02,2.777777777777777679e+00
7.399999999999999911e-01,2.969728106526080769e+00,1.012529026731708581e-01,8.556915501311336547e-02,2.777777777777777679e+00
7.600000000000000089e-01,3.114568736179872399e+00,9.868887549420489458e-02,8.201843852307182103e-02,2.777777777777777679e+00
7.800000000000000266e-01,3.265701051203415695e+00,9.633413548612677901e-02,7.865962107403087766e-02,2.777777777777777679e+00
8.000000000000000444e-01,3.423300042921030073e+00,9.418261233830468870e-02,7.548319537944420121e-02,2.777777777777777679e+00
8.200000000000000622e-01,3.587535528433179355e+00,9.222906332827851550e-02,7.248014053292944903e-02,2.777777777777777679e+00
8.399999999999999689e-01,3.758570907612178935e+00,9.046907791616157213e-02,6.964190141747975127e-02,2.777777777777777679e+00
8.599999999999999867e-01,3.936561836166380779e+00,8.889908869327746432e-02,6.696036884479841800e-02,2.777777777777777679e+00
8.800000000000000044e-01,4.121654817440239427e+00,8.751638920027232649e-02,6.442786043535603246e-02,2.777777777777777679e+00
9.000000000000000222e-01,4.313985716950814009e+00,8.631915923860292161e-02,6.203710224498206610e-02,2.777777777777777679e+00
9.200000000000000400e-01,4.513678205106598895e+00,8.530649842360302215e-02,5.978121113978023676e-02,2.777777777777777679e+00
9.400000000000000577e-01,4.720842135095814740e+00,8.447846887019309914e-02,5.765367791781785684e-02,2.777777777777777679e+00
9.599999999999999645e-01,4.935571864546203003e+00,8.383614806714972945e-02,5.564835117331380643e-02,2.777777777777777679e+00
9.799999999999999822e-01,5.157944531217752981e+00,8.338169318671885544e-02,5.375942189687687306e-02,2.777777777777777679e+00
1.000000000000000000e+00,5.388018294657580753e+00,8.311841829798176373e-02,5.198140880367396743e-02,2.777777777777777679e+00
1.020000000000000018e+00,5.625830557378518115e+00,8.305088621034696639e-02,5.030914438019192664e-02,2.777777777777777679e+00
1.040000000000000036e+00,5.871396180668639886e+00,8.318501697442319542e-02,4.873776163946218903e-02,2.777777777777777679e+00
1.060000000000000053e+00,6.124705711539215613e+00,8.352821541908145297e-02,4.726268157421641830e-02,2.777777777777777679e+00
1.080000000000000071e+00,6.385723638507688982e+00,8.408952051487283974e-02,4.587960129741358584e-02,2.777777777777777679e+00
1.100000000000000089e+00,6.654386694818395398e+00,8.487977983589545250e-02,4.458448285991354482e-02,2.777777777777777679e+00
1.120000000000000107e+00,6.930602228249796326e+00,8.591185295736468441e-02,4.337354273576585900e-02,2.777777777777777679e+00
1.140000000000000124e+00,7.214246656762405507e+00,8.720084828942999133e-02,4.224324196664195480e-02,2.777777777777777679e+00
1.159999999999999920e+00,7.505164028823830158e+00,8.876439862668111802e-02,4.119027695838010927e-02,2.777777777777777679e+00
1.179999999999999938e+00,7.803164706224103853e+00,9.062298160778183009e-02,4.021157092446483311e-02,2.777777777777777679e+00
1.199999999999999956e+00,8.108024185485959379e+00,9.280029235469536286e-02,3.930426597356594109e-02,2.777777777777777679e+00
1.219999999999999973e+00,8.419482071505832721e+00,9.532367682390247010e-02,3.846571584107544295e-02,2.777777777777777679e+00
1.239999999999999991e+00,8.737241213764427528e+00,9.822463588519472766e-02,3.769347926797716325e-02,2.777777777777777679e+00
1.260000000000000009e+00,9.060967011262269111e+00,1.015394118843625654e-01,3.698531403446209120e-02,2.777777777777777679e+00
1.280000000000000027e+00,9.390286887218868728e+00,1.053096714871501055e-01,3.633917166058499293e-02,2.777777777777777679e+00
1.300000000000000044e+00,9.724789928489988355e+00,1.095833009918161238e-01,3.575319279210013163e-02,2.777777777777777679e+00
1.320000000000000062e+00,1.006402667758605318e+01,1.144153330911511779e-01,3.522570329660937999e-02,2.777777777777777679e+00
1.340000000000000080e+00,1.040750905711068519e+01,1.198690273223825264e-01,3.475521110354592991e-02,2.777777777777777679e+00
1.360000000000000098e+00,1.075471039739086798e+01,1.260171302308172592e-01,3.434040383159887161e-02,2.777777777777777679e+00
1.380000000000000115e+00,1.110506552806288916e+01,1.329433456598522190e-01,3.398014725932701346e-02,2.777777777777777679e+00
1.400000000000000133e+00,1.145797088344874837e+01,1.407440506366728628e-01,3.367348470936866456e-02,2.777777777777777679e+00
1.419999999999999929e+00,1.181278455975822084e+01,1.495302981166143352e-01,3.341963743438619572e-02,2.777777777777777679e+00
1.439999999999999947e+00,1.216882624955081482e+01,1.594301544360798573e-01,3.321800611437739775e-02,2.777777777777777679e+00
1.459999999999999964e+00,1.252537696557899949e+01,1.705914267386888783e-01,3.306817360108043474e-02,2.777777777777777679e+00
1.479999999999999982e+00,1.288167845222885610e+01,1.831848438784249578e-01,3.296990907692539524e-02,2.777777777777777679e+00
1.500000000000000000e+00,1.323693216844218057e+01,1.974077633014509892e-01,3.292317383459760632e-02,2.777777777777777679e+00
1.520000000000000018e+00,1.359029771148204979e+01,2.134884860032345288e-01,3.292812893030171162e-02,2.777777777777777679e+00
1.540000000000000036e+00,1.394089053653962829e+01,2.316912715434693293e-01,3.298514502109704122e-02,2.777777777777777679e+00
1.560000000000000053e+00,1.428777881349028966e+01,2.523221547601127157e-01,3.309481476643739983e-02,2.777777777777777679e+00
1.580000000000000071e+00,1.462997924986011000e+01,2.757356744339931609e-01,3.325796825895142167e-02,2.777777777777777679e+00
1.600000000000000089e+00,1.496645169939503184e+01,3.023426304669268316e-01,3.347569205269704251e-02,2.777777777777777679e+00
1.620000000000000107e+00,1.529609237019269941e+01,3.326189883056855923e-01,3.374935248231777235e-02,2.777777777777777679e+00
1.640000000000000124e+00,1.561772544754941450e+01,3.671160447196903931e-01,3.408062411800293068e-02,2.777777777777777679e+00
1.660000000000000142e+00,1.593009295787449986e+01,4.064719538894093764e-01,3.447152438377418249e-02,2.777777777777777679e+00
1.679999999999999938e+00,1.623184272593850608e+01,4.514246819380238751e-01,3.492445558577307596e-02,2.777777777777777679e+00
1.699999999999999956e+00,1.652151432477266368e+01,5.028264045895889378e-01,3.544225585865368178e-02,2.777777777777777679e+00
1.719999999999999973e+00,1.679752299429793183e+01,5.616592773847501885e-01,3.602826084767847548e-02,2.777777777777777679e+00
1.739999999999999991e+00,1.705814162238994669e+01,6.290523790268891524e-01,3.668637830694872204e-02,2.777777777777777679e+00
1.760000000000000009e+00,1.730148105465913844e+01,7.062994412730616567e-01,3.742117821423639884e-02,2.777777777777777679e+00
1.780000000000000027e+00,1.752546924381308102e+01,7.948767158008214206e-01,3.823800148118319114e-02,2.777777777777777679e+00
1.800000000000000044e+00,1.772783008565757967e+01,8.964599700244936242e-01,3.914309087038136264e-02,2.777777777777777679e+00
1.820000000000000062e+00,1.790606323722779081e+01,1.012939129963995599e+00,4.014374830639507591e-02,2.777777777777777679e+00
1.840000000000000080e+00,1.805742679184620769e+01,1.146428482418785144e+00,4.124852336249364149e-02,2.777777777777777679e+00
1.860000000000000098e+00,1.817892540715916283e+01,1.299269604064782424e+00,4.246743827764262041e-02,2.777777777777777679e+00
1.880000000000000115e+00,1.826730733997350242e+01,1.474023314786467642e+00,4.381225534349429684e-02,2.777777777777777679e+00
1.900000000000000133e+00,1.831907480074443129e+01,1.673446004424010036e+00,4.529679280005143027e-02,2.777777777777777679e+00
1.919999999999999929e+00,1.833051301777274844e+01,1.900444758391504507e+00,4.693729535016746834e-02,2.777777777777777679e+00
1.939999999999999947e+00,1.829774424404636690e+01,2.158004987900561833e+00,4.875286485429649458e-02,2.777777777777777679e+00
1.959999999999999964e+00,1.821681340498910373e+01,2.449084033217888479e+00,5.076595544716620834e-02,2.777777777777777679e+00
1.979999999999999982e+00,1.808381182671506693e+01,2.776464840726131200e+00,5.300293491909113114e-02,2.777777777777777679e+00
2.000000000000000000e+00,1.789504406274821946e+01,3.142565794526896550e+00,5.549471037399644757e-02,2.777777777777777679e+00
2.020000000000000018e+00,1.764723977511125597e+01,3.549206610943958395e+00,5.827741055073049764e-02,2.777777777777777679e+00
2.040000000000000036e+00,1.733780752634774203e+01,3.997336259112203471e+00,6.139310946201972929e-02,2.777777777777777679e+00
2.060000000000000053e+00,1.696512008186492437e+01,4.486737185400636818e+00,6.489056600181904166e-02,2.777777777777777679e+00
2.080000000000000071e+00,1.652881181789506826e+01,5.015730093304652470e+00,6.882594200780324523e-02,2.777777777777777679e+00
2.100000000000000089e+00,1.603005926748455678e+01,5.580913669890049000e+00,7.326344747352098175e-02,2.777777777777777679e+00
2.120000000000000107e+00,1.547180778501520848e+01,6.176981488219396077e+00,7.827584726628696032e-02,2.777777777777777679e+00
2.140000000000000124e+00,1.485890351286758992e+01,6.796660707994544914e+00,8.394475051209844552e-02,2.777777777777777679e+00
2.160000000000000142e+00,1.419809306190219367e+01,7.430811125880691037e+00,9.036059398098138240e-02,2.777777777777777679e+00
2.180000000000000160e+00,1.349786531731686168e+01,8.068706940901659408e+00,9.762222684876310785e-02,2.777777777777777679e+00
2.200000000000000178e+00,1.276813014311586159e+01,8.698498291616074241e+00,1.058360084798977419e-01,2.777777777777777679e+00
2.220000000000000195e+00,1.201975425848120693e+01,9.307819474521489056e+00,1.151143450522231493e-01,2.777777777777777679e+00
2.240000000000000213e+00,1.126399954264533854e+01,9.884482724083344607e+00,1.255736154572570928e-01,2.777777777777777679e+00
2.260000000000000231e+00,1.051192699260328922e+01,1.041717813413678329e+01,1.373314710648114445e-01,2.777777777777777679e+00
2.280000000000000249e+00,9.773835463412268609e+00,1.089609723433736654e+01,1.505035353601198445e-01,2.777777777777777679e+00
2.300000000000000266e+00,9.058796539406642978e+00,1.131341107393537371e+01,1.651995748126028618e-01,2.777777777777777679e+00
2.319999999999999840e+00,8.374327854707194874e+00,1.166355969981716001e+01,1.815192577231355964e-01,2.777777777777777679e+00
2.339999999999999858e+00,7.726222378359505427e+00,1.194334151937765398e+01,1.995476592568403151e-01,2.777777777777777679e+00
2.359999999999999876e+00,7.118526978744855960e+00,1.215182036993895132e+01,2.193507047498957641e-01,2.777777777777777679e+00
2.379999999999999893e+00,6.553645084602245596e+00,1.229008923246670726e+01,2.409707666028480244e-01,2.777777777777777679e+00
2.399999999999999911e+00,6.032528006710679236e+00,1.236093981474106762e+01,2.644226403180129914e-01,2.777777777777777679e+00
2.419999999999999929e+00,5.554917368766613350e+00,1.236848734217454115e+01,2.896901211025009193e-01,2.777777777777777679e+00
2.439999999999999947e+00,5.119605172311049834e+00,1.231779263854057405e+01,3.167233836035601158e-01,2.777777777777777679e+00
2.459999999999999964e+00,4.724685618292999933e+00,1.221451248379872823e+01,3.454373345896268321e-01,2.777777777777777679e+00
2.479999999999999982e+00,4.367781457568981729e+00,1.206459742362540766e+01,3.757110637097105243e-01,2.777777777777777679e+00
2.500000000000000000e+00,4.046235583261779567e+00,1.187404580608915339e+01,4.073884638414931869e-01,2.777777777777777679e+00
2.520000000000000018e+00,3.757264865440145929e+00,1.164871489312964847e+01,4.402800337168011335e-01,2.777777777777777679e+00
2.540000000000000036e+00,3.498077592183724605e+00,1.139418464456858615e+01,4.741658156423790293e-01,2.777777777777777679e+00
2.560000000000000053e+00,3.265958484141752827e+00,1.111566687908128159e+01,5.087993643859679560e-01,2.777777777777777679e+00
2.580000000000000071e+00,3.058326464448087201e+00,1.081795142378632768e+01,5.439125934896422709e-01,2.777777777777777679e+00
2.600000000000000089e+00,2.872770611077421599e+00,1.050538098544666887e+01,5.792213055444359604e-01,2.777777777777777679e+00
2.620000000000000107e+00,2.707069366704824898e+00,1.018184730760292744e+01,6.144311855386931365e-01,2.777777777777777679e+00
2.640000000000000124e+00,2.559197419311112665e+00,9.850802339893718340e+00,6.492440224550518613e-01,2.777777777777777679e+00
2.660000000000000142e+00,2.427323893816342615e+00,9.515279383075728958e+00,6.833639239401145815e-01,2.777777777777777679e+00
2.680000000000000160e+00,2.309804734062590459e+00,9.177920333355281457e+00,7.165033012085814113e-01,2.777777777777777679e+00
2.700000000000000178e+00,2.205171472062567251e+00,8.841006155648894804e+00,7.483884246301515386e-01,2.777777777777777679e+00
2.720000000000000195e+00,2.112118005751745464e+00,8.506488540655075425e+00,7.787643823212356819e-01,2.777777777777777679e+00
2.740000000000000213e+00,2.029486542029339535e+00,8.176021348723885751e+00,8.073993117938929043e-01,2.777777777777777679e+00
2.760000000000000231e+00,1.956253500149332858e+00,7.850990933912433967e+00,8.340878154590546378e-01,2.777777777777777679e+00
2.780000000000000249e+00,1.891515897112826083e+00,7.532544800228041737e+00,8.586535118218779905e-01,2.777777777777777679e+00
2.800000000000000266e+00,1.834478535609536110e+00,7.221618295591083481e+00,8.809507131442010364e-01,2.777777777777777679e+00
2.819999999999999840e+00,1.784442171041783487e+00,6.918959221939942950e+00,9.008652552406226643e-01,2.777777777777777679e+00
2.839999999999999858e+00,1.740792733936973757e+00,6.625150352974355172e+00,9.183145345158830741e-01,2.777777777777777679e+00
2.859999999999999876e+00,1.702991616595503910e+00,6.340629921152643789e+00,9.332468304954644189e-01,2.777777777777777679e+00
2.879999999999999893e+00,1.670566989343531983e+00,6.065710175840790086e+00,9.456400086313019315e-01,2.777777777777777679e+00
2.899999999999999911e+00,1.643106085457949561e+00,5.800594134813454872e+00,9.554997082243166240e-01,2.777777777777777679e+00
2.919999999999999929e+00,1.620248379554373397e+00,5.545390658795919414e+00,9.628571244080728064e-01,2.777777777777777679e+00
2.939999999999999947e+00,1.601679578159067141e+00,5.300127978451401489e+00,9.677664920606923182e-01,2.777777777777777679e+00
2.959999999999999964e+00,1.587126340541505698e+00,5.064765798576923217e+00,9.703023741931187107e-01,2.777777777777777679e+00
2.979999999999999982e+00,1.576351650676212079e+00,4.839206097490868608e+00,9.705568488045075437e-01,2.777777777777777679e+00
3.000000000000000000e+00,1.569150766032780808e+00,4.623302732039361373e+00,9.686366773898462679e-01,2.777777777777777679e+00
3.020000000000000018e+00,1.565347674799360211e+00,4.416869951090975022e+00,9.646605261465183156e-01,2.777777777777777679e+00
3.040000000000000036e+00,1.564791999480687146e+00,4.219689913217418820e+00,9.587562982553121671e-01,2.777777777777777679e+00
3.060000000000000053e+00,1.567356291155933778e+00,4.031519297618280540e+00,9.510586230680910802e-01,2.777777777777777679e+00
3.080000000000000071e+00,1.572933664771781093e+00,3.852095091249259529e+00,9.417065361324014061e-01,2.777777777777777679e+00
3.100000000000000089e+00,1.581435731529807542e+00,3.681139629495273180e+00,9.308413730927560525e-01,2.777777777777777679e+00
3.120000000000000107e+00,1.592790789626707060e+00,3.518364962507006588e+00,9.186048908683341896e-01,2.777777777777777679e+00
3.140000000000000124e+00,1.606942239292748376e+00,3.363476614407338694e+00,9.051376212435193747e-01,2.777777777777777679e+00
3.160000000000000142e+00,1.623847192251800076e+00,3.216176797902239315e+00,8.905774551546465911e-01,2.777777777777777679e+00
3.180000000000000160e+00,1.643475249418173023e+00,3.076167142348035899e+00,8.750584504754903570e-01,2.777777777777777679e+00
3.200000000000000178e+00,1.665807423885524940e+00,2.943150989001749096e+00,8.587098519054560120e-01,2.777777777777777679e+00
3.220000000000000195e+00,1.690835189090564628e+00,2.816835302998529578e+00,8.416553085238460685e-01,2.777777777777777679e+00
3.240000000000000213e+00,1.718559634490384846e+00,2.696932247558208928e+00,8.240122725471865639e-01,2.777777777777777679e+00
3.260000000000000231e+00,1.748990713217384307e+00,2.583160462028510906e+00,8.058915616630377698e-01,2.777777777777777679e+00
3.280000000000000249e+00,1.782146568008275089e+00,2.475246081637659579e+00,7.873970668631129488e-01,2.777777777777777679e+00
3.300000000000000266e+00,1.818052923279156019e+00,2.372923533268146645e+00,7.686255878190273449e-01,2.777777777777777679e+00
3.320000000000000284e+00,1.856742532569420456e+00,2.275936138190139069e+00,7.496667784060389028e-01,2.777777777777777679e+00
3.339999999999999858e+00,1.898254671732495069e+00,2.184036549519341897e+00,7.306031858689697733e-01,2.777777777777777679e+00
3.359999999999999876e+00,1.942634669237074618e+00,2.096987049199071862e+00,7.115103682411878516e-01,2.777777777777777679e+00
3.379999999999999893e+00,1.989933465781710931e+00,2.014559726555367192e+00,6.924570758890037370e-01,2.777777777777777679e+00
3.399999999999999911e+00,2.040207196138752455e+00,1.936536557939136260e+00,6.735054843921006729e-01,2.777777777777777679e+00
3.419999999999999929e+00,2.093516786748761849e+00,1.862709404649246725e+00,6.547114673315008737e-01,2.777777777777777679e+00
3.439999999999999947e+00,2.149927563099625072e+00,1.792879944220699517e+00,6.361248988982447505e-01,2.777777777777777679e+00
3.459999999999999964e+00,2.209508861359720466e+00,1.726859548255673893e+00,6.177899775272687188e-01,2.777777777777777679e+00
3.479999999999999982e+00,2.272333639104324732e+00,1.664469118263352421e+00,5.997455629798011945e-01,2.777777777777777679e+00
3.500000000000000000e+00,2.338478080290088190e+00,1.605538889446569195e+00,5.820255204293492968e-01,2.777777777777777679e+00
3.520000000000000018e+00,2.408021189904006487e+00,1.549908211017991588e+00,5.646590661424574220e-01,2.777777777777777679e+00
3.540000000000000036e+00,2.481044373949958803e+00,1.497425310433666557e+00,5.476711102821122390e-01,2.777777777777777679e+00
3.560000000000000053e+00,2.557631000645855579e+00,1.447947047885010941e+00,5.310825931988562010e-01,2.777777777777777679e+00
3.580000000000000071e+00,2.637865938895370022e+00,1.401338666479464257e+00,5.149108123149837013e-01,2.777777777777777679e+00
3.600000000000000089e+00,2.721835070277092594e+00,1.357473542753128593e+00,4.991697373552398398e-01,2.777777777777777679e+00
3.620000000000000107e+00,2.809624770967281471e+00,1.316232941484370755e+00,4.838703122391157518e-01,2.777777777777777679e+00
3.640000000000000124e+00,2.901321360186171372e+00,1.277505778204773179e+00,4.690207424318616480e-01,2.777777777777777679e+00
3.660000000000000142e+00,2.997010511937662880e+00,1.241188392322960743e+00,4.546267669608344830e-01,2.777777777777777679e+00
3.680000000000000160e+00,3.096776627003306803e+00,1.207184333378414909e+00,4.406919146479836291e-01,2.777777777777777679e+00
3.700000000000000178e+00,3.200702162358527669e+00,1.175404162617975423e+00,4.272177443952492326e-01,2.777777777777777679e+00
3.720000000000000195e+00,3.308866915406262432e+00,1.145765271829644716e+00,4.142040695942192929e-01,2.777777777777777679e+00
3.740000000000000213e+00,3.421347260674318491e+00,1.118191721169677910e+00,4.016491669209740767e-01,2.777777777777777679e+00
3.760000000000000231e+00,3.538215336900933483e+00,1.092614097573595844e+00,3.895499699275952188e-01,2.777777777777777679e+00
3.780000000000000249e+00,3.659538182740658119e+00,1.068969395244202980e+00,3.779022479587864636e-01,2.777777777777777679e+00
3.800000000000000266e+00,3.785376819661477210e+00,1.047200919655045581e+00,3.667007710103840634e-01,2.777777777777777679e+00
3.820000000000000284e+00,3.915785280974821259e+00,1.027258216491617748e+00,3.559394612106668854e-01,2.777777777777777679e+00
3.839999999999999858e+00,4.050809586342637658e+00,1.009097026971047528e+00,3.456115316492585077e-01,2.777777777777777679e+00
3.859999999999999876e+00,4.190486661538733060e+00,9.926792710303246059e-01,3.357096133055392229e-01,2.777777777777777679e+00
3.879999999999999893e+00,4.334843203702802406e+00,9.779730599498716037e-01,3.262258708419166764e-01,2.777777777777777679e+00
3.899999999999999911e+00,4.483894492811314691e+00,9.649527400799761123e-01,3.171521080297147743e-01,2.777777777777777679e+00
3.919999999999999929e+00,4.637643150594970898e+00,9.535989694587030385e-01,3.084798635691505808e-01,2.777777777777777679e+00
3.939999999999999947e+00,4.796077848651796316e+00,9.438988292474809194e-01,3.002004980518759858e-01,2.777777777777777679e+00
3.959999999999999964e+00,4.959171968031097499e+00,9.358459720601026710e-01,2.923052727965900210e-01,2.777777777777777679e+00
3.979999999999999982e+00,5.126882213088596707e+00,9.294408094170600876e-01,2.847854212667414453e-01,2.777777777777777679e+00
4.000000000000000000e+00,5.299147182928708233e+00,9.246907407133838630e-01,2.776322137556025416e-01,2.777777777777777679e+00
4.020000000000000462e+00,5.475885904247657088e+00,9.216104262363435939e-01,2.708370159990625137e-01,2.777777777777777679e+00
4.040000000000000036e+00,5.656996329863026141e+00,9.202221068992214592e-01,2.643913423512742056e-01,2.777777777777777679e+00
4.060000000000000497e+00,5.842353807654794728e+00,9.205559734559770613e-01,2.582869041335538185e-01,2.777777777777777679e+00
4.080000000000000071e+00,6.031809525045780163e+00,9.226505880126457670e-01,2.525156537433358994e-01,2.777777777777777679e+00
4.099999999999999645e+00,6.225188934514982009e+00,9.265533606342202244e-01,2.470698250880757896e-01,2.777777777777777679e+00
4.120000000000000107e+00,6.422290165970171216e+00,9.323210837348034907e-01,2.419419708892412146e-01,2.777777777777777679e+00
4.139999999999999680e+00,6.622882432117538798e+00,9.400205267019012823e-01,2.371249973843446712e-01,2.777777777777777679e+00
4.160000000000000142e+00,6.826704433276621131e+00,9.497290928030788226e-01,2.326121969406810264e-01,2.777777777777777679e+00
4.179999999999999716e+00,7.033462768429591172e+00,9.615355398059401981e-01,2.283972790833358746e-01,2.777777777777777679e+00
4.200000000000000178e+00,7.242830359710698218e+00,9.755407648507833374e-01,2.244744004323600273e-01,2.777777777777777679e+00
4.219999999999999751e+00,7.454444898096009631e+00,9.918586528770918509e-01,2.208381940399480048e-01,2.777777777777777679e+00
4.240000000000000213e+00,7.667907318826896024e+00,1.010616986233604964e+00,2.174837986181439309e-01,2.777777777777777679e+00
4.259999999999999787e+00,7.882780316196386750e+00,1.031958410894340705e+00,2.144068881510889368e-01,2.777777777777777679e+00
4.280000000000000249e+00,8.098586908873748769e+00,1.056041451839330847e+00,2.116037023930951444e-01,2.777777777777777679e+00
4.299999999999999822e+00,8.314809069094424743e+00,1.083041566500161146e+00,2.090710787647494795e-01,2.777777777777777679e+00
4.320000000000000284e+00,8.530886431982725782e+00,1.113152220559439520e+00,2.068064861735337545e-01,2.777777777777777679e+00
4.339999999999999858e+00,8.746215105213675400e+00,1.146585964655858714e+00,2.048080613026238839e-01,2.777777777777777679e+00
4.360000000000000320e+00,8.960146604393520064e+00,1.183575483495312941e+00,2.030746479308738195e-01,2.777777777777777679e+00
4.379999999999999893e+00,9.171986946199700341e+00,1.224374580310340077e+00,2.016058398674442365e-01,2.777777777777777679e+00
4.400000000000000355e+00,9.380995939733448807e+00,1.269259049357474245e+00,2.004020281046231533e-01,2.777777777777777679e+00
4.419999999999999929e+00,9.586386726956753535e+00,1.318527377030930925e+00,1.994644528100868730e-01,2.777777777777777679e+00
4.440000000000000391e+00,9.787325635733608920e+00,1.372501198086757412e+00,1.987952607924698134e-01,2.777777777777777679e+00
4.459999999999999964e+00,9.982932424030789065e+00,1.431525417384682974e+00,1.983975690781147327e-01,2.777777777777777679e+00
4.480000000000000426e+00,1.017228101130162266e+01,1.495967889569003839e+00,1.982755352277050243e-01,2.777777777777777679e+00
4.500000000000000000e+00,1.035440081285151948e+01,1.566218529523432768e+00,1.984344349933561680e-01,2.777777777777777679e+00
4.520000000000000462e+00,1.052827881469319848e+01,1.642687705817989396e+00,1.988807478624476655e-01,2.777777777777777679e+00
4.540000000000000036e+00,1.069286254933209968e+01,1.725803748651242309e+00,1.996222509451524019e-01,2.777777777777777679e+00
4.560000000000000497e+00,1.084706415592607165e+01,1.816009384375353752e+00,2.006681215275905317e-01,2.777777777777777679e+00
4.580000000000000071e+00,1.098976572963367637e+01,1.913756892540973809e+00,2.020290484191827329e-01,2.777777777777777679e+00
4.600000000000000533e+00,1.111982618233835574e+01,2.019501771145996827e+00,2.037173519565469992e-01,2.777777777777777679e+00
4.620000000000000107e+00,1.123608984720320869e+01,2.133694694779029621e+00,2.057471121708304429e-01,2.777777777777777679e+00
4.639999999999999680e+00,1.133739705878488557e+01,2.256771562712913237e+00,2.081343041629906132e-01,2.777777777777777679e+00
4.660000000000000142e+00,1.142259692409552940e+01,2.389141464463665265e+00,2.108969391439285967e-01,2.777777777777777679e+00
4.679999999999999716e+00,1.149056246287657501e+01,2.531172444020937107e+00,2.140552088658370378e-01,2.777777777777777679e+00
4.700000000000000178e+00,1.154020823207065227e+01,2.683175025968518312e+00,2.176316302823637083e-01,2.777777777777777679e+00
4.719999999999999751e+00,1.157051045506958253e+01,2.845383581409680840e+00,2.216511862177474312e-01,2.777777777777777679e+00
4.740000000000000213e+00,1.158052954702783843e+01,3.017935761673691264e+00,2.261414565964993406e-01,2.777777777777777679e+00
4.759999999999999787e+00,1.156943476193131737e+01,3.200850413008140993e+00,2.311327333948718088e-01,2.777777777777777679e+00
4.780000000000000249e+00,1.153653048736826570e+01,3.394004601418722178e+00,2.366581109489559187e-01,2.777777777777777679e+00
4.799999999999999822e+00,1.148128348615100514e+01,3.597110613484401309e+00,2.427535416384226097e-01,2.777777777777777679e+00
4.820000000000000284e+00,1.140335014321716578e+01,3.809694039712217428e+00,2.494578453317771449e-01,2.777777777777777679e+00
4.839999999999999858e+00,1.130260254137033904e+01,4.031074268185111720e+00,2.568126594296207821e-01,2.777777777777777679e+00
4.860000000000000320e+00,1.117915198648423036e+01,4.260348888055649930e+00,2.648623150085667177e-01,2.777777777777777679e+00
4.879999999999999893e+00,1.103336846255801795e+01,4.496383591024109450e+00,2.736536236113111809e-01,2.777777777777777679e+00
4.900000000000000355e+00,1.086589445176903190e+01,4.737809130442991012e+00,2.832355588332620133e-01,2.777777777777777679e+00
4.919999999999999929e+00,1.067765163360390801e+01,4.983026723691200921e+00,2.936588172224927629e-01,2.777777777777777679e+00
4.940000000000000391e+00,1.046983920064594642e+01,5.230222947424838509e+00,3.049752443357640064e-01,2.777777777777777679e+00
4.959999999999999964e+00,1.024392290242141712e+01,5.477394678854273558e+00,3.172371142555074908e-01,2.777777777777777679e+00
4.980000000000000426e+00,1.000161443933184025e+01,5.722384003675820452e+00,3.304962546020466796e-01,2.777777777777777679e+00
5.000000000000000000e+00,9.744841441177751307e+00,5.962922291121603990e+00,3.448030141320401198e-01,2.777777777777777679e+00
5.020000000000000462e+00,9.475708924358897889e+00,6.196681898115065756e+00,3.602050763636246988e-01,2.777777777777777679e+00
5.040000000000000036e+00,9.196453759775284453e+00,6.421333290001894234e+00,3.767461301633244219e-01,2.777777777777777679e+00
5.060000000000000497e+00,8.909394226540534589e+00,6.634604838048414166e+00,3.944644165990081608e-01,2.777777777777777679e+00
5.080000000000000071e+00,8.616877108784636974e+00,6.834342244365761765e+00,4.133911802157886894e-01,2.777777777777777679e+00
5.100000000000000533e+00,8.321224966474192186e+00,7.018564498120731798e+00,4.335490617309714634e-01,2.777777777777777679e+00
5.120000000000000107e+00,8.024686155675032850e+00,7.185513493618057801e+00,4.549504773960435511e-01,2.777777777777777679e+00
5.139999999999999680e+00,7.729389898938547887e+00,7.333694915187179753e+00,4.775960373268511860e-01,2.777777777777777679e+00
5.160000000000000142e+00,7.437308250844156809e+00,7.461908657631985520e+00,5.014730603563666289e-01,2.777777777777777679e+00
5.179999999999999716e+00,7.150226226640334914e+00,7.569267824206153072e+00,5.265542458780270163e-01,2.777777777777777679e+00
5.200000000000000178e+00,6.869720733351313058e+00,7.655206138325556076e+00,5.527965632929501272e-01,2.777777777777777679e+00
5.219999999999999751e+00,6.597148331603218452e+00,7.719474337972084044e+00,5.801404167774366627e-01,2.777777777777777679e+00
5.240000000000000213e+00,6.333641320773145900e+00,7.762126727651947000e+00,6.085091370615048900e-01,2.777777777777777679e+00
5.259999999999999787e+00,6.080111220299256658e+00,7.783499500676168026e+00,6.378088428743196037e-01,2.777777777777777679e+00
5.280000000000000249e+00,5.837258436343396362e+00,7.784182699237189418e+00,6.679287029963482114e-01,2.777777777777777679e+00
5.299999999999999822e+00,5.605586756643895718e+00,7.764987759351550167e+00,6.987416159828283568e-01,2.777777777777777679e+00
5.320000000000000284e+00,5.385421293301151380e+00,7.726912517824293225e+00,7.301053092734727246e-01,2.777777777777777679e+00
5.339999999999999858e+00,5.176928569410997660e+00,7.671105374958768763e+00,7.618638433818356592e-01,2.777777777777777679e+00
5.360000000000000320e+00,4.980137592342233077e+00,7.598830049261462882e+00,7.938494910291703510e-01,2.777777777777777679e+00
5.379999999999999893e+00,4.794960945517885875e+00,7.511432066226422677e+00,8.258849463174326999e-01,2.777777777777777679e+00
5.400000000000000355e+00,4.621215136607433216e+00,7.410307823879915823e+00,8.577858061287295666e-01,2.777777777777777679e+00
5.419999999999999929e+00,4.458639643084227444e+00,7.296876796776726515e+00,8.893632555803715478e-01,2.777777777777777679e+00
5.440000000000000391e+00,4.306914282012365369e+00,7.172557193095053130e+00,9.204268820772276705e-01,2.777777777777777679e+00
5.459999999999999964e+00,4.165674691120138995e+00,7.038745174573214136e+00,9.507875386098748605e-01,2.777777777777777679e+00
5.480000000000000426e+00,4.034525838807397236e+00,6.896797588549280711e+00,9.802601765573338843e-01,2.777777777777777679e+00
5.500000000000000000e+00,3.913053581413343807e+00,6.748018043311698300e+00,1.008666571262863965e+00,2.777777777777777679e+00
5.520000000000000462e+00,3.800834358974529259e+00,6.593646077648092074e+00,1.035837869760343866e+00,2.777777777777777679e+00
5.540000000000000036e+00,3.697443169405855379e+00,6.434849126813824149e+00,1.061616898772908657e+00,2.777777777777777679e+00
5.560000000000000497e+00,3.602459989759149828e+00,6.272716963680236013e+00,1.085860181898196553e+00,2.777777777777777679e+00
5.580000000000000071e+00,3.515474826239873174e+00,6.108258289424966847e+00,1.108439627075124223e+00,2.777777777777777679e+00
5.600000000000000533e+00,3.436091575970839251e+00,5.942399157371241358e+00,1.129243858310249093e+00,2.777777777777777679e+00
5.620000000000000107e+00,3.363930876544432014e+00,5.775982931953475230e+00,1.148179178564239900e+00,2.777777777777777679e+00
5.639999999999999680e+00,3.298632107062128060e+00,5.609771508705585497e+00,1.165170163059651598e+00,2.777777777777777679e+00
5.660000000000000142e+00,3.239854688879839628e+00,5.444447547931482667e+00,1.180159893562221063e+00,2.777777777777777679e+00
5.679999999999999716e+00,3.187278817364419314e+00,5.280617502373905481e+00,1.193109854015200533e+00,2.777777777777777679e+00
5.700000000000000178e+00,3.140605738848817108e+00,5.118815246412124154e+00,1.203999515999397696e+00,2.777777777777777679e+00
5.719999999999999751e+00,3.099557670487820715e+00,4.959506140232337046e+00,1.212825648703624859e+00,2.777777777777777679e+00
5.740000000000000213e+00,3.063877445392069632e+00,4.803091386521701978e+00,1.219601392389030980e+00,2.777777777777777679e+00
5.759999999999999787e+00,3.033327951551090695e+00,4.649912559283730040e+00,1.224355136783903619e+00,2.777777777777777679e+00
5.780000000000000249e+00,3.007691420772915070e+00,4.500256204274394989e+00,1.227129246601017076e+00,2.777777777777777679e+00
5.799999999999999822e+00,2.986768613177106513e+00,4.354358428338709786e+00,1.227978675634697314e+00,2.777777777777777679e+00
5.820000000000000284e+00,2.970377933610941934e+00,4.212409410675439503e+00,1.226969508914466989e+00,2.777777777777777679e+00
5.839999999999999858e+00,2.958354508599370103e+00,4.074557782897068492e+00,1.224177469429345910e+00,2.777777777777777679e+00
5.860000000000000320e+00,2.950549245947804877e+00,3.940914836823332212e+00,1.219686422255252811e+00,2.777777777777777679e+00
5.879999999999999893e+00,2.946827893743301452e+00,3.811558529394183825e+00,1.213586904767835595e+00,2.777777777777777679e+00
5.900000000000000355e+00,2.947070111096151024e+00,3.686537263054705083e+00,1.205974707231215248e+00,2.777777777777777679e+00
5.919999999999999929e+00,2.951168559390354940e+00,3.565873427587748168e+00,1.196949523615853161e+00,2.777777777777777679e+00
5.940000000000000391e+00,2.959028019939612619e+00,3.449566695780945658e+00,1.186613688178155268e+00,2.777777777777777679e+00
5.959999999999999964e+00,2.970564541660868141e+00,3.337597070637275287e+00,1.175071009257543375e+00,2.777777777777777679e+00
5.980000000000000426e+00,2.985704620579741064e+00,3.229927686189814739e+00,1.162425708006616487e+00,2.777777777777777679e+00
6.000000000000000000e+00,3.004384411584779535e+00,3.126507367472200372e+00,1.148781466428588471e+00,2.777777777777777679e+00
6.020000000000000462e+00,3.026548971776663155e+00,3.027272957930504660e+00,1.134240586187919231e+00,2.777777777777777679e+00
6.040000000000000036e+00,3.052151533952237372e+00,2.932151424636978643e+00,1.118903257196367740e+00,2.777777777777777679e+00
6.060000000000000497e+00,3.081152808169837609e+00,2.841061753171878035e+00,1.102866932950455681e+00,2.777777777777777679e+00
6.080000000000000071e+00,3.113520308919104362e+00,2.753916645060003443e+00,1.086225807986202163e+00,2.777777777777777679e+00
6.100000000000000533e+00,3.149227705130436483e+00,2.670624031260234066e+00,1.069070391591470992e+00,2.777777777777777679e+00
6.120000000000000107e+00,3.188254190078092076e+00,2.591088415478740803e+00,1.051487171037222002e+00,2.777777777777777679e+00
6.140000000000000568e+00,3.230583868133917402e+00,2.515212061072209071e+00,1.033558357014632278e+00,2.777777777777777679e+00
6.160000000000000142e+00,3.276205155297664540e+00,2.442896035081777661e+00,1.015361703652496894e+00,2.777777777777777679e+00
6.179999999999999716e+00,3.325110190450561554e+00,2.374041122540279769e+00,9.969703953962932852e-01,2.777777777777777679e+00
6.200000000000000178e+00,3.377294254340120094e+00,2.308548623667073585e+00,9.784529931166706662e-01,2.777777777777777679e+00
6.219999999999999751e+00,3.432755193397599047e+00,2.246321045942542227e+00,9.598734320438399026e-01,2.777777777777777679e+00
6.240000000000000213e+00,3.491492845608650697e+00,2.187262702368834688e+00,9.412910644620031686e-01,2.777777777777777679e+00
6.259999999999999787e+00,3.553508465797804661e+00,2.131280226500116726e+00,9.227607405151675435e-01,2.777777777777777679e+00
6.280000000000000249e+00,3.618804147845160024e+00,2.078283014085325231e+00,9.043329209470556407e-01,2.777777777777777679e+00
6.299999999999999822e+00,3.687382241526758975e+00,2.028183600425887967e+00,8.860538161019425596e-01,2.777777777777777679e+00
6.320000000000000284e+00,3.759244761857105654e+00,1.980897981823100729e+00,8.679655460323938421e-01,2.777777777777777679e+00
6.339999999999999858e+00,3.834392789012402325e+00,1.936345888784773095e+00,8.501063170797543700e-01,2.777777777777777679e+00
6.360000000000000320e+00,3.912825857125981521e+00,1.894451017985455676e+00,8.325106108025936980e-01,2.777777777777777679e+00
6.379999999999999893e+00,3.994541330473169172e+00,1.855141229333896691e+00,8.152093816185901343e-01,2.777777777777777679e+00
6.400000000000000355e+00,4.079533765801677703e+00,1.818348713898175983e+00,7.982302599902743045e-01,2.777777777777777679e+00
6.419999999999999929e+00,4.167794259816050229e+00,1.784010137874412649e+00,7.815977584203610551e-01,2.777777777777777679e+00
6.440000000000000391e+00,4.259309781091186409e+00,1.752066767258873670e+00,7.653334779254000741e-01,2.777777777777777679e+00
6.459999999999999964e+00,4.354062485971098795e+00,1.722464577394366092e+00,7.494563130258112826e-01,2.777777777777777679e+00
6.480000000000000426e+00,4.452029018305335484e+00,1.695154351107695856e+00,7.339826536257475498e-01,2.777777777777777679e+00
6.500000000000000000e+00,4.553179793187476676e+00,1.670091768732609117e+00,7.189265824581506648e-01,2.777777777777777679e+00
6.520000000000000462e+00,4.657478265188204070e+00,1.647237492918202095e+00,7.043000670399797158e-01,2.777777777777777679e+00
6.540000000000000036e+00,4.764880181920129409e+00,1.626557250751885286e+00,6.901131453214652822e-01,2.777777777777777679e+00
6.560000000000000497e+00,4.875332824133264076e+00,1.608021915373647470e+00,6.763741044232689514e-01,2.777777777777777679e+00
6.580000000000000071e+00,4.988774233919161638e+00,1.591607588919097260e+00,6.630896520386833082e-01,2.777777777777777679e+00
6.600000000000000533e+00,5.105132432998977343e+00,1.577295688296544096e+00,6.502650802366549687e-01,2.777777777777777679e+00
6.620000000000000107e+00,5.224324633486649994e+00,1.565073034971667942e+00,6.379044215376635796e-01,2.777777777777777679e+00
6.640000000000000568e+00,5.346256443954185755e+00,1.554931949595016238e+00,6.260105972504914629e-01,2.777777777777777679e+00
6.660000000000000142e+00,5.470821074082965474e+00,1.546870351954945377e+00,6.145855581557621017e-01,2.777777777777777679e+00
6.679999999999999716e+00,5.597898541665118799e+00,1.540891866363380158e+00,6.036304177037901120e-01,2.777777777777777679e+00
6.700000000000000178e+00,5.727354886224838459e+00,1.537005932174875689e+00,5.931455779616047197e-01,2.777777777777777679e+00
6.719999999999999751e+00,5.859041394064552044e+00,1.535227918691274729e+00,5.831308485986860246e-01,2.777777777777777679e+00
6.740000000000000213e+00,5.992793840109543524e+00,1.535579243204360012e+00,5.735855592445230355e-01,2.777777777777777679e+00
6.759999999999999787e+00,6.128431752532415011e+00,1.538087490366285781e+00,5.645086655849334001e-01,2.777777777777777679e+00
6.780000000000000249e+00,6.265757706792522974e+00,1.542786530440616533e+00,5.558988495893819604e-01,2.777777777777777679e+00
6.799999999999999822e+00,6.404556656433237016e+00,1.549716633263478194e+00,5.477546142793345840e-01,2.777777777777777679e+00
6.820000000000000284e+00,6.544595308750832174e+00,1.558924573922410683e+00,5.400743734588349110e-01,2.777777777777777679e+00
6.839999999999999858e+00,6.685621554293515345e+00,1.570463725227984053e+00,5.328565368336951602e-01,2.777777777777777679e+00
6.860000000000000320e+00,6.827363960078746352e+00,1.584394130998765249e+00,5.260995909454448949e-01,2.777777777777777679e+00
6.879999999999999893e+00,6.969531337443334529e+00,1.600782552993897045e+00,5.198021763408309237e-01,2.777777777777777679e+00
6.900000000000000355e+00,7.111812396575066586e+00,1.619702483001822957e+00,5.139631613873484328e-01,2.777777777777777679e+00
6.919999999999999929e+00,7.253875501026826988e+00,1.641234110124596635e+00,5.085817131299773530e-01,2.777777777777777679e+00
6.940000000000000391e+00,7.395368536891564482e+00,1.665464231685953811e+00,5.036573655637713864e-01,2.777777777777777679e+00
6.959999999999999964e+00,7.535918912821652604e+00,1.692486094446143063e+00,4.991900856707643941e-01,2.777777777777777679e+00
6.980000000000000426e+00,7.675133708705177860e+00,1.722399150945111979e+00,4.951803375371844340e-01,2.777777777777777679e+00
7.000000000000000000e+00,7.812599992550646633e+00,1.755308713847878899e+00,4.916291448273426012e-01,2.777777777777777679e+00
7.020000000000000462e+00,7.947885326953954888e+00,1.791325489177058694e+00,4.885381518427069913e-01,2.777777777777777679e+00
7.040000000000000036e+00,8.080538488383794515e+00,1.830564967351756556e+00,4.859096833372824054e-01,2.777777777777777679e+00
7.060000000000000497e+00,8.210090424359517414e+00,1.873146649096397276e+00,4.837468031919589517e-01,2.777777777777777679e+00
7.080000000000000071e+00,8.336055475318875807e+00,1.919193081651243915e+00,4.820533719692280394e-01,2.777777777777777679e+00
7.100000000000000533e+00,8.457932889461698522e+00,1.968828679452464536e+00,4.808341032736651588e-01,2.777777777777777679e+00
7.120000000000000107e+00,8.575208659954897783e+00,2.022178302731202582e+00,4.800946187307630342e-01,2.777777777777777679e+00
7.140000000000000568e+00,8.687357714401665376e+00,2.079365567520976565e+00,4.798415012649053235e-01,2.777777777777777679e+00
7.160000000000000142e+00,8.793846486181369215e+00,2.140510861608747373e+00,4.800823462043370959e-01,2.777777777777777679e+00
7.179999999999999716e+00,8.894135895885451504e+00,2.205729043296981828e+00,4.808258095648807462e-01,2.777777777777777679e+00
7.200000000000000178e+00,8.987684768303054739e+00,2.275126803766636119e+00,4.820816526631186982e-01,2.777777777777777679e+00
7.219999999999999751e+00,9.073953705916816048e+00,2.348799679661419670e+00,4.838607819825845868e-01,2.777777777777777679e+00
7.240000000000000213e+00,9.152409433312239884e+00,2.426828710562982216e+00,4.861752829626964090e-01,2.777777777777777679e+00
7.259999999999999787e+00,9.222529617952542225e+00,2.509276746573698258e+00,4.890384461003550731e-01,2.777777777777777679e+00
7.280000000000000249e+00,9.283808161135471693e+00,2.596184424481143616e+00,4.924647834504055077e-01,2.777777777777777679e+00
7.299999999999999822e+00,9.335760938419433330e+00,2.687565847050809253e+00,4.964700332874983357e-01,2.777777777777777679e+00
7.320000000000000284e+00,9.377931951298842606e+00,2.783404018829114257e+00,5.010711503546403378e-01,2.777777777777777679e+00
7.339999999999999858e+00,9.409899831515451396e+00,2.883646113176183245e+00,5.062862787820603394e-01,2.777777777777777679e+00
7.360000000000000320e+00,9.431284616436414581e+00,2.988198668564517657e+00,5.121347044264238368e-01,2.777777777777777679e+00
7.379999999999999893e+00,9.441754689015137814e+00,3.096922836645801702e+00,5.186367830710764126e-01,2.777777777777777679e+00
7.400000000000000355e+00,9.441033749902516092e+00,3.209629829035981707e+00,5.258138406630255002e-01,2.777777777777777679e+00
7.419999999999999929e+00,9.428907663560579522e+00,3.326076732686713555e+00,5.336880415659666088e-01,2.777777777777777679e+00
7.440000000000000391e+00,9.405230996347279770e+00,3.445962883272381649e+00,5.422822207088404678e-01,2.777777777777777679e+00
7.459999999999999964e+00,9.369933044375411413e+00,3.568927000156944640e+00,5.516196755374709326e-01,2.777777777777777679e+00
7.480000000000000426e+00,9.323023134578047433e+00,3.694545293026137767e+00,5.617239138663190356e-01,2.777777777777777679e+00
7.500000000000000000e+00,9.264594975964788759e+00,3.822330747047279154e+00,5.726183541125765553e-01,2.777777777777777679e+00
7.520000000000000462e+00,9.194829841516188651e+00,3.951733778598242264e+00,5.843259750086433613e-01,2.777777777777777679e+00
7.540000000000000036e+00,9.113998376163728210e+00,4.082144425865049442e+00,5.968689127604621669e-01,2.777777777777777679e+00
7.560000000000000497e+00,9.022460853864034291e+00,4.212896197404286447e+00,6.102680047701695143e-01,2.777777777777777679e+00
7.580000000000000071e+00,8.920665747096037990e+00,4.343271647572935379e+00,6.245422804835863984e-01,2.777777777777777679e+00
7.600000000000000533e+00,8.809146524380858878e+00,4.472509682183868129e+00,6.397084016538090445e-01,2.777777777777777679e+00
7.620000000000000107e+00,8.688516653737995199e+00,4.599814523711219572e+00,6.557800563119485782e-01,2.777777777777777679e+00
7.640000000000000568e+00,8.559462859355759790e+00,4.724366186844971338e+00,6.727673129653064521e-01,2.777777777777777679e+00
7.660000000000000142e+00,8.422736751240227804e+00,4.845332237081089843e+00,6.906759439406000567e-01,2.777777777777777679e+00
7.679999999999999716e+00,8.279145018629941788e+00,4.961880532761274942e+00,7.095067292716545904e-01,2.777777777777777679e+00
7.700000000000000178e+00,8.129538442671700338e+00,5.073192590009385050e+00,7.292547549926089445e-01,2.777777777777777679e+00
7.719999999999999751e+00,7.974800037589916180e+00,5.178477165301762497e+00,7.499087220165439049e-01,2.777777777777777679e+00
7.740000000000000213e+00,7.815832668363043467e+00,5.276983625858299831e+00,7.714502838200671953e-01,2.777777777777777679e+00
7.759999999999999787e+00,7.653546513856240630e+00,5.368014676053506129e+00,7.938534327754347419e-01,2.777777777777777679e+00
7.780000000000000249e+00,7.488846745969792273e+00,5.450938029231548576e+00,8.170839560345377617e-01,2.777777777777777679e+00
7.799999999999999822e+00,7.322621777734118709e+00,5.525196657388240062e+00,8.410989822471410804e-01,2.777777777777777679e+00
7.820000000000000284e+00,7.155732398042416342e+00,5.590317313114514519e+00,8.658466399849905626e-01,2.777777777777777679e+00
7.839999999999999858e+00,6.989002060832589791e+00,5.645917094498969391e+00,8.912658474716412815e-01,2.777777777777777679e+00
7.860000000000000320e+00,6.823208535983295242e+00,5.691707908918061776e+00,9.172862510531433200e-01,2.777777777777777679e+00
7.879999999999999893e+00,6.659077062513883760e+00,5.727498779956590624e+00,9.438283268016246508e-01,2.777777777777777679e+00
7.900000000000000355e+00,6.497275076517279757e+00,5.753196027418908898e+00,9.708036557867905092e-01,2.777777777777777679e+00
7.919999999999999929e+00,6.338408520922349076e+00,5.768801428500641038e+00,9.981153789938298493e-01,2.777777777777777679e+00
7.940000000000000391e+00,6.183019685313353442e+00,5.774408534725585795e+00,1.025658832771008777e+00,2.777777777777777679e+00
7.959999999999999964e+00,6.031586474349549754e+00,5.770197371519078189e+00,1.053322360256422785e+00,2.777777777777777679e+00
7.980000000000000426e+00,5.884522964525478628e+00,5.756427783931202136e+00,1.080988288689990640e+00,2.777777777777777679e+00
8.000000000000000000e+00,5.742181081776572604e+00,5.733431712944510927e+00,1.108534057108868653e+00,2.777777777777777679e+00
8.019999999999999574e+00,5.604853216545836680e+00,5.701604692976212085e+00,1.135833473898623769e+00,2.777777777777777679e+00
8.040000000000000924e+00,5.472775587437381795e+00,5.661396854402537926e+00,1.162758079261824395e+00,2.777777777777777679e+00
8.060000000000000497e+00,5.346132168025995668e+00,5.613303697509728352e+00,1.189178584075363254e+00,2.777777777777777679e+00
8.080000000000000071e+00,5.225059002001056996e+00,5.557856878780291332e+00,1.214966354002475102e+00,2.777777777777777679e+00
8.099999999999999645e+00,5.109648747724602202e+00,5.495615219435250332e+00,1.239994906219329396e+00,2.777777777777777679e+00
8.120000000000000995e+00,4.999955312660071982e+00,5.427156112077314631e+00,1.264141385766777814e+00,2.777777777777777679e+00
8.140000000000000568e+00,4.895998459338025910e+00,5.353067466215419401e+00,1.287287989343715244e+00,2.777777777777777679e+00
8.160000000000000142e+00,4.797768286176654406e+00,5.273940299118553554e+00,1.309323306260408604e+00,2.777777777777777679e+00
8.179999999999999716e+00,4.705229507463973171e+00,5.190362046164109344e+00,1.330143549156781901e+00,2.777777777777777679e+00
8.199999999999999289e+00,4.618325476322186596e+00,5.102910635540927942e+00,1.349653650807188132e+00,2.777777777777777679e+00
8.220000000000000639e+00,4.536981911971529335e+00,5.012149346416542528e+00,1.367768207692273252e+00,2.777777777777777679e+00
8.240000000000000213e+00,4.461110307786590568e+00,4.918622447761070049e+00,1.384412255812621728e+00,2.777777777777777679e+00
8.259999999999999787e+00,4.390611009382635821e+00,4.822851596978497746e+00,1.399521869233163462e+00,2.777777777777777679e+00
8.279999999999999361e+00,4.325375962322349999e+00,4.725332963192712121e+00,1.413044576872000357e+00,2.777777777777777679e+00
8.300000000000000711e+00,4.265291137141455913e+00,4.626535029208321603e+00,1.424939597888480236e+00,2.777777777777777679e+00
8.320000000000000284e+00,4.210238645471414465e+00,4.526897018473794887e+00,1.435177900513928906e+00,2.777777777777777679e+00
8.339999999999999858e+00,4.160098565343825605e+00,4.426827888432907976e+00,1.443742093166632934e+00,2.777777777777777679e+00
8.359999999999999432e+00,4.114750496563245541e+00,4.326705829062596820e+00,1.450626160097806316e+00,2.777777777777777679e+00
8.380000000000000782e+00,4.074074868597811871e+00,4.226878204770512681e+00,1.455835056561190166e+00,2.777777777777777679e+00
8.400000000000000355e+00,4.037954024008578280e+00,4.127661878794556927e+00,1.459384180554948784e+00,2.777777777777777679e+00
8.419999999999999929e+00,4.006273100242722762e+00,4.029343861470203514e+00,1.461298739552542303e+00,2.777777777777777679e+00
8.439999999999999503e+00,3.978920731848448966e+00,3.932182226905287070e+00,1.461613031349429326e+00,2.777777777777777679e+00
8.460000000000000853e+00,3.955789593996490883e+00,3.836407246459101916e+00,1.460369658257857584e+00,2.777777777777777679e+00
8.480000000000000426e+00,3.936776806751976387e+00,3.742222691733022799e+00,1.457618693452859659e+00,2.777777777777777679e+00
8.500000000000000000e+00,3.921784217941706174e+00,3.649807264349018254e+00,1.453416817390491778e+00,2.777777777777777679e+00
8.519999999999999574e+00,3.910718580792419186e+00,3.559316114459329938e+00,1.447826440971808903e+00,2.777777777777777679e+00
8.540000000000000924e+00,3.903491640841522781e+00,3.470882414564742113e+00,1.440914830601599306e+00,2.777777777777777679e+00
8.560000000000000497e+00,3.900020144991684479e+00,3.384618959717316411e+00,1.432753248574992311e+00,2.777777777777777679e+00
8.580000000000000071e+00,3.900225784028923393e+00,3.300619769467717290e+00,1.423416120396982620e+00,2.777777777777777679e+00
8.599999999999999645e+00,3.904035078473016007e+00,3.218961670930082342e+00,1.412980238770413344e+00,2.777777777777777679e+00
8.620000000000000995e+00,3.911379216292723004e+00,3.139705846040003134e+00,1.401524012137771669e+00,2.777777777777777679e+00
8.640000000000000568e+00,3.922193849803058630e+00,3.062899329450223362e+00,1.389126763881323834e+00,2.777777777777777679e+00
8.660000000000000142e+00,3.936418857968899676e+00,2.988576446533759423e+00,1.375868086613929897e+00,2.777777777777777679e+00
8.679999999999999716e+00,3.953998079366203289e+00,2.916760183645330073e+00,1.361827254458298775e+00,2.777777777777777679e+00
8.700000000000001066e+00,3.974879020193956780e+00,2.847463485137619266e+00,1.347082694834932148e+00,2.777777777777777679e+00
8.720000000000000639e+00,3.999012540980000807e+00,2.780690473653660177e+00,1.331711520069588817e+00,2.777777777777777679e+00
8.740000000000000213e+00,4.026352524974410763e+00,2.716437591939829144e+00,1.315789118093618759e+00,2.777777777777777679e+00
8.759999999999999787e+00,4.056855530667088594e+00,2.654694665868029269e+00,1.299388800642835573e+00,2.777777777777777679e+00
8.779999999999999361e+00,4.090480430393513167e+00,2.595445889544969464e+00,1.282581506655916082e+00,2.777777777777777679e+00
8.800000000000000711e+00,4.127188036596310283e+00,2.538670734346211155e+00,1.265435558021303031e+00,2.777777777777777679e+00
8.820000000000000284e+00,4.166940716983020820e+00,2.484344784468079492e+00,1.248016464409447801e+00,2.777777777777777679e+00
8.839999999999999858e+00,4.209701999555198526e+00,2.432440502166225649e+00,1.230386773640647968e+00,2.777777777777777679e+00
8.859999999999999432e+00,4.255436168274448150e+00,2.382927926269007290e+00,1.212605963862617653e+00,2.777777777777777679e+00
8.880000000000000782e+00,4.304107849971522626e+00,2.335775307838892534e+00,1.194730373731099693e+00,2.777777777777777679e+00
8.900000000000000355e+00,4.355681592989999018e+00,2.290949687026014203e+00,1.176813166786470521e+00,2.777777777777777679e+00
8.919999999999999929e+00,4.410121437981879389e+00,2.248417415233121996e+00,1.158904326285355557e+00,2.777777777777777679e+00
8.939999999999999503e+00,4.467390481234693844e+00,2.208144626706927127e+00,1.141050676865740687e+00,2.777777777777777679e+00
8.960000000000000853e+00,4.527450430904894851e+00,2.170097663601654681e+00,1.123295929585101938e+00,2.777777777777777679e+00
8.980000000000000426e+00,4.590261156557525979e+00,2.134243458439077035e+00,1.105680747063129132e+00,2.777777777777777679e+00
9.000000000000000000e+00,4.655780232464640456e+00,2.100549877726197501e+00,1.088242825674443193e+00,2.777777777777777679e+00
9.019999999999999574e+00,4.723962475192623245e+00,2.068986030296142253e+00,1.071016991964357512e+00,2.777777777777777679e+00
9.040000000000000924e+00,4.794759476109358154e+00,2.039522543717216863e+00,1.054035310695479843e+00,2.777777777777777679e+00
9.060000000000000497e+00,4.868119129564527192e+00,2.012131811875592202e+00,1.037327202169216145e+00,2.777777777777777679e+00
9.080000000000000071e+00,4.943985157638764782e+00,1.986788216583446065e+00,1.020919566699493908e+00,2.777777777777777679e+00
9.099999999999999645e+00,5.022296632518689741e+00,1.963468325800262537e+00,1.004836914342686072e+00,2.777777777777777679e+00
9.120000000000000995e+00,5.102987497733997735e+00,1.942151070782925926e+00,9.891014982050145843e-01,2.777777777777777679e+00
9.140000000000000568e+00,5.185986089688913836e+00,1.922817904201928441e+00,9.737334498546139638e-01,2.777777777777777679e+00
9.160000000000000142e+00,5.271214661132654022e+00,1.905452940977309773e+00,9.587509155585081100e-01,2.777777777777777679e+00
9.179999999999999716e+00,5.358588908441533682e+00,1.890043083299042914e+00,9.441701922440802752e-01,2.777777777777777679e+00
9.200000000000001066e+00,5.448017504828492896e+00,1.876578131002076821e+00,9.300058622497110461e-01,2.777777777777777679e+00
9.220000000000000639e+00,5.539401641853697988e+00,1.865050878165255943e+00,9.162709260799759559e-01,2.777777777777777679e+00
9.240000000000000213e+00,5.632634581882336455e+00,1.855457196494587180e+00,9.029769325172496419e-01,2.777777777777777679e+00
9.259999999999999787e+00,5.727601224422437909e+00,1.847796105733250593e+00,8.901341055640918931e-01,2.777777777777777679e+00
9.279999999999999361e+00,5.824177689576586658e+00,1.842069831011588610e+00,8.777514677998702330e-01,2.777777777777777679e+00
9.300000000000000711e+00,5.922230922156547450e+00,1.838283846708243408e+00,8.658369598312847248e-01,2.777777777777777679e+00
9.320000000000000284e+00,6.021618320339189978e+00,1.836446906036819815e+00,8.543975556004534955e-01,2.777777777777777679e+00
9.339999999999999858e+00,6.122187393085470219e+00,1.836571055199341052e+00,8.434393733866645260e-01,2.777777777777777679e+00
9.359999999999999432e+00,6.223775450901531059e+00,1.838671630557024095e+00,8.329677823994861008e-01,2.777777777777777679e+00
9.380000000000000782e+00,6.326209334891664149e+00,1.842767236859783164e+00,8.229875049123043240e-01,2.777777777777777679e+00
9.400000000000000355e+00,6.429305189436224310e+00,1.848879704148308045e+00,8.135027139271499008e-01,2.777777777777777679e+00
9.419999999999999929e+00,6.532868284222216992e+00,1.857034020497514870e+00,8.045171263944504991e-01,2.777777777777777679e+00
9.439999999999999503e+00,6.636692891758039892e+00,1.867258237309805224e+00,7.960340920356049343e-01,2.777777777777777679e+00
9.460000000000000853e+00,6.740562226913633381e+00,1.879583343394687578e+00,7.880566778324522570e-01,2.777777777777777679e+00
9.480000000000000426e+00,6.844248455438425083e+00,1.894043103593644917e+00,7.805877482561612846e-01,2.777777777777777679e+00
9.500000000000000000e+00,6.947512778815612577e+00,1.910673857233771145e+00,7.736300413090689831e-01,2.777777777777777679e+00
9.519999999999999574e+00,7.050105603203942195e+00,1.929514271231543177e+00,7.671862404467488794e-01,2.777777777777777679e+00
9.540000000000000924e+00,7.151766800585768635e+00,1.950605042233314101e+00,7.612590424342191575e-01,2.777777777777777679e+00
9.560000000000000497e+00,7.252226070568322136e+00,1.973988541789581941e+00,7.558512211697532290e-01,2.777777777777777679e+00
9.580000000000000071e+00,7.351203411555187195e+00,1.999708398237897589e+00,7.509656874822316919e-01,2.777777777777777679e+00
9.599999999999999645e+00,7.448409710194290767e+00,2.027809008741036312e+00,7.466055448733154298e-01,2.777777777777777679e+00
9.620000000000000995e+00,7.543547458089382651e+00,2.058334974824272745e+00,7.427741411338404376e-01,2.777777777777777679e+00
9.640000000000000568e+00,7.636311604701235822e+00,2.091330454814728679e+00,7.394751157146454146e-01,2.777777777777777679e+00
9.660000000000000142e+00,7.726390555124076798e+00,2.126838426848131736e+00,7.367124426754648736e-01,2.777777777777777679e+00
9.679999999999999716e+00,7.813467320958337403e+00,2.164899856619722396e+00,7.344904689715370250e-01,2.777777777777777679e+00
9.700000000000001066e+00,7.897220831763894111e+00,2.205552764865811977e+00,7.328139477662628520e-01,2.777777777777777679e+00
9.720000000000000639e+00,7.977327413515610033e+00,2.248831190722232254e+00,7.316880663798336348e-01,2.777777777777777679e+00
9.740000000000000213e+00,8.053462439039762444e+00,2.294764048667436995e+00,7.311184683986411414e-01,2.777777777777777679e+00
9.759999999999999787e+00,8.125302153529808891e+00,2.343373878770615981e+00,7.311112693792003459e-01,2.777777777777777679e+00
9.779999999999999361e+00,8.192525675869525514e+00,2.394675492472196687e+00,7.316730654842845682e-01,2.777777777777777679e+00
9.800000000000000711e+00,8.254817173583669287e+00,2.448674519158460683e+00,7.328109342894667533e-01,2.777777777777777679e+00
9.820000000000000284e+00,8.311868205755031269e+00,2.505365862371090824e+00,7.345324268972566184e-01,2.777777777777777679e+00
9.839999999999999858e+00,8.363380224172672683e+00,2.564732078612302679e+00,7.368455503960947839e-01,2.777777777777777679e+00
9.859999999999999432e+00,8.409067218312717529e+00,2.626741696335021636e+00,7.397587396058745712e-01,2.777777777777777679e+00
9.880000000000000782e+00,8.448658484533671853e+00,2.691347497779313258e+00,7.432808169644136154e-01,2.777777777777777679e+00
9.900000000000000355e+00,8.481901494162066513e+00,2.758484791724498564e+00,7.474209393352233555e-01,2.777777777777777679e+00
9.919999999999999929e+00,8.508564829063407942e+00,2.828069710819078875e+00,7.521885304616787726e-01,2.777777777777777679e+00
9.939999999999999503e+00,8.528441146997293387e+00,2.899997572726785933e+00,7.575931977627672342e-01,2.777777777777777679e+00
9.960000000000000853e+00,8.541350132753644075e+00,2.974141349636191034e+00,7.636446321682505145e-01,2.777777777777777679e+00
9.980000000000000426e+00,8.547141385019232374e+00,3.050350295426064395e+00,7.703524897342067801e-01,2.777777777777777679e+00
1.000000000000000000e+01,8.545697183435803979e+00,3.128448783622498564e+00,7.777262538718628937e-01,2.777777777777777679e+00
0.000000000000000000e+00,5.000000000000000000e-01,5.000000000000000000e-01,5.000000000000000000e-01,3.222222222222222321e+00
2.000000000000000042e-02,5.275800945493827054e-01,4.698556318765432227e-01,4.720543593086419798e-01,3.222222222222222321e+00
4.000000000000000083e-02,5.569628557486997478e-01,4.417259353795649490e-01,4.455918246881368505e-01,3.222222222222222321e+00
5.999999999999999778e-02,5.882570877440140844e-01,4.154699943218910230e-01,4.205496187750683013e-01,3.222222222222222321e+00
8.000000000000000167e-02,6.215780097009756533e-01,3.909575939681933510e-01,3.968654960511732721e-01,3.222222222222222321e+00
1.000000000000000056e-01,6.570475394445898232e-01,3.680683406295153781e-01,3.744780919753773474e-01,3.222222222222222321e+00
1.199999999999999956e-01,6.947945821319335691e-01,3.466908601159415793e-01,3.533272086157627223e-01,3.222222222222222321e+00
1.400000000000000133e-01,7.349553223482060416e-01,3.267220677525186079e-01,3.333540449986849286e-01,3.222222222222222321e+00
1.600000000000000033e-01,7.776735177469832339e-01,3.080665033224717630e-01,3.145013795125501388e-01,3.222222222222222321e+00
1.799999999999999933e-01,8.231007920512114495e-01,2.906357249128599940e-01,2.967137108952475621e-01,3.222222222222222321e+00
2.000000000000000111e-01,8.713969248903746800e-01,2.743477562016503613e-01,2.799373635959010453e-01,3.222222222222222321e+00
2.200000000000000011e-01,9.227301355695601837e-01,2.591265822432619048e-01,2.641205626310718091e-01,3.222222222222222321e+00
2.399999999999999911e-01,9.772773574461853796e-01,2.449016892840332194e-01,2.492134824494763867e-01,3.222222222222222321e+00
2.600000000000000089e-01,1.035224499128599263e+00,2.316076445723214416e-01,2.351682737737681161e-01,3.222222222222222321e+00
2.800000000000000266e-01,1.096766688206757268e+00,2.191837125227797389e-01,2.219390718987331312e-01,3.222222222222222321e+00
2.999999999999999889e-01,1.162108492678414207e+00,2.075735039536401594e-01,2.094819894880129707e-01,3.222222222222222321e+00
3.200000000000000067e-01,1.231464114645298036e+00,1.967246554424195437e-01,1.977550965218420886e-01,3.222222222222222321e+00
3.400000000000000244e-01,1.305057550224044238e+00,1.865885361421992794e-01,1.867183897020516792e-01,3.222222222222222321e+00
3.599999999999999867e-01,1.383122708949038770e+00,1.771199796702518925e-01,1.763337533136984381e-01,3.222222222222222321e+00
3.800000000000000044e-01,1.465903485243021942e+00,1.682770389259394817e-01,1.665649132713092617e-01,3.222222222222222321e+00
4.000000000000000222e-01,1.553653773802409432e+00,1.600207619180049334e-01,1.573773858383279434e-01,3.222222222222222321e+00
4.199999999999999845e-01,1.646637419996022977e+00,1.523149868850089406e-01,1.487384222976055881e-01,3.222222222222222321e+00
4.400000000000000022e-01,1.745128095618971642e+00,1.451261551790014870e-01,1.406169506656609336e-01,3.222222222222222321e+00
4.600000000000000200e-01,1.849409089591318001e+00,1.384231405537087456e-01,1.329835153811773085e-01,3.222222222222222321e+00
4.799999999999999822e-01,1.959773002460629243e+00,1.321770936566231680e-01,1.258102157562779599e-01,3.222222222222222321e+00
5.000000000000000000e-01,2.076521332878833448e+00,1.263613006713764086e-01,1.190706438552521923e-01,3.222222222222222321e+00
5.200000000000000178e-01,2.199963943601125127e+00,1.209510551945694873e-01,1.127398223575306613e-01,3.222222222222222321e+00
5.400000000000000355e-01,2.330418394026283480e+00,1.159235425617097248e-01,1.067941428679814869e-01,3.222222222222222321e+00
5.600000000000000533e-01,2.468209125896292822e+00,1.112577359619359441e-01,1.012113050563616806e-01,3.222222222222222321e+00
5.799999999999999600e-01,2.613666488535565158e+00,1.069343038027030374e-01,9.597025693752822550e-02,3.222222222222222321e+00
5.999999999999999778e-01,2.767125589977605049e+00,1.029355279055124833e-01,9.105113654346946861e-02,3.222222222222222321e+00
6.199999999999999956e-01,2.928924960544817324e+00,9.924523223419141893e-02,8.643521518618385580e-02,3.222222222222222321e+00
6.400000000000000133e-01,3.099405015963857313e+00,9.584872198037475144e-02,8.210484246586526036e-02,3.222222222222222321e+00
6.600000000000000311e-01,3.278906307965391065e+00,9.273273295918336989e-02,7.804339314082686663e-02,3.222222222222222321e+00
6.800000000000000488e-01,3.467767551585405172e+00,8.988539140435587715e-02,7.423521594329002271e-02,3.222222222222222321e+00
7.000000000000000666e-01,3.666323420106638586e+00,8.729618439938832686e-02,7.066558439785701473e-02,3.222222222222222321e+00
7.199999999999999734e-01,3.874902100801729254e+00,8.495594134314023160e-02,6.732064967654106946e-02,3.222222222222222321e+00
7.399999999999999911e-01,4.093822607406993441e+00,8.285682702903444941e-02,6.418739550508140157e-02,3.222222222222222321e+00
7.600000000000000089e-01,4.323391848601033871e+00,8.099234712129894931e-02,6.125359511943493512e-02,3.222222222222222321e+00
7.800000000000000266e-01,4.563901455706321997e+00,7.935736704545401365e-02,5.850777025837770873e-02,3.222222222222222321e+00
8.000000000000000444e-01,4.815624377377995202e+00,7.794814558033026641e-02,5.593915216769337895e-02,3.222222222222222321e+00
8.200000000000000622e-01,5.078811254173780654e+00,7.676238475356353397e-02,5.353764458314573538e-02,3.222222222222222321e+00
8.399999999999999689e-01,5.353686591566705566e+00,7.579929801167456516e-02,5.129378865304535379e-02,3.222222222222222321e+00
8.599999999999999867e-01,5.640444756090751355e+00,7.505969907147290454e-02,4.919872975648408031e-02,3.222222222222222321e+00
8.800000000000000044e-01,5.939245825784878363e+00,7.454611437610075830e-02,4.724418617001890919e-02,3.222222222222222321e+00
9.000000000000000222e-01,6.250211332768426331e+00,7.426292269409419389e-02,4.542241953356582207e-02,3.222222222222222321e+00
9.200000000000000400e-01,6.573419942442741970e+00,7.421652613467477622e-02,4.372620706537209967e-02,3.222222222222222321e+00
9.400000000000000577e-01,6.908903120226822736e+00,7.441555773296357201e-02,4.214881547605998230e-02,3.222222222222222321e+00
9.599999999999999645e-01,7.256640842610918796e+00,7.487113181638738180e-02,4.068397653279081511e-02,3.222222222222222321e+00
9.799999999999999822e-01,7.616557414321505348e+00,7.559714463649445937e-02,3.932586422653145536e-02,3.222222222222222321e+00
1.000000000000000000e+00,7.988517457167088942e+00,7.661063428527364882e-02,3.806907349818700048e-02,3.222222222222222321e+00
1.020000000000000018e+00,8.372322138281740322e+00,7.793221076850793960e-02,3.690860048300056984e-02,3.222222222222222321e+00
1.040000000000000036e+00,8.767705705588994647e+00,7.958656934951893747e-02,3.583982423715049298e-02,3.222222222222222321e+00
1.060000000000000053e+00,9.174332395955767439e+00,8.160310298842750332e-02,3.485848991597617630e-02,3.222222222222222321e+00
1.080000000000000071e+00,9.591793776288437101e+00,8.401663298601837193e-02,3.396069337985866549e-02,3.222222222222222321e+00
1.100000000000000089e+00,1.001960656936350702e+01,8.686828091985487887e-02,3.314286721164881599e-02,3.222222222222222321e+00
1.120000000000000107e+00,1.045721100415048532e+01,9.020650978092965844e-02,3.240176813891827018e-02,3.222222222222222321e+00
1.140000000000000124e+00,1.090396971450213393e+01,9.408836805881225229e-02,3.173446586553198973e-02,3.222222222222222321e+00
1.159999999999999920e+00,1.135916719015698995e+01,9.858097759308505348e-02,3.113833333053337565e-02,3.222222222222222321e+00
1.179999999999999938e+00,1.182200975990185121e+01,1.037633145588831990e-01,3.061103842864960553e-02,3.222222222222222321e+00
1.199999999999999956e+00,1.229162605844157952e+01,1.097283432778455858e-01,3.015053724658450784e-02,3.222222222222222321e+00
1.219999999999999973e+00,1.276706789606297932e+01,1.165855749822990450e-01,2.975506889359240403e-02,3.222222222222222321e+00
1.239999999999999991e+00,1.324731141367050746e+01,1.244641385962750868e-01,2.942315203480530203e-02,3.222222222222222321e+00
1.260000000000000009e+00,1.373125836537960964e+01,1.335164684604939755e-01,2.915358327293663190e-02,3.222222222222222321e+00
1.280000000000000027e+00,1.421773732678156144e+01,1.439227351778334940e-01,2.894543757025076422e-02,3.222222222222222321e+00
1.300000000000000044e+00,1.470550457947007672e+01,1.558961708526042100e-01,2.879807096055123083e-02,3.222222222222222321e+00
1.320000000000000062e+00,1.519324437169984421e+01,1.696894693588396896e-01,2.871112587356814891e-02,3.222222222222222321e+00
1.340000000000000080e+00,1.567956820144077490e+01,1.856024761931892308e-01,2.868453948554692753e-02,3.222222222222222321e+00
1.360000000000000098e+00,1.616301271203887779e+01,2.039914209856957816e-01,2.871855562517301383e-02,3.222222222222222321e+00
1.380000000000000115e+00,1.664203573291061034e+01,2.252799884361038341e-01,2.881374090968649368e-02,3.222222222222222321e+00
1.400000000000000133e+00,1.711500993942836502e+01,2.499725691200162803e-01,2.897100597030303690e-02,3.222222222222222321e+00
1.419999999999999929e+00,1.758021354958927063e+01,2.786700778283973112e-01,2.919163285908104796e-02,3.222222222222222321e+00
1.439999999999999947e+00,1.803581742396305998e+01,3.120887694862301553e-01,2.947731002385626381e-02,3.222222222222222321e+00
1.459999999999999964e+00,1.847986789606802560e+01,3.510825139222455427e-01,2.983017660942555160e-02,3.222222222222222321e+00
1.479999999999999982e+00,1.891026464286654729e+01,3.966689991632362799e-01,3.025287831075621284e-02,3.222222222222222321e+00
1.500000000000000000e+00,1.932473292536596077e+01,4.500603005560991354e-01,3.074863759020328435e-02,3.222222222222222321e+00
1.520000000000000018e+00,1.972078961143162701e+01,5.126981531008711901e-01,3.132134180173150317e-02,3.222222222222222321e+00
1.540000000000000036e+00,2.009570257232523005e+01,5.862940580956090830e-01,3.197565367021281552e-02,3.222222222222222321e+00
1.560000000000000053e+00,2.044644337177981441e+01,6.728739879760123888e-01,3.271714968374998811e-02,3.222222222222222321e+00
1.580000000000000071e+00,2.076963371133159342e+01,7.748268509968194717e-01,3.355249330067699293e-02,3.222222222222222321e+00
1.600000000000000089e+00,2.106148695014449856e+01,8.949549439515782634e-01,3.448965147181060065e-02,3.222222222222222321e+00
1.620000000000000107e+00,2.131774729630588183e+01,1.036523239029385257e+00,3.553816483653016861e-02,3.222222222222222321e+00
1.640000000000000124e+00,2.153363110059122221e+01,1.203302390040585701e+00,3.670948403876743427e-02,3.222222222222222321e+00
1.660000000000000142e+00,2.170377720162770885e+01,1.399597683837886519e+00,3.801738683881596831e-02,3.222222222222222321e+00
1.679999999999999938e+00,2.182221655883188305e+01,1.630252742902030594e+00,3.947849288924472344e-02,3.222222222222222321e+00
1.699999999999999956e+00,2.188237543487637282e+01,1.900612685208006747e+00,4.111289487790761865e-02,3.222222222222222321e+00
1.719999999999999973e+00,2.187713088474108147e+01,2.216427023601850177e+00,4.294492569678794169e-02,3.222222222222222321e+00
1.739999999999999991e+00,2.179894160113205714e+01,2.583668653799161330e+00,4.500408058127672306e-02,3.222222222222222321e+00
1.760000000000000009e+00,2.164007998240044728e+01,3.008243318303490010e+00,4.732610965763901778e-02,3.222222222222222321e+00
1.780000000000000027e+00,2.139299059710576500e+01,3.495566236785569103e+00,4.995428855559291836e-02,3.222222222222222321e+00
1.800000000000000044e+00,2.105079325826060455e+01,4.049992186725263288e+00,5.294086090786767618e-02,3.222222222222222321e+00
1.820000000000000062e+00,2.060793264881478493e+01,4.674105383089951715e+00,5.634862480784048194e-02,3.222222222222222321e+00
1.840000000000000080e+00,2.006094866549780420e+01,5.367908032118850592e+00,6.025260414441477308e-02,3.222222222222222321e+00
1.860000000000000098e+00,1.940930294002390966e+01,6.127990019351445383e+00,6.474170481945018540e-02,3.222222222222222321e+00
1.880000000000000115e+00,1.865615299305428465e+01,6.946809503564829846e+00,6.992020693251414787e-02,3.222222222222222321e+00
1.900000000000000133e+00,1.780892836669348966e+01,7.812250555572781252e+00,7.590889195603590933e-02,3.222222222222222321e+00
1.919999999999999929e+00,1.687955030201739959e+01,8.707629376713720504e+00,8.284555721558604924e-02,3.222222222222222321e+00
1.939999999999999947e+00,1.588416500480220073e+01,9.612276818890881813e+00,9.088464017998813815e-02,3.222222222222222321e+00
1.959999999999999964e+00,1.484233710662996231e+01,1.050272671397696556e+01,1.001956746349381283e-01,3.222222222222222321e+00
1.979999999999999982e+00,1.377576241485090769e+01,1.135440452981169024e+01,1.109603397386845908e-01,3.222222222222222321e+00
2.000000000000000000e+00,1.270667516927275997e+01,1.214357950948045151e+01,1.233679450780051784e-01,3.222222222222222321e+00
2.020000000000000018e+00,1.165620353785491758e+01,1.284926433554247360e+01,1.376093157015906843e-01,3.222222222222222321e+00
2.040000000000000036e+00,1.064293743316406982e+01,1.345475256207720705e+01,1.538691884597314929e-01,3.222222222222222321e+00
2.060000000000000053e+00,9.681911432119752803e+00,1.394857466382224587e+01,1.723173876899516122e-01,3.222222222222222321e+00
2.080000000000000071e+00,8.784097977890459319e+00,1.432479363153387375e+01,1.930991960388563911e-01,3.222222222222222321e+00
2.100000000000000089e+00,7.956392226850915961e+00,1.458270031066965444e+01,2.163254583054760594e-01,3.222222222222222321e+00
2.120000000000000107e+00,7.201984789375300622e+00,1.472606593443494027e+01,2.420630389249640024e-01,3.222222222222222321e+00
2.140000000000000124e+00,6.520978663212848581e+00,1.476214754119072659e+01,2.703262869454459150e-01,3.222222222222222321e+00
2.160000000000000142e+00,5.911108789941689423e+00,1.470062824561179049e+01,3.010701401769438346e-01,3.222222222222222321e+00
2.180000000000000160e+00,5.368452034380038818e+00,1.455262917574560610e+01,3.341854218819040323e-01,3.222222222222222321e+00
2.200000000000000178e+00,4.888055011442080655e+00,1.432987515787757715e+01,3.694967541307567771e-01,3.222222222222222321e+00
2.220000000000000195e+00,4.464444321991857478e+00,1.404404753880838008e+01,4.067633428122841566e-01,3.222222222222222321e+00
2.240000000000000213e+00,4.092011853748273253e+00,1.370632230075211133e+01,4.456826960181338171e-01,3.222222222222222321e+00
2.260000000000000231e+00,3.765285418651545868e+00,1.332707080101813979e+01,4.858971385496377859e-01,3.222222222222222321e+00
2.280000000000000249e+00,3.479103682584751667e+00,1.291569142362549272e+01,5.270027993247876630e-01,3.222222222222222321e+00
2.300000000000000266e+00,3.228716737036189777e+00,1.248053937807718938e+01,5.685605921279107688e-01,3.222222222222222321e+00
2.319999999999999840e+00,3.009832319899803821e+00,1.202892534170073446e+01,6.101085961418016845e-01,3.222222222222222321e+00
2.339999999999999858e+00,2.818624571685182989e+00,1.156715903267216916e+01,6.511751786103900930e-01,3.222222222222222321e+00
2.359999999999999876e+00,2.651718590204116488e+00,1.110061948751417482e+01,6.912921898417606625e-01,3.222222222222222321e+00
2.379999999999999893e+00,2.506160633881633792e+00,1.063383892708223755e+01,7.300075973893995762e-01,3.222222222222222321e+00
2.399999999999999911e+00,2.379380942213809025e+00,1.017059127316846023e+01,7.668970041276511607e-01,3.222222222222222321e+00
2.419999999999999929e+00,2.269153875340273352e+00,9.713979573749217167e+00,8.015736035222407185e-01,3.222222222222222321e+00
2.439999999999999947e+00,2.173558382596408656e+00,9.266518912648219697e+00,8.336962526031288512e-01,3.222222222222222321e+00
2.459999999999999964e+00,2.090940599315364690e+00,8.830212982020064771e+00,8.629754768021810074e-01,3.222222222222222321e+00
2.479999999999999982e+00,2.019879537665063118e+00,8.406623552542500377e+00,8.891773499072956888e-01,3.222222222222222321e+00
2.500000000000000000e+00,1.959156285211644200e+00,7.996932736058049329e+00,9.121253079648161677e-01,3.222222222222222321e+00
2.520000000000000018e+00,1.907726774946740367e+00,7.601998319691780637e+00,9.317000516888007677e-01,3.222222222222222321e+00
2.540000000000000036e+00,1.864697981108637270e+00,7.222402651448439848e+00,9.478377642086253108e-01,3.222222222222222321e+00
2.560000000000000053e+00,1.829307280475790165e+00,6.858495641996860570e+00,9.605269187707260459e-01,3.222222222222222321e+00
2.580000000000000071e+00,1.800904666011327482e+00,6.510432462488323857e+00,9.698039754235079357e-01,3.222222222222222321e+00
2.600000000000000089e+00,1.778937485805177410e+00,6.178206495039887614e+00,9.757482694777156462e-01,3.222222222222222321e+00
2.620000000000000107e+00,1.762937389547473588e+00,5.861678050863516454e+00,9.784763813840835489e-01,3.222222222222222321e+00
2.640000000000000124e+00,1.752509186884963377e+00,5.560599322952387347e+00,9.781362518047423960e-01,3.222222222222222321e+00
2.660000000000000142e+00,1.747321350254098293e+00,5.274635992449313804e+00,9.749012712727659347e-01,3.222222222222222321e+00
2.680000000000000160e+00,1.747097924962917048e+00,5.003385863610043671e+00,9.689645347855578850e-01,3.222222222222222321e+00
2.700000000000000178e+00,1.751611638910916424e+00,4.746394862859427022e+00,9.605334112397481139e-01,3.222222222222222321e+00
2.720000000000000195e+00,1.760678032002863436e+00,4.503170702887599575e+00,9.498245383790773211e-01,3.222222222222222321e+00
2.740000000000000213e+00,1.774150450350011621e+00,4.273194482546834649e+00,9.370593177760899728e-01,3.222222222222222321e+00
2.760000000000000231e+00,1.791915772522619132e+00,4.055930466783477684e+00,9.224599525251884202e-01,3.222222222222222321e+00
2.780000000000000249e+00,1.813890754445830478e+00,3.850834267268118616e+00,9.062460434373570406e-01,3.222222222222222321e+00
2.800000000000000266e+00,1.840018896188261754e+00,3.657359623164478268e+00,8.886317377811066009e-01,3.222222222222222321e+00
2.819999999999999840e+00,1.870267748123099372e+00,3.474963962131091488e+00,8.698234078471979158e-01,3.222222222222222321e+00
2.839999999999999858e+00,1.904626586016265666e+00,3.303112903840457637e+00,8.500178244235508940e-01,3.222222222222222321e+00
2.859999999999999876e+00,1.943104394786166145e+00,3.141283851801578209e+00,8.294007821021587290e-01,3.222222222222222321e+00
2.879999999999999893e+00,1.985728109240403327e+00,2.988968803944078267e+00,8.081461285824419472e-01,3.222222222222222321e+00
2.899999999999999911e+00,2.032541067259503453e+00,2.845676498185897962e+00,7.864151481539002342e-01,3.222222222222222321e+00
2.919999999999999929e+00,2.083601636873411156e+00,2.710933996019639025e+00,7.643562497328085792e-01,3.222222222222222321e+00
2.939999999999999947e+00,2.138981983644855589e+00,2.584287794992244258e+00,7.421049116462405948e-01,3.222222222222222321e+00
2.959999999999999964e+00,2.198766948892099560e+00,2.465304549802542766e+00,7.197838383252328498e-01,3.222222222222222321e+00
2.979999999999999982e+00,2.263053012687652465e+00,2.353571471583312924e+00,6.975032877865278147e-01,3.222222222222222321e+00
3.000000000000000000e+00,2.331947318375591216e+00,2.248696465744462358e+00,6.753615329231131836e-01,3.222222222222222321e+00
3.020000000000000018e+00,2.405566737657959031e+00,2.150308060498852925e+00,6.534454239316319635e-01,3.222222222222222321e+00
3.040000000000000036e+00,2.484036957195950190e+00,2.058055170830834335e+00,6.318310234858828256e-01,3.222222222222222321e+00
3.060000000000000053e+00,2.567491569228054438e+00,1.971606736150894212e+00,6.105842903798308630e-01,3.222222222222222321e+00
3.080000000000000071e+00,2.656071149989057467e+00,1.890651264153443423e+00,5.897617912151201791e-01,3.222222222222222321e+00
3.100000000000000089e+00,2.749922310776687695e+00,1.814896308400365532e+00,5.694114232373485018e-01,3.222222222222222321e+00
3.120000000000000107e+00,2.849196707406129736e+00,1.744067902830390038e+00,5.495731346008664309e-01,3.222222222222222321e+00
3.140000000000000124e+00,2.954049994560564496e+00,1.677909972683400808e+00,5.302796311535438178e-01,3.222222222222222321e+00
3.160000000000000142e+00,3.064640712227947095e+00,1.616183738170585027e+00,5.115570612864261957e-01,3.222222222222222321e+00
3.180000000000000160e+00,3.181129092046426798e+00,1.558667124559545369e+00,4.934256725050316095e-01,3.222222222222222321e+00
3.200000000000000178e+00,3.303675771996108512e+00,1.505154190125207014e+00,4.759004351729161919e-01,3.222222222222222321e+00
3.220000000000000195e+00,3.432440408503550699e+00,1.455454581593595753e+00,4.589916303819701615e-01,3.222222222222222321e+00
3.240000000000000213e+00,3.567580175695344913e+00,1.409393025231681307e+00,4.427054001475513867e-01,3.222222222222222321e+00
3.260000000000000231e+00,3.709248142273596560e+00,1.366808860572260365e+00,4.270442591402055510e-01,3.222222222222222321e+00
3.280000000000000249e+00,3.857591517311840690e+00,1.327555622872437668e+00,4.120075679786945888e-01,3.222222222222222321e+00
3.300000000000000266e+00,4.012749757204542966e+00,1.291500679756014680e+00,3.975919687490735432e-01,3.222222222222222321e+00
3.320000000000000284e+00,4.174852527063068308e+00,1.258524927056259957e+00,3.837917839072325643e-01,3.222222222222222321e+00
3.339999999999999858e+00,4.344017511048054558e+00,1.228522548631854949e+00,3.705993800909085367e-01,3.222222222222222321e+00
3.359999999999999876e+00,4.520348067469945441e+00,1.201400844854042971e+00,3.580054986324749389e-01,3.222222222222222321e+00
3.379999999999999893e+00,4.703930725978051619e+00,1.177080134538325051e+00,3.459995547442151764e-01,3.222222222222222321e+00
3.399999999999999911e+00,4.894832525789762911e+00,1.155493735302384417e+00,3.345699074593404543e-01,3.222222222222222321e+00
3.419999999999999929e+00,5.093098195674593320e+00,1.136588027657140065e+00,3.237041024686292956e-01,3.222222222222222321e+00
3.439999999999999947e+00,5.298747178284443748e+00,1.120322608563798283e+00,3.133890900061789275e-01,3.222222222222222321e+00
3.459999999999999964e+00,5.511770503386453690e+00,1.106670540699182803e+00,3.036114199185290241e-01,3.222222222222222321e+00
3.479999999999999982e+00,5.732127516575717507e+00,1.095618704244609054e+00,2.943574160079514557e-01,3.222222222222222321e+00
3.500000000000000000e+00,5.959742472083433995e+00,1.087168258625967665e+00,2.856133316802232369e-01,3.222222222222222321e+00
3.520000000000000018e+00,6.194501000309131200e+00,1.081335222253873019e+00,2.773654888557752218e-01,3.222222222222222321e+00
3.540000000000000036e+00,6.436246462649143574e+00,1.078151178903003826e+00,2.696004020257788958e-01,3.222222222222222321e+00
3.560000000000000053e+00,6.684776208025892785e+00,1.077664119876950322e+00,2.623048892557080514e-01,3.222222222222222321e+00
3.580000000000000071e+00,6.939837747210110486e+00,1.079939431460311239e+00,2.554661718616785815e-01,3.222222222222222321e+00
3.600000000000000089e+00,7.201124862552772399e+00,1.085061037273155504e+00,2.490719644123439991e-01,3.222222222222222321e+00
3.620000000000000107e+00,7.468273672111552131e+00,1.093132704896233820e+00,2.431105566437324894e-01,3.222222222222222321e+00
3.640000000000000124e+00,7.740858668410634635e+00,1.104279525375209126e+00,2.375708888181907452e-01,3.222222222222222321e+00
3.660000000000000142e+00,8.018388753304845906e+00,1.118649572741348353e+00,2.324426220132576049e-01,3.222222222222222321e+00
3.680000000000000160e+00,8.300303291787228588e+00,1.136415748252912694e+00,2.277162047932516642e-01,3.222222222222222321e+00
3.700000000000000178e+00,8.585968209324809308e+00,1.157777810348312286e+00,2.233829376967846891e-01,3.222222222222222321e+00
3.720000000000000195e+00,8.874672159775192526e+00,1.182964585912787747e+00,2.194350369682034341e-01,3.222222222222222321e+00
3.740000000000000213e+00,9.165622794594888489e+00,1.212236350907421656e+00,2.158656989707025686e-01,3.222222222222222321e+00
3.760000000000000231e+00,9.457943169510429016e+00,1.245887358101807507e+00,2.126691667437398681e-01,3.222222222222222321e+00
3.780000000000000249e+00,9.750668332856349707e+00,1.284248475886995644e+00,2.098408002070967504e-01,3.222222222222222321e+00
3.800000000000000266e+00,1.004274215133101045e+01,1.327689884106550089e+00,2.073771515674193711e-01,3.222222222222222321e+00
3.820000000000000284e+00,1.033301444509195299e+01,1.376623749609154679e+00,2.052760475483091374e-01,3.222222222222222321e+00
3.839999999999999858e+00,1.062023852616619912e+01,1.431506774797931536e+00,2.035366801385970204e-01,3.222222222222222321e+00
3.859999999999999876e+00,1.090306926344925564e+01,1.492842475810797875e+00,2.021597076300617468e-01,3.222222222222222321e+00
3.879999999999999893e+00,1.118006183548610366e+01,1.561183002171322887e+00,2.011473677877695376e-01,3.222222222222222321e+00
3.899999999999999911e+00,1.144967138001619134e+01,1.637130256091301472e+00,2.005036050523676394e-01,3.222222222222222321e+00
3.919999999999999929e+00,1.171025380782409542e+01,1.721336006838512178e+00,2.002342136987535770e-01,3.222222222222222321e+00
3.939999999999999947e+00,1.196006811800993752e+01,1.814500624250237726e+00,2.003469988488869313e-01,3.222222222222222321e+00
3.959999999999999964e+00,1.219728063153381648e+01,1.917369977350961596e+00,2.008519571307824103e-01,3.222222222222222321e+00
3.979999999999999982e+00,1.241997164730938685e+01,2.030729962692088719e+00,2.017614785556086920e-01,3.222222222222222321e+00
4.000000000000000000e+00,1.262614511541689488e+01,2.155398048514384435e+00,2.030905708057283432e-01,3.222222222222222321e+00
4.020000000000000462e+00,1.281374200728035717e+01,2.292211154396795347e+00,2.048571065335861585e-01,3.222222222222222321e+00
4.040000000000000036e+00,1.298065813114496692e+01,2.442009144884133676e+00,2.070820933990518697e-01,3.222222222222222321e+00
4.060000000000000497e+00,1.312476717663130188e+01,2.605613217305037477e+00,2.097899653456355151e-01,3.222222222222222321e+00
4.080000000000000071e+00,1.324394975350386972e+01,2.783798530696602214e+00,2.130088919508696110e-01,3.222222222222222321e+00
4.099999999999999645e+00,1.333612909175507966e+01,2.977260580189985184e+00,2.167711004974695044e-01,3.222222222222222321e+00
4.120000000000000107e+00,1.339931386470086139e+01,3.186575096642664917e+00,2.211132026198840972e-01,3.222222222222222321e+00
4.139999999999999680e+00,1.343164825665666484e+01,3.412151669572675683e+00,2.260765139244338140e-01,3.222222222222222321e+00
4.160000000000000142e+00,1.343146890046040731e+01,3.654181868922608434e+00,2.317073508358159506e-01,3.222222222222222321e+00
4.179999999999999716e+00,1.339736764946867886e+01,3.912583377567897536e+00,2.380572841233148385e-01,3.222222222222222321e+00
4.200000000000000178e+00,1.332825833779790514e+01,4.186942515263915254e+00,2.451833232284827413e-01,3.222222222222222321e+00
4.219999999999999751e+00,1.322344476717350048e+01,4.476458473848501818e+00,2.531479998904686002e-01,3.222222222222222321e+00
4.240000000000000213e+00,1.308268622306465012e+01,4.779893489219882774e+00,2.620193140267395027e-01,3.222222222222222321e+00
4.259999999999999787e+00,1.290625599125140432e+01,5.095533903151753030e+00,2.718704999177757875e-01,3.222222222222222321e+00
4.280000000000000249e+00,1.269498777545940449e+01,5.421167443259084173e+00,2.827795671680068956e-01,3.222222222222222321e+00
4.299999999999999822e+00,1.245030477670467661e+01,5.754081894008971965e+00,2.948285695109837956e-01,3.222222222222222321e+00
4.320000000000000284e+00,1.217422663554229523e+01,6.091089501058269740e+00,3.081025562094282799e-01,3.222222222222222321e+00
4.339999999999999858e+00,1.186935054966946268e+01,6.428579880282729420e+00,3.226881664634425606e-01,3.222222222222222321e+00
4.360000000000000320e+00,1.153880465186943205e+01,6.762601947916173195e+00,3.386718376227869642e-01,3.222222222222222321e+00
4.379999999999999893e+00,1.118617403168081026e+01,7.088972650602233472e+00,3.561376135363766848e-01,3.222222222222222321e+00
4.400000000000000355e+00,1.081540234669053824e+01,7.403407391830026718e+00,3.751645600423795801e-01,3.222222222222222321e+00
4.419999999999999929e+00,1.043067444123978227e+01,7.701664451061306593e+00,3.958238198065460178e-01,3.222222222222222321e+00
4.440000000000000391e+00,1.003628738852748903e+01,7.979693808017842116e+00,4.181753672166401148e-01,3.222222222222222321e+00
4.459999999999999964e+00,9.636518567100038624e+00,8.233779961561456417e+00,4.422645539806357995e-01,3.222222222222222321e+00
4.480000000000000426e+00,9.235499575155444063e+00,8.460668740498077156e+00,4.681185650943426313e-01,3.222222222222222321e+00
4.500000000000000000e+00,8.837103954413466411e+00,8.657669692804628170e+00,4.957429302745132160e-01,3.222222222222222321e+00
4.520000000000000462e+00,8.444854999335122514e+00,8.822728150065563213e+00,5.251182550918149783e-01,3.222222222222222321e+00
4.540000000000000036e+00,8.061857667043092590e+00,8.954464086333329575e+00,5.561973464394137645e-01,3.222222222222222321e+00
4.560000000000000497e+00,7.690756145804561683e+00,9.052177961753930191e+00,5.889029067439569554e-01,3.222222222222222321e+00
4.580000000000000071e+00,7.333716339667796014e+00,9.115826441516112766e+00,6.231259593729634449e-01,3.222222222222222321e+00
4.600000000000000533e+00,6.992430658612848404e+00,9.145972909515258209e+00,6.587251438951916560e-01,3.222222222222222321e+00
4.620000000000000107e+00,6.668141225593205768e+00,9.143718908562652459e+00,6.955269851348562238e-01,3.222222222222222321e+00
4.639999999999999680e+00,6.361676961189584922e+00,9.110623041190214266e+00,7.333271962647245346e-01,3.222222222222222321e+00
4.660000000000000142e+00,6.073499920864684043e+00,9.048613579683866703e+00,7.718930263121351887e-01,3.222222222222222321e+00
4.679999999999999716e+00,5.803756613032261313e+00,8.959900250522764509e+00,8.109666098364290976e-01,3.222222222222222321e+00
4.700000000000000178e+00,5.552330666831992723e+00,8.846889584716107535e+00,8.502692249198239294e-01,3.222222222222222321e+00
4.719999999999999751e+00,5.318894000822577794e+00,8.712107049856671281e+00,8.895063187036693630e-01,3.222222222222222321e+00
4.740000000000000213e+00,5.102954447818558670e+00,8.558128048301041346e+00,9.283731208226342346e-01,3.222222222222222321e+00
4.759999999999999787e+00,4.903898531627458368e+00,8.387518875197796930e+00,9.665606368784245284e-01,3.222222222222222321e+00
4.780000000000000249e+00,4.721028718148236436e+00,8.202787929884170381e+00,1.003761798276650685e+00,3.222222222222222321e+00
4.799999999999999822e+00,4.553594955186312632e+00,8.006346876928976286e+00,1.039677542011507416e+00,3.222222222222222321e+00
4.820000000000000284e+00,4.400820672940241707e+00,7.800481045590004214e+00,1.074022603956747535e+00,3.222222222222222321e+00
4.839999999999999858e+00,4.261923654474939482e+00,7.587328110723672303e+00,1.106530830582889369e+00,3.222222222222222321e+00
4.860000000000000320e+00,4.136132323488058482e+00,7.368863980341865627e+00,1.136959844668772091e+00,3.222222222222222321e+00
4.879999999999999893e+00,4.022698058040362845e+00,7.146894791349991394e+00,1.165094937878801584e+00,3.222222222222222321e+00
4.900000000000000355e+00,3.920904145081705927e+00,6.923053955644827617e+00,1.190752104147408508e+00,3.222222222222222321e+00
4.919999999999999929e+00,3.830071959948357474e+00,6.698803279329992755e+00,1.213780169774987705e+00,3.222222222222222321e+00
4.940000000000000391e+00,3.749564902232880748e+00,6.475437279770699384e+00,1.234062016371614945e+00,3.222222222222222321e+00
4.959999999999999964e+00,3.678790555580731869e+00,6.254089935325652050e+00,1.251514929097156337e+00,3.222222222222222321e+00
4.980000000000000426e+00,3.617201471862157902e+00,6.035743212048936712e+00,1.266090133401787332e+00,3.222222222222222321e+00
5.000000000000000000e+00,3.564294914968162864e+00,5.821236815047547530e+00,1.277771607633493955e+00,3.222222222222222321e+00
5.020000000000000462e+00,3.519611839305471612e+00,5.611278706581264153e+00,1.286574276001752892e+00,3.222222222222222321e+00
5.040000000000000036e+00,3.482735324543727806e+00,5.406456017152812876e+00,1.292541696548964447e+00,3.222222222222222321e+00
5.060000000000000497e+00,3.453288641890104316e+00,5.207246049577695324e+00,1.295743362493147810e+00,3.222222222222222321e+00
5.080000000000000071e+00,3.430933088049641366e+00,5.014027139788503895e+00,1.296271733392104775e+00,3.222222222222222321e+00
5.100000000000000533e+00,3.415365690586620762e+00,4.827089192682980645e+00,1.294239106062833988e+00,3.222222222222222321e+00
5.120000000000000107e+00,3.406316861932491058e+00,4.646643757562590515e+00,1.289774425179394557e+00,3.222222222222222321e+00
5.139999999999999680e+00,3.403548058005037014e+00,4.472833546540045724e+00,1.283020121069862851e+00,3.222222222222222321e+00
5.160000000000000142e+00,3.406849480527201379e+00,4.305741331588865073e+00,1.274129048461390745e+00,3.222222222222222321e+00
5.179999999999999716e+00,3.416037848926886333e+00,4.145398182467342707e+00,1.263261585675287124e+00,3.222222222222222321e+00
5.200000000000000178e+00,3.430954257501116711e+00,3.991791029301087868e+00,1.250582939787083570e+00,3.222222222222222321e+00
5.219999999999999751e+00,3.451462125764745092e+00,3.844869550809686842e+00,1.236260690106861793e+00,3.222222222222222321e+00
5.240000000000000213e+00,3.477445244087299603e+00,3.704552402606930084e+00,1.220462590405570591e+00,3.222222222222222321e+00
5.259999999999999787e+00,3.508805912444650232e+00,3.570732810225847320e+00,1.203354639866647480e+00,3.222222222222222321e+00
5.280000000000000249e+00,3.545463167041002617e+00,3.443283559003171401e+00,1.185099423903160032e+00,3.222222222222222321e+00
5.299999999999999822e+00,3.587351087421009943e+00,3.322061418139051536e+00,1.165854718768266629e+00,3.222222222222222321e+00
5.320000000000000284e+00,3.634417175275597156e+00,3.206911039518647755e+00,1.145772348240255534e+00,3.222222222222222321e+00
5.339999999999999858e+00,3.686620795277772977e+00,3.097668373592268765e+00,1.124997276464821061e+00,3.222222222222222321e+00
5.360000000000000320e+00,3.743931667833188648e+00,2.994163645069190860e+00,1.103666918132020003e+00,3.222222222222222321e+00
5.379999999999999893e+00,3.806328403491841872e+00,2.896223930657766843e+00,1.081910645379424274e+00,3.222222222222222321e+00
5.400000000000000355e+00,3.873797068864130555e+00,2.803675379814805968e+00,1.059849469966374969e+00,3.222222222222222321e+00
5.419999999999999929e+00,3.946329774158060744e+00,2.716345117649787255e+00,1.037595879181271608e+00,3.222222222222222321e+00
5.440000000000000391e+00,4.023923272862020006e+00,2.634062866931636826e+00,1.015253804460347631e+00,3.222222222222222321e+00
5.459999999999999964e+00,4.106577564608538289e+00,2.556662323705612305e+00,9.929187026643003788e-01,3.222222222222222321e+00
5.480000000000000426e+00,4.194294492847741473e+00,2.483982318457034655e+00,9.706777312489121012e-01,3.222222222222222321e+00
5.500000000000000000e+00,4.287076329620943760e+00,2.415867792145542481e+00,9.486100000672269550e-01,3.222222222222222321e+00
5.520000000000000462e+00,4.384924340446660906e+00,2.352170613846152669e+00,9.267868841627737719e-01,3.222222222222222321e+00
5.540000000000000036e+00,4.487837323109034493e+00,2.292750264222025880e+00,9.052723835823650589e-01,3.222222222222222321e+00
5.560000000000000497e+00,4.595810114970898752e+00,2.237474406653824577e+00,8.841235178959402363e-01,3.222222222222222321e+00
5.580000000000000071e+00,4.708832064321287092e+00,2.186219365584688212e+00,8.633907447166715432e-01,3.222222222222222321e+00
5.600000000000000533e+00,4.826885462212056943e+00,2.138870529520474850e+00,8.431183930361791923e-01,3.222222222222222321e+00
5.620000000000000107e+00,4.949943932243416889e+00,2.095322694155714593e+00,8.233451036063591522e-01,3.222222222222222321e+00
5.639999999999999680e+00,5.077970776826546739e+00,2.055480359273289981e+00,8.041042698984305348e-01,3.222222222222222321e+00
5.660000000000000142e+00,5.210917279586532835e+00,2.019257991380929873e+00,7.854244743453112632e-01,3.222222222222222321e+00
5.679999999999999716e+00,5.348720964773498565e+00,1.986580262486069337e+00,7.673299156243444941e-01,3.222222222222222321e+00
5.700000000000000178e+00,5.491303815827093260e+00,1.957382273954221485e+00,7.498408236665302651e-01,3.222222222222222321e+00
5.719999999999999751e+00,5.638570456592177038e+00,1.931609773022821219e+00,7.329738598912757253e-01,3.222222222222222321e+00
5.740000000000000213e+00,5.790406300114489646e+00,1.909219368227318636e+00,7.167425008696247657e-01,3.222222222222222321e+00
5.759999999999999787e+00,5.946675671457659185e+00,1.890178748710714451e+00,7.011574042224375525e-01,3.222222222222222321e+00
5.780000000000000249e+00,6.107219912581230759e+00,1.874466911100129085e+00,6.862267560721294624e-01,3.222222222222222321e+00
5.799999999999999822e+00,6.271855479009182055e+00,1.862074396309494562e+00,6.719565997965343263e-01,3.222222222222222321e+00
5.820000000000000284e+00,6.440372039807518156e+00,1.853003537227719821e+00,6.583511461902545880e-01,3.222222222222222321e+00
5.839999999999999858e+00,6.612530594288986485e+00,1.847268716734754346e+00,6.454130654310882287e-01,3.222222222222222321e+00
5.860000000000000320e+00,6.788061620887622105e+00,1.844896633808204900e+00,6.331437614847887918e-01,3.222222222222222321e+00
5.879999999999999893e+00,6.966663275815559331e+00,1.845926573591208264e+00,6.215436297678037514e-01,3.222222222222222321e+00
5.900000000000000355e+00,7.147999661454806031e+00,1.850410675135404581e+00,6.106122990312620180e-01,3.222222222222222321e+00
5.919999999999999929e+00,7.331699186979205862e+00,1.858414188055657501e+00,6.003488585359876284e-01,3.222222222222222321e+00
5.940000000000000391e+00,7.517353046484730683e+00,1.870015706478673101e+00,5.907520716624991008e-01,3.222222222222222321e+00
5.959999999999999964e+00,7.704513842973695681e+00,1.885307365379432332e+00,5.818205771456798070e-01,3.222222222222222321e+00
5.980000000000000426e+00,7.892694389938902155e+00,1.904394980624383393e+00,5.735530791440284215e-01,3.222222222222222321e+00
6.000000000000000000e+00,8.081366726077483520e+00,1.927398109733460263e+00,5.659485273501265734e-01,3.222222222222222321e+00
6.020000000000000462e+00,8.269961382878848966e+00,1.954450005502781584e+00,5.590062883232129742e-01,3.222222222222222321e+00
6.040000000000000036e+00,8.457866949514851740e+00,1.985697429186730423e+00,5.527263091765457492e-01,3.222222222222222321e+00
6.060000000000000497e+00,8.644429984632706621e+00,2.021300283944597709e+00,5.471092746805208407e-01,3.222222222222222321e+00
6.080000000000000071e+00,8.828955330300722437e+00,2.061431022781104794e+00,5.421567587451593395e-01,3.222222222222222321e+00
6.100000000000000533e+00,9.010706889424893618e+00,2.106273778381445361e+00,5.378713711192861791e-01,3.222222222222222321e+00
6.120000000000000107e+00,9.188908934315486832e+00,2.156023155270278213e+00,5.342568999840316968e-01,3.222222222222222321e+00
6.140000000000000568e+00,9.362748020521230785e+00,2.210882617923130233e+00,5.313184509195350014e-01,3.222222222222222321e+00
6.160000000000000142e+00,9.531375586232437414e+00,2.271062402266710745e+00,5.290625824790737841e-01,3.222222222222222321e+00
6.179999999999999716e+00,9.693911323006661362e+00,2.336776873010100175e+00,5.274974383063676386e-01,3.222222222222222321e+00
6.200000000000000178e+00,9.849447407642619723e+00,2.408241246210631736e+00,5.266328753706723820e-01,3.222222222222222321e+00
6.219999999999999751e+00,9.997053686876359535e+00,2.485667596340255692e+00,5.264805874610594127e-01,3.222222222222222321e+00
6.240000000000000213e+00,1.013578390514581073e+01,2.569260071010831314e+00,5.270542225663976676e-01,3.222222222222222321e+00
6.259999999999999787e+00,1.026468305970766259e+01,2.659209245740011163e+00,5.283694921620376572e-01,3.222222222222222321e+00
6.280000000000000249e+00,1.038279595545711764e+01,2.755685567116981982e+00,5.304442697205916657e-01,3.222222222222222321e+00
6.299999999999999822e+00,1.048917701234302235e+01,2.858831856923973014e+00,5.332986749579262664e-01,3.222222222222222321e+00
6.320000000000000284e+00,1.058290134972369678e+01,2.968754883561020463e+00,5.369551394164387981e-01,3.222222222222222321e+00
6.339999999999999858e+00,1.066307713295617887e+01,3.085516051611576938e+00,5.414384479823577401e-01,3.222222222222222321e+00
6.360000000000000320e+00,1.072885911690102212e+01,3.209121316167415916e+00,5.467757498476101263e-01,3.222222222222222321e+00
6.379999999999999893e+00,1.077946325843871200e+01,3.339510495395155321e+00,5.529965312868081462e-01,3.222222222222222321e+00
6.400000000000000355e+00,1.081418219606191755e+01,3.476546231447014801e+00,5.601325414676598946e-01,3.222222222222222321e+00
6.419999999999999929e+00,1.083240131093321068e+01,3.620002933434626868e+00,5.682176614072771414e-01,3.222222222222222321e+00
6.440000000000000391e+00,1.083361499385187088e+01,3.769556122344603466e+00,5.772877052054654623e-01,3.222222222222222321e+00
6.459999999999999964e+00,1.081744265149687578e+01,3.924772680202514241e+00,5.873801419277158153e-01,3.222222222222222321e+00
6.480000000000000426e+00,1.078364390004992757e+01,4.085102576464505475e+00,5.985337260940502002e-01,3.222222222222222321e+00
6.500000000000000000e+00,1.073213232338600243e+01,4.249872694123472350e+00,6.107880247914937444e-01,3.222222222222222321e+00
6.520000000000000462e+00,1.066298712604789145e+01,4.418283396271086794e+00,6.241828301162796189e-01,3.222222222222222321e+00
6.540000000000000036e+00,1.057646199799180309e+01,4.589408451159135538e+00,6.387574471187420500e-01,3.222222222222222321e+00
6.560000000000000497e+00,1.047299053741201114e+01,4.762198862221209694e+00,6.545498498117369168e-01,3.222222222222222321e+00
6.580000000000000071e+00,1.035318765624314885e+01,4.935491024431796880e+00,6.715957012295350470e-01,3.222222222222222321e+00
6.600000000000000533e+00,1.021784652279142058e+01,5.108019449988184135e+00,6.899272380614022149e-01,3.222222222222222321e+00
6.620000000000000107e+00,1.006793077490278243e+01,5.278434080757150149e+00,7.095720260409309477e-01,3.222222222222222321e+00
6.640000000000000568e+00,9.904561956900382214e+00,5.445321944847173690e+00,7.305515989727975334e-01,3.222222222222222321e+00
6.660000000000000142e+00,9.729002380221578150e+00,5.607232638701608707e+00,7.528800018465398036e-01,3.222222222222222321e+00
6.679999999999999716e+00,9.542633862434035663e+00,5.762706847489558193e+00,7.765622666349492054e-01,3.222222222222222321e+00
6.700000000000000178e+00,9.346933040294384654e+00,5.910306880662991702e+00,8.015928577037593206e-01,3.222222222222222321e+00
6.719999999999999751e+00,9.143444157470474565e+00,6.048648020712183992e+00,8.279541317693766000e-01,3.222222222222222321e+00
6.740000000000000213e+00,8.933750376662043635e+00,6.176429381397706031e+00,8.556148644548305926e-01,3.222222222222222321e+00
6.759999999999999787e+00,8.719444744489273091e+00,6.292462959759596686e+00,8.845289010923395034e-01,3.222222222222222321e+00
6.780000000000000249e+00,8.502101938304118534e+00,6.395699647362541818e+00,9.146339928920224072e-01,3.222222222222222321e+00
6.799999999999999822e+00,8.283251847938503332e+00,6.485251133902351306e+00,9.458508803903962203e-01,3.222222222222222321e+00
6.820000000000000284e+00,8.064355901329541609e+00,6.560406874716702141e+00,9.780826837790064232e-01,3.222222222222222321e+00
6.839999999999999858e+00,7.846786846599639986e+00,6.620645580237853878e+00,1.011214654036046934e+00,3.222222222222222321e+00
6.860000000000000320e+00,7.631812474492027931e+00,6.665640993546421811e+00,1.045114329702625300e+00,3.222222222222222321e+00
6.879999999999999893e+00,7.420583525597707286e+00,6.695262025190692690e+00,1.079632131865861044e+00,3.222222222222222321e+00
6.900000000000000355e+00,7.214125796913806177e+00,6.709567588508342340e+00,1.114602414890399462e+00,3.222222222222222321e+00
6.919999999999999929e+00,7.013336258890444874e+00,6.708796705390914994e+00,1.149844973370401036e+00,3.222222222222222321e+00
6.940000000000000391e+00,6.818982829323035233e+00,6.693354620112506481e+00,1.185166987542829897e+00,3.222222222222222321e+00
6.959999999999999964e+00,6.631707330841198456e+00,6.663795762919638044e+00,1.220365371031174595e+00,3.222222222222222321e+00
6.980000000000000426e+00,6.452031085717290004e+00,6.620804447360517209e+00,1.255229467355511108e+00,3.222222222222222321e+00
7.000000000000000000e+00,6.280362572268296084e+00,6.565174172669568264e+00,1.289544026201847604e+00,3.222222222222222321e+00
7.020000000000000462e+00,6.117006575083857811e+00,6.497786345112836592e+00,1.323092377931095021e+00,3.222222222222222321e+00
7.040000000000000036e+00,5.962174298655717131e+00,6.419589141862824810e+00,1.355659715978495550e+00,3.222222222222222321e+00
7.060000000000000497e+00,5.815993972050901739e+00,6.331577129651966729e+00,1.387036392154068931e+00,3.222222222222222321e+00
7.080000000000000071e+00,5.678521542753626861e+00,6.234772129078024250e+00,1.417021129626456988e+00,3.222222222222222321e+00
7.100000000000000533e+00,5.549751133426987337e+00,6.130205693176899118e+00,1.445424062485051397e+00,3.222222222222222321e+00
7.120000000000000107e+00,5.429625010266395435e+00,6.018903452814740263e+00,1.472069518877823890e+00,3.222222222222222321e+00
7.140000000000000568e+00,5.318042881536431565e+00,5.901871476524052085e+00,1.496798476223412999e+00,3.222222222222222321e+00
7.160000000000000142e+00,5.214870406992281993e+00,5.780084701611721165e+00,1.519470631120550586e+00,3.222222222222222321e+00
7.179999999999999716e+00,5.119946851672386501e+00,5.654477418060237959e+00,1.539966042435390037e+00,3.222222222222222321e+00
7.200000000000000178e+00,5.033091860535744644e+00,5.525935727018924659e+00,1.558186322705076510e+00,3.222222222222222321e+00
7.219999999999999751e+00,4.954111363898384468e+00,5.395291850725178584e+00,1.574055369548915229e+00,3.222222222222222321e+00
7.240000000000000213e+00,4.882802648405571766e+00,5.263320139106652640e+00,1.587519644410118280e+00,3.222222222222222321e+00
7.259999999999999787e+00,4.818958645463706780e+00,5.130734598371189392e+00,1.598548019980038370e+00,3.222222222222222321e+00
7.280000000000000249e+00,4.762371499880083014e+00,4.998187756746854227e+00,1.607131229567843933e+00,3.222222222222222321e+00
7.299999999999999822e+00,4.712835487153979486e+00,4.866270680364047863e+00,1.613280961136487557e+00,3.222222222222222321e+00
7.320000000000000284e+00,4.670149349582885634e+00,4.735513956362555454e+00,1.617028645573454160e+00,3.222222222222222321e+00
7.339999999999999858e+00,4.634118120117541650e+00,4.606389469113515212e+00,1.618423993008304418e+00,3.222222222222222321e+00
7.360000000000000320e+00,4.604554499591334782e+00,4.479312807618559766e+00,1.617533332773285926e+00,3.222222222222222321e+00
7.379999999999999893e+00,4.581279848279298683e+00,4.354646156536125190e+00,1.614437812181209742e+00,3.222222222222222321e+00
7.400000000000000355e+00,4.564124847277405195e+00,4.232701538933643981e+00,1.609231506994450056e+00,3.222222222222222321e+00
7.419999999999999929e+00,4.552929879368847743e+00,4.113744295002019769e+00,1.602019492651182153e+00,3.222222222222222321e+00
7.440000000000000391e+00,4.547545173181608114e+00,3.997996696987888399e+00,1.592915920384336825e+00,3.222222222222222321e+00
7.459999999999999964e+00,4.547830748767285769e+00,3.885641616037986967e+00,1.582042136688820877e+00,3.222222222222222321e+00
7.480000000000000426e+00,4.553656197395840266e+00,3.776826171172614099e+00,1.569524878507202459e+00,3.222222222222222321e+00
7.500000000000000000e+00,4.564900323456714482e+00,3.671665303982984074e+00,1.555494570314238434e+00,3.222222222222222321e+00
7.520000000000000462e+00,4.581450671931449392e+00,3.570245234740644147e+00,1.540083743236733582e+00,3.222222222222222321e+00
7.540000000000000036e+00,4.603202960972030411e+00,3.472626766349077521e+00,1.523425590644182481e+00,3.222222222222222321e+00
7.560000000000000497e+00,4.630060435675756203e+00,3.378848411948871089e+00,1.505652669431817303e+00,3.222222222222222321e+00
7.580000000000000071e+00,4.661933156169583370e+00,3.288929330043353527e+00,1.486895751586683856e+00,3.222222222222222321e+00
7.600000000000000533e+00,4.698737230573663659e+00,3.202872057809104334e+00,1.467282826631788994e+00,3.222222222222222321e+00
7.620000000000000107e+00,4.740394001269458535e+00,3.120665038885463982e+00,1.446938252199623021e+00,3.222222222222222321e+00
7.640000000000000568e+00,4.786829191114876814e+00,3.042284946503701182e+00,1.425982047281836751e+00,3.222222222222222321e+00
7.660000000000000142e+00,4.837972014790436148e+00,2.967698806431675607e+00,1.404529320601992648e+00,3.222222222222222321e+00
7.679999999999999716e+00,4.893754259291252851e+00,2.896865926987417073e+00,1.382689825013039719e+00,3.222222222222222321e+00
7.700000000000000178e+00,4.954109336667274377e+00,2.829739645426346151e+00,1.360567627770648436e+00,3.222222222222222321e+00
7.719999999999999751e+00,5.018971311429209159e+00,2.766268901437739292e+00,1.338260885912933684e+00,3.222222222222222321e+00
7.740000000000000213e+00,5.088273904553981986e+00,2.706399649394633844e+00,1.315861715720387792e+00,3.222222222222222321e+00
7.759999999999999787e+00,5.161949475718307312e+00,2.650076121476755198e+00,1.293456145272829039e+00,3.222222222222222321e+00
7.780000000000000249e+00,5.239927985242362141e+00,2.597241953907530210e+00,1.271124139402523445e+00,3.222222222222222321e+00
7.799999999999999822e+00,5.322135937220394908e+00,2.547841188383061617e+00,1.248939686809349636e+00,3.222222222222222321e+00
7.820000000000000284e+00,5.408495305436932021e+00,2.501819160382479090e+00,1.226970939706087282e+00,3.222222222222222321e+00
7.839999999999999858e+00,5.498922443903659918e+00,2.459123285485248278e+00,1.205280397057193031e+00,3.222222222222222321e+00
7.860000000000000320e+00,5.593326984192570350e+00,2.419703754122912276e+00,1.183925123226843734e+00,3.222222222222222321e+00
7.879999999999999893e+00,5.691610722176826620e+00,2.383514144393323431e+00,1.162956994631795915e+00,3.222222222222222321e+00
7.900000000000000355e+00,5.793666497314502450e+00,2.350511961690321616e+00,1.142422967777658949e+00,3.222222222222222321e+00
7.919999999999999929e+00,5.899377068215729381e+00,2.320659112970178128e+00,1.122365362824603530e+00,3.222222222222222321e+00
7.940000000000000391e+00,6.008613988915536552e+00,2.293922322501296129e+00,1.102822157565939820e+00,3.222222222222222321e+00
7.959999999999999964e+00,6.121236491028448690e+00,2.270273494934089697e+00,1.083827287399908412e+00,3.222222222222222321e+00
7.980000000000000426e+00,6.237090377783062856e+00,2.249690030487784487e+00,1.065410947524227714e+00,3.222222222222222321e+00
8.000000000000000000e+00,6.356006936822396369e+00,2.232155095980774551e+00,1.047599894179929603e+00,3.222222222222222321e+00
8.019999999999999574e+00,6.477801879606324142e+00,2.217657854328846767e+00,1.030417742313447294e+00,3.222222222222222321e+00
8.040000000000000924e+00,6.602274316263970988e+00,2.206193653996621595e+00,1.013885257513174931e+00,3.222222222222222321e+00
8.060000000000000497e+00,6.729205775814882884e+00,2.197764178705969407e+00,9.980206405094427247e-01,3.222222222222222321e+00
8.080000000000000071e+00,6.858359282806751445e+00,2.192377556474165434e+00,9.828398029066307551e-01,3.222222222222222321e+00
8.099999999999999645e+00,6.989478502602949561e+00,2.190048425767286311e+00,9.683566331452041487e-01,3.222222222222222321e+00
8.120000000000000995e+00,7.122286968793261508e+00,2.190797955204886627e+00,9.545832519723792542e-01,3.222222222222222321e+00
8.140000000000000568e+00,7.256487407493163566e+00,2.194653811836199786e+00,9.415302569357036910e-01,3.222222222222222321e+00
8.160000000000000142e+00,7.391761174636415355e+00,2.201650071524976049e+00,9.292069556068327518e-01,3.222222222222222321e+00
8.179999999999999716e+00,7.527767823745563192e+00,2.211827063433040585e+00,9.176215873958621927e-01,3.222222222222222321e+00
8.199999999999999289e+00,7.664144823074368063e+00,2.225231138991346835e+00,9.067815339321797508e-01,3.222222222222222321e+00
8.220000000000000639e+00,7.800507442438961547e+00,2.241914354109327157e+00,8.966935180680515316e-01,3.222222222222222321e+00
8.240000000000000213e+00,7.936448831467040499e+00,2.261934051726594230e+00,8.873637916078638277e-01,3.222222222222222321e+00
8.259999999999999787e+00,8.071540312363387315e+00,2.285352330196046555e+00,8.787983118805056115e-01,3.222222222222222321e+00
8.279999999999999361e+00,8.205331911569659908e+00,2.312235381459996741e+00,8.710029072558486130e-01,3.222222222222222321e+00
8.300000000000000711e+00,8.337353155825717010e+00,2.342652681614900256e+00,8.639834316593140162e-01,3.222222222222222321e+00
8.320000000000000284e+00,8.467114159038965582e+00,2.376676015350069449e+00,8.577459080614703302e-01,3.222222222222222321e+00
8.339999999999999858e+00,8.594107026936031346e+00,2.414378315008860909e+00,8.522966608125555066e-01,3.222222222222222321e+00
8.359999999999999432e+00,8.717807606581411406e+00,2.455832294799307203e+00,8.476424365546854078e-01,3.222222222222222321e+00
8.380000000000000782e+00,8.837677607348220832e+00,2.501108861142267159e+00,8.437905132771854610e-01,3.222222222222222321e+00
8.400000000000000355e+00,8.953167118636566002e+00,2.550275281480261391e+00,8.407487968829894243e-01,3.222222222222222321e+00
8.419999999999999929e+00,9.063717547349249060e+00,2.603393096291140907e+00,8.385259044067698841e-01,3.222222222222222321e+00
8.439999999999999503e+00,9.168764994623648690e+00,2.660515762783602689e+00,8.371312327694150346e-01,3.222222222222222321e+00
8.460000000000000853e+00,9.267744086339149590e+00,2.721686024025726347e+00,8.365750116705974460e-01,3.222222222222222321e+00
8.480000000000000426e+00,9.360092265224642105e+00,2.786933004291017646e+00,8.368683389147966167e-01,3.222222222222222321e+00
8.500000000000000000e+00,9.445254543748099252e+00,2.856269040384535884e+00,8.380231961412893948e-01,3.222222222222222321e+00
8.519999999999999574e+00,9.522688706184682772e+00,2.929686269762176831e+00,8.400524425926108041e-01,3.222222222222222321e+00
8.540000000000000924e+00,9.591870935202265969e+00,3.007153009417266709e+00,8.429697842188653700e-01,3.222222222222222321e+00
8.560000000000000497e+00,9.652301822944682641e+00,3.088609974693723892e+00,8.467897150903110903e-01,3.222222222222222321e+00
8.580000000000000071e+00,9.703512709042922069e+00,3.173966404145145415e+00,8.515274277948398085e-01,3.222222222222222321e+00
8.599999999999999645e+00,9.745072268529732185e+00,3.263096174846375153e+00,8.571986892513698830e-01,3.222222222222222321e+00
8.620000000000000995e+00,9.776593251774237103e+00,3.355834011500935965e+00,8.638196782000215901e-01,3.222222222222222321e+00
8.640000000000000568e+00,9.797739257033265758e+00,3.451971911347935684e+00,8.714067805646913412e-01,3.222222222222222321e+00
8.660000000000000142e+00,9.808231395034216149e+00,3.551255924079987913e+00,8.799763389564465577e-01,3.222222222222222321e+00
8.679999999999999716e+00,9.807854685409058249e+00,3.653383440338721755e+00,8.895443528330415628e-01,3.222222222222222321e+00
8.700000000000001066e+00,9.796464008253126465e+00,3.758001152287290481e+00,9.001261262882741532e-01,3.222222222222222321e+00
8.720000000000000639e+00,9.773989422194619081e+00,3.864703853624064323e+00,9.117358611516958034e-01,3.222222222222222321e+00
8.740000000000000213e+00,9.740440654782883456e+00,3.973034242604395416e+00,9.243861940679032330e-01,3.222222222222222321e+00
8.759999999999999787e+00,9.695910573292669810e+00,4.082483878796216992e+00,9.380876775221677066e-01,3.222222222222222321e+00
8.779999999999999361e+00,9.640577455497004067e+00,4.192495421422338886e+00,9.528482064018747311e-01,3.222222222222222321e+00
8.800000000000000711e+00,9.574705901448663070e+00,4.302466243828733106e+00,9.686723936327794604e-01,3.222222222222222321e+00
8.820000000000000284e+00,9.498646259091529487e+00,4.411753475200215213e+00,9.855609006880379219e-01,3.222222222222222321e+00
8.839999999999999858e+00,9.412832478117744373e+00,4.519680468324187572e+00,1.003509731295968210e+00,3.222222222222222321e+00
8.859999999999999432e+00,9.317778356586556399e+00,4.625544633093697122e+00,1.022509499403075006e+00,3.222222222222222321e+00
8.880000000000000782e+00,9.214072201283530106e+00,4.728626512522712488e+00,1.042544685287704498e+00,3.222222222222222321e+00
8.900000000000000355e+00,9.102369982731874032e+00,4.828199915010567445e+00,1.063592896544773625e+00,3.222222222222222321e+00
8.919999999999999929e+00,8.983387125710208920e+00,4.923542857583251831e+00,1.085624153326095742e+00,3.222222222222222321e+00
8.939999999999999503e+00,8.857889132320950765e+00,5.013949024108222297e+00,1.108600219556733268e+00,3.222222222222222321e+00
8.960000000000000853e+00,8.726681283356063190e+00,5.098739403987610608e+00,1.132474003676423147e+00,3.222222222222222321e+00
8.980000000000000426e+00,8.590597701568823297e+00,5.177273753849187976e+00,1.157189053596102024e+00,3.222222222222222321e+00
9.000000000000000000e+00,8.450490084842920524e+00,5.248961519491786909e+00,1.182679170844171068e+00,3.222222222222222321e+00
9.019999999999999574e+00,8.307216426499834938e+00,5.313271868709291468e+00,1.208868168162410051e+00,3.222222222222222321e+00
9.040000000000000924e+00,8.161630033600578926e+00,5.369742517088792688e+00,1.235669792994505523e+00,3.222222222222222321e+00
9.060000000000000497e+00,8.014569132772937365e+00,5.417987076526720180e+00,1.262987836341400216e+00,3.222222222222222321e+00
9.080000000000000071e+00,7.866847318632981256e+00,5.457700716887321057e+00,1.290716442351429016e+00,3.222222222222222321e+00
9.099999999999999645e+00,7.719245054977206699e+00,5.488664000891010808e+00,1.318740628854384367e+00,3.222222222222222321e+00
9.120000000000000995e+00,7.572502386921496687e+00,5.510744826407295349e+00,1.346937022994464828e+00,3.222222222222222321e+00
9.140000000000000568e+00,7.427312966656467452e+00,5.523898484198864978e+00,1.375174809392968100e+00,3.222222222222222321e+00
9.160000000000000142e+00,7.284319440019451974e+00,5.528165908506539772e+00,1.403316881161369212e+00,3.222222222222222321e+00
9.179999999999999716e+00,7.144110188839293052e+00,5.523670259028977902e+00,1.431221176915788762e+00,3.222222222222222321e+00
9.200000000000001066e+00,7.007217377595159391e+00,5.510612023087900546e+00,1.458742180064547700e+00,3.222222222222222321e+00
9.220000000000000639e+00,6.874116214222813603e+00,5.489262864354127913e+00,1.485732550401501539e+00,3.222222222222222321e+00
9.240000000000000213e+00,6.745225305002352734e+00,5.459958468750147453e+00,1.512044852765568992e+00,3.222222222222222321e+00
9.259999999999999787e+00,6.620907962725249618e+00,5.423090649294476151e+00,1.537533343501336081e+00,3.222222222222222321e+00
9.279999999999999361e+00,6.501474315468878551e+00,5.379098970751076791e+00,1.562055772890903915e+00,3.222222222222222321e+00
9.300000000000000711e+00,6.387184059492350130e+00,5.328462143617459290e+00,1.585475160756490975e+00,3.222222222222222321e+00
9.320000000000000284e+00,6.278249702839271862e+00,5.271689417221518070e+00,1.607661503100582312e+00,3.222222222222222321e+00
9.339999999999999858e+00,6.174840154819674076e+00,5.209312175658705080e+00,1.628493369908316168e+00,3.222222222222222321e+00
9.359999999999999432e+00,6.077084529211499664e+00,5.141875910135568439e+00,1.647859357951937831e+00,3.222222222222222321e+00
9.380000000000000782e+00,5.985076044390299721e+00,5.069932708990855019e+00,1.665659367401309821e+00,3.222222222222222321e+00
9.400000000000000355e+00,5.898875920417995466e+00,4.994034373992216835e+00,1.681805676990928866e+00,3.222222222222222321e+00
9.419999999999999929e+00,5.818517190339712819e+00,4.914726239902025284e+00,1.696223799116968856e+00,3.222222222222222321e+00
9.439999999999999503e+00,5.744008359706954003e+00,4.832541744890571422e+00,1.708853103214130975e+00,3.222222222222222321e+00
9.460000000000000853e+00,5.675336864036783169e+00,4.747997772948757245e+00,1.719647202771190209e+00,3.222222222222222321e+00
9.480000000000000426e+00,5.612472288103186102e+00,4.661590766519368323e+00,1.728574108087771899e+00,3.222222222222222321e+00
9.500000000000000000e+00,5.555369323388492653e+00,4.573793588372444319e+00,1.735616153092435665e+00,3.222222222222222321e+00
9.519999999999999574e+00,5.503970450596365360e+00,4.485053096329139066e+00,1.740769710022204375e+00,3.222222222222222321e+00
9.540000000000000924e+00,5.458208342854630857e+00,4.395788382655290150e+00,1.744044710351062788e+00,3.222222222222222321e+00
9.560000000000000497e+00,5.418007992211097523e+00,4.306389621542897395e+00,1.745463993953199955e+00,3.222222222222222321e+00
9.580000000000000071e+00,5.383288567399537428e+00,4.217217462733419353e+00,1.745062511056449495e+00,3.222222222222222321e+00
9.599999999999999645e+00,5.353965014810420087e+00,4.128602906620587376e+00,1.742886403095115444e+00,3.222222222222222321e+00
9.620000000000000995e+00,5.329949417340300144e+00,4.040847595690716609e+00,1.738991989166161378e+00,3.222222222222222321e+00
9.640000000000000568e+00,5.311152127514195520e+00,3.954224458505098294e+00,1.733444684520874635e+00,3.222222222222222321e+00
9.660000000000000142e+00,5.297482692166508578e+00,3.868978645210120249e+00,1.726317876503151272e+00,3.222222222222222321e+00
9.679999999999999716e+00,5.288850586201992776e+00,3.785328697414516608e+00,1.717691781708611920e+00,3.222222222222222321e+00
9.700000000000001066e+00,5.285165772693379616e+00,3.703467899875726665e+00,1.707652306025379429e+00,3.222222222222222321e+00
9.720000000000000639e+00,5.286339105939988237e+00,3.623565766506794628e+00,1.696289926765676137e+00,3.222222222222222321e+00
9.740000000000000213e+00,5.292282593224547860e+00,3.545769618513032295e+00,1.683698613437744740e+00,3.222222222222222321e+00
9.759999999999999787e+00,5.302909529956229662e+00,3.470206217797816795e+00,1.669974800957707561e+00,3.222222222222222321e+00
9.779999999999999361e+00,5.318134521751248123e+00,3.396983423983710004e+00,1.655216426362823512e+00,3.222222222222222321e+00
9.800000000000000711e+00,5.337873405837049390e+00,3.326191848359646208e+00,1.639522037445601432e+00,3.222222222222222321e+00
9.820000000000000284e+00,5.362043083017066891e+00,3.257906482701115269e+00,1.622989979248794734e+00,3.222222222222222321e+00
9.839999999999999858e+00,5.390561270333751764e+00,3.192188285160249439e+00,1.605717662093351095e+00,3.222222222222222321e+00
9.859999999999999432e+00,5.423346183542044230e+00,3.129085709252547698e+00,1.587800912787587171e+00,3.222222222222222321e+00
9.880000000000000782e+00,5.460316157569883977e+00,3.068636165362304880e+00,1.569333408904494354e+00,3.222222222222222321e+00
9.900000000000000355e+00,5.501389212306982301e+00,3.010867407150737751e+00,1.550406194521088965e+00,3.222222222222222321e+00
9.919999999999999929e+00,5.546482570333411743e+00,2.955798837792386280e+00,1.531107274585002731e+00,3.222222222222222321e+00
9.939999999999999503e+00,5.595512132577474596e+00,2.903442733108255958e+00,1.511521284097038897e+00,3.222222222222222321e+00
9.960000000000000853e+00,5.648391917377157512e+00,2.853805380435936456e+00,1.491729227556410908e+00,3.222222222222222321e+00
9.980000000000000426e+00,5.705033468008582354e+00,2.806888133508761207e+00,1.471808283586058641e+00,3.222222222222222321e+00
1.000000000000000000e+01,5.765345233434389094e+00,2.762688384740815017e+00,1.451831669314725959e+00,3.222222222222222321e+00
0.000000000000000000e+00,5.000000000000000000e-01,5.000000000000000000e-01,5.000000000000000000e-01,3.666666666666666519e+00
2.000000000000000042e-02,5.323042829444444290e-01,4.657240042222222098e-01,4.678792084444444166e-01,3.666666666666666519e+00
4.000000000000000083e-02,5.670201617338586075e-01,4.340233010306573380e-01,4.377365462446659583e-01,3.666666666666666519e+00
5.999999999999999778e-02,6.043164273903833816e-01,4.046961516551061955e-01,4.094701128675232171e-01,3.666666666666666519e+00
8.000000000000000167e-02,6.443733231525319294e-01,3.775578715422710507e-01,3.829803034370585779e-01,3.666666666666666519e+00
1.000000000000000056e-01,6.873831581816082226e-01,3.524392688009225227e-01,3.581702789847305279e-01,3.666666666666666519e+00
1.199999999999999956e-01,7.335509371675921209e-01,3.291852391023533109e-01,3.349463240292704924e-01,3.666666666666666519e+00
1.400000000000000133e-01,7.830950023118008474e-01,3.076535005699749803e-01,3.132181089573954358e-01,3.666666666666666519e+00
1.600000000000000033e-01,8.362476833910477136e-01,2.877134539402216307e-01,2.928988724217303496e-01,3.666666666666666519e+00
1.799999999999999933e-01,8.932559507199550053e-01,2.692451548596007660e-01,2.739055369570528864e-01,3.666666666666666519e+00
2.000000000000000111e-01,9.543820648154508479e-01,2.521383866097408055e-01,2.561587692252242920e-01,3.666666666666666519e+00
2.200000000000000011e-01,1.019904215421440608e+00,2.362918228348541427e-01,2.395829947158271966e-01,3.666666666666666519e+00
2.399999999999999911e-01,1.090117141264046907e+00,2.216122709959668646e-01,2.241063753357097066e-01,3.666666666666666519e+00
2.600000000000000089e-01,1.165332720471707439e+00,2.080139883054146488e-01,2.096607570984577729e-01,3.666666666666666519e+00
2.800000000000000266e-01,1.245880520004720493e+00,1.954180628150427312e-01,1.961815940569549832e-01,3.666666666666666519e+00
2.999999999999999889e-01,1.332108290693077679e+00,1.837518531533567367e-01,1.836078536922076121e-01,3.666666666666666519e+00
3.200000000000000067e-01,1.424382392580762158e+00,1.729484811410048062e-01,1.718819081641863589e-01,3.666666666666666519e+00
3.400000000000000244e-01,1.523088133224939744e+00,1.629463721701975842e-01,1.609494151314487254e-01,3.666666666666666519e+00
3.599999999999999867e-01,1.628629999411450369e+00,1.536888388210611300e-01,1.507591912428914993e-01,3.666666666666666519e+00
3.800000000000000044e-01,1.741431760442997190e+00,1.451237037148597475e-01,1.412630808855061815e-01,3.666666666666666519e+00
4.000000000000000222e-01,1.861936418761843459e+00,1.372029580782768154e-01,1.324158223260237799e-01,3.666666666666666519e+00
4.199999999999999845e-01,1.990605981224000010e+00,1.298824529216912327e-01,1.241749130025099068e-01,3.666666666666666519e+00
4.400000000000000022e-01,2.127921021899040532e+00,1.231216201243275910e-01,1.165004753960171557e-01,3.666666666666666519e+00
4.600000000000000200e-01,2.274380004895901752e+00,1.168832210765827218e-01,1.093551246349804690e-01,3.666666666666666519e+00
4.799999999999999822e-01,2.430498333494213181e+00,1.111331208607230364e-01,1.027038387496870125e-01,3.666666666666666519e+00
5.000000000000000000e-01,2.596807089895391218e+00,1.058400862612950272e-01,9.651383229517607187e-02,3.666666666666666519e+00
5.200000000000000178e-01,2.773851428320518231e+00,1.009756061917069514e-01,9.075443389334643396e-02,3.666666666666666519e+00
5.400000000000000355e-01,2.962188583116514451e+00,9.651373340929238209e-02,8.539696810451086195e-02,3.666666666666666519e+00
5.600000000000000533e-01,3.162385453152970705e+00,9.243094667373924489e-02,8.041464192134203937e-02,3.666666666666666519e+00
5.799999999999999600e-01,3.375015724283906948e+00,8.870603278943088588e-02,7.578243608079586469e-02,3.666666666666666519e+00
5.999999999999999778e-01,3.600656493213830078e+00,8.531998826796763358e-02,7.147700130930663420e-02,3.666666666666666519e+00
6.199999999999999956e-01,3.839884358960827804e+00,8.225594066072929034e-02,6.747655955083739499e-02,3.666666666666666519e+00
6.400000000000000133e-01,4.093270952472333413e+00,7.949908995175586357e-02,6.376081017408724572e-02,3.666666666666666519e+00
6.600000000000000311e-01,4.361377881039384619e+00,7.703667077892453752e-02,6.031084111245046259e-02,3.666666666666666519e+00
6.800000000000000488e-01,4.644751072174450712e+00,7.485793667879882263e-02,5.710904485659300950e-02,3.666666666666666519e+00
7.000000000000000666e-01,4.943914511735854056e+00,7.295416804253680720e-02,5.413903919338896448e-02,3.666666666666666519e+00
7.199999999999999734e-01,5.259363383416823190e+00,7.131870604498212474e-02,5.138559256526947783e-02,3.666666666666666519e+00
7.399999999999999911e-01,5.591556631313698844e+00,6.994701548868705043e-02,4.883455390977961552e-02,3.666666666666666519e+00
7.600000000000000089e-01,5.940908984091456624e+00,6.883678031642967432e-02,4.647278682946544281e-02,3.666666666666666519e+00
7.800000000000000266e-01,6.307782498095606094e+00,6.798803652356985583e-02,4.428810793641010241e-02,3.666666666666666519e+00
8.000000000000000444e-01,6.692477697285752036e+00,6.740334838731697198e-02,4.226922921320741544e-02,3.666666666666666519e+00
8.200000000000000622e-01,7.095224409578963609e+00,6.708803537597124445e-02,4.040570423241470616e-02,3.666666666666666519e+00
8.399999999999999689e-01,7.516172421384833768e+00,6.705045887280947081e-02,3.868787807916935356e-02,3.666666666666666519e+00
8.599999999999999867e-01,7.955382093873322624e+00,6.730238002832765465e-02,3.710684082638233267e-02,3.666666666666666519e+00
8.800000000000000044e-01,8.412815104713660119e+00,6.785940274358258362e-02,3.565438441851739859e-02,3.666666666666666519e+00
9.000000000000000222e-01,8.888325496329581910e+00,6.874151911507711543e-02,3.432296282829244011e-02,3.666666666666666519e+00
9.200000000000000400e-01,9.381651224631493591e+00,6.997377879958345537e-02,3.310565536065153414e-02,3.666666666666666519e+00
9.400000000000000577e-01,9.892406409080086505e+00,7.158710888839138475e-02,3.199613299009770873e-02,3.666666666666666519e+00
9.599999999999999645e-01,1.042007448411305504e+01,7.361931726942105847e-02,3.098862763109743942e-02,3.666666666666666519e+00
9.799999999999999822e-01,1.096400244174422234e+01,7.611632042194578507e-02,3.007790425704088416e-02,3.666666666666666519e+00
1.000000000000000000e+00,1.152339633394198160e+01,7.913364653248200487e-02,2.925923580158894602e-02,3.666666666666666519e+00
1.020000000000000018e+00,1.209731816982666786e+01,8.273827724174884213e-02,2.852838079776611607e-02,3.666666666666666519e+00
1.040000000000000036e+00,1.268468429569336742e+01,8.701090685427799454e-02,2.788156373570978286e-02,3.666666666666666519e+00
1.060000000000000053e+00,1.328426528462245315e+01,9.204871723647539694e-02,2.731545815070981001e-02,3.666666666666666519e+00
1.080000000000000071e+00,1.389468728663806552e+01,9.796879084727512510e-02,2.682717249061095446e-02,3.666666666666666519e+00
1.100000000000000089e+00,1.451443470007041725e+01,1.049123145507873250e-01,2.641423885787113832e-02,3.666666666666666519e+00
1.120000000000000107e+00,1.514185392038529621e+01,1.130497644572370786e-01,2.607460477932518200e-02,3.666666666666666519e+00
1.140000000000000124e+00,1.577515780494434239e+01,1.225873086971557974e-01,2.580662822966135403e-02,3.666666666666666519e+00
1.159999999999999920e+00,1.641243036176652126e+01,1.337747226953674151e-01,2.560907622764955691e-02,3.666666666666666519e+00
1.179999999999999938e+00,1.705163102816930021e+01,1.469151823570808979e-01,2.548112744373699085e-02,3.666666666666666519e+00
1.199999999999999956e+00,1.769059775181785810e+01,1.623773869314282525e-01,2.542237941233942145e-02,3.666666666666666519e+00
1.219999999999999973e+00,1.832704792263651683e+01,1.806105674266722527e-01,2.543286114338904128e-02,3.666666666666666519e+00
1.239999999999999991e+00,1.895857602959180710e+01,2.021630600752528373e-01,2.551305219051663853e-02,3.666666666666666519e+00
1.260000000000000009e+00,1.958264673225671260e+01,2.277052680156085029e-01,2.566390957751848653e-02,3.666666666666666519e+00
1.280000000000000027e+00,2.019658184535587964e+01,2.580579961120865740e-01,2.588690443659856857e-02,3.666666666666666519e+00
1.300000000000000044e+00,2.079753954033088093e+01,2.942273171551910149e-01,2.618407080539880347e-02,3.666666666666666519e+00
1.320000000000000062e+00,2.138248388264558741e+01,3.374472981848406494e-01,2.655806980925455585e-02,3.666666666666666519e+00
1.340000000000000080e+00,2.194814266933424207e+01,3.892320559604715013e-01,2.701227347714148935e-02,3.666666666666666519e+00
1.360000000000000098e+00,2.249095144882103625e+01,4.514386724808065465e-01,2.755087377602640983e-02,3.666666666666666519e+00
1.380000000000000115e+00,2.300698166427074653e+01,5.263424046084891339e-01,2.817902418733935627e-02,3.666666666666666519e+00
1.400000000000000133e+00,2.349185117737803097e+01,6.167252379263201689e-01,2.890302339715986046e-02,3.666666666666666519e+00
1.419999999999999929e+00,2.394061618157210347e+01,7.259779666844587975e-01,2.973055354969928593e-02,3.666666666666666519e+00
1.439999999999999947e+00,2.434764497233608793e+01,8.582143381934992377e-01,3.067098914960483813e-02,3.666666666666666519e+00
1.459999999999999964e+00,2.470647659357052461e+01,1.018392973024481840e+00,3.173579720740258431e-02,3.666666666666666519e+00
1.479999999999999982e+00,2.500967153927127029e+01,1.212438226182837253e+00,3.293905466767915735e-02,3.666666666666666519e+00
1.500000000000000000e+00,2.524866808818578079e+01,1.447344255998851192e+00,3.429811548527501169e-02,3.666666666666666519e+00
1.520000000000000018e+00,2.541366713108246955e+01,1.731236706076642484e+00,3.583446663075604693e-02,3.666666666666666519e+00
1.540000000000000036e+00,2.549358093274215875e+01,2.073353281349350485e+00,3.757481911032897054e-02,3.666666666666666519e+00
1.560000000000000053e+00,2.547609684825284759e+01,2.483888686912969490e+00,3.955248540390791240e-02,3.666666666666666519e+00
1.580000000000000071e+00,2.534792371907535369e+01,2.973633282339907424e+00,4.180909617548000251e-02,3.666666666666666519e+00
1.600000000000000089e+00,2.509530190028906205e+01,3.553323856721084528e+00,4.439670292462182671e-02,3.666666666666666519e+00
1.620000000000000107e+00,2.470485904927319254e+01,4.232628945931348419e+00,4.738029399513244561e-02,3.666666666666666519e+00
1.640000000000000124e+00,2.416487007538969323e+01,5.018724320284383644e+00,5.084071203875639711e-02,3.666666666666666519e+00
1.660000000000000142e+00,2.346691615377074669e+01,5.914492299819710475e+00,5.487789403247893272e-02,3.666666666666666519e+00
1.679999999999999938e+00,2.260782474201852565e+01,6.916509877116036265e+00,5.961425441726464491e-02,3.666666666666666519e+00
1.699999999999999956e+00,2.159161834607490249e+01,8.013161889243828995e+00,6.519789799554917553e-02,3.666666666666666519e+00
1.719999999999999973e+00,2.043104470842367704e+01,9.183376212104800373e+00,7.180519355170060514e-02,3.666666666666666519e+00
1.739999999999999991e+00,1.914818077746783231e+01,1.039653935362313675e+01,7.964208957399362965e-02,3.666666666666666519e+00
1.760000000000000009e+00,1.777368389050808517e+01,1.161401719673668254e+01,8.894345360382122090e-02,3.666666666666666519e+00
1.780000000000000027e+00,1.634454786888374400e+01,1.279234091872350199e+01,9.996971666218246177e-02,3.666666666666666519e+00
1.800000000000000044e+00,1.490064776263113089e+01,1.388761075184536509e+01,1.130002420875565461e-01,3.666666666666666519e+00
1.820000000000000062e+00,1.348075581462534345e+01,1.486022963108788097e+01,1.283231210180794113e-01,3.666666666666666519e+00
1.840000000000000080e+00,1.211888958227839197e+01,1.567892835419927700e+01,1.462214926644872792e-01,3.666666666666666519e+00
1.860000000000000098e+00,1.084171922882375760e+01,1.632327192355356971e+01,1.669569353277963464e-01,3.666666666666666519e+00
1.880000000000000115e+00,9.667389454395415527e+00,1.678432921197483907e+01,1.907509043644229352e-01,3.666666666666666519e+00
1.900000000000000133e+00,8.605688759819443590e+00,1.706370747095439455e+01,2.177655452340190312e-01,3.666666666666666519e+00
1.919999999999999929e+00,7.659198645227315083e+00,1.717149313037187497e+01,2.480854369253683578e-01,3.666666666666666519e+00
1.939999999999999947e+00,6.824949893780503984e+00,1.712372852081465524e+01,2.817018904391942469e-01,3.666666666666666519e+00
1.959999999999999964e+00,6.096169785346718051e+00,1.693994580027007757e+01,3.185013203650702285e-01,3.666666666666666519e+00
1.979999999999999982e+00,5.463841465562079058e+00,1.664108333044704935e+01,3.582589267622912632e-01,3.666666666666666519e+00
2.000000000000000000e+00,4.917940525410845254e+00,1.624791901786242931e+01,4.006384959454726280e-01,3.666666666666666519e+00
2.020000000000000018e+00,4.448322884802595745e+00,1.578001779786984216e+01,4.451986020184517945e-01,3.666666666666666519e+00
2.040000000000000036e+00,4.045302203833034405e+00,1.525511491009729070e+01,4.914049310903110812e-01,3.666666666666666519e+00
2.060000000000000053e+00,3.699981983085669945e+00,1.468882982998638198e+01,5.386479258008434190e-01,3.666666666666666519e+00
2.080000000000000071e+00,3.404410503498493057e+00,1.409460896216952364e+01,5.862645199220813952e-01,3.666666666666666519e+00
2.100000000000000089e+00,3.151617595068304745e+00,1.348381262951102855e+01,6.335624453053690930e-01,3.666666666666666519e+00
2.120000000000000107e+00,2.935578926383706211e+00,1.286588311913114424e+01,6.798454683111764263e-01,3.666666666666666519e+00
2.140000000000000124e+00,2.751140503590425279e+00,1.224855006713665517e+01,7.244379494140479325e-01,3.666666666666666519e+00
2.160000000000000142e+00,2.593925268164679832e+00,1.163804510009431503e+01,7.667072974453434941e-01,3.666666666666666519e+00
2.180000000000000160e+00,2.460235538130941091e+00,1.103930910242479868e+01,8.060831741112789439e-01,3.666666666666666519e+00
2.200000000000000178e+00,2.346959298660109550e+00,1.045618330335504886e+01,8.420726525859851819e-01,3.666666666666666519e+00
2.220000000000000195e+00,2.251484521544114603e+00,9.891580399388365308e+00,8.742709028296757889e-01,3.666666666666666519e+00
2.240000000000000213e+00,2.171623269510745580e+00,9.347634945402869988e+00,9.023673273051188159e-01,3.666666666666666519e+00
2.260000000000000231e+00,2.105545890088162952e+00,8.825833914111495204e+00,9.261473741573778007e-01,3.666666666666666519e+00
2.280000000000000249e+00,2.051724796118236771e+00,8.327129129819168085e+00,9.454904915262708487e-01,3.666666666666666519e+00
2.300000000000000266e+00,2.008886931030227085e+00,7.852033572044198273e+00,9.603648480503518270e-01,3.666666666666666519e+00
2.319999999999999840e+00,1.975973866259244094e+00,7.400703546294945312e+00,9.708195317309258332e-01,3.666666666666666519e+00
2.339999999999999858e+00,1.952108470382219130e+00,6.973008577566118582e+00,9.769749601935499017e-01,3.666666666666666519e+00
2.359999999999999876e+00,1.936567157782224768e+00,6.568590683140181241e+00,9.790122025533226635e-01,3.666666666666666519e+00
2.379999999999999893e+00,1.928756827969953846e+00,6.186914472835562506e+00,9.771618411165919893e-01,3.666666666666666519e+00
2.399999999999999911e+00,1.928195721007234686e+00,5.827309330607364224e+00,9.716929045520313890e-01,3.666666666666666519e+00
2.419999999999999929e+00,1.934497526415039692e+00,5.489004760757130619e+00,9.629022959366367873e-01,3.666666666666666519e+00
2.439999999999999947e+00,1.947358185723967905e+00,5.171159836485744066e+00,9.511050298307589523e-01,3.666666666666666519e+00
2.459999999999999964e+00,1.966544919583455897e+00,4.872887565869913118e+00,9.366254901212824890e-01,3.666666666666666519e+00
2.479999999999999982e+00,1.991887088473807577e+00,4.593274886887601660e+00,9.197898299659690302e-01,3.666666666666666519e+00
2.500000000000000000e+00,2.023268562149375338e+00,4.331398915071763334e+00,9.009195595808817680e-01,3.666666666666666519e+00
2.520000000000000018e+00,2.060621328141908126e+00,4.086339991435953500e+00,8.803263077383799429e-01,3.666666666666666519e+00
2.540000000000000036e+00,2.103920115339165342e+00,3.857192011887181859e+00,8.583076981851212039e-01,3.666666666666666519e+00
2.560000000000000053e+00,2.153177846201382639e+00,3.643070460503956554e+00,8.351442513191440487e-01,3.666666666666666519e+00
2.580000000000000071e+00,2.208441761866923869e+00,3.443118516469317214e+00,8.110972024291354110e-01,3.666666666666666519e+00
2.600000000000000089e+00,2.269790089366940489e+00,3.256511557203141560e+00,7.864071184362556588e-01,3.666666666666666519e+00
2.620000000000000107e+00,2.337329140402035765e+00,3.082460337729642674e+00,7.612931932487404518e-01,3.666666666666666519e+00
2.640000000000000124e+00,2.411190747468749951e+00,2.920213088130185319e+00,7.359531055712104086e-01,3.666666666666666519e+00
2.660000000000000142e+00,2.491529956263280443e+00,2.769056736762610438e+00,7.105633305880481032e-01,3.666666666666666519e+00
2.680000000000000160e+00,2.578522903820993140e+00,2.628317436523356143e+00,6.852798069372351142e-01,3.666666666666666519e+00
2.700000000000000178e+00,2.672364820261339258e+00,2.497360544553588468e+00,6.602388716726421691e-01,3.666666666666666519e+00
2.720000000000000195e+00,2.773268098705467644e+00,2.375590182211477774e+00,6.355583876138870547e-01,3.666666666666666519e+00
2.740000000000000213e+00,2.881460383258197311e+00,2.262448481609051321e+00,6.113389989751959464e-01,3.666666666666666519e+00
2.760000000000000231e+00,2.997182629183515967e+00,2.157414607296006537e+00,5.876654620181752664e-01,3.666666666666666519e+00
2.780000000000000249e+00,3.120687092797009399e+00,2.060003626513349229e+00,5.646080074175866548e-01,3.666666666666666519e+00
2.800000000000000266e+00,3.252235211359582934e+00,1.969765288587128405e+00,5.422236999173968286e-01,3.666666666666666519e+00
2.819999999999999840e+00,3.392095335567913761e+00,1.886282763244377936e+00,5.205577686320322917e-01,3.666666666666666519e+00
2.839999999999999858e+00,3.540540279261032097e+00,1.809171378678766429e+00,4.996448880261543102e-01,3.666666666666666519e+00
2.859999999999999876e+00,3.697844652845397206e+00,1.738077392857016568e+00,4.795103952409982551e-01,3.666666666666666519e+00
2.879999999999999893e+00,3.864281948815469825e+00,1.672676825641437937e+00,4.601714341096260208e-01,3.666666666666666519e+00
2.899999999999999911e+00,4.040121349733763800e+00,1.612674374630923113e+00,4.416380200155459179e-01,3.666666666666666519e+00
2.919999999999999929e+00,4.225624231243119588e+00,1.557802434034408989e+00,4.239140228030179869e-01,3.666666666666666519e+00
2.939999999999999947e+00,4.421040335211982253e+00,1.507820233248551300e+00,4.069980673462371690e-01,3.666666666666666519e+00
2.959999999999999964e+00,4.626603591044878172e+00,1.462513109995170035e+00,3.908843532267336496e-01,3.666666666666666519e+00
2.979999999999999982e+00,4.842527566593325616e+00,1.421691931780755258e+00,3.755633963443919532e-01,3.666666666666666519e+00
3.000000000000000000e+00,5.069000534026132598e+00,1.385192678981592040e+00,3.610226962791190375e-01,3.666666666666666519e+00
3.020000000000000018e+00,5.306180140488757857e+00,1.352876202957662199e+00,3.472473338995152314e-01,3.666666666666666519e+00
3.040000000000000036e+00,5.554187678398477601e+00,1.324628173189201563e+00,3.342205041446405511e-01,3.666666666666666519e+00
3.060000000000000053e+00,5.813101955754403249e+00,1.300359228449653681e+00,3.219239891389110708e-01,3.666666666666666519e+00
3.080000000000000071e+00,6.082952772824178567e+00,1.280005348416351163e+00,3.103385768838998748e-01,3.666666666666666519e+00
3.100000000000000089e+00,6.363714017902924347e+00,1.263528463808991420e+00,2.994444307426019636e-01,3.666666666666666519e+00
3.120000000000000107e+00,6.655296401391358252e+00,1.250917325056778662e+00,2.892214148233598903e-01,3.666666666666666519e+00
3.140000000000000124e+00,6.957539854047095851e+00,1.242188651527196486e+00,2.796493802083806490e-01,3.666666666666666519e+00
3.160000000000000142e+00,7.270205621745000180e+00,1.237388585368306204e+00,2.707084167771389716e-01,3.666666666666666519e+00
3.180000000000000160e+00,7.592968095256257932e+00,1.236594475838801666e+00,2.623790751655520337e-01,3.666666666666666519e+00
3.200000000000000178e+00,7.925406419261375568e+00,1.239917021373712958e+00,2.546425631919745913e-01,3.666666666666666519e+00
3.220000000000000195e+00,8.266995929947135835e+00,1.247502797212804548e+00,2.474809208825229367e-01,3.666666666666666519e+00
3.240000000000000213e+00,8.617099475103799477e+00,1.259537195732112647e+00,2.408771780505865323e-01,3.666666666666666519e+00
3.260000000000000231e+00,8.974958674803003689e+00,1.276247804030668620e+00,2.348154982365427135e-01,3.666666666666666519e+00
3.280000000000000249e+00,9.339685184903666837e+00,1.297908237985425872e+00,2.292813127001818441e-01,3.666666666666666519e+00
3.300000000000000266e+00,9.710252030534316958e+00,1.324842442779102569e+00,2.242614480855528170e-01,3.666666666666666519e+00
3.320000000000000284e+00,1.008548508349400663e+01,1.357429455374589589e+00,2.197442513501337291e-01,3.666666666666666519e+00
3.339999999999999858e+00,1.046405476789591127e+01,1.396108602697184065e+00,2.157197155705308234e-01,3.666666666666666519e+00
3.359999999999999876e+00,1.084446809469030271e+01,1.441385078059752356e+00,2.121796103069723549e-01,3.666666666666666519e+00
3.379999999999999893e+00,1.122506115103577606e+01,1.493835794764387437e+00,2.091176203283586776e-01,3.666666666666666519e+00
3.399999999999999911e+00,1.160399220874008819e+01,1.554115356425301853e+00,2.065294966653681841e-01,3.666666666666666519e+00
3.419999999999999929e+00,1.197923567187742400e+01,1.622961904465115790e+00,2.044132241637554859e-01,3.666666666666666519e+00
3.439999999999999947e+00,1.234857716261829808e+01,1.701202500181504096e+00,2.027692099401835479e-01,3.666666666666666519e+00
3.459999999999999964e+00,1.270961015209362266e+01,1.789757567511599978e+00,2.016004973768804887e-01,3.666666666666666519e+00
3.479999999999999982e+00,1.305973468539580828e+01,1.889643759526002942e+00,2.009130104954718610e-01,3.666666666666666519e+00
3.500000000000000000e+00,1.339615893109611200e+01,2.001974414829326143e+00,2.007158336748393890e-01,3.666666666666666519e+00
3.520000000000000018e+00,1.371590450778164616e+01,2.127956540757049986e+00,2.010215316518944861e-01,3.666666666666666519e+00
3.540000000000000036e+00,1.401581680011240927e+01,2.268883005386347573e+00,2.018465144695262836e-01,3.666666666666666519e+00
3.560000000000000053e+00,1.429258176400290381e+01,2.426118355305345808e+00,2.032114513806159706e-01,3.666666666666666519e+00
3.580000000000000071e+00,1.454275101246218149e+01,2.601076428443192867e+00,2.051417365086109779e-01,3.666666666666666519e+00
3.600000000000000089e+00,1.476277723233987871e+01,2.795187745004849234e+00,2.076680070865290217e-01,3.666666666666666519e+00
3.620000000000000107e+00,1.494906214983029891e+01,3.009854598592746733e+00,2.108267120844787290e-01,3.666666666666666519e+00
3.640000000000000124e+00,1.509801925865402872e+01,3.246391919559362904e+00,2.146607246885826603e-01,3.666666666666666519e+00
3.660000000000000142e+00,1.520615324718852257e+01,3.505952448454142445e+00,2.192199860881269557e-01,3.666666666666666519e+00
3.680000000000000160e+00,1.527015739261579341e+01,3.789435653724112285e+00,2.245621600537004714e-01,3.666666666666666519e+00
3.700000000000000178e+00,1.528702901657739588e+01,4.097381258700488971e+00,2.307532676108405290e-01,3.666666666666666519e+00
3.720000000000000195e+00,1.525420133410517742e+01,4.429850268634947241e+00,2.378682586545423083e-01,3.666666666666666519e+00
3.740000000000000213e+00,1.516968766482025543e+01,4.786298979596803171e+00,2.459914628077409793e-01,3.666666666666666519e+00
3.760000000000000231e+00,1.503223112467741984e+01,5.165454435406014788e+00,2.552168458108715066e-01,3.666666666666666519e+00
3.780000000000000249e+00,1.484144985973339992e+01,5.565202817084153430e+00,2.656479814009494733e-01,3.666666666666666519e+00
3.800000000000000266e+00,1.459796509523455299e+01,5.982504740793197051e+00,2.773976338202847614e-01,3.666666666666666519e+00
3.820000000000000284e+00,1.430349739521781949e+01,6.413352687540666786e+00,2.905868353035119256e-01,3.666666666666666519e+00
3.839999999999999858e+00,1.396091627062378038e+01,6.852785042632130619e+00,3.053433392340699770e-01,3.666666666666666519e+00
3.859999999999999876e+00,1.357423024469221318e+01,7.294967911180092912e+00,3.217993365472086031e-01,3.666666666666666519e+00
3.879999999999999893e+00,1.314850896585087270e+01,7.733349845823256352e+00,3.400883436054332187e-01,3.666666666666666519e+00
3.899999999999999911e+00,1.268973570720287114e+01,8.160886350832569747e+00,3.603412065477599735e-01,3.666666666666666519e+00
3.919999999999999929e+00,1.220459674691525542e+01,8.570321682028637866e+00,3.826812207859935921e-01,3.666666666666666519e+00
3.939999999999999947e+00,1.170022230123823981e+01,8.954506745108664845e+00,4.072184334135356965e-01,3.666666666666666519e+00
3.959999999999999964e+00,1.118390027410669774e+01,9.306725648842464338e+00,4.340432767027979644e-01,3.666666666666666519e+00
3.979999999999999982e+00,1.066278769534363136e+01,9.621001161861190809e+00,4.632197659127460510e-01,3.666666666666666519e+00
4.000000000000000000e+00,1.014364456897904354e+01,9.892351583547753791e+00,4.947785755846833555e-01,3.666666666666666519e+00
4.020000000000000462e+00,9.632611031953192793e+00,1.011697794612149259e+01,5.287103756002411448e-01,3.666666666666666519e+00
4.040000000000000036e+00,9.135042143682349902e+00,1.029236965554683358e+01,5.649598519840630662e-01,3.666666666666666519e+00
4.060000000000000497e+00,8.655406730129906023e+00,1.041732676893708742e+01,6.034208498524319397e-01,3.666666666666666519e+00
4.080000000000000071e+00,8.197249034400851286e+00,1.049190622688754537e+01,6.439330519963789579e-01,3.666666666666666519e+00
4.099999999999999645e+00,7.763205724520406470e+00,1.051730612220627137e+01,6.862805450602026403e-01,3.666666666666666519e+00
4.120000000000000107e+00,7.355066785366722648e+00,1.049570583065807838e+01,7.301925290274500213e-01,3.666666666666666519e+00
4.139999999999999680e+00,6.973867105386961640e+00,1.043008061554460930e+01,7.753463016960089327e-01,3.666666666666666519e+00
4.160000000000000142e+00,6.619995833311591582e+00,1.032400773546927653e+01,8.213725083201379729e-01,3.666666666666666519e+00
4.179999999999999716e+00,6.293312243743346635e+00,1.018147797880818928e+01,8.678625001515216653e-01,3.666666666666666519e+00
4.200000000000000178e+00,5.993259273917065144e+00,1.000672277117921816e+01,9.143775075174731537e-01,3.666666666666666519e+00
4.219999999999999751e+00,5.718968523364430290e+00,9.804063244816033418e+00,9.604592158154157122e-01,3.666666666666666519e+00
4.240000000000000213e+00,5.469352947499806383e+00,9.577784379469196807e+00,1.005641246594679128e+00,3.666666666666666519e+00
4.259999999999999787e+00,5.243185498037052028e+00,9.332034752251761489e+00,1.049460997557449149e+00,3.666666666666666519e+00
4.280000000000000249e+00,5.039163482489445123e+00,9.070750616502403219e+00,1.091471287610711993e+00,3.666666666666666519e+00
4.299999999999999822e+00,4.855959445936410823e+00,8.797601896937598198e+00,1.131251284666218604e+00,3.666666666666666519e+00
4.320000000000000284e+00,4.692259991619425641e+00,8.515957109918558032e+00,1.168416259633725085e+00,3.666666666666666519e+00
4.339999999999999858e+00,4.546794246443329079e+00,8.228864047236033485e+00,1.202625802059483551e+00,3.666666666666666519e+00
4.360000000000000320e+00,4.418353736957345568e+00,7.939043164271054387e+00,1.233590241493601525e+00,3.666666666666666519e+00
4.379999999999999893e+00,4.305805352343862857e+00,7.648890878192490916e+00,1.261075133798954973e+00,3.666666666666666519e+00
4.400000000000000355e+00,4.208098897439866981e+00,7.360490326715129150e+00,1.284903783740238392e+00,3.666666666666666519e+00
4.419999999999999929e+00,4.124270527323748325e+00,7.075627506643269449e+00,1.304957876330320898e+00,3.666666666666666519e+00
4.440000000000000391e+00,4.053443136647851830e+00,6.795811068942383848e+00,1.321176373671532067e+00,3.666666666666666519e+00
4.459999999999999964e+00,3.994824570709760714e+00,6.522294374088755120e+00,1.333552897856638220e+00,3.666666666666666519e+00
4.480000000000000426e+00,3.947704341411575335e+00,6.256098699318256351e+00,1.342131862607051751e+00,3.666666666666666519e+00
4.500000000000000000e+00,3.911449373903843174e+00,5.998036736209401809e+00,1.347003637419170508e+00,3.666666666666666519e+00
4.520000000000000462e+00,3.885499179177736018e+00,5.748735724666079960e+00,1.348299030285822875e+00,3.666666666666666519e+00
4.540000000000000036e+00,3.869360742282577537e+00,5.508659741528776799e+00,1.346183361795532996e+00,3.666666666666666519e+00
4.560000000000000497e+00,3.862603332242956711e+00,5.278130803097602630e+00,1.340850378337991922e+00,3.666666666666666519e+00
4.580000000000000071e+00,3.864853374794960494e+00,5.057348555126348622e+00,1.332516219087654497e+00,3.666666666666666519e+00
4.600000000000000533e+00,3.875789479476659860e+00,4.846408415326436625e+00,1.321413613966455625e+00,3.666666666666666519e+00
4.620000000000000107e+00,3.895137675406414868e+00,4.645318105624675731e+00,1.307786450979820936e+00,3.666666666666666519e+00
4.639999999999999680e+00,3.922666882670443389e+00,4.454012567407898970e+00,1.291884813642049101e+00,3.666666666666666519e+00
4.660000000000000142e+00,3.958184626443845389e+00,4.272367295402048626e+00,1.273960554471729401e+00,3.666666666666666519e+00
4.679999999999999716e+00,4.001532987010994802e+00,4.100210156955856000e+00,1.254263439938493097e+00,3.666666666666666519e+00
4.700000000000000178e+00,4.052584769312005619e+00,3.937331785308642029e+00,1.233037876426437585e+00,3.666666666666666519e+00
4.719999999999999751e+00,4.111239869406833947e+00,3.783494649636587770e+00,1.210520205947085426e+00,3.666666666666666519e+00
4.740000000000000213e+00,4.177421811455917400e+00,3.638440912783975190e+00,1.186936544345073452e+00,3.666666666666666519e+00
4.759999999999999787e+00,4.251074426810367513e+00,3.501899190884860680e+00,1.162501123213769194e+00,3.666666666666666519e+00
4.780000000000000249e+00,4.332158646094395493e+00,3.373590328672604777e+00,1.137415089148417380e+00,3.666666666666666519e+00
4.799999999999999822e+00,4.420649375385825586e+00,3.253232301098060830e+00,1.111865709710440075e+00,3.666666666666666519e+00
4.820000000000000284e+00,4.516532428495800389e+00,3.140544346717299984e+00,1.086025933941263011e+00,3.666666666666666519e+00
4.839999999999999858e+00,4.619801488731683392e+00,3.035250431812660743e+00,1.060054255855876093e+00,3.666666666666666519e+00
4.860000000000000320e+00,4.730455075271868814e+00,2.937082136898007789e+00,1.034094831525894209e+00,3.666666666666666519e+00
4.879999999999999893e+00,4.848493491305835512e+00,2.845781049541255214e+00,1.008277803657470439e+00,3.666666666666666519e+00
4.900000000000000355e+00,4.973915733347684665e+00,2.761100739629157363e+00,9.827197915833369990e-01,3.666666666666666519e+00
4.919999999999999929e+00,5.106716343590581353e+00,2.682808385533281825e+00,9.575245089966675227e-01,3.666666666666666519e+00
4.940000000000000391e+00,5.246882189823359965e+00,2.610686112274447801e+00,9.327834763027744724e-01,3.666666666666666519e+00
4.959999999999999964e+00,5.394389160280696593e+00,2.544532095830327467e+00,9.085767989603459327e-01,3.666666666666666519e+00
4.980000000000000426e+00,5.549198763853358862e+00,2.484161481244194114e+00,8.849739874880059309e-01,3.666666666666666519e+00
5.000000000000000000e+00,5.711254629357742196e+00,2.429407156189963946e+00,8.620347988301595432e-01,3.666666666666666519e+00
5.020000000000000462e+00,5.880478901068662445e+00,2.380120416116177307e+00,8.398100824502647832e-01,3.666666666666666519e+00
5.040000000000000036e+00,6.056768531470785533e+00,2.336171551990023687e+00,8.183426178201544943e-01,3.666666666666666519e+00
5.060000000000000497e+00,6.239991476196425246e+00,2.297450386931267907e+00,7.976679328926691293e-01,3.666666666666666519e+00
5.080000000000000071e+00,6.429982800404380860e+00,2.263866783585962050e+00,7.778150956892526668e-01,3.666666666666666519e+00
5.100000000000000533e+00,6.626540710429885017e+00,2.235351139845896729e+00,7.588074733228407087e-01,3.666666666666666519e+00
5.120000000000000107e+00,6.829422529415095866e+00,2.211854886361249495e+00,7.406634546349226689e-01,3.666666666666666519e+00
5.139999999999999680e+00,7.038340640832183581e+00,2.193350995095250333e+00,7.233971341837150959e-01,3.666666666666666519e+00
5.160000000000000142e+00,7.252958429363107307e+00,2.179834503789961353e+00,7.070189566092454081e-01,3.666666666666666519e+00
5.179999999999999716e+00,7.472886254538220641e+00,2.171323056494773418e+00,6.915363214520949819e-01,3.666666666666666519e+00
5.200000000000000178e+00,7.697677498911061456e+00,2.167857455081111606e+00,6.769541493455435432e-01,3.666666666666666519e+00
5.219999999999999751e+00,7.926824739428978361e+00,2.169502210739519210e+00,6.632754111636548489e-01,3.666666666666666519e+00
5.240000000000000213e+00,8.159756098141134117e+00,2.176346077625985753e+00,6.505016222153751082e-01,3.666666666666666519e+00
5.259999999999999787e+00,8.395831836584376262e+00,2.188502542879900759e+00,6.386333039486731256e-01,3.666666666666666519e+00
5.280000000000000249e+00,8.634341267246183449e+00,2.206110237959756137e+00,6.276704158872826733e-01,3.666666666666666519e+00
5.299999999999999822e+00,8.874500065586227393e+00,2.229333225426154197e+00,6.176127606801261605e-01,3.666666666666666519e+00
5.320000000000000284e+00,9.115448077379380010e+00,2.258361102762252326e+00,6.084603652104896288e-01,3.666666666666666519e+00
5.339999999999999858e+00,9.356247728791933227e+00,2.293408850428925838e+00,6.002138406948946958e-01,3.666666666666666519e+00
5.360000000000000320e+00,9.595883160752325836e+00,2.334716335063693027e+00,5.928747246024984596e-01,3.666666666666666519e+00
5.379999999999999893e+00,9.833260224881458456e+00,2.382547360644800438e+00,5.864458070424243274e-01,3.666666666666666519e+00
5.400000000000000355e+00,1.006720749542056659e+01,2.437188140852977192e+00,5.809314439916513084e-01,3.666666666666666519e+00
5.419999999999999929e+00,1.029647846993228910e+01,2.498945045353817562e+00,5.763378593580668063e-01,3.666666666666666519e+00
5.440000000000000391e+00,1.051975515043052134e+01,2.568141452252652890e+00,5.726734373750734797e-01,3.666666666666666519e+00
5.459999999999999964e+00,1.073565321495742175e+01,2.645113519987268624e+00,5.699490061837826360e-01,3.666666666666666519e+00
5.480000000000000426e+00,1.094272900584360819e+01,2.730204676468618530e+00,5.681781126495967227e-01,3.666666666666666519e+00
5.500000000000000000e+00,1.113948857263130066e+01,2.823758614107696019e+00,5.673772874510868425e-01,3.666666666666666519e+00
5.520000000000000462e+00,1.132439901176517161e+01,2.926110580008463469e+00,5.675662982368903098e-01,3.666666666666666519e+00
5.540000000000000036e+00,1.149590233763585090e+01,3.037576765381194921e+00,5.687683871366598920e-01,3.666666666666666519e+00
5.560000000000000497e+00,1.165243209551167958e+01,3.158441632148168754e+00,5.710104871033180318e-01,3.666666666666666519e+00
5.580000000000000071e+00,1.179243288073843487e+01,3.288943073219149582e+00,5.743234094319046301e-01,3.666666666666666519e+00
5.600000000000000533e+00,1.191438285442082190e+01,3.429255391412320719e+00,5.787419923350256568e-01,3.666666666666666519e+00
5.620000000000000107e+00,1.201681923802005159e+01,3.579470205108438385e+00,5.843051976686546300e-01,3.666666666666666519e+00
5.639999999999999680e+00,1.209836662353083980e+01,3.739575549247716069e+00,5.910561398400098199e-01,3.666666666666666519e+00
5.660000000000000142e+00,1.215776775021631195e+01,3.909433637858873656e+00,5.990420276815980882e-01,3.666666666666666519e+00
5.679999999999999716e+00,1.219391617528382987e+01,4.088757983941759377e+00,6.083139967903116174e-01,3.666666666666666519e+00
5.700000000000000178e+00,1.220589001185966183e+01,4.277090823053571356e+00,6.189268067260330630e-01,3.666666666666666519e+00
5.719999999999999751e+00,1.219298563748712105e+01,4.473782039907665542e+00,6.309383748388930346e-01,3.666666666666666519e+00
5.740000000000000213e+00,1.215475001207657080e+01,4.677971026509130326e+00,6.444091167306275070e-01,3.666666666666666519e+00
5.759999999999999787e+00,1.209101001508866524e+01,4.888573072798764407e+00,6.594010629149721359e-01,3.666666666666666519e+00
5.780000000000000249e+00,1.200189705266248374e+01,5.104271969138621579e+00,6.759767226472116475e-01,3.666666666666666519e+00
5.799999999999999822e+00,1.188786513340717121e+01,5.323520447120779764e+00,6.941976696926660528e-01,3.666666666666666519e+00
5.820000000000000284e+00,1.174970070041197623e+01,5.544549870435963257e+00,7.141228315196643806e-01,3.666666666666666519e+00
5.839999999999999858e+00,1.158852276060664366e+01,5.765390193979807343e+00,7.358064734570131105e-01,3.666666666666666519e+00
5.860000000000000320e+00,1.140577227816868700e+01,5.983900640910260194e+00,7.592958829860899650e-01,3.666666666666666519e+00
5.879999999999999893e+00,1.120319038126176991e+01,6.197810833803131914e+00,7.846287765018399307e-01,3.666666666666666519e+00
5.900000000000000355e+00,1.098278563124319085e+01,6.404771314306399788e+00,8.118304711680006669e-01,3.666666666666666519e+00
5.919999999999999929e+00,1.074679135783244810e+01,6.602411575814745248e+00,8.409108870725247042e-01,3.666666666666666519e+00
5.940000000000000391e+00,1.049761479355803928e+01,6.788403009300363777e+00,8.718614684668398729e-01,3.666666666666666519e+00
5.959999999999999964e+00,1.023778036190168095e+01,6.960523616760513121e+00,9.046521357294745602e-01,3.666666666666666519e+00
5.980000000000000426e+00,9.969869910133434487e+00,7.116721056685243241e+00,9.392283997828204667e-01,3.666666666666666519e+00
6.000000000000000000e+00,9.696462875640484924e+00,7.255170597766698037e+00,9.755087857950963670e-01,3.666666666666666519e+00
6.020000000000000462e+00,9.420079310684968732e+00,7.374324877033680892e+00,1.013382720951233384e+00,3.666666666666666519e+00
6.040000000000000036e+00,9.143128377373891169e+00,7.472952951074535832e+00,1.052709040012807629e+00,3.666666666666666519e+00
6.060000000000000497e+00,8.867864407130582549e+00,7.550166922587724372e+00,1.093315251005795741e+00,3.666666666666666519e+00
6.080000000000000071e+00,8.596351965898312741e+00,7.605435324624571614e+00,1.134997681161057370e+00,3.666666666666666519e+00
6.100000000000000533e+00,8.330440657810752825e+00,7.638583350069930944e+00,1.177522590618141241e+00,3.666666666666666519e+00
6.120000000000000107e+00,8.071749714321105884e+00,7.649780831714434903e+00,1.220628299828882435e+00,3.666666666666666519e+00
6.140000000000000568e+00,7.821661817766564440e+00,7.639519537893989742e+00,1.264028328458226991e+00,3.666666666666666519e+00
6.160000000000000142e+00,7.581325142507977510e+00,7.608581807973965994e+00,1.307415492052118822e+00,3.666666666666666519e+00
6.179999999999999716e+00,7.351662284447688656e+00,7.558002798587102333e+00,1.350466851506579635e+00,3.666666666666666519e+00
6.200000000000000178e+00,7.133384590737617437e+00,7.489028659015263933e+00,1.392849363261647655e+00,3.666666666666666519e+00
6.219999999999999751e+00,6.927010378880565256e+00,7.403072834697579374e+00,1.434226038762154820e+00,3.666666666666666519e+00
6.240000000000000213e+00,6.732885620534900362e+00,7.301672454251193045e+00,1.474262393082481415e+00,3.666666666666666519e+00
6.259999999999999787e+00,6.551205827908714419e+00,7.186446433005812651e+00,1.512632946815489321e+00,3.666666666666666519e+00
6.280000000000000249e+00,6.382038087946200200e+00,7.059056566943011646e+00,1.549027543391567896e+00,3.666666666666666519e+00
6.299999999999999822e+00,6.225342413918431461e+00,6.921172529964391806e+00,1.583157255766951321e+00,3.666666666666666519e+00
6.320000000000000284e+00,6.080991803907294546e+00,6.774441350507125925e+00,1.614759680633343075e+00,3.666666666666666519e+00
6.339999999999999858e+00,5.948790595967220263e+00,6.620461647576669328e+00,1.643603452747731897e+00,3.666666666666666519e+00
6.360000000000000320e+00,5.828490881548728630e+00,6.460762660199399043e+00,1.669491853782582469e+00,3.666666666666666519e+00
6.379999999999999893e+00,5.719806878249255711e+00,6.296787910699044311e+00,1.692265436013408175e+00,3.666666666666666519e+00
6.400000000000000355e+00,5.622427270116195253e+00,6.129883199099253055e+00,1.711803627917634518e+00,3.666666666666666519e+00
6.419999999999999929e+00,5.536025601115596828e+00,5.961288528464726788e+00,1.728025333336545621e+00,3.666666666666666519e+00
6.440000000000000391e+00,5.460268859011184084e+00,5.792133502664649214e+00,1.740888575720605624e+00,3.666666666666666519e+00
6.459999999999999964e+00,5.394824417395091665e+00,5.623435711869705145e+00,1.750389272249927686e+00,3.666666666666666519e+00
6.480000000000000426e+00,5.339365517601452282e+00,5.456101620207890690e+00,1.756559248120755923e+00,3.666666666666666519e+00
6.500000000000000000e+00,5.293575473965657530e+00,5.290929488092548816e+00,1.759463618543635643e+00,3.666666666666666519e+00
6.520000000000000462e+00,5.257150779030676624e+00,5.128613893266707358e+00,1.759197675168030495e+00,3.666666666666666519e+00
6.540000000000000036e+00,5.229803272852280749e+00,4.969751454911365052e+00,1.755883415402675674e+00,3.666666666666666519e+00
6.560000000000000497e+00,5.211261524872947248e+00,4.814847410428149566e+00,1.749665848482950592e+00,3.666666666666666519e+00
6.580000000000000071e+00,5.201271559687463686e+00,4.664322741712073395e+00,1.740709202412156431e+00,3.666666666666666519e+00
6.600000000000000533e+00,5.199597040678533233e+00,4.518521594573052802e+00,1.729193142427074559e+00,3.666666666666666519e+00
6.620000000000000107e+00,5.206019008817408533e+00,4.377718779757326040e+00,1.715309095737357126e+00,3.666666666666666519e+00
6.640000000000000568e+00,5.220335258444339210e+00,4.242127185594108063e+00,1.699256760177163761e+00,3.666666666666666519e+00
6.660000000000000142e+00,5.242359417869709937e+00,4.111904969910443519e+00,1.681240857127723309e+00,3.666666666666666519e+00
6.679999999999999716e+00,5.271919790300754194e+00,3.987162432125031408e+00,1.661468172459107384e+00,3.666666666666666519e+00
6.700000000000000178e+00,5.308857999914103232e+00,3.867968495226553394e+00,1.640144913924164394e+00,3.666666666666666519e+00
6.719999999999999751e+00,5.353027478797937277e+00,3.754356751744160725e+00,1.617474399839964327e+00,3.666666666666666519e+00
6.740000000000000213e+00,5.404291822870154860e+00,3.646331048054405333e+00,1.593655082253563116e+00,3.666666666666666519e+00
6.759999999999999787e+00,5.462523038608402715e+00,3.543870597765718333e+00,1.568878898198125871e+00,3.666666666666666519e+00
6.780000000000000249e+00,5.527599697363705822e+00,3.446934627863433853e+00,1.543329935070418601e+00,3.666666666666666519e+00
6.799999999999999822e+00,5.599405010033784436e+00,3.355466571197760484e+00,1.517183390480090877e+00,3.666666666666666519e+00
6.820000000000000284e+00,5.677824831815491358e+00,3.269397826169636811e+00,1.490604802953406249e+00,3.666666666666666519e+00
6.839999999999999858e+00,5.762745604520771003e+00,3.188651109516002613e+00,1.463749527402129269e+00,3.666666666666666519e+00
6.860000000000000320e+00,5.854052242423225749e+00,3.113143431290186669e+00,1.436762428060143426e+00,3.666666666666666519e+00
6.879999999999999893e+00,5.951625966712701832e+00,3.042788722813103419e+00,1.409777761414699127e+00,3.666666666666666519e+00
6.900000000000000355e+00,6.055342093296155248e+00,2.977500148835185545e+00,1.382919222296605799e+00,3.666666666666666519e+00
6.919999999999999929e+00,6.165067778829329548e+00,2.917192134654610580e+00,1.356300127544290524e+00,3.666666666666666519e+00
6.940000000000000391e+00,6.280659730440842026e+00,2.861782137700641382e+00,1.330023713344337777e+00,3.666666666666666519e+00
6.959999999999999964e+00,6.401961885572712063e+00,2.811192191289231701e+00,1.304183524325405408e+00,3.666666666666666519e+00
6.980000000000000426e+00,6.528803069671396564e+00,2.765350246032807657e+00,1.278863874618389573e+00,3.666666666666666519e+00
7.000000000000000000e+00,6.660994641089745372e+00,2.724191331846235187e+00,1.254140363292719940e+00,3.666666666666666519e+00
7.020000000000000462e+00,6.798328134477040763e+00,2.687658560716502443e+00,1.230080428758145938e+00,3.666666666666666519e+00
7.040000000000000036e+00,6.940572916119869262e+00,2.655703987449614445e+00,1.206743928824197010e+00,3.666666666666666519e+00
7.060000000000000497e+00,7.087473867133120997e+00,2.628289342508383086e+00,1.184183735093180978e+00,3.666666666666666519e+00
7.080000000000000071e+00,7.238749113072956654e+00,2.605386647825222113e+00,1.162446332198446397e+00,3.666666666666666519e+00
7.100000000000000533e+00,7.394087821439546460e+00,2.586978723116605927e+00,1.141572414070226360e+00,3.666666666666666519e+00
7.120000000000000107e+00,7.553148091645985218e+00,2.573059586731682113e+00,1.121597470907988114e+00,3.666666666666666519e+00
7.140000000000000568e+00,7.715554965341174132e+00,2.563634751420722502e+00,1.102552361858808228e+00,3.666666666666666519e+00
7.160000000000000142e+00,7.880898588478885358e+00,2.558721411590421990e+00,1.084463869548661252e+00,3.666666666666666519e+00
7.179999999999999716e+00,8.048732560211346865e+00,2.558348514604184665e+00,1.067355233593700881e+00,3.666666666666666519e+00
7.200000000000000178e+00,8.218572507538576488e+00,2.562556704473911484e+00,1.051246661039718644e+00,3.666666666666666519e+00
7.219999999999999751e+00,8.389894928642540606e+00,2.571398121874259424e+00,1.036155812349020655e+00,3.666666666666666519e+00
7.240000000000000213e+00,8.562136351945216717e+00,2.584936039807797847e+00,1.022098262084180975e+00,3.666666666666666519e+00
7.259999999999999787e+00,8.734692862101898214e+00,2.603244309502878107e+00,1.009087933836285256e+00,3.666666666666666519e+00
7.280000000000000249e+00,8.906920048301371295e+00,2.626406586313450031e+00,9.971375092191943068e-01,3.666666666666666519e+00
7.299999999999999822e+00,9.078133434284609393e+00,2.654515300635392094e+00,9.862588109076849685e-01,3.666666666666666519e+00
7.320000000000000284e+00,9.247609453259869383e+00,2.687670334338435829e+00,9.764631597412878339e-01,3.666666666666666519e+00
7.339999999999999858e+00,9.414587034172663849e+00,2.725977359187480076e+00,9.677617058510721293e-01,3.666666666666666519e+00
7.360000000000000320e+00,9.578269868299676304e+00,2.769545790525022255e+00,9.601657335960115391e-01,3.666666666666666519e+00
7.379999999999999893e+00,9.737829426505212993e+00,2.818486307533280666e+00,9.536869398203369208e-01,3.666666666666666519e+00
7.400000000000000355e+00,9.892408797257015607e+00,2.872907891216182730e+00,9.483376845642010888e-01,3.666666666666666519e+00
7.419999999999999929e+00,1.004112741306669498e+01,2.932914333465104662e+00,9.441312128777724633e-01,3.666666666666666519e+00
7.440000000000000391e+00,1.018308672771129153e+01,2.998600175919102107e+00,9.410818458050363988e-01,3.666666666666666519e+00
7.459999999999999964e+00,1.031737689761914467e+01,3.070046046593750244e+00,9.392051379214867435e-01,3.666666666666666519e+00
7.480000000000000426e+00,1.044308450730459903e+01,3.147313376259340156e+00,9.385179980361189056e-01,3.666666666666666519e+00
7.500000000000000000e+00,1.055930135982433349e+01,3.230438496097518097e+00,9.390387688141592637e-01,3.666666666666666519e+00
7.520000000000000462e+00,1.066513432806124051e+01,3.319426143938121854e+00,9.407872601610490770e-01,3.666666666666666519e+00
7.540000000000000036e+00,1.075971623052554449e+01,3.414242438825799919e+00,9.437847302575632646e-01,3.666666666666666519e+00
7.560000000000000497e+00,1.084221765588231001e+01,3.514807422865438902e+00,9.480538071890710627e-01,3.666666666666666519e+00
7.580000000000000071e+00,1.091185961359302503e+01,3.620987314785103273e+00,9.536183432208092947e-01,3.666666666666666519e+00
7.600000000000000533e+00,1.096792683453323747e+01,3.732586670264995909e+00,9.605031930030965004e-01,3.666666666666666519e+00
7.620000000000000107e+00,1.100978148664429845e+01,3.849340697774218167e+00,9.687339064299089753e-01,3.666666666666666519e+00
7.640000000000000568e+00,1.103687700896002255e+01,3.970908032415528144e+00,9.783363266224550658e-01,3.666666666666666519e+00
7.660000000000000142e+00,1.104877170611300841e+01,4.096864320065932930e+00,9.893360836832818528e-01,3.666666666666666519e+00
7.679999999999999716e+00,1.104514168908773541e+01,4.226697004947520320e+00,1.001757975595122696e+00,3.666666666666666519e+00
7.700000000000000178e+00,1.102579270184409665e+01,4.359801740003630854e+00,1.015625229057087742e+00,3.666666666666666519e+00
7.719999999999999751e+00,1.099067034334862569e+01,4.495480845152719063e+00,1.030958635290271541e+00,3.666666666666666519e+00
7.740000000000000213e+00,1.093986818645842796e+01,4.632944218041900264e+00,1.047775559020348801e+00,3.666666666666666519e+00
7.759999999999999787e+00,1.087363331435729030e+01,4.771313050813205336e+00,1.066088823038820133e+00,3.666666666666666519e+00
7.780000000000000249e+00,1.079236884583869305e+01,4.909626622051776579e+00,1.085905475988957702e+00,3.666666666666666519e+00
7.799999999999999822e+00,1.069663310450427218e+01,5.046852315675631750e+00,1.107225457278465663e+00,3.666666666666666519e+00
7.820000000000000284e+00,1.058713520288149113e+01,5.181898871600636447e+00,1.130040180160604590e+00,3.666666666666666519e+00
7.839999999999999858e+00,1.046472695623175575e+01,5.313632703806230317e+00,1.154331061816965098e+00,3.666666666666666519e+00
7.860000000000000320e+00,1.033039120469558370e+01,5.440896940697156126e+00,1.180068037373421364e+00,3.666666666666666519e+00
7.879999999999999893e+00,1.018522679566867062e+01,5.562532663988168480e+00,1.207208102729657506e+00,3.666666666666666519e+00
7.900000000000000355e+00,1.003043064804749740e+01,5.677401660909799475e+00,1.235693938327682595e+00,3.666666666666666519e+00
7.919999999999999929e+00,9.867277472507268499e+00,5.784409875468397466e+00,1.265452671901299286e+00,3.666666666666666519e+00
7.940000000000000391e+00,9.697097844274386702e+00,5.882530661021860396e+00,1.296394842183649532e+00,3.666666666666666519e+00
7.959999999999999964e+00,9.521255406229801821e+00,5.970826908130558941e+00,1.328413626877017473e+00,3.666666666666666519e+00
7.980000000000000426e+00,9.341124013595791808e+00,6.048471153065471562e+00,1.361384396370529215e+00,3.666666666666666519e+00
8.000000000000000000e+00,9.158065614455422221e+00,6.114762862300537449e+00,1.395164649344476038e+00,3.666666666666666519e+00
8.019999999999999574e+00,8.973409595325088972e+00,6.169142229871095395e+00,1.429594377357294555e+00,3.666666666666666519e+00
8.040000000000000924e+00,8.788434214814852652e+00,6.211200005849540240e+00,1.464496892868105471e+00,3.666666666666666519e+00
8.060000000000000497e+00,8.604350611442605157e+00,6.240683080164235896e+00,1.499680139289027991e+00,3.666666666666666519e+00
8.080000000000000071e+00,8.422289716414628202e+00,6.257495759804217350e+00,1.534938483261557129e+00,3.666666666666666519e+00
8.099999999999999645e+00,8.243292241719666791e+00,6.261696882730735325e+00,1.570054969344025109e+00,3.666666666666666519e+00
8.120000000000000995e+00,8.068301760382317056e+00,6.253493094285960119e+00,1.604803996816629663e+00,3.666666666666666519e+00
8.140000000000000568e+00,7.898160759280386856e+00,6.233228760663931389e+00,1.638954358606490302e+00,3.666666666666666519e+00
8.160000000000000142e+00,7.733609432801306305e+00,6.201373102296076745e+00,1.672272564671437589e+00,3.666666666666666519e+00
8.179999999999999716e+00,7.575286901900377678e+00,6.158505195220738138e+00,1.704526357727177865e+00,3.666666666666666519e+00
8.199999999999999289e+00,7.423734488910953999e+00,6.105297511894240969e+00,1.735488318930128449e+00,3.666666666666666519e+00
8.220000000000000639e+00,7.279400652251985626e+00,6.042498658775498299e+00,1.764939455726238560e+00,3.666666666666666519e+00
8.240000000000000213e+00,7.142647183564955427e+00,5.970915922824708844e+00,1.792672663890367168e+00,3.666666666666666519e+00
8.259999999999999787e+00,7.013756288168524478e+00,5.891398170404195334e+00,1.818495960788153898e+00,3.666666666666666519e+00
8.279999999999999361e+00,6.892938202903440725e+00,5.804819557834517418e+00,1.842235396709863249e+00,3.666666666666666519e+00
8.300000000000000711e+00,6.780339048364400156e+00,5.712064420485362781e+00,1.863737565053152689e+00,3.666666666666666519e+00
8.320000000000000284e+00,6.676048660569102289e+00,5.614013613277727188e+00,1.882871649221424137e+00,3.666666666666666519e+00
8.339999999999999858e+00,6.580108196430270340e+00,5.511532485126317660e+00,1.899530963249593141e+00,3.666666666666666519e+00
8.359999999999999432e+00,6.492517354971544030e+00,5.405460587110987980e+00,1.913633963200217947e+00,3.666666666666666519e+00
8.380000000000000782e+00,6.413241099932453615e+00,5.296603141685860550e+00,1.925124726151700827e+00,3.666666666666666519e+00
8.400000000000000355e+00,6.342215807908272218e+00,5.185724239498194166e+00,1.933972912101974639e+00,3.666666666666666519e+00
8.419999999999999929e+00,6.279354798809099414e+00,5.073541681897440370e+00,1.940173240488467066e+00,3.666666666666666519e+00
8.439999999999999503e+00,6.224553232071172282e+00,4.960723350697350043e+00,1.943744526649858972e+00,3.666666666666666519e+00
8.460000000000000853e+00,6.177692372970557066e+00,4.847884961374743007e+00,1.944728334035863204e+00,3.666666666666666519e+00
8.480000000000000426e+00,6.138643249088706177e+00,4.735589040436972930e+00,1.943187305149868038e+00,3.666666666666666519e+00
8.500000000000000000e+00,6.107269728120287233e+00,4.624344960742870825e+00,1.939203238139228791e+00,3.666666666666666519e+00
8.519999999999999574e+00,6.083431055515167607e+00,4.514609868614529731e+00,1.932874976859242810e+00,3.666666666666666519e+00
8.540000000000000924e+00,6.066983894624325302e+00,4.406790342144683237e+00,1.924316180493268913e+00,3.666666666666666519e+00
8.560000000000000497e+00,6.057783913744296811e+00,4.301244629793373520e+00,1.913653034865445690e+00,3.666666666666666519e+00
8.580000000000000071e+00,6.055686964326425503e+00,4.198285330924160341e+00,1.901021961931268489e+00,3.666666666666666519e+00
8.599999999999999645e+00,6.060549893152788137e+00,4.098182394266896900e+00,1.886567377078431251e+00,3.666666666666666519e+00
8.620000000000000995e+00,6.072231028911754258e+00,4.001166325501092302e+00,1.870439536294067118e+00,3.666666666666666519e+00
8.640000000000000568e+00,6.090590380682401772e+00,3.907431510497261229e+00,1.852792507384427578e+00,3.666666666666666519e+00
8.660000000000000142e+00,6.115489582633717447e+00,3.817139575665659645e+00,1.833782291634865835e+00,3.666666666666666519e+00
8.679999999999999716e+00,6.146791615972056810e+00,3.730422720924813529e+00,1.813565114865808514e+00,3.666666666666666519e+00
8.700000000000001066e+00,6.184360335984281143e+00,3.647386973729775494e+00,1.792295899995223651e+00,3.666666666666666519e+00
8.720000000000000639e+00,6.228059829034975792e+00,3.568115324216032391e+00,1.770126927111339343e+00,3.666666666666666519e+00
8.740000000000000213e+00,6.277753621658813898e+00,3.492670711733398381e+00,1.747206681779786441e+00,3.666666666666666519e+00
8.759999999999999787e+00,6.333303761490145511e+00,3.421098841849644412e+00,1.723678887892154510e+00,3.666666666666666519e+00
8.779999999999999361e+00,6.394569787716560150e+00,3.353430820333729301e+00,1.699681717799903291e+00,3.666666666666666519e+00
8.800000000000000711e+00,6.461407607041018686e+00,3.289685596758663788e+00,1.675347169727070318e+00,3.666666666666666519e+00
8.820000000000000284e+00,6.533668289786382033e+00,3.229872215294403492e+00,1.650800600451868494e+00,3.666666666666666519e+00
8.839999999999999858e+00,6.611196799766938526e+00,3.173991874105972499e+00,1.626160399910363763e+00,3.666666666666666519e+00
8.859999999999999432e+00,6.693830670868942789e+00,3.122039797651203763e+00,1.601537793616103045e+00,3.666666666666666519e+00
8.880000000000000782e+00,6.781398642907769059e+00,3.074006928205382572e+00,1.577036758516655590e+00,3.666666666666666519e+00
8.900000000000000355e+00,6.873719269242786645e+00,3.029881444240766886e+00,1.552754038032432282e+00,3.666666666666666519e+00
8.919999999999999929e+00,6.970599508811217149e+00,2.989650113963141287e+00,1.528779242461131505e+00,3.666666666666666519e+00
8.939999999999999503e+00,7.071833315667248598e+00,2.953299492450825792e+00,1.505195021606398731e+00,3.666666666666666519e+00
8.960000000000000853e+00,7.177200239760880507e+00,2.920816970538450796e+00,1.482077297334157828e+00,3.666666666666666519e+00
8.980000000000000426e+00,7.286464053540466779e+00,2.892191682911822159e+00,1.459495544716129301e+00,3.666666666666666519e+00
9.000000000000000000e+00,7.399371419992021970e+00,2.867415281894449830e+00,1.437513111437982882e+00,3.666666666666666519e+00
9.019999999999999574e+00,7.515650618914803793e+00,2.846482582164546304e+00,1.416187566188777280e+00,3.666666666666666519e+00
9.040000000000000924e+00,7.635010349553809306e+00,2.829392080189398140e+00,1.395571067776235186e+00,3.666666666666666519e+00
9.060000000000000497e+00,7.757138629141521413e+00,2.816146350541842924e+00,1.375710747703547732e+00,3.666666666666666519e+00
9.080000000000000071e+00,7.881701808417589383e+00,2.806752319506948368e+00,1.356649099878583842e+00,3.666666666666666519e+00
9.099999999999999645e+00,8.008343726767337856e+00,2.801221414529975640e+00,1.338424371991683737e+00,3.666666666666666519e+00
9.120000000000000995e+00,8.136685031215199260e+00,2.799569586134163401e+00,1.321070953884112331e+00,3.666666666666666519e+00
9.140000000000000568e+00,8.266322685089166455e+00,2.801817196987034020e+00,1.304619758929755680e+00,3.666666666666666519e+00
9.160000000000000142e+00,8.396829693691771013e+00,2.807988770861315153e+00,1.289098595064624986e+00,3.666666666666666519e+00
9.179999999999999716e+00,8.527755075717443844e+00,2.818112592374940384e+00,1.274532522621186992e+00,3.666666666666666519e+00
9.200000000000001066e+00,8.658624110379529171e+00,2.832220146669957028e+00,1.260944196558146269e+00,3.666666666666666519e+00
9.220000000000000639e+00,8.788938891172946910e+00,2.850345386683716065e+00,1.248354191022918558e+00,3.666666666666666519e+00
9.240000000000000213e+00,8.918179217804246051e+00,2.872523814476680482e+00,1.236781304446432639e+00,3.666666666666666519e+00
9.259999999999999787e+00,9.045803857954506810e+00,2.898791362328903887e+00,1.226242843551509587e+00,3.666666666666666519e+00
9.279999999999999361e+00,9.171252210065782506e+00,2.929183059142701939e+00,1.216754884760918420e+00,3.666666666666666519e+00
9.300000000000000711e+00,9.293946397100080858e+00,2.963731468255039747e+00,1.208332511523854791e+00,3.666666666666666519e+00
9.320000000000000284e+00,9.413293819030180032e+00,3.002464884252476374e+00,1.200990026045259951e+00,3.666666666666666519e+00
9.339999999999999858e+00,9.528690188482523027e+00,3.045405278992928455e+00,1.194741133807151634e+00,3.666666666666666519e+00
9.359999999999999432e+00,9.639523069246992648e+00,3.092565990979371016e+00,1.189599099122160109e+00,3.666666666666666519e+00
9.380000000000000782e+00,9.745175931071941022e+00,3.143949157705621111e+00,1.185576869765407437e+00,3.666666666666666519e+00
9.400000000000000355e+00,9.845032726056116346e+00,3.199542897789852791e+00,1.182687168502352559e+00,3.666666666666666519e+00
9.419999999999999929e+00,9.938482981835306873e+00,3.259318258774627441e+00,1.180942549080258530e+00,3.666666666666666519e+00
9.439999999999999503e+00,1.002492739448987003e+01,3.323225957485067994e+00,1.180355413995523906e+00,3.666666666666666519e+00
9.460000000000000853e+00,1.010378388959326657e+01,3.391192952786018733e+00,1.180937991107712248e+00,3.666666666666666519e+00
9.480000000000000426e+00,1.017449410311238189e+01,3.463118905322029040e+00,1.182702265967111810e+00,3.666666666666666519e+00
9.500000000000000000e+00,1.023653021513274908e+01,3.538872595054221026e+00,1.185659866583705480e+00,3.666666666666666519e+00
9.519999999999999574e+00,1.028940204897087440e+01,3.618288384622712517e+00,1.189821897323509736e+00,3.666666666666666519e+00
9.540000000000000924e+00,1.033266432672001756e+01,3.701162834037858396e+00,1.195198718709437946e+00,3.666666666666666519e+00
9.560000000000000497e+00,1.036592395045986592e+01,3.787251588979855477e+00,1.201799670167654543e+00,3.666666666666666519e+00
9.580000000000000071e+00,1.038884715729459352e+01,3.876266679878866750e+00,1.209632733238498181e+00,3.666666666666666519e+00
9.599999999999999645e+00,1.040116637734982064e+01,3.967874380577014914e+00,1.218704133505367659e+00,3.666666666666666519e+00
9.620000000000000995e+00,1.040268660832951575e+01,4.061693782228810612e+00,1.229017880524988060e+00,3.666666666666666519e+00
9.640000000000000568e+00,1.039329110979860893e+01,4.157296238634336838e+00,1.240575246401785625e+00,3.666666666666666519e+00
9.660000000000000142e+00,1.037294621661539473e+01,4.254205831974410934e+00,1.253374185361186166e+00,3.666666666666666519e+00
9.679999999999999716e+00,1.034170507536022399e+01,4.351900991740381031e+00,1.267408698750054574e+00,3.666666666666666519e+00
9.700000000000001066e+00,1.029971012137449016e+01,4.449817373765487361e+00,1.282668152315714849e+00,3.666666666666666519e+00
9.720000000000000639e+00,1.024719413785762612e+01,4.547352070514963707e+00,1.299136555351362965e+00,3.666666666666666519e+00
9.740000000000000213e+00,1.018447977247295277e+01,4.643869178772732198e+00,1.316791814278962747e+00,3.666666666666666519e+00
9.759999999999999787e+00,1.011197743044497876e+01,4.738706698013377405e+00,1.335604976371857378e+00,3.666666666666666519e+00
9.779999999999999361e+00,1.003018151473946418e+01,4.831184674374542354e+00,1.355539482465281331e+00,3.666666666666666519e+00
9.800000000000000711e+00,9.939665041349417862e+00,4.920614444345094540e+00,1.376550450498165823e+00,3.666666666666666519e+00
9.820000000000000284e+00,9.841072718009623799e+00,5.006308772773246041e+00,1.398584014380755303e+00,3.666666666666666519e+00
9.839999999999999858e+00,9.735112634362877770e+00,5.087592625635530830e+00,1.421576744776945400e+00,3.666666666666666519e+00
9.859999999999999432e+00,9.622546766996661560e+00,5.163814273247223419e+00,1.445455179708060589e+00,3.666666666666666519e+00
9.880000000000000782e+00,9.504180550237339986e+00,5.234356387900365171e+00,1.470135493214446809e+00,3.666666666666666519e+00
9.900000000000000355e+00,9.380851799933434876e+00,5.298646784176292535e+00,1.495523329467357332e+00,3.666666666666666519e+00
9.919999999999999929e+00,9.253419300223535870e+00,5.356168452186675921e+00,1.521513827566015609e+00,3.666666666666666519e+00
9.939999999999999503e+00,9.122751370998550158e+00,5.406468554222793266e+00,1.547991858706873058e+00,3.666666666666666519e+00
9.960000000000000853e+00,8.989714726095197506e+00,5.449166092805304729e+00,1.574832492476762269e+00,3.666666666666666519e+00
9.980000000000000426e+00,8.855163910016678130e+00,5.483958010657508986e+00,1.601901702792076554e+00,3.666666666666666519e+00
1.000000000000000000e+01,8.719931566041060123e+00,5.510623547278459711e+00,1.629057316670468047e+00,3.666666666666666519e+00
0.000000000000000000e+00,5.000000000000000000e-01,5.000000000000000000e-01,5.000000000000000000e-01,4.111111111111110716e+00
2.000000000000000042e-02,5.370683330679012490e-01,4.616315666913580196e-01,4.637436822716049512e-01,4.111111111111110716e+00
4.000000000000000083e-02,5.772528110358385867e-01,4.264603616417377285e-01,4.300252283408716458e-01,4.111111111111110716e+00
5.999999999999999778e-02,6.208016211691095299e-01,3.942095598744694840e-01,3.986911622006622524e-01,4.111111111111110716e+00
8.000000000000000167e-02,6.679820385917123460e-01,3.646280545999351363e-01,3.695933510913140263e-01,4.111111111111110716e+00
1.000000000000000056e-01,7.190816263011985399e-01,3.374878735323194046e-01,3.425895613582755628e-01,4.111111111111110716e+00
1.199999999999999956e-01,7.744094761019303386e-01,3.125818798895629302e-01,3.175438320998245634e-01,4.111111111111110716e+00
1.400000000000000133e-01,8.342974834860404920e-01,2.897217247480786684e-01,2.943266998755865727e-01,4.111111111111110716e+00
1.600000000000000033e-01,8.991016475464633784e-01,2.687360214431871452e-01,2.728153027336648329e-01,4.111111111111110716e+00
1.799999999999999933e-01,9.692033847268101132e-01,2.494687162694028681e-01,2.528933874474494914e-01,4.111111111111110716e+00
2.000000000000000111e-01,1.045010842565081699e+00,2.317776328833308919e-01,2.344512400701903587e-01,4.111111111111110716e+00
2.200000000000000011e-01,1.126960196539067427e+00,2.155331705875605242e-01,2.173855566540460749e-01,4.111111111111110716e+00
2.399999999999999911e-01,1.215516909639480669e+00,2.006171391166362283e-01,2.015992681809108678e-01,4.111111111111110716e+00
2.600000000000000089e-01,1.311176930355114845e+00,1.869217146936866525e-01,1.870013313590468129e-01,4.111111111111110716e+00
2.800000000000000266e-01,1.414467800331840719e+00,1.743485040135838438e-01,1.735064949011494717e-01,4.111111111111110716e+00
2.999999999999999889e-01,1.525949638053285540e+00,1.628077044676390639e-01,1.610350491695241582e-01,4.111111111111110716e+00
3.200000000000000067e-01,1.646215959488725789e+00,1.522173503849605369e-01,1.495125656109820289e-01,4.111111111111110716e+00
3.400000000000000244e-01,1.775894290785194674e+00,1.425026363530717266e-01,1.388696311709866071e-01,4.111111111111110716e+00
3.599999999999999867e-01,1.915646521792979673e+00,1.335953098190325039e-01,1.290415818409878790e-01,4.111111111111110716e+00
3.800000000000000044e-01,2.066168942585074664e+00,1.254331261836626188e-01,1.199682386263105360e-01,4.111111111111110716e+00
4.000000000000000222e-01,2.228191898279522132e+00,1.179593605051069555e-01,1.115936484996150613e-01,4.111111111111110716e+00
4.199999999999999845e-01,2.402478990564392625e+00,1.111223707418390327e-01,1.038658323053176513e-01,4.111111111111110716e+00
4.400000000000000022e-01,2.589825747580411619e+00,1.048752082059187796e-01,9.673654108485119085e-02,4.111111111111110716e+00
4.600000000000000200e-01,2.791057677523413716e+00,9.917527158063842163e-02,9.016102188527042038e-02,4.111111111111110716e+00
4.799999999999999822e-01,3.007027615849086288e+00,9.398400149782723534e-02,8.409779378071041700e-02,4.111111111111110716e+00
5.000000000000000000e-01,3.238612271737498993e+00,8.926661328419464858e-02,7.850843456583582458e-02,4.111111111111110716e+00
5.200000000000000178e-01,3.486707877030729374e+00,8.499186608874609306e-02,7.335737836262394562e-02,4.111111111111110716e+00
5.400000000000000355e-01,3.752224840803616512e+00,8.113186721107649990e-02,6.861172420805264349e-02,4.111111111111110716e+00
5.600000000000000533e-01,4.036081315752962695e+00,7.766191108146901223e-02,6.424105555324294281e-02,4.111111111111110716e+00
5.799999999999999600e-01,4.339195589444851286e+00,7.456035301892111056e-02,6.021727049817302696e-02,4.111111111111110716e+00
5.999999999999999778e-01,4.662477224931003583e+00,7.180851863669003576e-02,5.651442250502281689e-02,4.111111111111110716e+00
6.199999999999999956e-01,5.006816892120284912e+00,6.939065060563352760e-02,5.310857127313059478e-02,4.111111111111110716e+00
6.400000000000000133e-01,5.373074854303265369e+00,6.729389545877498269e-02,4.997764341574896518e-02,4.111111111111110716e+00
6.600000000000000311e-01,5.762068103985027001e+00,6.550833426972715867e-02,4.710130255017910134e-02,4.111111111111110716e+00
6.800000000000000488e-01,6.174556179082488327e+00,6.402706241736173809e-02,4.446082839585554364e-02,4.111111111111110716e+00
7.000000000000000666e-01,6.611225734673614518e+00,6.284632532814839190e-02,4.203900446740470309e-02,4.111111111111110716e+00
7.199999999999999734e-01,7.072673996507304217e+00,6.196571915319016438e-02,3.982001394984333031e-02,4.111111111111110716e+00
7.399999999999999911e-01,7.559391279510332851e+00,6.138846790056755320e-02,3.778934334948232110e-02,4.111111111111110716e+00
7.600000000000000089e-01,8.071742816018447897e+00,6.112179174797904152e-02,3.593369352560626256e-02,4.111111111111110716e+00
7.800000000000000266e-01,8.609950202113719087e+00,6.117738528947046228e-02,3.424089772371761986e-02,4.111111111111110716e+00
8.000000000000000444e-01,9.174072833151582174e+00,6.157202956003893918e-02,3.269984625040531223e-02,4.111111111111110716e+00
8.200000000000000622e-01,9.763989757358389809e+00,6.232836813894269273e-02,3.130041745228175770e-02,4.111111111111110716e+00
8.399999999999999689e-01,1.037938242454675830e+01,6.347588585238764236e-02,3.003341468670740755e-02,4.111111111111110716e+00
8.599999999999999867e-01,1.101971884016512249e+01,6.505213909146460860e-02,2.889050900019293419e-02,4.111111111111110716e+00
8.800000000000000044e-01,1.168423964729136166e+01,6.710430019602145468e-02,2.786418726169137203e-02,4.111111111111110716e+00
9.000000000000000222e-01,1.237194664492251661e+01,6.969109559036397450e-02,2.694770553301460009e-02,4.111111111111110716e+00
9.200000000000000400e-01,1.308159420441644905e+01,7.288523950703726384e-02,2.613504749823707812e-02,4.111111111111110716e+00
9.400000000000000577e-01,1.381168396233180751e+01,7.677649364197423887e-02,2.542088781954864735e-02,4.111111111111110716e+00
9.599999999999999645e-01,1.456046304344049247e+01,8.147551980754724754e-02,2.480056034054824166e-02,4.111111111111110716e+00
9.799999999999999822e-01,1.532592590006724720e+01,8.711873997937676084e-02,2.427003112219041844e-02,4.111111111111110716e+00
1.000000000000000000e+00,1.610581964252073561e+01,9.387447912303234498e-02,2.382587637534400518e-02,4.111111111111110716e+00
1.020000000000000018e+00,1.689765248124324160e+01,1.019507447132309980e-01,2.346526545250676027e-02,4.111111111111110716e+00
1.040000000000000036e+00,1.769870460681997315e+01,1.116050977837486358e-01,2.318594918697185203e-02,4.111111111111110716e+00
1.060000000000000053e+00,1.850604050237927822e+01,1.231571996800871205e-01,2.298625403077393659e-02,4.111111111111110716e+00
1.080000000000000071e+00,1.931652131745306988e+01,1.370047836893334703e-01,2.286508265700488984e-02,4.111111111111110716e+00
1.100000000000000089e+00,2.012681553547098900e+01,1.536440098710353808e-01,2.282192197682683318e-02,4.111111111111110716e+00
1.120000000000000107e+00,2.093340573950005634e+01,1.736954240785206771e-01,2.285685990326279116e-02,4.111111111111110716e+00
1.140000000000000124e+00,2.173258882139905168e+01,1.979370677057611383e-01,2.297061270917639605e-02,4.111111111111110716e+00
1.159999999999999920e+00,2.252046648572957110e+01,2.273466805422982573e-01,2.316456552603175442e-02,4.111111111111110716e+00
1.179999999999999938e+00,2.329292237034143298e+01,2.631554069803229701e-01,2.344082948193653218e-02,4.111111111111110716e+00
1.199999999999999956e+00,2.404558154638400325e+01,3.069159448112135924e-01,2.380232027601335634e-02,4.111111111111110716e+00
1.219999999999999973e+00,2.477374759546467686e+01,3.605886304516009999e-01,2.425286475833365180e-02,4.111111111111110716e+00
1.239999999999999991e+00,2.547231195178292751e+01,4.266494541763087289e-01,2.479734450040091756e-02,4.111111111111110716e+00
1.260000000000000009e+00,2.613562987195240694e+01,5.082242853128720039e-01,2.544188862417367039e-02,4.111111111111110716e+00
1.280000000000000027e+00,2.675735750278986558e+01,6.092533721297683780e-01,2.619413259550579243e-02,4.111111111111110716e+00
1.300000000000000044e+00,2.733024549803970160e+01,7.346889694604332721e-01,2.706356563761710965e-02,4.111111111111110716e+00
1.320000000000000062e+00,2.784588722549446516e+01,8.907259314347727441e-01,2.806199730029406911e-02,4.111111111111110716e+00
1.340000000000000080e+00,2.829442496830508702e+01,1.085059038424381672e+00,2.920418397422297821e-02,4.111111111111110716e+00
1.360000000000000098e+00,2.866422737165942536e+01,1.327149901326822423e+00,3.050866914137229102e-02,4.111111111111110716e+00
1.380000000000000115e+00,2.894156802031923092e+01,1.628468138063181136e+00,3.199890700930207305e-02,4.111111111111110716e+00
1.400000000000000133e+00,2.911036109923049153e+01,2.002643553566979318e+00,3.370475735812972218e-02,4.111111111111110716e+00
1.419999999999999929e+00,2.915204767770429939e+01,2.465426534447750395e+00,3.566445811814353273e-02,4.111111111111110716e+00
1.439999999999999947e+00,2.904577465854621821e+01,3.034304372120988802e+00,3.792719727447894235e-02,4.111111111111110716e+00
1.459999999999999964e+00,2.876906050201819909e+01,3.727571179272390900e+00,4.055640930481468204e-02,4.111111111111110716e+00
1.479999999999999982e+00,2.829917738850912912e+01,4.562622242700896003e+00,4.363390024036710446e-02,4.111111111111110716e+00
1.500000000000000000e+00,2.761545985340958254e+01,5.553284021576065044e+00,4.726483979876442559e-02,4.111111111111110716e+00
1.520000000000000018e+00,2.670261892238898938e+01,6.706159882214368650e+00,5.158352360825051858e-02,4.111111111111110716e+00
1.540000000000000036e+00,2.555484523795241358e+01,8.016322077507354038e+00,5.675957883118271097e-02,4.111111111111110716e+00
1.560000000000000053e+00,2.418002640164638706e+01,9.463196324511679691e+00,6.300395334078162657e-02,4.111111111111110716e+00
1.580000000000000071e+00,2.260291230632096315e+01,1.100800067833332285e+01,7.057362115753534892e-02,4.111111111111110716e+00
1.600000000000000089e+00,2.086582663481548749e+01,1.259427380060061097e+01,7.977354489334377574e-02,4.111111111111110716e+00
1.620000000000000107e+00,1.902588048887785277e+01,1.415248741603991789e+01,9.095421003571173280e-02,4.111111111111110716e+00
1.640000000000000124e+00,1.714869920544585824e+01,1.560841730457864784e+01,1.045031521731043245e-01,4.111111111111110716e+00
1.660000000000000142e+00,1.530003956865895454e+01,1.689336348580118141e+01,1.208294328797936690e-01,4.111111111111110716e+00
1.679999999999999938e+00,1.353758951963196111e+01,1.795338159094553276e+01,1.403409368332040885e-01,4.111111111111110716e+00
1.699999999999999956e+00,1.190511891722598037e+01,1.875505196816715170e+01,1.634154806685656491e-01,4.111111111111110716e+00
1.719999999999999973e+00,1.043008203596808059e+01,1.928675735021878523e+01,1.903678140098093718e-01,4.111111111111110716e+00
1.739999999999999991e+00,9.124447932453817245e+00,1.955607209984486872e+01,2.214154653829796537e-01,4.111111111111110716e+00
1.760000000000000009e+00,7.987651797652998376e+00,1.958485425261880053e+01,2.566469121963851907e-01,4.111111111111110716e+00
1.780000000000000027e+00,7.010365599909033740e+00,1.940373860986493426e+01,2.959956482279882395e-01,4.111111111111110716e+00
1.800000000000000044e+00,6.178088217143173466e+00,1.904724771066301159e+01,3.392233370551132610e-01,4.111111111111110716e+00
1.820000000000000062e+00,5.474020062112266771e+00,1.855010255402921970e+01,3.859143946545969261e-01,4.111111111111110716e+00
1.840000000000000080e+00,4.881077494488256896e+00,1.794481487154694221e+01,4.354831449857494707e-01,4.111111111111110716e+00
1.860000000000000098e+00,4.383134982251271516e+00,1.726036412845963142e+01,4.871933194565152281e-01,4.111111111111110716e+00
1.880000000000000115e+00,3.965676400406067614e+00,1.652166724027809153e+01,5.401883391181713234e-01,4.111111111111110716e+00
1.900000000000000133e+00,3.616043517411766661e+00,1.574956242724582367e+01,5.935297259026465211e-01,4.111111111111110716e+00
1.919999999999999929e+00,3.323436764732954352e+00,1.496108762811434900e+01,6.462402795796142740e-01,4.111111111111110716e+00
1.939999999999999947e+00,3.078780573473010485e+00,1.416990025741486470e+01,6.973483971927025848e-01,4.111111111111110716e+00
1.959999999999999964e+00,2.874527249867087519e+00,1.338674137346149529e+01,7.459300898364066290e-01,4.111111111111110716e+00
1.979999999999999982e+00,2.704444233133970421e+00,1.261988868096255345e+01,7.911457911483315009e-01,4.111111111111110716e+00
2.000000000000000000e+00,2.563409544088999237e+00,1.187557036382245812e+01,8.322698345789575347e-01,4.111111111111110716e+00
2.020000000000000018e+00,2.447227447215609697e+00,1.115832869191496002e+01,8.687113689612654399e-01,4.111111111111110716e+00
2.040000000000000036e+00,2.352468719075444969e+00,1.047133192967586801e+01,9.000263594825221869e-01,4.111111111111110716e+00
2.060000000000000053e+00,2.276335685899738781e+00,9.816637936418420196e+00,9.259210853473089919e-01,4.111111111111110716e+00
2.080000000000000071e+00,2.216550076235344946e+00,9.195414886363701967e+00,9.462481329373212402e-01,4.111111111111110716e+00
2.100000000000000089e+00,2.171260861136516951e+00,8.608125009430590779e+00,9.609962671976151061e-01,4.111111111111110716e+00
2.120000000000000107e+00,2.138969069798008604e+00,8.054676944634937996e+00,9.702757487147469773e-01,4.111111111111110716e+00
2.140000000000000124e+00,2.118466734945174235e+00,7.534551663328561411e+00,9.743006765977261230e-01,4.111111111111110716e+00
2.160000000000000142e+00,2.108787443115840876e+00,7.046906206666411876e+00,9.733698179027029385e-01,4.111111111111110716e+00
2.180000000000000160e+00,2.109166331418935947e+00,6.590658810437195925e+00,9.678471771710428495e-01,4.111111111111110716e+00
2.200000000000000178e+00,2.119007728314905581e+00,6.164558407773657933e+00,9.581433062565294367e-01,4.111111111111110716e+00
2.220000000000000195e+00,2.137858955701249286e+00,5.767241014992059434e+00,9.446980896522975124e-01,4.111111111111110716e+00
2.240000000000000213e+00,2.165389084165743938e+00,5.397275108882228167e+00,9.279654897480458242e-01,4.111111111111110716e+00
2.260000000000000231e+00,2.201371662495335890e+00,5.053197779974729187e+00,9.084005165703950002e-01,4.111111111111110716e+00
2.280000000000000249e+00,2.245670630328633344e+00,4.733543180148197749e+00,8.864485063215387095e-01,4.111111111111110716e+00
2.300000000000000266e+00,2.298228774714732303e+00,4.436864561165211107e+00,8.625366548715280857e-01,4.111111111111110716e+00
2.319999999999999840e+00,2.359058213025924111e+00,4.161751013075655869e+00,8.370676542591173330e-01,4.111111111111110716e+00
2.339999999999999858e+00,2.428232481493483252e+00,3.906839850432120453e+00,8.104152174416712207e-01,4.111111111111110716e+00
2.359999999999999876e+00,2.505879885252849881e+00,3.670825454700662238e+00,7.829212428737373219e-01,4.111111111111110716e+00
2.379999999999999893e+00,2.592177826130062979e+00,3.452465259539220011e+00,7.548943595293954312e-01,4.111111111111110716e+00
2.399999999999999911e+00,2.687347871724325543e+00,3.250583459275114606e+00,7.266095986225633574e-01,4.111111111111110716e+00
2.419999999999999929e+00,2.791651366291031167e+00,3.064072928153365183e+00,6.983089551917882609e-01,4.111111111111110716e+00
2.439999999999999947e+00,2.905385412649980736e+00,2.891895757362606290e+00,6.702026265109700676e-01,4.111111111111110716e+00
2.459999999999999964e+00,3.028879076567454476e+00,2.733082747308130500e+00,6.424707415372902242e-01,4.111111111111110716e+00
2.479999999999999982e+00,3.162489682191487184e+00,2.586732133038902148e+00,6.152654237758320432e-01,4.111111111111110716e+00
2.500000000000000000e+00,3.306599080301254379e+00,2.452007770156309441e+00,5.887130572589767130e-01,4.111111111111110716e+00
2.520000000000000018e+00,3.461609781307447342e+00,2.328136965989391349e+00,5.629166506668723535e-01,4.111111111111110716e+00
2.540000000000000036e+00,3.627940852900685353e+00,2.214408105409770844e+00,5.379582172999790579e-01,4.111111111111110716e+00
2.560000000000000053e+00,3.806023488662792165e+00,2.110168191525959802e+00,5.139011083646423117e-01,4.111111111111110716e+00
2.580000000000000071e+00,3.996296159416504956e+00,2.014820397848215094e+00,4.907922538118787426e-01,4.111111111111110716e+00
2.600000000000000089e+00,4.199199264111045160e+00,1.927821709628304347e+00,4.686642789115669228e-01,4.111111111111110716e+00
2.620000000000000107e+00,4.415169202088795153e+00,1.848680717304789223e+00,4.475374760857273593e-01,4.111111111111110716e+00
2.640000000000000124e+00,4.644631794071250930e+00,1.776955613752282170e+00,4.274216205564208004e-01,4.111111111111110716e+00
2.660000000000000142e+00,4.887994985515837776e+00,1.712252438847164715e+00,4.083176253962716440e-01,4.111111111111110716e+00
2.680000000000000160e+00,5.145640773456954697e+00,1.654223609299207753e+00,3.902190369089990618e-01,4.111111111111110716e+00
2.700000000000000178e+00,5.417916306826844774e+00,1.602566768401002539e+00,3.731133752011492888e-01,4.111111111111110716e+00
2.720000000000000195e+00,5.705124120757802508e+00,1.557023989015172916e+00,3.569833275949184093e-01,4.111111111111110716e+00
2.740000000000000213e+00,6.007511477615352646e+00,1.517381363499875180e+00,3.418078044051362507e-01,4.111111111111110716e+00
2.760000000000000231e+00,6.325258801518278240e+00,1.483469016146926167e+00,3.275628677591932436e-01,4.111111111111110716e+00
2.780000000000000249e+00,6.658467208761948086e+00,1.455161576872660678e+00,3.142225447447234976e-01,4.111111111111110716e+00
2.800000000000000266e+00,7.007145153639298130e+00,1.432379159155582338e+00,3.017595363662372576e-01,4.111111111111110716e+00
2.819999999999999840e+00,7.371194227273629274e+00,1.415088890324950999e+00,2.901458336939803928e-01,4.111111111111110716e+00
2.839999999999999858e+00,7.750394165733615282e+00,1.403307047976094513e+00,2.793532522901034376e-01,4.111111111111110716e+00
2.859999999999999876e+00,8.144387142286712233e+00,1.397101862119379589e+00,2.693538955747015184e-01,4.111111111111110716e+00
2.879999999999999893e+00,8.552661436511934667e+00,1.396597048090711723e+00,2.601205573084236500e-01,4.111111111111110716e+00
2.899999999999999911e+00,8.974534589537485729e+00,1.401976139445060943e+00,2.516270728679573243e-01,4.111111111111110716e+00
2.919999999999999929e+00,9.409136169487830159e+00,1.413487691850954020e+00,2.438486285148655508e-01,4.111111111111110716e+00
2.939999999999999947e+00,9.855390284307889104e+00,1.431451426743300281e+00,2.367620374384396265e-01,4.111111111111110716e+00
2.959999999999999964e+00,1.031199799112837034e+01,1.456265374848776606e+00,2.303459910149153189e-01,4.111111111111110716e+00
2.979999999999999982e+00,1.077741976389302714e+01,1.488414061461789784e+00,2.245812934893282597e-01,4.111111111111110716e+00
3.000000000000000000e+00,1.124985819713780444e+01,1.528477743160193913e+00,2.194510881691937310e-01,4.111111111111110716e+00
3.020000000000000018e+00,1.172724114851854438e+01,1.577142653698016428e+00,2.149410832339369581e-01,4.111111111111110716e+00
3.040000000000000036e+00,1.220720556322513595e+01,1.635212137519656439e+00,2.110397854188794942e-01,4.111111111111110716e+00
3.060000000000000053e+00,1.268708228993921594e+01,1.703618433080440697e+00,2.077387501297120187e-01,4.111111111111110716e+00
3.080000000000000071e+00,1.316388230383142322e+01,1.783434703108172092e+00,2.050328569756404706e-01,4.111111111111110716e+00
3.100000000000000089e+00,1.363428491385574048e+01,1.875886681222055374e+00,2.029206202556309013e-01,4.111111111111110716e+00
3.120000000000000107e+00,1.409462876866595238e+01,1.982362998710476498e+00,2.014045445500232956e-01,4.111111111111110716e+00
3.140000000000000124e+00,1.454090680860558393e+01,2.104422856831985378e+00,2.004915361854003875e-01,4.111111111111110716e+00
3.160000000000000142e+00,1.496876675965241610e+01,2.243799207283099673e+00,2.001933818347318983e-01,4.111111111111110716e+00
3.180000000000000160e+00,1.537351934162325939e+01,2.402394993850215599e+00,2.005273057045776353e-01,4.111111111111110716e+00
3.200000000000000178e+00,1.575015706549010730e+01,2.582269306322839686e+00,2.015166163774312902e-01,4.111111111111110716e+00
3.220000000000000195e+00,1.609338729518247391e+01,2.785609547312945189e+00,2.031914530388604645e-01,4.111111111111110716e+00
3.240000000000000213e+00,1.639768407770357683e+01,3.014685002449746687e+00,2.055896380059474560e-01,4.111111111111110716e+00
3.260000000000000231e+00,1.665736397119432155e+01,3.271776686199024287e+00,2.087576375055862909e-01,4.111111111111110716e+00
3.280000000000000249e+00,1.686669151428084490e+01,3.559078240338187538e+00,2.127516246826103297e-01,4.111111111111110716e+00
3.300000000000000266e+00,1.702001978212749123e+01,3.878563307122854908e+00,2.176386268633089816e-01,4.111111111111110716e+00
3.320000000000000284e+00,1.711197028330257552e+01,4.231816572019178047e+00,2.234977221168072126e-01,4.111111111111110716e+00
3.339999999999999858e+00,1.713765384601430597e+01,4.619828973580332843e+00,2.304212272104175785e-01,4.111111111111110716e+00
3.359999999999999876e+00,1.709292975922447155e+01,5.042762712973723360e+00,2.385157895979305720e-01,4.111111111111110716e+00
3.379999999999999893e+00,1.697469412874361083e+01,5.499698685121190422e+00,2.479032603606012852e-01,4.111111111111110716e+00
3.399999999999999911e+00,1.678118046802222807e+01,5.988387311369075761e+00,2.587211846091709289e-01,4.111111111111110716e+00
3.419999999999999929e+00,1.651224690287572017e+01,6.505032273728704517e+00,2.711227042115318953e-01,4.111111111111110716e+00
3.439999999999999947e+00,1.616961672540282535e+01,7.044143329912843754e+00,2.852756306445676793e-01,4.111111111111110716e+00
3.459999999999999964e+00,1.575703471703465297e+01,7.598496638279738313e+00,3.013604215536753173e-01,4.111111111111110716e+00
3.479999999999999982e+00,1.528030315757299817e+01,8.159236283363139108e+00,3.195667934594413895e-01,4.111111111111110716e+00
3.500000000000000000e+00,1.474717054129306959e+01,8.716137418766113143e+00,3.400887357661238619e-01,4.111111111111110716e+00
3.520000000000000018e+00,1.416706285932986731e+01,9.258030166757198032e+00,3.631177668866308328e-01,4.111111111111110716e+00
3.540000000000000036e+00,1.355066965050722416e+01,9.773357381596621707e+00,3.888343964297967248e-01,4.111111111111110716e+00
3.560000000000000053e+00,1.290942037664240871e+01,1.025081423540244785e+01,4.173979252021651210e-01,4.111111111111110716e+00
3.580000000000000071e+00,1.225490539188096939e+01,1.067999986035569471e+01,4.489349153779637058e-01,4.111111111111110716e+00
3.600000000000000089e+00,1.159830489191361558e+01,1.105200617879254388e+01,4.835268756721536332e-01,4.111111111111110716e+00
3.620000000000000107e+00,1.094988631592519646e+01,1.135987840233582880e+01,5.211979029849816980e-01,4.111111111111110716e+00
3.640000000000000124e+00,1.031861675089906427e+01,1.159890313393411176e+01,5.619031723486449525e-01,4.111111111111110716e+00
3.660000000000000142e+00,9.711915978278813810e+00,1.176670789800727235e+01,6.055192431452186552e-01,4.111111111111110716e+00
3.680000000000000160e+00,9.135553361259900029e+00,1.186318338047537679e+01,6.518371311197327378e-01,4.111111111111110716e+00
3.700000000000000178e+00,8.593672773741856119e+00,1.189026092214014696e+01,7.005589739621616019e-01,4.111111111111110716e+00
3.720000000000000195e+00,8.088917322820242006e+00,1.185158976193176095e+01,7.512988983227275597e-01,4.111111111111110716e+00
3.740000000000000213e+00,7.622620507494321629e+00,1.175216099716399221e+01,8.035883970795506537e-01,4.111111111111110716e+00
3.760000000000000231e+00,7.195031597066554596e+00,1.159792024203694538e+01,8.568861781485974660e-01,4.111111111111110716e+00
3.780000000000000249e+00,6.805548306361021815e+00,1.139540155309617120e+01,9.105920882031669494e-01,4.111111111111110716e+00
3.800000000000000266e+00,6.452937051797243306e+00,1.115140429969825853e+01,9.640643864130256091e-01,4.111111111111110716e+00
3.820000000000000284e+00,6.135528387988183674e+00,1.087272449326740009e+01,1.016639380938162640e+00,4.111111111111110716e+00
3.839999999999999858e+00,5.851381509411684334e+00,1.056594390683740414e+01,1.067652271667421715e+00,4.111111111111110716e+00
3.859999999999999876e+00,5.598416447694490650e+00,1.023727454031467410e+01,1.116457981320757131e+00,4.111111111111110716e+00
3.879999999999999893e+00,5.374515757166363983e+00,9.892452473588722484e+00,1.162450804387298087e+00,4.111111111111110716e+00
3.899999999999999911e+00,5.177599282633803313e+00,9.536673460635297417e+00,1.205081847289234176e+00,4.111111111111110716e+00
3.919999999999999929e+00,5.005676374304828258e+00,9.174562229553751891e+00,1.243873451274381647e+00,4.111111111111110716e+00
3.939999999999999947e+00,4.856879988068511622e+00,8.810167885513132902e+00,1.278430053320731563e+00,4.111111111111110716e+00
3.959999999999999964e+00,4.729486764975572299e+00,8.446978686697264038e+00,1.308445219562215822e+00,4.111111111111110716e+00
3.979999999999999982e+00,4.621926631056758161e+00,8.087950511131088760e+00,1.333704852578661448e+00,4.111111111111110716e+00
4.000000000000000000e+00,4.532784838959231344e+00,7.735544387064259730e+00,1.354086805974320074e+00,4.111111111111110716e+00
4.020000000000000462e+00,4.460798772359181541e+00,7.391769428809583431e+00,1.369557321903901670e+00,4.111111111111110716e+00
4.040000000000000036e+00,4.404851298351327493e+00,7.058228362228300412e+00,1.380164832219007431e+00,4.111111111111110716e+00
4.060000000000000497e+00,4.363962000622594317e+00,6.736163529555016183e+00,1.386031731379041565e+00,4.111111111111110716e+00
4.080000000000000071e+00,4.337277259289796127e+00,6.426501839238593305e+00,1.387344744485365489e+00,4.111111111111110716e+00
4.099999999999999645e+00,4.324059854932345459e+00,6.129897587960686067e+00,1.384344485827318172e+00,4.111111111111110716e+00
4.120000000000000107e+00,4.323678553646916001e+00,5.846772446189897998e+00,1.377314743181540457e+00,4.111111111111110716e+00
4.139999999999999680e+00,4.335597964916638958e+00,5.577352182046962703e+00,1.366571942112721372e+00,4.111111111111110716e+00
4.160000000000000142e+00,4.359368843365080792e+00,5.321699915479716658e+00,1.352455153113717001e+00,4.111111111111110716e+00
4.179999999999999716e+00,4.394618919101558774e+00,5.079745858138258185e+00,1.335316911336781764e+00,4.111111111111110716e+00
4.200000000000000178e+00,4.441044281070780642e+00,4.851313614188033085e+00,1.315515030579530675e+00,4.111111111111110716e+00
4.219999999999999751e+00,4.498401296940935268e+00,4.636143202121907336e+00,1.293405514659961897e+00,4.111111111111110716e+00
4.240000000000000213e+00,4.566499026403877615e+00,4.433911014504942294e+00,1.269336602978734740e+00,4.111111111111110716e+00
4.259999999999999787e+00,4.645192068354012882e+00,4.244246967404823323e+00,1.243643933956398051e+00,4.111111111111110716e+00
4.280000000000000249e+00,4.734373773294088039e+00,4.066749108956258851e+00,1.216646769959826235e+00,4.111111111111110716e+00
4.299999999999999822e+00,4.833969748311619519e+00,3.900995961194134942e+00,1.188645199263057561e+00,4.111111111111110716e+00
4.320000000000000284e+00,4.943931581515056628e+00,3.746556864382138308e+00,1.159918212980479479e+00,4.111111111111110716e+00
4.339999999999999858e+00,5.064230714813793277e+00,3.603000581363141386e+00,1.130722545984512051e+00,4.111111111111110716e+00
4.360000000000000320e+00,5.194852397617710338e+00,3.469902403229351950e+00,1.101292168761307755e+00,4.111111111111110716e+00
4.379999999999999893e+00,5.335789658922894141e+00,3.346849978647389534e+00,1.071838320258271970e+00,4.111111111111110716e+00
4.400000000000000355e+00,5.487037241029362633e+00,3.233448068860469871e+00,1.042549978519360598e+00,4.111111111111110716e+00
4.419999999999999929e+00,5.648585444625663143e+00,3.129322409761001289e+00,1.013594675004278134e+00,4.111111111111110716e+00
4.440000000000000391e+00,5.820413842088251855e+00,3.034122842221094185e+00,9.851195689055514126e-01,4.111111111111110716e+00
4.459999999999999964e+00,6.002484823557272975e+00,2.947525852579784722e+00,9.572527087052997707e-01,4.111111111111110716e+00
4.480000000000000426e+00,6.194736948681313748e+00,2.869236647107779703e+00,9.301044190524679900e-01,4.111111111111110716e+00
4.500000000000000000e+00,6.397078085911894085e+00,2.798990867535062321e+00,9.037687613711129497e-01,4.111111111111110716e+00
4.520000000000000462e+00,6.609378330925492762e+00,2.736556039335429347e+00,8.783250261574976347e-01,4.111111111111110716e+00
4.540000000000000036e+00,6.831462706212189318e+00,2.681732830312047344e+00,8.538392235306428990e-01,4.111111111111110716e+00
4.560000000000000497e+00,7.063103655150472449e+00,2.634356183930754547e+00,8.303655461981964692e-01,4.111111111111110716e+00
4.580000000000000071e+00,7.304013356041136440e+00,2.594296379542190056e+00,8.079477855818907317e-01,4.111111111111110716e+00
4.600000000000000533e+00,7.553835894654502781e+00,2.561460059794917310e+00,7.866206874538708149e-01,4.111111111111110716e+00
4.620000000000000107e+00,7.812139347917237409e+00,2.535791253784718702e+00,7.664112381348702208e-01,4.111111111111110716e+00
4.639999999999999680e+00,8.078407846507733581e+00,2.517272412366657441e+00,7.473398761820390090e-01,4.111111111111110716e+00
4.660000000000000142e+00,8.352033700452698994e+00,2.505925459073585770e+00,7.294216276397087473e-01,4.111111111111110716e+00
4.679999999999999716e+00,8.632309689478042003e+00,2.501812845675327246e+00,7.126671654323057936e-01,4.111111111111110716e+00
4.700000000000000178e+00,8.918421639081977048e+00,2.505038584957221648e+00,6.970837954321837948e-01,4.111111111111110716e+00
4.719999999999999751e+00,9.209441424361090256e+00,2.515749214126362432e+00,6.826763732155530784e-01,4.111111111111110716e+00
4.740000000000000213e+00,9.504320566908814882e+00,2.534134619668778843e+00,6.694481565958554370e-01,4.111111111111110716e+00
4.759999999999999787e+00,9.801884616078659462e+00,2.560428627783910560e+00,6.574015997528880328e-01,4.111111111111110716e+00
4.780000000000000249e+00,1.010082853507632805e+01,2.594909233076712063e+00,6.465390952016812909e-01,4.111111111111110716e+00
4.799999999999999822e+00,1.039971334523125535e+01,2.637898301504206788e+00,6.368636699975649407e-01,4.111111111111110716e+00
4.820000000000000284e+00,1.069696431881718368e+01,2.689760541444614628e+00,6.283796424681145076e-01,4.111111111111110716e+00
4.839999999999999858e+00,1.099087105210616322e+01,2.750901489442039605e+00,6.210932453981568013e-01,4.111111111111110716e+00
4.860000000000000320e+00,1.127958979562808395e+01,2.821764205653311652e+00,6.150132209534813210e-01,4.111111111111110716e+00
4.879999999999999893e+00,1.156114846674502594e+01,2.902824320298484917e+00,6.101513916777193680e-01,4.111111111111110716e+00
4.900000000000000355e+00,1.183345481830684065e+01,2.994583019931775780e+00,6.065232105824691633e-01,4.111111111111110716e+00
4.919999999999999929e+00,1.209430828231181998e+01,3.097557516410166301e+00,6.041482916029234929e-01,4.111111111111110716e+00
4.940000000000000391e+00,1.234141604291486694e+01,3.212268509657405957e+00,6.030509194235256221e-01,4.111111111111110716e+00
4.959999999999999964e+00,1.257241390984263596e+01,3.339224147994005687e+00,6.032605347914065108e-01,4.111111111111110716e+00
4.980000000000000426e+00,1.278489254924680729e+01,3.478900020056291620e+00,6.048121878243989391e-01,4.111111111111110716e+00
5.000000000000000000e+00,1.297642956909488099e+01,3.631714795879053881e+00,6.077469473853157611e-01,4.111111111111110716e+00
5.020000000000000462e+00,1.314462783262480272e+01,3.798001288988157587e+00,6.121122492571103857e-01,4.111111111111110716e+00
5.040000000000000036e+00,1.328716016724402849e+01,3.977972953648897914e+00,6.179621595831825687e-01,4.111111111111110716e+00
5.060000000000000497e+00,1.340182032993439698e+01,4.171686175938631891e+00,6.253575228811543152e-01,4.111111111111110716e+00
5.080000000000000071e+00,1.348657967131599200e+01,4.378999170834576127e+00,6.343659560644976381e-01,4.111111111111110716e+00
5.100000000000000533e+00,1.353964840695329208e+01,4.599528853909681025e+00,6.450616416492481742e-01,4.111111111111110716e+00
5.120000000000000107e+00,1.355953977056242366e+01,4.832607690439860271e+00,6.575248652343513855e-01,4.111111111111110716e+00
5.139999999999999680e+00,1.354513462612458596e+01,5.077243187281896830e+00,6.718412352363726248e-01,4.111111111111110716e+00
5.160000000000000142e+00,1.349574341769556973e+01,5.332083306948434576e+00,6.881005178319203885e-01,4.111111111111110716e+00
5.179999999999999716e+00,1.341116172700093401e+01,5.595391546472468391e+00,7.063950184938230237e-01,4.111111111111110716e+00
5.200000000000000178e+00,1.329171530094740383e+01,5.865035616769629812e+00,7.268174450011285481e-01,4.111111111111110716e+00
5.219999999999999751e+00,1.313829032282286846e+01,6.138493462624180275e+00,7.494581970542290028e-01,4.111111111111110716e+00
5.240000000000000213e+00,1.295234503740587151e+01,6.412879685967418197e+00,7.744020462190835952e-01,4.111111111111110716e+00
5.259999999999999787e+00,1.273589966650598448e+01,6.684994237173039977e+00,8.017241980477438634e-01,4.111111111111110716e+00
5.280000000000000249e+00,1.249150286624803030e+01,6.951393563074632631e+00,8.314857663308391489e-01,4.111111111111110716e+00
5.299999999999999822e+00,1.222217469465318374e+01,7.208482384751569327e+00,8.637287369007743409e-01,4.111111111111110716e+00
5.320000000000000284e+00,1.193132800465399690e+01,7.452622152468857841e+00,8.984705532103277603e-01,4.111111111111110716e+00
5.339999999999999858e+00,1.162267211212068396e+01,7.680250281229388243e+00,9.356985145058297482e-01,4.111111111111110716e+00
5.360000000000000320e+00,1.130010424017812376e+01,7.888002811137426740e+00,9.753642347511634059e-01,4.111111111111110716e+00
5.379999999999999893e+00,1.096759536280226932e+01,8.072832414051557492e+00,1.017378460318564493e+00,4.111111111111110716e+00
5.400000000000000355e+00,1.062907749102463839e+01,8.232113825206877067e+00,1.061606580047624648e+00,4.111111111111110716e+00
5.419999999999999929e+00,1.028833910640854832e+01,8.363729814777700611e+00,1.107865176042503785e+00,4.111111111111110716e+00
5.440000000000000391e+00,9.948934416862071473e+00,8.466132582010635232e+00,1.155919952205185064e+00,4.111111111111110716e+00
5.459999999999999964e+00,9.614110565743503756e+00,8.538377690694350264e+00,1.205485336832967214e+00,4.111111111111110716e+00
5.480000000000000426e+00,9.286755110342735264e+00,8.580130048077439398e+00,1.256225985416511204e+00,4.111111111111110716e+00
5.500000000000000000e+00,8.969364258987052807e+00,8.591643645627680570e+00,1.307760313191729917e+00,4.111111111111110716e+00
5.520000000000000462e+00,8.664030742050330858e+00,8.573718578420461256e+00,1.359666070482755007e+00,4.111111111111110716e+00
5.540000000000000036e+00,8.372448947675197317e+00,8.527640087899920118e+00,1.411487846687158765e+00,4.111111111111110716e+00
5.560000000000000497e+00,8.095934152541977014e+00,8.455104984611956809e+00,1.462746261995685249e+00,4.111111111111110716e+00
5.580000000000000071e+00,7.835452319126260612e+00,8.358140850269961675e+00,1.512948491245809546e+00,4.111111111111110716e+00
5.600000000000000533e+00,7.591656952906762790e+00,8.239023003317752725e+00,1.561599672438928499e+00,4.111111111111110716e+00
5.620000000000000107e+00,7.364929821444451186e+00,8.100193481295054454e+00,1.608214691947010166e+00,4.111111111111110716e+00
5.639999999999999680e+00,7.155422827392779794e+00,7.944185390965962767e+00,1.652329814587361057e+00,4.111111111111110716e+00
5.660000000000000142e+00,6.963098902417682368e+00,7.773555028546008216e+00,1.693513641014859905e+00,4.111111111111110716e+00
5.679999999999999716e+00,6.787770370713070989e+00,7.590823272535784483e+00,1.731376924854006738e+00,4.111111111111110716e+00
5.700000000000000178e+00,6.629133764558100772e+00,7.398426962849228516e+00,1.765580861846845595e+00,4.111111111111110716e+00
5.719999999999999751e+00,6.486800527985452369e+00,7.198680334584842910e+00,1.795843564684888261e+00,4.111111111111110716e+00
5.740000000000000213e+00,6.360323404702926453e+00,6.993746081913858603e+00,1.821944550397464280e+00,4.111111111111110716e+00
5.759999999999999787e+00,6.249218573275826749e+00,6.785615279779533715e+00,1.843727182275169074e+00,4.111111111111110716e+00
5.780000000000000249e+00,6.152983775339908590e+00,6.576095171221838065e+00,1.861099116305262591e+00,4.111111111111110716e+00
5.799999999999999822e+00,6.071112794929861778e+00,6.366803714340961484e+00,1.874030895709286826e+00,4.111111111111110716e+00
5.820000000000000284e+00,6.003106703947523215e+00,6.159169752422904764e+00,1.882552911362967762e+00,4.111111111111110716e+00
5.839999999999999858e+00,5.948482304779351360e+00,5.954437702165108703e+00,1.886750998005787716e+00,4.111111111111110716e+00
5.860000000000000320e+00,5.906778188713499134e+00,5.753675729459809318e+00,1.886760965832934067e+00,4.111111111111110716e+00
5.879999999999999893e+00,5.877558798406877116e+00,5.557786484121048254e+00,1.882762375818447076e+00,4.111111111111110716e+00
5.900000000000000355e+00,5.860416842164064555e+00,5.367519581713970034e+00,1.874971857849655921e+00,4.111111111111110716e+00
5.919999999999999929e+00,5.854974363028092377e+00,5.183485142597462847e+00,1.863636247211480912e+00,4.111111111111110716e+00
5.940000000000000391e+00,5.860882720665671286e+00,5.006167818301276995e+00,1.849025781232716437e+00,4.111111111111110716e+00
5.959999999999999964e+00,5.877821701348422856e+00,4.835940848450801077e+00,1.831427557990695565e+00,4.111111111111110716e+00
5.980000000000000426e+00,5.905497932504646386e+00,4.673079794408231180e+00,1.811139416452980822e+00,4.111111111111110716e+00
6.000000000000000000e+00,5.943642744089264518e+00,4.517775686796976942e+00,1.788464355295015240e+00,4.111111111111110716e+00
6.020000000000000462e+00,5.992009589612673714e+00,4.370147402373634193e+00,1.763705568152720282e+00,4.111111111111110716e+00
6.040000000000000036e+00,6.050371114964944397e+00,4.230253151365696240e+00,1.737162137828294650e+00,4.111111111111110716e+00
6.060000000000000497e+00,6.118515942854684475e+00,4.098101010025665403e+00,1.709125401902207075e+00,4.111111111111110716e+00
6.080000000000000071e+00,6.196245224336330182e+00,3.973658475756252084e+00,1.679875977705563850e+00,4.111111111111110716e+00
6.100000000000000533e+00,6.283368996076003299e+00,3.856861054944006550e+00,1.649681415636194526e+00,4.111111111111110716e+00
6.120000000000000107e+00,6.379702372262477716e+00,3.747619917899219555e+00,1.618794436008576865e+00,4.111111111111110716e+00
6.140000000000000568e+00,6.485061592996424373e+00,3.645828672338184973e+00,1.587451695457852807e+00,4.111111111111110716e+00
6.160000000000000142e+00,6.599259946222779227e+00,3.551369317896015065e+00,1.555873023705521607e+00,4.111111111111110716e+00
6.179999999999999716e+00,6.722103577491309601e+00,3.464117450353452643e+00,1.524261069533808799e+00,4.111111111111110716e+00
6.200000000000000178e+00,6.853387200770875154e+00,3.383946786597395118e+00,1.492801295417187646e+00,4.111111111111110716e+00
6.219999999999999751e+00,6.992889723979317296e+00,3.310733080667367823e+00,1.461662262784795496e+00,4.111111111111110716e+00
6.240000000000000213e+00,7.140369804638349471e+00,3.244357498280609153e+00,1.430996153772104762e+00,4.111111111111110716e+00
6.259999999999999787e+00,7.295561353969495677e+00,3.184709512550973898e+00,1.400939480084018252e+00,4.111111111111110716e+00
6.280000000000000249e+00,7.458169011689030015e+00,3.131689377668980256e+00,1.371613934840617999e+00,4.111111111111110716e+00
6.299999999999999822e+00,7.627863618635549514e+00,3.085210230425988076e+00,1.343127348699248769e+00,4.111111111111110716e+00
6.320000000000000284e+00,7.804277720089954684e+00,3.045199861879923198e+00,1.315574716904953423e+00,4.111111111111110716e+00
6.339999999999999858e+00,7.987001139155085916e+00,3.011602193324513177e+00,1.289039269042520530e+00,4.111111111111110716e+00
6.360000000000000320e+00,8.175576666793002545e+00,2.984378482121250009e+00,1.263593558028629493e+00,4.111111111111110716e+00
6.379999999999999893e+00,8.369495923021714745e+00,2.963508273911923840e+00,1.239300549216564296e+00,4.111111111111110716e+00
6.400000000000000355e+00,8.568195452304616211e+00,2.948990108239350594e+00,1.216214694347664604e+00,4.111111111111110716e+00
6.419999999999999929e+00,8.771053125280282359e+00,2.940841974631417610e+00,1.194382978457614541e+00,4.111111111111110716e+00
6.440000000000000391e+00,8.977384928628254102e+00,2.939101505709250439e+00,1.173845930734675580e+00,4.111111111111110716e+00
6.459999999999999964e+00,9.186442234985571886e+00,2.943825882837693975e+00,1.154638592746025205e+00,4.111111111111110716e+00
6.480000000000000426e+00,9.397409655332557676e+00,2.955091418254677471e+00,1.136791439419635674e+00,4.111111111111110716e+00
6.500000000000000000e+00,9.609403587026410065e+00,2.972992765566935258e+00,1.120331249718023559e+00,4.111111111111110716e+00
6.520000000000000462e+00,9.821471581485585745e+00,2.997641698148594269e+00,1.105281925092374218e+00,4.111111111111110716e+00
6.540000000000000036e+00,1.003259266613005174e+01,3.029165382623055347e+00,1.091665254584699207e+00,4.111111111111110716e+00
6.560000000000000497e+00,1.024167876514315800e+01,3.067704062717542701e+00,1.079501625872119508e+00,4.111111111111110716e+00
6.580000000000000071e+00,1.044757737234277606e+01,3.113408058043434234e+00,1.068810681637225368e+00,4.111111111111110716e+00
6.600000000000000533e+00,1.064907563610494989e+01,3.166433973730500728e+00,1.059611920413573882e+00,4.111111111111110716e+00
6.620000000000000107e+00,1.084490601976181701e+01,3.226940011595432978e+00,1.051925240503872816e+00,4.111111111111110716e+00
6.640000000000000568e+00,1.103375369975405818e+01,3.295080273260523995e+00,1.045771424705984831e+00,4.111111111111110716e+00
6.660000000000000142e+00,1.121426585624858241e+01,3.370997952309505941e+00,1.041172562414013791e+00,4.111111111111110716e+00
6.679999999999999716e+00,1.138506299475860928e+01,3.454817328440248136e+00,1.038152404196794443e+00,4.111111111111110716e+00
6.700000000000000178e+00,1.154475241002823971e+01,3.546634504136584098e+00,1.036736642209550974e+00,4.111111111111110716e+00
6.719999999999999751e+00,1.169194386236601524e+01,3.646506866173971684e+00,1.036953107794386320e+00,4.111111111111110716e+00
6.740000000000000213e+00,1.182526747903996345e+01,3.754441312617642801e+00,1.038831875418882111e+00,4.111111111111110716e+00
6.759999999999999787e+00,1.194339381692590329e+01,3.870381362585893381e+00,1.042405259763717895e+00,4.111111111111110716e+00
6.780000000000000249e+00,1.204505592576844464e+01,3.994193361549240429e+00,1.047707690409679149e+00,4.111111111111110716e+00
6.799999999999999822e+00,1.212907313397142950e+01,4.125652108228971215e+00,1.054775446345772361e+00,4.111111111111110716e+00
6.820000000000000284e+00,1.219437614260300862e+01,4.264426356807698326e+00,1.063646230629348155e+00,4.111111111111110716e+00
6.839999999999999858e+00,1.224003286278804303e+01,4.410064783780423880e+00,1.074358564239199287e+00,4.111111111111110716e+00
6.860000000000000320e+00,1.226527427462273145e+01,4.561983142591788720e+00,1.086950977794393758e+00,4.111111111111110716e+00
6.879999999999999893e+00,1.226951943348598739e+01,4.719453448004312435e+00,1.101460980737300366e+00,4.111111111111110716e+00
6.900000000000000355e+00,1.225239861684649334e+01,4.881596119704676440e+00,1.117923790206434953e+00,4.111111111111110716e+00
6.919999999999999929e+00,1.221377350872478118e+01,5.047376052911027422e+00,1.136370806568035574e+00,4.111111111111110716e+00
6.940000000000000391e+00,1.215375327836653341e+01,5.215603554700260602e+00,1.156827829814466746e+00,4.111111111111110716e+00
6.959999999999999964e+00,1.207270544182706651e+01,5.384940973160681210e+00,1.179313021061546563e+00,4.111111111111110716e+00
6.980000000000000426e+00,1.197126051356224608e+01,5.553915642865779212e+00,1.203834626316205414e+00,4.111111111111110716e+00
7.000000000000000000e+00,1.185030966633079430e+01,5.720939474101329303e+00,1.230388495438748286e+00,4.111111111111110716e+00
7.020000000000000462e+00,1.171099491865043696e+01,5.884335135761820545e+00,1.258955447385194049e+00,4.111111111111110716e+00
7.040000000000000036e+00,1.155469174524682785e+01,6.042368346463000250e+00,1.289498552619676275e+00,4.111111111111110716e+00
7.060000000000000497e+00,1.138298443139462712e+01,6.193285330568542690e+00,1.321960423882375668e+00,4.111111111111110716e+00
7.080000000000000071e+00,1.119763493109765662e+01,6.335354059542759764e+00,1.356260625761267491e+00,4.111111111111110716e+00
7.100000000000000533e+00,1.100054640018209895e+01,6.466907531799680697e+00,1.392293329921894030e+00,4.111111111111110716e+00
7.120000000000000107e+00,1.079372291665393391e+01,6.586387090286343948e+00,1.429925354404786741e+00,4.111111111111110716e+00
7.140000000000000568e+00,1.057922713582166629e+01,6.692383670535254403e+00,1.468994730130132265e+00,4.111111111111110716e+00
7.160000000000000142e+00,1.035913773166345919e+01,6.783674931010318154e+00,1.509309933928171699e+00,4.111111111111110716e+00
7.179999999999999716e+00,1.013550843884854835e+01,6.859256441021710948e+00,1.550649913813419323e+00,4.111111111111110716e+00
7.200000000000000178e+00,9.910330338452748578e+00,6.918365468421159292e+00,1.592765008341966881e+00,4.111111111111110716e+00
7.219999999999999751e+00,9.685498746776236345e+00,6.960496382223817058e+00,1.635378828141655472e+00,4.111111111111110716e+00
7.240000000000000213e+00,9.462785704324511826e+00,6.985407215840682582e+00,1.678191125487767499e+00,4.111111111111110716e+00
7.259999999999999787e+00,9.243818660608479121e+00,6.993117472613292307e+00,1.720881629483427933e+00,4.111111111111110716e+00
7.280000000000000249e+00,9.030065549855994078e+00,6.983897748161643548e+00,1.763114773180611605e+00,4.111111111111110716e+00
7.299999999999999822e+00,8.822826087916041615e+00,6.958252154446765481e+00,1.804545188575387815e+00,4.111111111111110716e+00
7.320000000000000284e+00,8.623228817755457243e+00,6.916894832376248026e+00,1.844823799744476300e+00,4.111111111111110716e+00
7.339999999999999858e+00,8.432233205591064262e+00,6.860722021717564623e+00,1.883604307151922175e+00,4.111111111111110716e+00
7.360000000000000320e+00,8.250635946893963180e+00,6.790781221041942040e+00,1.920549830417963788e+00,4.111111111111110716e+00
7.379999999999999893e+00,8.079080577203832547e+00,6.708238929308232734e+00,1.955339464727065879e+00,4.111111111111110716e+00
7.400000000000000355e+00,7.918069486196296580e+00,6.614348334771114502e+00,1.987674508501410031e+00,4.111111111111110716e+00
7.419999999999999929e+00,7.767977490120492767e+00,6.510418130074808296e+00,2.017284136660661975e+00,4.111111111111110716e+00
7.440000000000000391e+00,7.629066211549862864e+00,6.397783408967972818e+00,2.043930323210391364e+00,4.111111111111110716e+00
7.459999999999999964e+00,7.501498631015405927e+00,6.277779362224953807e+00,2.067411856530152470e+00,4.111111111111110716e+00
7.480000000000000426e+00,7.385353299228483159e+00,6.151718256537785479e+00,2.087567337344899521e+00,4.111111111111110716e+00
7.500000000000000000e+00,7.280637820773378621e+00,6.020869964322342227e+00,2.104277099389132211e+00,4.111111111111110716e+00
7.520000000000000462e+00,7.187301332897694905e+00,5.886446123966755373e+00,2.117464042655607503e+00,4.111111111111110716e+00
7.540000000000000036e+00,7.105245801713561349e+00,5.749587854282827593e+00,2.127093415642583363e+00,4.111111111111110716e+00
7.560000000000000497e+00,7.034336040495229980e+00,5.611356825561293782e+00,2.133171623549744655e+00,4.111111111111110716e+00
7.580000000000000071e+00,6.974408420417301357e+00,5.472729401754131473e+00,2.135744172048172462e+00,4.111111111111110716e+00
7.600000000000000533e+00,6.925278293921537376e+00,5.334593511095437002e+00,2.134892880000800464e+00,4.111111111111110716e+00
7.620000000000000107e+00,6.886746186639685519e+00,5.197747871933160901e+00,2.130732509057260415e+00,4.111111111111110716e+00
7.640000000000000568e+00,6.858602837559439891e+00,5.062903192100648653e+00,2.123406963795857028e+00,4.111111111111110716e+00
7.660000000000000142e+00,6.840633181141204666e+00,4.930684969111425175e+00,2.113085213978462829e+00,4.111111111111110716e+00
7.679999999999999716e+00,6.832619371527597352e+00,4.801637540327125642e+00,2.099957081833210282e+00,4.111111111111110716e+00
7.700000000000000178e+00,6.834342949776626597e+00,4.676229062973923156e+00,2.084229023596224195e+00,4.111111111111110716e+00
7.719999999999999751e+00,6.845586251859545612e+00,4.554857139973522706e+00,2.066120017385836061e+00,4.111111111111110716e+00
7.740000000000000213e+00,6.866133149368784494e+00,4.437854846129302366e+00,2.045857650332437050e+00,4.111111111111110716e+00
7.759999999999999787e+00,6.895769207571273540e+00,4.325496947995310038e+00,2.023674478059101833e+00,4.111111111111110716e+00
7.780000000000000249e+00,6.934281337454694771e+00,4.218006148055237325e+00,1.999804710194133417e+00,4.111111111111110716e+00
7.799999999999999822e+00,6.981457010367544846e+00,4.115559218457125468e+00,1.974481257440400483e+00,4.111111111111110716e+00
7.820000000000000284e+00,7.037083096187366493e+00,4.018292920726274531e+00,1.947933159423693716e+00,4.111111111111110716e+00
7.839999999999999858e+00,7.100944378960724279e+00,3.926309635204595860e+00,1.920383398460182578e+00,4.111111111111110716e+00
7.860000000000000320e+00,7.172821797828563106e+00,3.839682647305682206e+00,1.892047092690425147e+00,4.111111111111110716e+00
7.879999999999999893e+00,7.252490455883334519e+00,3.758461057102008063e+00,1.863130052732460795e+00,4.111111111111110716e+00
7.900000000000000355e+00,7.339717435441335702e+00,3.682674294487706668e+00,1.833827678995531674e+00,4.111111111111110716e+00
7.919999999999999929e+00,7.434259455053989996e+00,3.612336234492508513e+00,1.804324171869823079e+00,4.111111111111110716e+00
7.940000000000000391e+00,7.535860401395416019e+00,3.547448916614812653e+00,1.774792023914446792e+00,4.111111111111110716e+00
7.959999999999999964e+00,7.644248767901812514e+00,3.488005878667584270e+00,1.745391761628157345e+00,4.111111111111110716e+00
7.980000000000000426e+00,7.759135031640587599e+00,3.433995119957625963e+00,1.716271904122989245e+00,4.111111111111110716e+00
8.000000000000000000e+00,7.880209000286677146e+00,3.385401710993146018e+00,1.687569106759347903e+00,4.111111111111110716e+00
8.019999999999999574e+00,8.007137162209383874e+00,3.342210067651718131e+00,1.659408459293078897e+00,4.111111111111110716e+00
8.040000000000000924e+00,8.139560074452653282e+00,3.304405907119880581e+00,1.631903910109849587e+00,4.111111111111110716e+00
8.060000000000000497e+00,8.277089825750769236e+00,3.271977901178950265e+00,1.605158790490125886e+00,4.111111111111110716e+00
8.080000000000000071e+00,8.419307614584266020e+00,3.244919039766393176e+00,1.579266415400961909e+00,4.111111111111110716e+00
8.099999999999999645e+00,8.565761485568533118e+00,3.223227714365065388e+00,1.554310739920731210e+00,4.111111111111110716e+00
8.120000000000000995e+00,8.715964271096826366e+00,3.206908526816316662e+00,1.530367052969379582e+00,4.111111111111110716e+00
8.140000000000000568e+00,8.869391789039120511e+00,3.195972824753292141e+00,1.507502692463571048e+00,4.111111111111110716e+00
8.160000000000000142e+00,9.025481351326609669e+00,3.190438960136031010e+00,1.485777768287834810e+00,4.111111111111110716e+00
8.179999999999999716e+00,9.183630642310999903e+00,3.190332262470687574e+00,1.465245881531272554e+00,4.111111111111110716e+00
8.199999999999999289e+00,9.343197029739251036e+00,3.195684713354827622e+00,1.445954830260248292e+00,4.111111111111110716e+00
8.220000000000000639e+00,9.503497374860716107e+00,3.206534304177285133e+00,1.427947293667355844e+00,4.111111111111110716e+00
8.240000000000000213e+00,9.663808411381143770e+00,3.222924054318581089e+00,1.411261487750813393e+00,4.111111111111110716e+00
8.259999999999999787e+00,9.823367765447615696e+00,3.244900663298584398e+00,1.395931786737500291e+00,4.111111111111110716e+00
8.279999999999999361e+00,9.981375690285961610e+00,3.272512767312687920e+00,1.381989305273015223e+00,4.111111111111110716e+00
8.300000000000000711e+00,1.013699758914917837e+01,3.305808768864755276e+00,1.369462436972835651e+00,4.111111111111110716e+00
8.320000000000000284e+00,1.028936739843183368e+01,3.344834208195527570e+00,1.358377345272170578e+00,4.111111111111110716e+00
8.339999999999999858e+00,1.043759189864563020e+01,3.389628647442489484e+00,1.348758402643450927e+00,4.111111111111110716e+00
8.359999999999999432e+00,1.058075601384657105e+01,3.440222043538098351e+00,1.340628574187552546e+00,4.111111111111110716e+00
8.380000000000000782e+00,1.071792914940374430e+01,3.496630594387543312e+00,1.334009741369498236e+00,4.111111111111110716e+00
8.400000000000000355e+00,1.084817260301632480e+01,3.558852055502572664e+00,1.328922961288032445e+00,4.111111111111110716e+00
8.419999999999999929e+00,1.097054806393526860e+01,3.626860541596913290e+00,1.325388656373964524e+00,4.111111111111110716e+00
8.439999999999999503e+00,1.108412718981201550e+01,3.700600850145240095e+00,1.323426728845487954e+00,4.111111111111110716e+00
8.460000000000000853e+00,1.118800221901028991e+01,3.779982371831752896e+00,1.323056593660822067e+00,4.111111111111110716e+00
8.480000000000000426e+00,1.128129753836806515e+01,3.864872686098562049e+00,1.324297123162504031e+00,4.111111111111110716e+00
8.500000000000000000e+00,1.136318208245688588e+01,3.955090978124937262e+00,1.327166496180133493e+00,4.111111111111110716e+00
8.519999999999999574e+00,1.143288239104818871e+01,4.050401455416491103e+00,1.331681944140620466e+00,4.111111111111110716e+00
8.540000000000000924e+00,1.148969609811038062e+01,4.150506985946781136e+00,1.337859386832926267e+00,4.111111111111110716e+00
8.560000000000000497e+00,1.153300557034435059e+01,4.255043222880072307e+00,1.345712951006788449e+00,4.111111111111110716e+00
8.580000000000000071e+00,1.156229135896980154e+01,4.363573519926965183e+00,1.355254366080095974e+00,4.111111111111110716e+00
8.599999999999999645e+00,1.157714507896841916e+01,4.475584972247443893e+00,1.366492233018334446e+00,4.111111111111110716e+00
8.620000000000000995e+00,1.157728128973497483e+01,4.590485935917139493e+00,1.379431165056003827e+00,4.111111111111110716e+00
8.640000000000000568e+00,1.156254792498470252e+01,4.707605379552775027e+00,1.394070802458657887e+00,4.111111111111110716e+00
8.660000000000000142e+00,1.153293481275743737e+01,4.826194400321312195e+00,1.410404708044091793e+00,4.111111111111110716e+00
8.679999999999999716e+00,1.148857984290346756e+01,4.945430189734732807e+00,1.428419155706900368e+00,4.111111111111110716e+00
8.700000000000001066e+00,1.142977238288798070e+01,5.064422660450679459e+00,1.448091830662924018e+00,4.111111111111110716e+00
8.720000000000000639e+00,1.135695361472411413e+01,5.182223844074455243e+00,1.469390467397050370e+00,4.111111111111110716e+00
8.740000000000000213e+00,1.127071356564560567e+01,5.297840044724903663e+00,1.492271459099548725e+00,4.111111111111110716e+00
8.759999999999999787e+00,1.117178472937399469e+01,5.410246589876936518e+00,1.516678480336242751e+00,4.111111111111110716e+00
8.779999999999999361e+00,1.106103231734773296e+01,5.518404867554749238e+00,1.542541172325455845e+00,4.111111111111110716e+00
8.800000000000000711e+00,1.093944133135979868e+01,5.621281188445066412e+00,1.569773946899198691e+00,4.111111111111110716e+00
8.820000000000000284e+00,1.080810080011723784e+01,5.717866875389896464e+00,1.598274970347667745e+00,4.111111111111110716e+00
8.839999999999999858e+00,1.066818566082683617e+01,5.807198873510269088e+00,1.627925391201697991e+00,4.111111111111110716e+00
8.859999999999999432e+00,1.052093688190261744e+01,5.888380102993822085e+00,1.658588875951157782e+00,4.111111111111110716e+00
8.880000000000000782e+00,1.036764050478715049e+01,5.960598751591943412e+00,1.690111513188855996e+00,4.111111111111110716e+00
8.900000000000000355e+00,1.020960632496102249e+01,6.023145729359821843e+00,1.722322139349254488e+00,4.111111111111110716e+00
8.919999999999999929e+00,1.004814693136737347e+01,6.075429583701558833e+00,1.755033127965651474e+00,4.111111111111110716e+00
8.939999999999999503e+00,9.884557780549034334e+00,6.116988293167112900e+00,1.788041669383322096e+00,4.111111111111110716e+00
8.960000000000000853e+00,9.720098901435976657e+00,6.147497514305608313e+00,1.821131549649799730e+00,4.111111111111110716e+00
8.980000000000000426e+00,9.555978716735369360e+00,6.166775034727494997e+00,1.854075416688591771e+00,4.111111111111110716e+00
9.000000000000000000e+00,9.393340337203198942e+00,6.174781373243822813e+00,1.886637499961820730e+00,4.111111111111110716e+00
9.019999999999999574e+00,9.233250546568450901e+00,6.171616650364550871e+00,1.918576727959647954e+00,4.111111111111110716e+00
9.040000000000000924e+00,9.076691558087700784e+00,6.157514016814698898e+00,1.949650167441554283e+00,4.111111111111110716e+00
9.060000000000000497e+00,8.924555497828258410e+00,6.132830063941938192e+00,1.979616690798205125e+00,4.111111111111110716e+00
9.080000000000000071e+00,8.777641461909242437e+00,6.098032741163290638e+00,2.008240764456277638e+00,4.111111111111110716e+00
9.099999999999999645e+00,8.636654909676193981e+00,6.053687368758356335e+00,2.035296242899551356e+00,4.111111111111110716e+00
9.120000000000000995e+00,8.502209094213858620e+00,6.000441359609734349e+00,2.060570050254580732e+00,4.111111111111110716e+00
9.140000000000000568e+00,8.374828195495890526e+00,5.939008254058979475e+00,2.083865634696082658e+00,4.111111111111110716e+00
9.160000000000000142e+00,8.254951807779354667e+00,5.870151633177438377e+00,2.105006089937927261e+00,4.111111111111110716e+00
9.179999999999999716e+00,8.142940438248066570e+00,5.794669414053234213e+00,2.123836852154171950e+00,4.111111111111110716e+00
9.200000000000001066e+00,8.039081694353088281e+00,5.713378953296015972e+00,2.140227898842782750e+00,4.111111111111110716e+00
9.220000000000000639e+00,7.943596868547554202e+00,5.627103298822589750e+00,2.154075397178957463e+00,4.111111111111110716e+00
9.240000000000000213e+00,7.856647667122433454e+00,5.536658841385587060e+00,2.165302771950286864e+00,4.111111111111110716e+00
9.259999999999999787e+00,7.778342871056654673e+00,5.442844531490890425e+00,2.173861185854260469e+00,4.111111111111110716e+00
9.279999999999999361e+00,7.708744758279672205e+00,5.346432748361650944e+00,2.179729446497868484e+00,4.111111111111110716e+00
9.300000000000000711e+00,7.647875156290012910e+00,5.248161838257899170e+00,2.182913373783459399e+00,4.111111111111110716e+00
9.320000000000000284e+00,7.595721030145289099e+00,5.148730281405685005e+00,2.183444677658340272e+00,4.111111111111110716e+00
9.339999999999999858e+00,7.552239542512621640e+00,5.048792400677662329e+00,2.181379408895168570e+00,4.111111111111110716e+00
9.359999999999999432e+00,7.517362549324572818e+00,4.948955490831384196e+00,2.176796054391893609e+00,4.111111111111110716e+00
9.380000000000000782e+00,7.491000516598088410e+00,4.849778223772085006e+00,2.169793353438451255e+00,4.111111111111110716e+00
9.400000000000000355e+00,7.473045861398030176e+00,4.751770171763975092e+00,2.160487912726740234e+00,4.111111111111110716e+00
9.419999999999999929e+00,7.463375733201851325e+00,4.655392285323304513e+00,2.149011695992990578e+00,4.111111111111110716e+00
9.439999999999999503e+00,7.461854261589312642e+00,4.561058164142498761e+00,2.135509459611362626e+00,4.111111111111110716e+00
9.460000000000000853e+00,7.468334302821588722e+00,4.469135966285748829e+00,2.120136198804067007e+00,4.111111111111110716e+00
9.480000000000000426e+00,7.482658722061477974e+00,4.379950811627091767e+00,2.103054661011176218e+00,4.111111111111110716e+00
9.500000000000000000e+00,7.504661250257137262e+00,4.293787548787865838e+00,2.084432973960875124e+00,4.111111111111110716e+00
9.519999999999999574e+00,7.534166955546085731e+00,4.210893769569181266e+00,2.064442426628521066e+00,4.111111111111110716e+00
9.540000000000000924e+00,7.570992368849611687e+00,4.131482970158224965e+00,2.043255432022289764e+00,4.111111111111110716e+00
9.560000000000000497e+00,7.614945302468552057e+00,4.055737773497100740e+00,2.021043691946655230e+00,4.111111111111110716e+00
9.580000000000000071e+00,7.665824399243635234e+00,3.983813141599799934e+00,1.997976575842849822e+00,4.111111111111110716e+00
9.599999999999999645e+00,7.723418448432028072e+00,3.915839519905105259e+00,1.974219718670393808e+00,4.111111111111110716e+00
9.620000000000000995e+00,7.787505503048897992e+00,3.851925867714613538e+00,1.949933836679519583e+00,4.111111111111110716e+00
9.640000000000000568e+00,7.857851832156244498e+00,3.792162539250710562e+00,1.925273754867366183e+00,4.111111111111110716e+00
9.660000000000000142e+00,7.934210740540510898e+00,3.736623988832711074e+00,1.900387635893575178e+00,4.111111111111110716e+00
9.679999999999999716e+00,8.016321287463705758e+00,3.685371281130970456e+00,1.875416397194672014e+00,4.111111111111110716e+00
9.700000000000001066e+00,8.103906935732293704e+00,3.638454393487632554e+00,1.850493300893846005e+00,4.111111111111110716e+00
9.720000000000000639e+00,8.196674162215385806e+00,3.595914301990877693e+00,1.825743699747955029e+00,4.111111111111110716e+00
9.740000000000000213e+00,8.294311061152859210e+00,3.557784846479760787e+00,1.801284921692418939e+00,4.111111111111110716e+00
9.759999999999999787e+00,8.396485972105045548e+00,3.524094372072724912e+00,1.777226275421144752e+00,4.111111111111110716e+00
9.779999999999999361e+00,8.502846165176411120e+00,3.494867146292745197e+00,1.753669159760684382e+00,4.111111111111110716e+00
9.800000000000000711e+00,8.613016617153357757e+00,3.470124551543797065e+00,1.730707260261135083e+00,4.111111111111110716e+00
9.820000000000000284e+00,8.726598913378300182e+00,3.449886052712570539e+00,1.708426817336775816e+00,4.111111111111110716e+00
9.839999999999999858e+00,8.843170311475752499e+00,3.434169939158662199e+00,1.686906951364608442e+00,4.111111111111110716e+00
9.859999999999999432e+00,8.962283004378605256e+00,3.422993839446255127e+00,1.666220031318371042e+00,4.111111111111110716e+00
9.880000000000000782e+00,9.083463621389993747e+00,3.416375005990574643e+00,1.646432074720577843e+00,4.111111111111110716e+00
9.900000000000000355e+00,9.206213007161776929e+00,3.414330365475457540e+00,1.627603167888248770e+00,4.111111111111110716e+00
9.919999999999999929e+00,9.330006319364231970e+00,3.416876329581904681e+00,1.609787896591944323e+00,4.111111111111110716e+00
9.939999999999999503e+00,9.454293486336863950e+00,3.424028359397713661e+00,1.593035778314426665e+00,4.111111111111110716e+00
9.960000000000000853e+00,9.578500066003570623e+00,3.435800276013110555e+00,1.577391688264648373e+00,4.111111111111110716e+00
9.980000000000000426e+00,9.702028546644211104e+00,3.452203309418417465e+00,1.562896272161752753e+00,4.111111111111110716e+00
1.000000000000000000e+01,9.824260128556730365e+00,3.473244878094004839e+00,1.549586339545390157e+00,4.111111111111110716e+00
0.000000000000000000e+00,5.000000000000000000e-01,5.000000000000000000e-01,5.000000000000000000e-01,4.555555555555555358e+00
2.000000000000000042e-02,5.418722449197530544e-01,4.575783192839506519e-01,4.596477807901234724e-01,4.555555555555555358e+00
4.000000000000000083e-02,5.876630646498134380e-01,4.190352106605729210e-01,4.224558719923600103e-01,4.555555555555555358e+00
5.999999999999999778e-02,6.377225372993351460e-01,3.840033585169034258e-01,3.882053953207333374e-01,4.555555555555555358e+00
8.000000000000000167e-02,6.924308846174425103e-01,3.521525778989049171e-01,3.566875526998062318e-01,4.555555555555555358e+00
1.000000000000000056e-01,7.522006456564220844e-01,3.231857659171087360e-01,3.277041812442502144e-01,4.555555555555555358e+00
1.199999999999999956e-01,8.174789423595310023e-01,2.968353376072694894e-01,3.010680349341757212e-01,4.555555555555555358e+00
1.400000000000000133e-01,8.887498243520983721e-01,2.728600841632365936e-01,2.766028511579348148e-01,4.555555555555555358e+00
1.600000000000000033e-01,9.665366757785676111e-01,2.510423997752331271e-01,2.541432502719697673e-01,4.555555555555555358e+00
1.799999999999999933e-01,1.051404661721135669e+00,2.311858305398640789e-01,2.335345078088361115e-01,4.555555555555555358e+00
2.000000000000000111e-01,1.143963185452610887e+00,2.131129051836107846e-01,2.146322317642263000e-01,4.555555555555555358e+00
2.200000000000000011e-01,1.244868320411300466e+00,1.966632127768286054e-01,1.973019713381260476e-01,4.555555555555555358e+00
2.399999999999999911e-01,1.354825172237914321e+00,1.816916973183395345e-01,1.814187784357718103e-01,4.555555555555555358e+00
2.600000000000000089e-01,1.474590116394051575e+00,1.680671431392996573e-01,1.668667390088647007e-01,4.555555555555555358e+00
2.800000000000000266e-01,1.604972845720281205e+00,1.556708285965837102e-01,1.535384878109852802e-01,4.555555555555555358e+00
2.999999999999999889e-01,1.746838149753998204e+00,1.443953285781887363e-01,1.413347172435040766e-01,4.555555555555555358e+00
3.200000000000000067e-01,1.901107333726859139e+00,1.341434489949054898e-01,1.301636885842274161e-01,4.555555555555555358e+00
3.400000000000000244e-01,2.068759169980496804e+00,1.248272787445674492e-01,1.199407519385032456e-01,4.555555555555555358e+00
3.599999999999999867e-01,2.250830258250402061e+00,1.163673466614657953e-01,1.105878796612849713e-01,4.555555555555555358e+00
3.800000000000000044e-01,2.448414654162584636e+00,1.086918727520848615e-01,1.020332167088647685e-01,4.555555555555555358e+00
4.000000000000000222e-01,2.662662607806001613e+00,1.017361046125084822e-01,9.421065033987595372e-02,4.555555555555555358e+00
4.199999999999999845e-01,2.894778237008081234e+00,9.544173136240663435e-02,8.705940075383124255e-02,4.555555555555555358e+00
4.400000000000000022e-01,3.146015943789794100e+00,8.975636875272874349e-02,8.052363359578966484e-02,4.555555555555555358e+00
4.600000000000000200e-01,3.417675368498642730e+00,8.463311034518630760e-02,7.455209473740703752e-02,4.555555555555555358e+00
4.799999999999999822e-01,3.711094665676900384e+00,8.003014085752442608e-02,6.909776734224683248e-02,4.555555555555555358e+00
5.000000000000000000e-01,4.027641880474824632e+00,7.591040895735026717e-02,6.411755091562842956e-02,4.555555555555555358e+00
5.200000000000000178e-01,4.368704206310765947e+00,7.224135801027137260e-02,5.957196180884268694e-02,4.555555555555555358e+00
5.400000000000000355e-01,4.735674915719077838e+00,6.899471459232234261e-02,5.542485447963950429e-02,4.555555555555555358e+00
5.600000000000000533e-01,5.129937779313945789e+00,6.614633601754099645e-02,5.164316269338556364e-02,4.555555555555555358e+00
5.799999999999999600e-01,5.552848825013809275e+00,6.367611977637001319e-02,4.819665977221886111e-02,4.555555555555555358e+00
5.999999999999999778e-01,6.005715343505086068e+00,6.156797971293480332e-02,4.505773695468676121e-02,4.555555555555555358e+00
6.199999999999999956e-01,6.489772118430196635e+00,5.980989609503063048e-02,4.220119890903555743e-02,4.555555555555555358e+00
6.400000000000000133e-01,7.006154952374649802e+00,5.839404958565313358e-02,3.960407544406310820e-02,4.555555555555555358e+00
6.600000000000000311e-01,7.555871672791521831e+00,5.731705268518152291e-02,3.724544847784420909e-02,4.555555555555555358e+00
6.800000000000000488e-01,8.139770934480379694e+00,5.658029670886927792e-02,3.510629335317061450e-02,4.555555555555555358e+00
7.000000000000000666e-01,8.758509284173824128e+00,5.619043809738540063e-02,3.316933362644811090e-02,4.555555555555555358e+00
7.199999999999999734e-01,9.412517112896599869e+00,5.616005522789857540e-02,3.141890850194542506e-02,4.555555555555555358e+00
7.399999999999999911e-01,1.010196428510675126e+01,5.650851642857174922e-02,2.984085213415250959e-02,4.555555555555555358e+00
7.600000000000000089e-01,1.082672638942986154e+01,5.726311230348635900e-02,2.842238407656092272e-02,4.555555555555555358e+00
7.800000000000000266e-01,1.158635269052405903e+01,5.846052168485566664e-02,2.715201021491267866e-02,4.555555555555555358e+00
8.000000000000000444e-01,1.238003695937809567e+01,6.014870179556151830e-02,2.601943358687776320e-02,4.555555555555555358e+00
8.200000000000000622e-01,1.320659240268213175e+01,6.238932119906794721e-02,2.501547455878282145e-02,4.555555555555555358e+00
8.399999999999999689e-01,1.406443188293476432e+01,6.526089107102582554e-02,2.413199990466207909e-02,4.555555555555555358e+00
8.599999999999999867e-01,1.495155450282888765e+01,6.886279923662856628e-02,2.336186041561300747e-02,4.555555555555555358e+00
8.800000000000000044e-01,1.586553940606427737e+01,7.332051627347369038e-02,2.269883676139222706e-02,4.555555555555555358e+00
9.000000000000000222e-01,1.680354731222934461e+01,7.879232910538200296e-02,2.213759343605776336e-02,4.555555555555555358e+00
9.200000000000000400e-01,1.776232985146066312e+01,8.547807198155696340e-02,2.167364075200507376e-02,4.555555555555555358e+00
9.400000000000000577e-01,1.873824619695945870e+01,9.363047689404292717e-02,2.130330501163605478e-02,4.555555555555555358e+00
9.599999999999999645e-01,1.972728581742794063e+01,1.035699675858072905e-01,2.102370719697968515e-02,4.555555555555555358e+00
9.799999999999999822e-01,2.072509539828919500e+01,1.157039892117993213e-01,2.083275079463033086e-02,4.555555555555555358e+00
1.000000000000000000e+00,2.172700712238455978e+01,1.305523196374873129e-01,2.072911974468505739e-02,4.555555555555555358e+00
1.020000000000000018e+00,2.272806456712366696e+01,1.487802733381121401e-01,2.071228800847883453e-02,4.555555555555555358e+00
1.040000000000000036e+00,2.372304146842227013e+01,1.712423146715841005e-01,2.078254294893180226e-02,4.555555555555555358e+00
1.060000000000000053e+00,2.470644751507622772e+01,1.990393768706344435e-01,2.094102569249075424e-02,4.555555555555555358e+00
1.080000000000000071e+00,2.567251415372704315e+01,2.335941679199572130e-01,2.118979301212474062e-02,4.555555555555555358e+00
1.100000000000000089e+00,2.661515208429760548e+01,2.767499540830185012e-01,2.153190720667277555e-02,4.555555555555555358e+00
1.120000000000000107e+00,2.752787070338580477e+01,3.308997323329610496e-01,2.197156319450525863e-02,4.555555555555555358e+00
1.140000000000000124e+00,2.840364825553762174e+01,3.991542459521939534e-01,2.251426592910172816e-02,4.555555555555555358e+00
1.159999999999999920e+00,2.923474004945942184e+01,4.855587254533083041e-01,2.316707675416170009e-02,4.555555555555555358e+00
1.179999999999999938e+00,3.001241120509101989e+01,5.953690325364361380e-01,2.393895509316660425e-02,4.555555555555555358e+00
1.199999999999999956e+00,3.072658088900695716e+01,7.353970351081157153e-01,2.484123277266411800e-02,4.555555555555555358e+00
1.219999999999999973e+00,3.136536851871599652e+01,9.144307012524905964e-01,2.588827340335976557e-02,4.555555555555555358e+00
1.239999999999999991e+00,3.191454186213126221e+01,1.143723416948481564e+00,2.709838987827798557e-02,4.555555555555555358e+00
1.260000000000000009e+00,3.235688702484129919e+01,1.437524390529559160e+00,2.849512050411286135e-02,4.555555555555555358e+00
1.280000000000000027e+00,3.267155794858463480e+01,1.813580464889811950e+00,3.010899943009267762e-02,4.555555555555555358e+00
1.300000000000000044e+00,3.283352707638515255e+01,2.293470349751423054e+00,3.197999929661208413e-02,4.555555555555555358e+00
1.320000000000000062e+00,3.281335735260785924e+01,2.902527984325690369e+00,3.416086940785510728e-02,4.555555555555555358e+00
1.340000000000000080e+00,3.257764837299129113e+01,3.668975780621773541e+00,3.672163046089722133e-02,4.555555555555555358e+00
1.360000000000000098e+00,3.209065138043560239e+01,4.621752942645350970e+00,3.975549423184471937e-02,4.555555555555555358e+00
1.380000000000000115e+00,3.131762423751965230e+01,5.786477067125359142e+00,4.338641278888773212e-02,4.555555555555555358e+00
1.400000000000000133e+00,3.023036164075296028e+01,7.179184707283786437e+00,4.777826395139375681e-02,4.555555555555555358e+00
1.419999999999999929e+00,2.881478878027276380e+01,8.798171565848834419e+00,5.314527018452546575e-02,4.555555555555555358e+00
1.439999999999999947e+00,2.707942827361907945e+01,1.061549681615977825e+01,5.976256709327727734e-02,4.555555555555555358e+00
1.459999999999999964e+00,2.506217072820414771e+01,1.257120727813726546e+01,6.797491336928583594e-02,4.555555555555555358e+00
1.479999999999999982e+00,2.283191834209486260e+01,1.457408707123639324e+01,7.820057351419711089e-02,4.555555555555555358e+00
1.500000000000000000e+00,2.048248304471600889e+01,1.651145193007947043e+01,9.092682738583010571e-02,4.555555555555555358e+00
1.520000000000000018e+00,1.811904412906950768e+01,1.826685066810768987e+01,1.066938603752246029e-01,4.555555555555555358e+00
1.540000000000000036e+00,1.584115225824360174e+01,1.974031308232726545e+01,1.260652174295444350e-01,4.555555555555555358e+00
1.560000000000000053e+00,1.372811996282690394e+01,2.086408106806143437e+01,1.495853222171932562e-01,4.555555555555555358e+00
1.580000000000000071e+00,1.183119440738674122e+01,2.160906847123592200e+01,1.777271425763166934e-01,4.555555555555555358e+00
1.600000000000000089e+00,1.017336762673876649e+01,2.198184563200733166e+01,2.108352980694901402e-01,4.555555555555555358e+00
1.620000000000000107e+00,8.754624145221786335e+00,2.201552355409456396e+01,2.490713671366935333e-01,4.555555555555555358e+00
1.640000000000000124e+00,7.559384884912111247e+00,2.175883165076085390e+01,2.923686415250164594e-01,4.555555555555555358e+00
1.660000000000000142e+00,6.563582529528122045e+00,2.126652810554100270e+01,3.404029433319391007e-01,4.555555555555555358e+00
1.679999999999999938e+00,5.740081052344924828e+00,2.059253114823985698e+01,3.925843510957032767e-01,4.555555555555555358e+00
1.699999999999999956e+00,5.062196003097422015e+00,1.978583049917303782e+01,4.480720159786372725e-01,4.555555555555555358e+00
1.719999999999999973e+00,4.505626885649148150e+00,1.888858870452956040e+01,5.058111725227206756e-01,4.555555555555555358e+00
1.739999999999999991e+00,4.049276832942061866e+00,1.793570001725802854e+01,5.645885514756767698e-01,4.555555555555555358e+00
1.760000000000000009e+00,3.675390886692662562e+00,1.695518539674066716e+01,6.231002078281020484e-01,4.555555555555555358e+00
1.780000000000000027e+00,3.369330291860780591e+00,1.596898557181431322e+01,6.800246148795583423e-01,4.555555555555555358e+00
1.800000000000000044e+00,3.119187679154530102e+00,1.499388109961628146e+01,7.340938311829127150e-01,4.555555555555555358e+00
1.820000000000000062e+00,2.915362017845715137e+00,1.404239083524768716e+01,7.841564853233876642e-01,4.555555555555555358e+00
1.840000000000000080e+00,2.750154929757785638e+00,1.312357915175115863e+01,8.292279525101828863e-01,4.555555555555555358e+00
1.860000000000000098e+00,2.617415286478528724e+00,1.224374817104163071e+01,8.685250583735737440e-01,4.555555555555555358e+00
1.880000000000000115e+00,2.512239741995244025e+00,1.140701532566245469e+01,9.014845957744134219e-01,4.555555555555555358e+00
1.900000000000000133e+00,2.430727135673096395e+00,1.061578746005891816e+01,9.277666116266521934e-01,4.555555555555555358e+00
1.919999999999999929e+00,2.369780494538364035e+00,9.871146286233575040e+00,9.472446496480493305e-01,4.555555555555555358e+00
1.939999999999999947e+00,2.326949121826145106e+00,9.173159971579355698e+00,9.599858651360126949e-01,4.555555555555555358e+00
1.959999999999999964e+00,2.300303477687563269e+00,8.521134041502026690e+00,9.662241901525150389e-01,4.555555555555555358e+00
1.979999999999999982e+00,2.288336400183446973e+00,7.913812728737024571e+00,9.663296101911992286e-01,4.555555555555555358e+00
2.000000000000000000e+00,2.289885240848493098e+00,7.349539918132651728e+00,9.607762312634527957e-01,4.555555555555555358e+00
2.020000000000000018e+00,2.304070486663702955e+00,6.826387124012128993e+00,9.501112849850936737e-01,4.555555555555555358e+00
2.040000000000000036e+00,2.330247319944994011e+00,6.342254539474089903e+00,9.349266378859414361e-01,4.555555555555555358e+00
2.060000000000000053e+00,2.367967303562737769e+00,5.894950084150041292e+00,9.158338140068178479e-01,4.555555555555555358e+00
2.080000000000000071e+00,2.416947975333541887e+00,5.482250496492640401e+00,8.934430544613768399e-01,4.555555555555555358e+00
2.100000000000000089e+00,2.477048609099298027e+00,5.101947815606403758e+00,8.683465479563068357e-01,4.555555555555555358e+00
2.120000000000000107e+00,2.548250771129803027e+00,4.751884031611640857e+00,8.411056779165968500e-01,4.555555555555555358e+00
2.140000000000000124e+00,2.630642588525990977e+00,4.429976218949968292e+00,8.122419380790277810e-01,4.555555555555555358e+00
2.160000000000000142e+00,2.724405868308860779e+00,4.134234079906715209e+00,7.822310553249396392e-01,4.555555555555555358e+00
2.180000000000000160e+00,2.829805376036397924e+00,3.862771499379382689e+00,7.514998093227966969e-01,4.555555555555555358e+00
2.200000000000000178e+00,2.947179712550075603e+00,3.613813435218572234e+00,7.204250364147900543e-01,4.555555555555555358e+00
2.220000000000000195e+00,3.076933325904135152e+00,3.385699233378725914e+00,6.893343350115014312e-01,4.555555555555555358e+00
2.240000000000000213e+00,3.219529269825098794e+00,3.176883257819559603e+00,6.585080390429642883e-01,4.555555555555555358e+00
2.260000000000000231e+00,3.375482375795828993e+00,2.985933557024372131e+00,6.281820850550982049e-01,4.555555555555555358e+00
2.280000000000000249e+00,3.545352547474224902e+00,2.811529148312180482e+00,5.985514602868596823e-01,4.555555555555555358e+00
2.300000000000000266e+00,3.729737917149653192e+00,2.652456384434631165e+00,5.697739787400998290e-01,4.555555555555555358e+00
2.319999999999999840e+00,3.929267627139637842e+00,2.507604771204920535e+00,5.419741869117520316e-01,4.555555555555555358e+00
2.339999999999999858e+00,4.144594016763305966e+00,2.375962527314575468e+00,5.152472489296164859e-01,4.555555555555555358e+00
2.359999999999999876e+00,4.376384009759029858e+00,2.256612115526050122e+00,4.896627017403041293e-01,4.555555555555555358e+00
2.379999999999999893e+00,4.625309509436981159e+00,2.148725925821026728e+00,4.652680048264776769e-01,4.555555555555555358e+00
2.399999999999999911e+00,4.892036620968219118e+00,2.051562253842107886e+00,4.420918361774158756e-01,4.555555555555555358e+00
2.419999999999999929e+00,5.177213533344816376e+00,1.964461690363230817e+00,4.201471076238267321e-01,4.555555555555555358e+00
2.439999999999999947e+00,5.481456908887304635e+00,1.886844018093696507e+00,3.994336889898058018e-01,4.555555555555555358e+00
2.459999999999999964e+00,5.805336646756092733e+00,1.818205699634100725e+00,3.799408426331603583e-01,4.555555555555555358e+00
2.479999999999999982e+00,6.149358909583815702e+00,1.758118033845894601e+00,3.616493786136776856e-01,4.555555555555555358e+00
2.500000000000000000e+00,6.513947329689368182e+00,1.706226056437107452e+00,3.445335466437495775e-01,4.555555555555555358e+00
2.520000000000000018e+00,6.899422343664626034e+00,1.662248263512427382e+00,3.285626847433672504e-01,4.555555555555555358e+00
2.540000000000000036e+00,7.305978641375484806e+00,1.625977243582755527e+00,3.137026466560943749e-01,4.555555555555555358e+00
2.560000000000000053e+00,7.733660757092234661e+00,1.597281313497553423e+00,2.999170310112297955e-01,4.555555555555555358e+00
2.580000000000000071e+00,8.182336875591918357e+00,1.576107266310656341e+00,2.871682352884410983e-01,4.555555555555555358e+00
2.600000000000000089e+00,8.651670973224065975e+00,1.562484353397119552e+00,2.754183571349439474e-01,4.555555555555555358e+00
2.620000000000000107e+00,9.141093461285327848e+00,1.556529638050209829e+00,2.646299647246500575e-01,4.555555555555555358e+00
2.640000000000000124e+00,9.649770544603532230e+00,1.558454871596583802e+00,2.547667568093270329e-01,4.555555555555555358e+00
2.660000000000000142e+00,1.017657255014279372e+01,1.568575053215825577e+00,2.457941320317297285e-01,4.555555555555555358e+00
2.680000000000000160e+00,1.072004151757199253e+01,1.587318837322347465e+00,2.376796860584025894e-01,4.555555555555555358e+00
2.700000000000000178e+00,1.127835837645713468e+01,1.615240941945522923e+00,2.303936542313038960e-01,4.555555555555555358e+00
2.720000000000000195e+00,1.184931006599661707e+01,1.653036679895036887e+00,2.239093168011751234e-01,4.555555555555555358e+00
2.740000000000000213e+00,1.243025698994175166e+01,1.701558670073157087e+00,2.182033834466516053e-01,4.555555555555555358e+00
2.760000000000000231e+00,1.301810125410442609e+01,1.761835673043026240e+00,2.132563737444760632e-01,4.555555555555555358e+00
2.780000000000000249e+00,1.360925622674507096e+01,1.835093311127908411e+00,2.090530105678753969e-01,4.555555555555555358e+00
2.800000000000000266e+00,1.419961812265660939e+01,1.922776150300192333e+00,2.055826440648621523e-01,4.555555555555555358e+00
2.819999999999999840e+00,1.478454058030042262e+01,2.026570202765828554e+00,2.028397248920290330e-01,4.555555555555555358e+00
2.839999999999999858e+00,1.535881362956793339e+01,2.148424312174180617e+00,2.008243466960649426e-01,4.555555555555555358e+00
2.859999999999999876e+00,1.591664909668614314e+01,2.290568060115938387e+00,1.995428793213472329e-01,4.555555555555555358e+00
2.879999999999999893e+00,1.645167542693172535e+01,2.455522737901526753e+00,1.990087156504242449e-01,4.555555555555555358e+00
2.899999999999999911e+00,1.695694618038936952e+01,2.646100532814012585e+00,1.992431559727231849e-01,4.555555555555555358e+00
2.919999999999999929e+00,1.742496809416007864e+01,2.865385394914470307e+00,2.002764537198037653e-01,4.555555555555555358e+00
2.939999999999999947e+00,1.784775656067733962e+01,3.116687169416504588e+00,2.021490443897243083e-01,4.555555555555555358e+00
2.959999999999999964e+00,1.821692847884968458e+01,3.403458723441977529e+00,2.049129741943190031e-01,4.555555555555555358e+00
2.979999999999999982e+00,1.852384433574308531e+01,3.729164386448152069e+00,2.086335346016138792e-01,4.555555555555555358e+00
3.000000000000000000e+00,1.875981245357274219e+01,4.097087746910045070e+00,2.133910911874171146e-01,4.555555555555555358e+00
3.020000000000000018e+00,1.891636766427221517e+01,4.510068685624021967e+00,2.192830672783721568e-01,4.555555555555555358e+00
3.040000000000000036e+00,1.898563304862954482e+01,4.970164694590273768e+00,2.264260018092639770e-01,4.555555555555555358e+00
3.060000000000000053e+00,1.896076550131998317e+01,5.478241246656216923e+00,2.349575441016449606e-01,4.555555555555555358e+00
3.080000000000000071e+00,1.883647278210953502e+01,6.033510975550999689e+00,2.450381748467261589e-01,4.555555555555555358e+00
3.100000000000000089e+00,1.860957141739547538e+01,6.633061188335958924e+00,2.568523544174347029e-01,4.555555555555555358e+00
3.120000000000000107e+00,1.827953320256333569e+01,7.271431137772202291e+00,2.706087036655264177e-01,4.555555555555555358e+00
3.140000000000000124e+00,1.784894750998538981e+01,7.940319207111517841e+00,2.865387322988064978e-01,4.555555555555555358e+00
3.160000000000000142e+00,1.732381392458181679e+01,8.628508040227256259e+00,3.048935672184904799e-01,4.555555555555555358e+00
3.180000000000000160e+00,1.671358264530610427e+01,9.322084608489399571e+00,3.259381258162453165e-01,4.555555555555555358e+00
3.200000000000000178e+00,1.603088429395365822e+01,1.000499728764874341e+01,3.499422573981159634e-01,4.555555555555555358e+00
3.220000000000000195e+00,1.529093622959155674e+01,1.065993539897632303e+01,3.771685643202622451e-01,4.555555555555555358e+00
3.240000000000000213e+00,1.451067101112156976e+01,1.126944982586708299e+01,4.078569224328601472e-01,4.555555555555555358e+00
3.260000000000000231e+00,1.370768897630976468e+01,1.181717501631097100e+01,4.422061330819878622e-01,4.555555555555555358e+00
3.280000000000000249e+00,1.289917368101053086e+01,1.228898234566066705e+01,4.803536127814723722e-01,4.555555555555555358e+00
3.300000000000000266e+00,1.210091409756570435e+01,1.267390396738462677e+01,5.223544932633761295e-01,4.555555555555555358e+00
3.320000000000000284e+00,1.132654974298048067e+01,1.296471282288509741e+01,5.681618817562598123e-01,4.555555555555555358e+00
3.339999999999999858e+00,1.058710430810988790e+01,1.315811340496144943e+01,6.176102396240019665e-01,4.555555555555555358e+00
3.359999999999999876e+00,9.890816327098763239e+00,1.325456807935460546e+01,6.704038175846399605e-01,4.555555555555555358e+00
3.379999999999999893e+00,9.243227664042052538e+00,1.325783695601150569e+01,7.261118120757550365e-01,4.555555555555555358e+00
3.399999999999999911e+00,8.647461558363973566e+00,1.317433606325369233e+01,7.841713954441313916e-01,4.555555555555555358e+00
3.419999999999999929e+00,8.104613263787859623e+00,1.301241945206362693e+01,8.438990784628211950e-01,4.555555555555555358e+00
3.439999999999999947e+00,7.614183580921590533e+00,1.278167321146744584e+01,9.045100752335888394e-01,4.555555555555555358e+00
3.459999999999999964e+00,7.174501911792647846e+00,1.249228284225002206e+01,9.651445631788447832e-01,4.555555555555555358e+00
3.479999999999999982e+00,6.783104367849624339e+00,1.215450827996099825e+01,1.024899069011370845e+00,4.555555555555555358e+00
3.500000000000000000e+00,6.437049467827047344e+00,1.177827826920277232e+01,1.082860750777478342e+00,4.555555555555555358e+00
3.520000000000000018e+00,6.133166881942516468e+00,1.137289985868340558e+01,1.138142138836031325e+00,4.555555555555555358e+00
3.540000000000000036e+00,5.868243103797313509e+00,1.094686937451813691e+01,1.189913957483242912e+00,4.555555555555555358e+00
3.560000000000000053e+00,5.639152485569439932e+00,1.050776703504764953e+01,1.237433947310709437e+00,4.555555555555555358e+00
3.580000000000000071e+00,5.442943782088783600e+00,1.006221675847453056e+01,1.280070088736470213e+00,4.555555555555555358e+00
3.600000000000000089e+00,5.276892238674180113e+00,9.615894209753234279e+00,1.317317213660552211e+00,4.555555555555555358e+00
3.620000000000000107e+00,5.138526153282663600e+00,9.173568624040459696e+00,1.348806605021987792e+00,4.555555555555555358e+00
3.640000000000000124e+00,5.025635326469589437e+00,8.739166702242387785e+00,1.374308751981090371e+00,4.555555555555555358e+00
3.660000000000000142e+00,4.936267243654970827e+00,8.315849485304067201e+00,1.393729897950742869e+00,4.555555555555555358e+00
3.680000000000000160e+00,4.868715407787965077e+00,7.906095383984103719e+00,1.407103358118949155e+00,4.555555555555555358e+00
3.700000000000000178e+00,4.821503039940923330e+00,7.511784412483722306e+00,1.414576782607039895e+00,4.555555555555555358e+00
3.720000000000000195e+00,4.793364407059272914e+00,7.134280163575533962e+00,1.416396609447492017e+00,4.555555555555555358e+00
3.740000000000000213e+00,4.783225301154824471e+00,6.774507218441817358e+00,1.412890909454217470e+00,4.555555555555555358e+00
3.760000000000000231e+00,4.790183648652979187e+00,6.433022563709915431e+00,1.404451701045982936e+00,4.555555555555555358e+00
3.780000000000000249e+00,4.813490834991975831e+00,6.110080245532270027e+00,1.391517637056410406e+00,4.555555555555555358e+00
3.800000000000000266e+00,4.852534053184097473e+00,5.805688972671036119e+00,1.374557765023782796e+00,4.555555555555555358e+00
3.820000000000000284e+00,4.906819796358020902e+00,5.519662725570912976e+00,1.354056860006326968e+00,4.555555555555555358e+00
3.839999999999999858e+00,4.975958489588371059e+00,5.251664666868554932e+00,1.330502641214936554e+00,4.555555555555555358e+00
3.859999999999999876e+00,5.059650177273974592e+00,5.001244804982576397e+00,1.304375021287862868e+00,4.555555555555555358e+00
3.879999999999999893e+00,5.157671135247264615e+00,4.767871955734999112e+00,1.276137405162655059e+00,4.555555555555555358e+00
3.899999999999999911e+00,5.269861251690024062e+00,4.550960592914658598e+00,1.246229955370269149e+00,4.555555555555555358e+00
3.919999999999999929e+00,5.396112010677426518e+00,4.349893189802257254e+00,1.215064670365453736e+00,4.555555555555555358e+00
3.939999999999999947e+00,5.536354911824038716e+00,4.164038639959195542e+00,1.183022078560016288e+00,4.555555555555555358e+00
3.959999999999999964e+00,5.690550165712680020e+00,3.992767315007739182e+00,1.150449328478338362e+00,4.555555555555555358e+00
3.979999999999999982e+00,5.858675515358670260e+00,3.835463275938258310e+00,1.117659450135785049e+00,4.555555555555555358e+00
4.000000000000000000e+00,6.040715047530923698e+00,3.691534107446551527e+00,1.084931569842833010e+00,4.555555555555555358e+00
4.020000000000000462e+00,6.236647873525969388e+00,3.560418795475775333e+00,1.052511876197279816e+00,4.555555555555555358e+00
4.040000000000000036e+00,6.446436576572241783e+00,3.441594019033529239e+00,1.020615155754376779e+00,4.555555555555555358e+00
4.060000000000000497e+00,6.670015342290303906e+00,3.334579180154903622e+00,9.894267401683790597e-01,4.555555555555555358e+00
4.080000000000000071e+00,6.907277709573441449e+00,3.238940451587002833e+00,9.591047305400888234e-01,4.555555555555555358e+00
4.099999999999999645e+00,7.158063901999892842e+00,3.154294080837493741e+00,9.297823879149932358e-01,4.555555555555555358e+00
4.120000000000000107e+00,7.422147724607103925e+00,3.080309151686659863e+00,9.015706004588511790e-01,4.555555555555555358e+00
4.139999999999999680e+00,7.699223037730074992e+00,3.016709969794075796e+00,8.745603572674602866e-01,4.555555555555555358e+00
4.160000000000000142e+00,7.988889848811128402e+00,2.963278207043412493e+00,8.488251758007052672e-01,4.555555555555555358e+00
4.179999999999999716e+00,8.290640094807409710e+00,2.919854908932345783e+00,8.244234445249581933e-01,4.555555555555555358e+00
4.200000000000000178e+00,8.603843222247361311e+00,2.886342439588857722e+00,8.014006545956665617e-01,4.555555555555555358e+00
4.219999999999999751e+00,8.927731709348945444e+00,2.862706408640985689e+00,7.797915044913146243e-01,4.555555555555555358e+00
4.240000000000000213e+00,9.261386715219295240e+00,2.848977591749278115e+00,7.596218696440500961e-01,4.555555555555555358e+00
4.259999999999999787e+00,9.603724085444127923e+00,2.845253820501732367e+00,7.409106355407806266e-01,4.555555555555555358e+00
4.280000000000000249e+00,9.953480991962715407e+00,2.851701775760770108e+00,7.236713977269204623e-01,4.555555555555555358e+00
4.299999999999999822e+00,1.030920353885375818e+01,2.868558569486153509e+00,7.079140358501259112e-01,4.555555555555555358e+00
4.320000000000000284e+00,1.066923572561761269e+01,2.896132941514273806e+00,6.936461715218286139e-01,4.555555555555555358e+00
4.339999999999999858e+00,1.103171022702998272e+01,2.934805827808806278e+00,6.808745215035277853e-01,4.555555555555555358e+00
4.360000000000000320e+00,1.139454152504485229e+01,2.985029973692153060e+00,6.696061586559525214e-01,4.555555555555555358e+00
4.379999999999999893e+00,1.175542201474072179e+01,3.047328168618971933e+00,6.598496932916739777e-01,4.555555555555555358e+00
4.400000000000000355e+00,1.211182180348582627e+01,3.122289568554485140e+00,6.516163870673805647e-01,4.555555555555555358e+00
4.419999999999999929e+00,1.246099302952007726e+01,3.210563450469734015e+00,6.449212103118571182e-01,4.555555555555555358e+00
4.440000000000000391e+00,1.279997963976999031e+01,3.312849616545381348e+00,6.397838516270514253e-01,4.555555555555555358e+00
4.459999999999999964e+00,1.312563367988408380e+01,3.429884543585730139e+00,6.362296855843202481e-01,4.555555555555555358e+00
4.480000000000000426e+00,1.343463924967876011e+01,3.562422272120898903e+00,6.342907001732558392e-01,4.555555555555555358e+00
4.500000000000000000e+00,1.372354534460002107e+01,3.711208973485259577e+00,6.340063801048837488e-01,4.555555555555555358e+00
4.520000000000000462e+00,1.398880880968766682e+01,3.876950154201212140e+00,6.354245348483800182e-01,4.555555555555555358e+00
4.540000000000000036e+00,1.422684853832642204e+01,4.060269596371964163e+00,6.386020511072344474e-01,4.555555555555555358e+00
4.560000000000000497e+00,1.443411180616230283e+01,4.261659438473209605e+00,6.436055380714629237e-01,4.555555555555555358e+00
4.580000000000000071e+00,1.460715318770368043e+01,4.481421322942553687e+00,6.505118200793073013e-01,4.555555555555555358e+00
4.600000000000000533e+00,1.474272580779952158e+01,4.719599318363925100e+00,6.594082153536183766e-01,4.555555555555555358e+00
4.620000000000000107e+00,1.483788369484919123e+01,4.975906387108361528e+00,6.703925216495192352e-01,4.555555555555555358e+00
4.639999999999999680e+00,1.489009272090136804e+01,5.249647497120349726e+00,6.835726108565507442e-01,4.555555555555555358e+00
4.660000000000000142e+00,1.489734608123924708e+01,5.539643992357137670e+00,6.990655163912751213e-01,4.555555555555555358e+00
4.679999999999999716e+00,1.485827859999797695e+01,5.844165385488424569e+00,7.169958819443926767e-01,4.555555555555555358e+00
4.700000000000000178e+00,1.477227255058591560e+01,6.160876078600016292e+00,7.374936310291053676e-01,4.555555555555555358e+00
4.719999999999999751e+00,1.463954643226821339e+01,6.486805339567985662e+00,7.606907178398442104e-01,4.555555555555555358e+00
4.740000000000000213e+00,1.446121758005650904e+01,6.818348818472826700e+00,7.867168357302798398e-01,4.555555555555555358e+00
4.759999999999999787e+00,1.423932992802475539e+01,7.151308675823734085e+00,8.156939947042783912e-01,4.555555555555555358e+00
4.780000000000000249e+00,1.397683992664671493e+01,7.480976844984549956e+00,8.477299373874310762e-01,4.555555555555555358e+00
4.799999999999999822e+00,1.367755657688777937e+01,7.802262130168687193e+00,8.829104457995106126e-01,4.555555555555555358e+00
4.820000000000000284e+00,1.334603557485784364e+01,8.109857108455136299e+00,9.212906975930884590e-01,4.555555555555555358e+00
4.839999999999999858e+00,1.298743217532634020e+01,8.398435806255911018e+00,9.628859548943899949e-01,4.555555555555555358e+00
4.860000000000000320e+00,1.260732188396947961e+01,8.662868693545489052e+00,1.007662001500432059e+00,4.555555555555555358e+00
4.879999999999999893e+00,1.221150170812590652e+01,8.898438529923089035e+00,1.055525870602757266e+00,4.555555555555555358e+00
4.900000000000000355e+00,1.180578677541377353e+01,9.101039649534095943e+00,1.106317507922180310e+00,4.555555555555555358e+00
4.919999999999999929e+00,1.139581729073216110e+01,9.267344648029894216e+00,1.159803075695281960e+00,4.555555555555555358e+00
4.940000000000000391e+00,1.098688904756621376e+01,9.394925929125989228e+00,1.215670604868132054e+00,4.555555555555555358e+00
4.959999999999999964e+00,1.058381741656444319e+01,9.482324557874475701e+00,1.273528634788108072e+00,4.555555555555555358e+00
4.980000000000000426e+00,1.019084054669584027e+01,9.529064474083373426e+00,1.332908338238280921e+00,4.555555555555555358e+00
5.000000000000000000e+00,9.811563170982212867e+00,9.535615428901722979e+00,1.393269421126354102e+00,4.555555555555555358e+00
5.020000000000000462e+00,9.448938569998315273e+00,9.503312276640620837e+00,1.454009826756518020e+00,4.555555555555555358e+00
5.040000000000000036e+00,9.105283367273866446e+00,9.434241039101824100e+00,1.514478989055744851e+00,4.555555555555555358e+00
5.060000000000000497e+00,8.782318110549800494e+00,9.331103351175181970e+00,1.573994097421000271e+00,4.555555555555555358e+00
5.080000000000000071e+00,8.481225995191335798e+00,9.197070665377532706e+00,1.631858589163321938e+00,4.555555555555555358e+00
5.100000000000000533e+00,8.202722407368307600e+00,9.035638289132492673e+00,1.687381901571883835e+00,4.555555555555555358e+00
5.120000000000000107e+00,7.947128918797368158e+00,8.850487368356976248e+00,1.739899414592521287e+00,4.555555555555555358e+00
5.139999999999999680e+00,7.714446658671290535e+00,8.645360705977997995e+00,1.788791506805339937e+00,4.555555555555555358e+00
5.160000000000000142e+00,7.504425373105727992e+00,8.423956124835831005e+00,1.833500730087803898e+00,4.555555555555555358e+00
5.179999999999999716e+00,7.316625778611741460e+00,8.189839158980806388e+00,1.873546269624824623e+00,4.555555555555555358e+00
5.200000000000000178e+00,7.150473916751141523e+00,7.946375295973841624e+00,1.908535075009444304e+00,4.555555555555555358e+00
5.219999999999999751e+00,7.005307076834675684e+00,7.696680827942937952e+00,1.938169299454339134e+00,4.555555555555555358e+00
5.240000000000000213e+00,6.880411471577667193e+00,7.443590580077318108e+00,1.962249940998380460e+00,4.555555555555555358e+00
5.259999999999999787e+00,6.775052253830261328e+00,7.189640320749410840e+00,1.980676817965161041e+00,4.555555555555555358e+00
5.280000000000000249e+00,6.688496690823222401e+00,6.937061453588260207e+00,1.993445211918943416e+00,4.555555555555555358e+00
5.299999999999999822e+00,6.620031408727326649e+00,6.687785583818443236e+00,2.000639662760937298e+00,4.555555555555555358e+00
5.320000000000000284e+00,6.568974624274925844e+00,6.443456680351225430e+00,2.002425497205753135e+00,4.555555555555555358e+00
5.339999999999999858e+00,6.534684224813466003e+00,6.205448772082297282e+00,1.999038714771378400e+00,4.555555555555555358e+00
5.360000000000000320e+00,6.516562469110819045e+00,5.974887382309549189e+00,1.990774850633374449e+00,4.555555555555555358e+00
5.379999999999999893e+00,6.514057977140876865e+00,5.752673189355180128e+00,1.977977391490038706e+00,4.555555555555555358e+00
5.400000000000000355e+00,6.526665570599110566e+00,5.539506682903216905e+00,1.961026249736018690e+00,4.555555555555555358e+00
5.419999999999999929e+00,6.553924424981739882e+00,5.335912849705557015e+00,1.940326713573219397e+00,4.555555555555555358e+00
5.440000000000000391e+00,6.595414903181690214e+00,5.142265160155555570e+00,1.916299195975469605e+00,4.555555555555555358e+00
5.459999999999999964e+00,6.650754361758997923e+00,4.958808334037674292e+00,1.889370011705314933e+00,4.555555555555555358e+00
5.480000000000000426e+00,6.719592154795146044e+00,4.785679537974133702e+00,1.859963324851422906e+00,4.555555555555555358e+00
5.500000000000000000e+00,6.801604006040282258e+00,4.622927809404487220e+00,1.828494333562751928e+00,4.555555555555555358e+00
5.520000000000000462e+00,6.896485876889993705e+00,4.470531614557417655e+00,1.795363695917147062e+00,4.555555555555555358e+00
5.540000000000000036e+00,7.003947424342387151e+00,4.328414533915060147e+00,1.760953151793413829e+00,4.555555555555555358e+00
5.560000000000000497e+00,7.123705118209538334e+00,4.196459131676318677e+00,1.725622259710665629e+00,4.555555555555555358e+00
5.580000000000000071e+00,7.255475069287137480e+00,4.074519109337200184e+00,1.689706143594516652e+00,4.555555555555555358e+00
5.600000000000000533e+00,7.398965608849310094e+00,3.962429871214038890e+00,1.653514130629147427e+00,4.555555555555555358e+00
5.620000000000000107e+00,7.553869653809834439e+00,3.860017644723585661e+00,1.617329155882320624e+00,4.555555555555555358e+00
5.639999999999999680e+00,7.719856890404098060e+00,3.767107303289602527e+00,1.581407810384261703e+00,4.555555555555555358e+00
5.660000000000000142e+00,7.896565811663485590e+00,3.683529037220698577e+00,1.545980915077823870e+00,4.555555555555555358e+00
5.679999999999999716e+00,8.083595649760173529e+00,3.609124009713454484e+00,1.511254512027763397e+00,4.555555555555555358e+00
5.700000000000000178e+00,8.280498253079601412e+00,3.543749122779249916e+00,1.477411175220356920e+00,4.555555555555555358e+00
5.719999999999999751e+00,8.486769969294313043e+00,3.487281002498163751e+00,1.444611555191717134e+00,4.555555555555555358e+00
5.740000000000000213e+00,8.701843609493188580e+00,3.439619295366484142e+00,1.412996083820376558e+00,4.555555555555555358e+00
5.759999999999999787e+00,8.925080584338632050e+00,3.400689348146587854e+00,1.382686777341699980e+00,4.555555555555555358e+00
5.780000000000000249e+00,9.155763321089377627e+00,3.370444322846398943e+00,1.353789086598568003e+00,4.555555555555555358e+00
5.799999999999999822e+00,9.393088089967779553e+00,3.348866776377491306e+00,1.326393753486377669e+00,4.555555555555555358e+00
5.820000000000000284e+00,9.636158389604689845e+00,3.335969711079060929e+00,1.300578641342185593e+00,4.555555555555555358e+00
5.839999999999999858e+00,9.883979063988249436e+00,3.331797077607485669e+00,1.276410514610219149e+00,4.555555555555555358e+00
5.860000000000000320e+00,1.013545134726468078e+01,3.336423685647557758e+00,1.253946749487921508e+00,4.555555555555555358e+00
5.879999999999999893e+00,1.038936905760519203e+01,3.349954450559603725e+00,1.233236962453317709e+00,4.555555555555555358e+00
5.900000000000000355e+00,1.064441618675051160e+01,3.372522875673956477e+00,1.214324547651044028e+00,4.555555555555555358e+00
5.919999999999999929e+00,1.089916615715597104e+01,3.404288641005874361e+00,1.197248117133911327e+00,4.555555555555555358e+00
5.940000000000000391e+00,1.115208304296081998e+01,3.445434140630744491e+00,1.182042839981154225e+00,4.555555555555555358e+00
5.959999999999999964e+00,1.140152507293310968e+01,3.496159784332110387e+00,1.168741677398212442e+00,4.555555555555555358e+00
5.980000000000000426e+00,1.164575075114006530e+01,3.556677856630083845e+00,1.157376511090301152e+00,4.555555555555555358e+00
6.000000000000000000e+00,1.188292794164139998e+01,3.627204710998005233e+00,1.147979161526763603e+00,4.555555555555555358e+00
6.020000000000000462e+00,1.211114626334510369e+01,3.707951073051483082e+00,1.140582291200608278e+00,4.555555555555555358e+00
6.040000000000000036e+00,1.232843312558661530e+01,3.799110238856428179e+00,1.135220185660338110e+00,4.555555555555555358e+00
6.060000000000000497e+00,1.253277369818156117e+01,3.900843989327555494e+00,1.131929401978272409e+00,4.555555555555555358e+00
6.080000000000000071e+00,1.272213504487831237e+01,4.013266105748139800e+00,1.130749270469661338e+00,4.555555555555555358e+00
6.100000000000000533e+00,1.289449454892396929e+01,4.136423471655210626e+00,1.131722230975741317e+00,4.555555555555555358e+00
6.120000000000000107e+00,1.304787261660267816e+01,4.270274888862519269e+00,1.134893980016298709e+00,4.555555555555555358e+00
6.140000000000000568e+00,1.318036945311138197e+01,4.414667924318199432e+00,1.140313399833159602e+00,4.555555555555555358e+00
6.160000000000000142e+00,1.329020546185194540e+01,4.569314340087180959e+00,1.148032235128563228e+00,4.555555555555555358e+00
6.179999999999999716e+00,1.337576452481598110e+01,4.733764935435258003e+00,1.158104478635948009e+00,4.555555555555555358e+00
6.200000000000000178e+00,1.343563908692429720e+01,4.907384934257876807e+00,1.170585423193082564e+00,4.555555555555555358e+00
6.219999999999999751e+00,1.346867560874293268e+01,5.089331359769865060e+00,1.185530336539680318e+00,4.555555555555555358e+00
6.240000000000000213e+00,1.347401859816517700e+01,5.278534117884812638e+00,1.202992716616174240e+00,4.555555555555555358e+00
6.259999999999999787e+00,1.345115112109569822e+01,5.473682718060825181e+00,1.223022090797647454e+00,4.555555555555555358e+00
6.280000000000000249e+00,1.339992947092439834e+01,5.673220646462859840e+00,1.245661333389884717e+00,4.555555555555555358e+00
6.299999999999999822e+00,1.332060959733114380e+01,5.875349321969974170e+00,1.270943492873700897e+00,4.555555555555555358e+00
6.320000000000000284e+00,1.321386300374150302e+01,6.078043270392859299e+00,1.298888144552710289e+00,4.555555555555555358e+00
6.339999999999999858e+00,1.308078015354536028e+01,6.279077624775077915e+00,1.329497315669878832e+00,4.555555555555555358e+00
6.360000000000000320e+00,1.292285998906304911e+01,6.476068307274075231e+00,1.362751068186017545e+00,4.555555555555555358e+00
6.379999999999999893e+00,1.274198494418633665e+01,6.666524314287582520e+00,1.398602867758407919e+00,4.555555555555555358e+00
6.400000000000000355e+00,1.254038176666440840e+01,6.847910492022663220e+00,1.436974913392518705e+00,4.555555555555555358e+00
6.419999999999999929e+00,1.232056947177197337e+01,7.017718166503931876e+00,1.477753646988546166e+00,4.555555555555555358e+00
6.440000000000000391e+00,1.208529671570025066e+01,7.173540108711082830e+00,1.520785700803219287e+00,4.555555555555555358e+00
6.459999999999999964e+00,1.183747168832209162e+01,7.313145696867187517e+00,1.565874568316411919e+00,4.555555555555555358e+00
6.480000000000000426e+00,1.158008817831249893e+01,7.434551881899418291e+00,1.612778294719529937e+00,4.555555555555555358e+00
6.500000000000000000e+00,1.131615168845103447e+01,7.536085720325051973e+00,1.661208472528557856e+00,4.555555555555555358e+00
6.520000000000000462e+00,1.104860935020079538e+01,7.616434804764538491e+00,1.710830792492586738e+00,4.555555555555555358e+00
6.540000000000000036e+00,1.078028692902753249e+01,7.674682831134251870e+00,1.761267339110487828e+00,4.555555555555555358e+00
6.560000000000000497e+00,1.051383549427122333e+01,7.710328681624412539e+00,1.812100735575429944e+00,4.555555555555555358e+00
6.580000000000000071e+00,1.025168944887937883e+01,7.723288635476029285e+00,1.862880139713924077e+00,4.555555555555555358e+00
6.600000000000000533e+00,9.996036685821573897e+00,7.713882504395337847e+00,1.913128978082370368e+00,4.555555555555555358e+00
6.620000000000000107e+00,9.748800763343957954e+00,7.682805504941521590e+00,1.962354189478367150e+00,4.555555555555555358e+00
6.640000000000000568e+00,9.511634252276667922e+00,7.631088440847467069e+00,2.010056642334010490e+00,4.555555555555555358e+00
6.660000000000000142e+00,9.285921856786284678e+00,7.560049231490560295e+00,2.055742303074806099e+00,4.555555555555555358e+00
6.679999999999999716e+00,9.072791564533403630e+00,7.471238987953492838e+00,2.098933673195324534e+00,4.555555555555555358e+00
6.700000000000000178e+00,8.873131934334718807e+00,7.366385738633548286e+00,2.139180987394219358e+00,4.555555555555555358e+00
6.719999999999999751e+00,8.687613649914259994e+00,7.247338598028717271e+00,2.176072675982115623e+00,4.555555555555555358e+00
6.740000000000000213e+00,8.516713616461084158e+00,7.116014721383363550e+00,2.209244640517112224e+00,4.555555555555555358e+00
6.759999999999999787e+00,8.360740108572263907e+00,6.974350860375865047e+00,2.238387967340170537e+00,4.555555555555555358e+00
6.780000000000000249e+00,8.219857752963227071e+00,6.824260789200097932e+00,2.263254801736615196e+00,4.555555555555555358e+00
6.799999999999999822e+00,8.094111413399296850e+00,6.667599352179764516e+00,2.283662216512043930e+00,4.555555555555555358e+00
6.820000000000000284e+00,7.983448313832689713e+00,6.506133425565659323e+00,2.299494023014320820e+00,4.555555555555555358e+00
6.839999999999999858e+00,7.887737972770454853e+00,6.341519706255574818e+00,2.310700580866645648e+00,4.555555555555555358e+00
6.860000000000000320e+00,7.806789719231010949e+00,6.175288946383304278e+00,2.317296757264395435e+00,4.555555555555555358e+00
6.879999999999999893e+00,7.740367716080845284e+00,6.008836043834263840e+00,2.319358262156396400e+00,4.555555555555555358e+00
6.900000000000000355e+00,7.688203532106793858e+00,5.843415267452558126e+00,2.317016638921802318e+00,4.555555555555555358e+00
6.919999999999999929e+00,7.650006384475386945e+00,5.680139831011024043e+00,2.310453220554441689e+00,4.555555555555555358e+00
6.940000000000000391e+00,7.625471224110285995e+00,5.519985019216112399e+00,2.299892370182497370e+00,4.555555555555555358e+00
6.959999999999999964e+00,7.614284864117032647e+00,5.363794099196977250e+00,2.285594314813725880e+00,4.555555555555555358e+00
6.980000000000000426e+00,7.616130361488784750e+00,5.212286309993092281e+00,2.267847856303629506e+00,4.555555555555555358e+00
7.000000000000000000e+00,7.630689860020785531e+00,5.066066299883923207e+00,2.246963207919661976e+00,4.555555555555555358e+00
7.020000000000000462e+00,7.657646091871106009e+00,4.925634468161101509e+00,2.223265162703141673e+00,4.555555555555555358e+00
7.040000000000000036e+00,7.696682719884812229e+00,4.791397757159866266e+00,2.197086754905257955e+00,4.555555555555555358e+00
7.060000000000000497e+00,7.747483685198884196e+00,4.663680526857261199e+00,2.168763531268578681e+00,4.555555555555555358e+00
7.080000000000000071e+00,7.809731706624124747e+00,4.542735224518594350e+00,2.138628507284033642e+00,4.555555555555555358e+00
7.100000000000000533e+00,7.883106061148780874e+00,4.428752633488540980e+00,2.107007846472806367e+00,4.555555555555555358e+00
7.120000000000000107e+00,7.967279759471653122e+00,4.321871547121551416e+00,2.074217269230160809e+00,4.555555555555555358e+00
7.140000000000000568e+00,8.061916217257488526e+00,4.222187765698815376e+00,2.040559172242200958e+00,4.555555555555555358e+00
7.160000000000000142e+00,8.166665512075006461e+00,4.129762356252878241e+00,2.006320419899002339e+00,4.555555555555555358e+00
7.179999999999999716e+00,8.281160307814305455e+00,4.044629148179780920e+00,1.971770755091013294e+00,4.555555555555555358e+00
7.200000000000000178e+00,8.405011522753408570e+00,3.966801462260719724e+00,1.937161767680361413e+00,4.555555555555555358e+00
7.219999999999999751e+00,8.537803814243369871e+00,3.896278088247979721e+00,1.902726354053251523e+00,4.555555555555555358e+00
7.240000000000000213e+00,8.679090952049309138e+00,3.833048537517520948e+00,1.868678599710691612e+00,4.555555555555555358e+00
7.259999999999999787e+00,8.828391153533349467e+00,3.777097603431343043e+00,1.835214018086540833e+00,4.555555555555555358e+00
7.280000000000000249e+00,8.985182456889770464e+00,3.728409263880413160e+00,1.802510081996173019e+00,4.555555555555555358e+00
7.299999999999999822e+00,9.148898213327125717e+00,3.686969958783955725e+00,1.770726988699419469e+00,4.555555555555555358e+00
7.320000000000000284e+00,9.318922785211423587e+00,3.652771270786683733e+00,1.740008604984379703e+00,4.555555555555555358e+00
7.339999999999999858e+00,9.494587544502676835e+00,3.625812030606704095e+00,1.710483544515188692e+00,4.555555555555555358e+00
7.360000000000000320e+00,9.675167274081612589e+00,3.606099859946153341e+00,1.682266335597731644e+00,4.555555555555555358e+00
7.379999999999999893e+00,9.859877083496744632e+00,3.593652155029141593e+00,1.655458643244220207e+00,4.555555555555555358e+00
7.400000000000000355e+00,1.004786995995025833e+01,3.588496503093856926e+00,1.630150514771906645e+00,4.555555555555555358e+00
7.419999999999999929e+00,1.023823508461789089e+01,3.590670512959531102e+00,1.606421623022560752e+00,4.555555555555555358e+00
7.440000000000000391e+00,1.042999705322437798e+01,3.600221029578476006e+00,1.584342485554055102e+00,4.555555555555555358e+00
7.459999999999999964e+00,1.062211614763725009e+01,3.617202691814229709e+00,1.563975641786480519e+00,4.555555555555555358e+00
7.480000000000000426e+00,1.081348981143852228e+01,3.641675783226177021e+00,1.545376773063529718e+00,4.555555555555555358e+00
7.500000000000000000e+00,1.100295548617259023e+01,3.673703318215335134e+00,1.528595752917151440e+00,4.555555555555555358e+00
7.520000000000000462e+00,1.118929496525144174e+01,3.713347301513182597e+00,1.513677616517089097e+00,4.555555555555555358e+00
7.540000000000000036e+00,1.137124041811808439e+01,3.760664098904628272e+00,1.500663439376551223e+00,4.555555555555555358e+00
7.560000000000000497e+00,1.154748222679695324e+01,3.815698862708332584e+00,1.489591115911405250e+00,4.555555555555555358e+00
7.580000000000000071e+00,1.171667875875465370e+01,3.878478968515300274e+00,1.480496028464534097e+00,4.555555555555555358e+00
7.600000000000000533e+00,1.187746817224546270e+01,3.949006441742567208e+00,1.473411596974016469e+00,4.555555555555555358e+00
7.620000000000000107e+00,1.202848231113654798e+01,4.027249385408083526e+00,1.468369698664968581e+00,4.555555555555555358e+00
7.640000000000000568e+00,1.216836269379009217e+01,4.113132465678762451e+00,1.465400946083212474e+00,4.555555555555555358e+00
7.660000000000000142e+00,1.229577853342649085e+01,4.206526570207583582e+00,1.464534810594948055e+00,4.555555555555555358e+00
7.679999999999999716e+00,1.240944664463220626e+01,4.307237826253299318e+00,1.465799577314592872e+00,4.555555555555555358e+00
7.700000000000000178e+00,1.250815299245021173e+01,4.414996250034177727e+00,1.469222116496676778e+00,4.555555555555555358e+00
7.719999999999999751e+00,1.259077552840006220e+01,4.529444393014814274e+00,1.474827455984223601e+00,4.555555555555555358e+00
7.740000000000000213e+00,1.265630783532358983e+01,4.650126450122303190e+00,1.482638139636209607e+00,4.555555555555555358e+00
7.759999999999999787e+00,1.270388297592952220e+01,4.776478392174565712e+00,1.492673358089906532e+00,4.555555555555555358e+00
7.780000000000000249e+00,1.273279681659681728e+01,4.907819770657339653e+00,1.504947841105511719e+00,4.555555555555555358e+00
7.799999999999999822e+00,1.274252998908728962e+01,5.043347905929937092e+00,1.519470505449075803e+00,4.555555555555555358e+00
7.820000000000000284e+00,1.273276757094377309e+01,5.182135197198151744e+00,1.536242859123275961e+00,4.555555555555555358e+00
7.839999999999999858e+00,1.270341552411302111e+01,5.323130271358307297e+00,1.555257172005212185e+00,4.555555555555555358e+00
7.860000000000000320e+00,1.265461294384144786e+01,5.465163606997210266e+00,1.576494434713758608e+00,4.555555555555555358e+00
7.879999999999999893e+00,1.258673924687901469e+01,5.606958122135877076e+00,1.599922141726365377e+00,4.555555555555555358e+00
7.900000000000000355e+00,1.250041557575559992e+01,5.747144998380660397e+00,1.625491951055451967e+00,4.555555555555555358e+00
7.919999999999999929e+00,1.239649991418905906e+01,5.884284736393407655e+00,1.653137290520530378e+00,4.555555555555555358e+00
7.940000000000000391e+00,1.227607568949082761e+01,6.016893113173060748e+00,1.682770998808171825e+00,4.555555555555555358e+00
7.959999999999999964e+00,1.214043396473505432e+01,6.143471364268089374e+00,1.714283106746015806e+00,4.555555555555555358e+00
7.980000000000000426e+00,1.199104967245115816e+01,6.262539574284081922e+00,1.747538878881528923e+00,4.555555555555555358e+00
8.000000000000000000e+00,1.182955268326991849e+01,6.372671961161698206e+00,1.782377245713438363e+00,4.555555555555555358e+00
8.019999999999999574e+00,1.165769480583321638e+01,6.472532517270150443e+00,1.818609760908539874e+00,4.555555555555555358e+00
8.040000000000000924e+00,1.147731404895428575e+01,6.560909351504689901e+00,1.856020213866314439e+00,4.555555555555555358e+00
8.060000000000000497e+00,1.129029762026638117e+01,6.636746079481441463e+00,1.894365014806192571e+00,4.555555555555555358e+00
8.080000000000000071e+00,1.109854517378482086e+01,6.699168738668140222e+00,1.933374446540425673e+00,4.555555555555555358e+00
8.099999999999999645e+00,1.090393374985264252e+01,6.747506952613723463e+00,1.972754844503334493e+00,4.555555555555555358e+00
8.120000000000000995e+00,1.070828568449196538e+01,6.781308410767902473e+00,2.012191725648269092e+00,4.555555555555555358e+00
8.140000000000000568e+00,1.051334052095451455e+01,6.800346134937345965e+00,2.051353839688098368e+00,4.555555555555555358e+00
8.160000000000000142e+00,1.032073166091246641e+01,6.804618431829205782e+00,2.089898065894344903e+00,4.555555555555555358e+00
8.179999999999999716e+00,1.013196817591894217e+01,6.794341844606145209e+00,2.127475028949768365e+00,4.555555555555555358e+00
8.199999999999999289e+00,9.948421890173463566e+00,6.769937780602926836e+00,2.163735262099959922e+00,4.555555555555555358e+00
8.220000000000000639e+00,9.771319567573714338e+00,6.732013781216503290e+00,2.198335708854856296e+00,4.555555555555555358e+00
8.240000000000000213e+00,9.601739807219514589e+00,6.681340597701080242e+00,2.230946328967739589e+00,4.555555555555555358e+00
8.259999999999999787e+00,9.440614082052666944e+00,6.618826338164839562e+00,2.261256562650089563e+00,4.555555555555555358e+00
8.279999999999999361e+00,9.288731247885937847e+00,6.545488961165755626e+00,2.288981410053385179e+00,4.555555555555555358e+00
8.300000000000000711e+00,9.146744801193527508e+00,6.462428322211783538e+00,2.313866900739003807e+00,4.555555555555555358e+00
8.320000000000000284e+00,9.015182165682919191e+00,6.370798848384304769e+00,2.335694758668995341e+00,4.555555555555555358e+00
8.339999999999999858e+00,8.894455329173926117e+00,6.271783742651687810e+00,2.354286109607019561e+00,4.555555555555555358e+00
8.359999999999999432e+00,8.784872222084674220e+00,6.166571422514987688e+00,2.369504126369509578e+00,4.555555555555555358e+00
8.380000000000000782e+00,8.686648315741162918e+00,6.056334694782373518e+00,2.381255559363827601e+00,4.555555555555555358e+00
8.400000000000000355e+00,8.599918013081598644e+00,5.942212973751570537e+00,2.389491151538086999e+00,4.555555555555555358e+00
8.419999999999999929e+00,8.524745498358692330e+00,5.825297674485077515e+00,2.394204984840565764e+00,4.555555555555555358e+00
8.439999999999999503e+00,8.461134800498331998e+00,5.706620763087859594e+00,2.395432846767246104e+00,4.555555555555555358e+00
8.460000000000000853e+00,8.409038903195437342e+00,5.587146325465058183e+00,2.393249738592091891e+00,4.555555555555555358e+00
8.480000000000000426e+00,8.368367801682367713e+00,5.467764925650305585e+00,2.387766670330706109e+00,4.555555555555555358e+00
8.500000000000000000e+00,8.338995460820132877e+00,5.349290462990693662e+00,2.379126901135661054e+00,4.555555555555555358e+00
8.519999999999999574e+00,8.320765672157262927e+00,5.232459201287657180e+00,2.367501788151391562e+00,4.555555555555555358e+00
8.540000000000000924e+00,8.313496839945766936e+00,5.117930628563288842e+00,2.353086402935311572e+00,4.555555555555555358e+00
8.560000000000000497e+00,8.316985749234371283e+00,5.006289809200268337e+00,2.336095063837372088e+00,4.555555555555555358e+00
8.580000000000000071e+00,8.331010384658071644e+00,4.898050906549907602e+00,2.316756916883833117e+00,4.555555555555555358e+00
8.599999999999999645e+00,8.355331877980310296e+00,4.793661579765820413e+00,2.295311678430222102e+00,4.555555555555555358e+00
8.620000000000000995e+00,8.389695667276432900e+00,4.693507990119082152e+00,2.272005631732348707e+00,4.555555555555555358e+00
8.640000000000000568e+00,8.433831952158584500e+00,4.597920186466081027e+00,2.247087948036512017e+00,4.555555555555555358e+00
8.660000000000000142e+00,8.487455528719925368e+00,4.507177674543590307e+00,2.220807381960371529e+00,4.555555555555555358e+00
8.679999999999999716e+00,8.550265085806689314e+00,4.421515008594801621e+00,2.193409371696148469e+00,4.555555555555555358e+00
8.700000000000001066e+00,8.621942041509058186e+00,4.341127275235858285e+00,2.165133557515388940e+00,4.555555555555555358e+00
8.720000000000000639e+00,8.702148995926815900e+00,4.266175367645972827e+00,2.136211717536744548e+00,4.555555555555555358e+00
8.740000000000000213e+00,8.790527873699138794e+00,4.196790972658145158e+00,2.106866107868902382e+00,4.555555555555555358e+00
8.759999999999999787e+00,8.886697827754034051e+00,4.133081213977856549e+00,2.077308185023040377e+00,4.555555555555555358e+00
8.779999999999999361e+00,8.990252974396399921e+00,4.075132911611619058e+00,2.047737681739261184e+00,4.555555555555555358e+00
8.800000000000000711e+00,9.100760029297919829e+00,4.023016430843354030e+00,2.018342002839677463e+00,4.555555555555555358e+00
8.820000000000000284e+00,9.217755914194897926e+00,3.976789104050278301e+00,1.989295905107178797e+00,4.555555555555555358e+00
8.839999999999999858e+00,9.340745405106137156e+00,3.936498215656360156e+00,1.960761424172360989e+00,4.555555555555555358e+00
8.859999999999999432e+00,9.469198894571997371e+00,3.902183544965492246e+00,1.932888011652043714e+00,4.555555555555555358e+00
8.880000000000000782e+00,9.602550342669163186e+00,3.873879463894180475e+00,1.905812847019302758e+00,4.555555555555555358e+00
8.900000000000000355e+00,9.740195494219500816e+00,3.851616587130415770e+00,1.879661290623298564e+00,4.555555555555555358e+00
8.919999999999999929e+00,9.881490442497337767e+00,3.835422971373208867e+00,1.854547446677944578e+00,4.555555555555555358e+00
8.939999999999999503e+00,1.002575062262376271e+01,3.825324858445121379e+00,1.830574807698804207e+00,4.555555555555555358e+00
8.960000000000000853e+00,1.017225032045685573e+01,3.821346954610558289e+00,1.807836954621149461e+00,4.555555555555555358e+00
8.980000000000000426e+00,1.032022278483818312e+01,3.823512235779781054e+00,1.786418289546863214e+00,4.555555555555555358e+00
9.000000000000000000e+00,1.046886103218572117e+01,3.831841265858395573e+00,1.766394780643208540e+00,4.555555555555555358e+00
9.019999999999999574e+00,1.061731943222600449e+01,3.846351013771450056e+00,1.747834701079678865e+00,4.555555555555555358e+00
9.040000000000000924e+00,1.076471616167117418e+01,3.867053154145847049e+00,1.730799345991740124e+00,4.555555555555555358e+00
9.060000000000000497e+00,1.091013660834869725e+01,3.893951837812132055e+00,1.715343713274918303e+00,4.555555555555555358e+00
9.080000000000000071e+00,1.105263780110636240e+01,3.927040921763209624e+00,1.701517135530336677e+00,4.555555555555555358e+00
9.099999999999999645e+00,1.119125393012122593e+01,3.966300654585487084e+00,1.689363851710648179e+00,4.555555555555555358e+00
9.120000000000000995e+00,1.132500300739203070e+01,4.011693823260776171e+00,1.678923507975312646e+00,4.555555555555555358e+00
9.140000000000000568e+00,1.145289469755293510e+01,4.063161381189078547e+00,1.670231577992342675e+00,4.555555555555555358e+00
9.160000000000000142e+00,1.157393932413403448e+01,4.120617595769992647e+00,1.663319693469843319e+00,4.555555555555555358e+00
9.179999999999999716e+00,1.168715802556181949e+01,4.183944777196600739e+00,1.658215876128825261e+00,4.555555555555555358e+00
9.200000000000001066e+00,1.179159399830897215e+01,4.252987678284172901e+00,1.654944662717334314e+00,4.555555555555555358e+00
9.220000000000000639e+00,1.188632472176183086e+01,4.327547687822782763e+00,1.653527115108121448e+00,4.555555555555555358e+00
9.240000000000000213e+00,1.197047501111542189e+01,4.407376976261642376e+00,1.653980708125630805e+00,4.555555555555555358e+00
9.259999999999999787e+00,1.204323069203862673e+01,4.492172791057614134e+00,1.656319088633995129e+00,4.555555555555555358e+00
9.279999999999999361e+00,1.210385263576256243e+01,4.581572137624188912e+00,1.660551700717284529e+00,4.555555555555555358e+00
9.300000000000000711e+00,1.215169083817287543e+01,4.675147117661299312e+00,1.666683273633005502e+00,4.555555555555555358e+00
9.320000000000000284e+00,1.218619817473777367e+01,4.772401226223670356e+00,1.674713171753747787e+00,4.555555555555555358e+00
9.339999999999999858e+00,1.220694341867802812e+01,4.872766928166773148e+00,1.684634609050298382e+00,4.555555555555555358e+00
9.359999999999999432e+00,1.221362307719102169e+01,4.975604839309697880e+00,1.696433734905069102e+00,4.555555555555555358e+00
9.380000000000000782e+00,1.220607158448322416e+01,5.080204823625617649e+00,1.710088603224803716e+00,4.555555555555555358e+00
9.400000000000000355e+00,1.218426939530959174e+01,5.185789281509634030e+00,1.725568042929277457e+00,4.555555555555555358e+00
9.419999999999999929e+00,1.214834855235248412e+01,5.291518843402573502e+00,1.742830454826707065e+00,4.555555555555555358e+00
9.439999999999999503e+00,1.209859535741995806e+01,5.396500597303790059e+00,1.761822567442929310e+00,4.555555555555555358e+00
9.460000000000000853e+00,1.203544986049845456e+01,5.499798869841317384e+00,1.782478192230235292e+00,4.555555555555555358e+00
9.480000000000000426e+00,1.195950199018075821e+01,5.600448453075151711e+00,1.804717026302354643e+00,4.555555555555555358e+00
9.500000000000000000e+00,1.187148427933081329e+01,5.697470030245754380e+00,1.828443557869798397e+00,4.555555555555555358e+00
9.519999999999999574e+00,1.177226128394307203e+01,5.789887412734566752e+00,1.853546135237980508e+00,4.555555555555555358e+00
9.540000000000000924e+00,1.166281594180545866e+01,5.876746068680506419e+00,1.879896263879483831e+00,4.555555555555555358e+00
9.560000000000000497e+00,1.154423326024644147e+01,5.957132312653132367e+00,1.907348197004171908e+00,4.555555555555555358e+00
9.580000000000000071e+00,1.141768184810466202e+01,6.030192446438162435e+00,1.935738882601116373e+00,4.555555555555555358e+00
9.599999999999999645e+00,1.128439390615198334e+01,6.095151102177962521e+00,1.964888323638872114e+00,4.555555555555555358e+00
9.620000000000000995e+00,1.114564435460951941e+01,6.151328046382152692e+00,1.994600397737471109e+00,4.555555555555555358e+00
9.640000000000000568e+00,1.100272980118176314e+01,6.198152758114019889e+00,2.024664168213950344e+00,4.555555555555555358e+00
9.660000000000000142e+00,1.085694803681886178e+01,6.235176193943770429e+00,2.054855700342177904e+00,4.555555555555555358e+00
9.679999999999999716e+00,1.070957869151215647e+01,6.262079288805746380e+00,2.084940375702908799e+00,4.555555555555555358e+00
9.700000000000001066e+00,1.056186559448409312e+01,6.278677905053079655e+00,2.114675674710751352e+00,4.555555555555555358e+00
9.720000000000000639e+00,1.041500127038441548e+01,6.284924118924912761e+00,2.143814374140319501e+00,4.555555555555555358e+00
9.740000000000000213e+00,1.027011387533350728e+01,6.280903910743929508e+00,2.172108084252203142e+00,4.555555555555555358e+00
9.759999999999999787e+00,1.012825674405206478e+01,6.266831489588835957e+00,2.199311030497303143e+00,4.555555555555555358e+00
9.779999999999999361e+00,9.990400591406713104e+00,6.243040624077713652e+00,2.225183969207124690e+00,4.555555555555555358e+00
9.800000000000000711e+00,9.857428296468484064e+00,6.209973460306202675e+00,2.249498116362516509e+00,4.555555555555555358e+00
9.820000000000000284e+00,9.730132100500968662e+00,6.168167381350268208e+00,2.272038964310862053e+00,4.555555555555555358e+00
9.839999999999999858e+00,9.609212975691537650e+00,6.118240498929952587e+00,2.292609863555415295e+00,4.555555555555555358e+00
9.859999999999999432e+00,9.495281870146556003e+00,6.060876368773447709e+00,2.311035255362256180e+00,4.555555555555555358e+00
9.880000000000000782e+00,9.388862505935669844e+00,5.996808491302455302e+00,2.327163455333360886e+00,4.555555555555555358e+00
9.900000000000000355e+00,9.290395398501365420e+00,5.926805104533119817e+00,2.340868907274779698e+00,4.555555555555555358e+00
9.919999999999999929e+00,9.200242774241367272e+00,5.851654703468773810e+00,2.352053849327855328e+00,4.555555555555555358e+00
9.939999999999999503e+00,9.118694084703845348e+00,5.772152636794541714e+00,2.360649358922649377e+00,4.555555555555555358e+00
9.960000000000000853e+00,9.045971846714124354e+00,5.689089043937165080e+00,2.366615768101070216e+00,4.555555555555555358e+00
9.980000000000000426e+00,8.982237574242544653e+00,5.603238309187094757e+00,2.369942464670426130e+00,4.555555555555555358e+00
1.000000000000000000e+01,8.927597606778483907e+00,5.515350129092992937e+00,2.370647116209245286e+00,4.555555555555555358e+00
0.000000000000000000e+00,5.000000000000000000e-01,5.000000000000000000e-01,5.000000000000000000e-01,5.000000000000000000e+00
2.000000000000000042e-02,5.467160184999999561e-01,4.535642619999999958e-01,4.555915039999999805e-01,5.000000000000000000e+00
4.000000000000000083e-02,5.982532020207871337e-01,4.117459596433966640e-01,4.150264979328028292e-01,5.000000000000000000e+00
5.999999999999999778e-02,6.550892323408885609e-01,3.740708267614403781e-01,3.780055985910583116e-01,5.000000000000000000e+00
8.000000000000000167e-02,7.177473701969583342e-01,3.401163447784163463e-01,3.442463690819655420e-01,5.000000000000000000e+00
1.000000000000000056e-01,7.868001630059563434e-01,3.095056704755189125e-01,3.134837187905017974e-01,5.000000000000000000e+00
1.199999999999999956e-01,8.628733397321790566e-01,2.819023452410072683e-01,2.854699188425775525e-01,5.000000000000000000e+00
1.400000000000000133e-01,9.466498711773994046e-01,2.570056775014403772e-01,2.599743280302999615e-01,5.000000000000000000e+00
1.600000000000000033e-01,1.038874164611495621e+00,2.345467058874956268e-01,2.367829057193372999e-01,5.000000000000000000e+00
1.799999999999999933e-01,1.140356350222913928e+00,2.142846642394722056e-01,2.156975729568290090e-01,5.000000000000000000e+00
2.000000000000000111e-01,1.251976603061043081e+00,1.960038811160979833e-01,1.965354703764298772e-01,5.000000000000000000e+00
2.200000000000000011e-01,1.374689427667919350e+00,1.795110563188485331e-01,1.791281511420299011e-01,5.000000000000000000e+00
2.399999999999999911e-01,1.509527813165843835e+00,1.646328653339209080e-01,1.633207387205000138e-01,5.000000000000000000e+00
2.600000000000000089e-01,1.657607143923331972e+00,1.512138497457887476e-01,1.489710724118864238e-01,5.000000000000000000e+00
2.800000000000000266e-01,1.820128724869447767e+00,1.391145577819792034e-01,1.359488580231383581e-01,5.000000000000000000e+00
2.999999999999999889e-01,1.998382750974355693e+00,1.282099043749722334e-01,1.241348366195614561e-01,5.000000000000000000e+00
3.200000000000000067e-01,2.193750517426471980e+00,1.183877246183132892e-01,1.134199807334470705e-01,5.000000000000000000e+00
3.400000000000000244e-01,2.407705630901527449e+00,1.095474983756026394e-01,1.037047245896557668e-01,5.000000000000000000e+00
3.599999999999999867e-01,2.641813943628051220e+00,1.015992271827378807e-01,9.489823268813261936e-02,5.000000000000000000e+00
3.800000000000000044e-01,2.897731891699076190e+00,9.446244756289093325e-02,8.691770935112964891e-02,5.000000000000000000e+00
4.000000000000000222e-01,3.177202878760779559e+00,8.806536753806551432e-02,7.968775050544722738e-02,5.000000000000000000e+00
4.199999999999999845e-01,3.482051307947699126e+00,8.234411555236104130e-02,7.313973795076136875e-02,5.000000000000000000e+00
4.400000000000000022e-01,3.814173831589586783e+00,7.724209329901095267e-02,6.721127560123651978e-02,5.000000000000000000e+00
4.600000000000000200e-01,4.175527363479005771e+00,7.270942614533323911e-02,6.184566662769849787e-02,5.000000000000000000e+00
4.799999999999999822e-01,4.568113386948382981e+00,6.870250706126623808e-02,5.699143002969826038e-02,5.000000000000000000e+00
5.000000000000000000e-01,4.993958099139156559e+00,6.518363227236020907e-02,5.260185489671467818e-02,5.000000000000000000e+00
5.200000000000000178e-01,5.455087963922334637e+00,6.212072938723069843e-02,4.863459044788227825e-02,5.000000000000000000e+00
5.400000000000000355e-01,5.953500309764747200e+00,5.948718162689333594e-02,4.505126984767802295e-02,5.000000000000000000e+00
5.600000000000000533e-01,6.491128711363986170e+00,5.726175517800755066e-02,4.181716576303681765e-02,5.000000000000000000e+00
5.799999999999999600e-01,7.069803041500322571e+00,5.542864082138464904e-02,3.890087564106471663e-02,5.000000000000000000e+00
5.999999999999999778e-01,7.691204277240253795e+00,5.397762613628719064e-02,3.627403473451302346e-02,5.000000000000000000e+00
6.199999999999999956e-01,8.356814394738394824e+00,5.290442112866658442e-02,3.391105497552511505e-02,5.000000000000000000e+00
6.400000000000000133e-01,9.067861987809832769e+00,5.221116858515139486e-02,3.178888788993138037e-02,5.000000000000000000e+00
6.600000000000000311e-01,9.825264590099569872e+00,5.190718149981835006e-02,2.988680984927331169e-02,5.000000000000000000e+00
6.800000000000000488e-01,1.062956905506039007e+01,5.200996448858940385e-02,2.818622807191686896e-02,5.000000000000000000e+00
7.000000000000000666e-01,1.148089173000615126e+01,5.254659546671713172e-02,2.667050590541987509e-02,5.000000000000000000e+00
7.199999999999999734e-01,1.237886051957623934e+01,5.355556975752493593e-02,2.532480604820562184e-02,5.000000000000000000e+00
7.399999999999999911e-01,1.332256123117601199e+01,5.508924361390152985e-02,2.413595049908920029e-02,5.000000000000000000e+00
7.600000000000000089e-01,1.431049078494836202e+01,5.721706115568409023e-02,2.309229615894725987e-02,5.000000000000000000e+00
7.800000000000000266e-01,1.534051990470335802e+01,6.002981248863924896e-02,2.218362515173804422e-02,5.000000000000000000e+00
8.000000000000000444e-01,1.640986773605376570e+01,6.364525752888940124e-02,2.140104908567944456e-02,5.000000000000000000e+00
8.200000000000000622e-01,1.751509042219566936e+01,6.821556844132238562e-02,2.073692664529990654e-02,5.000000000000000000e+00
8.399999999999999689e-01,1.865208497673146937e+01,7.393720550921163703e-02,2.018479409983993389e-02,5.000000000000000000e+00
8.599999999999999867e-01,1.981610881374341204e+01,8.106406304423457998e-02,1.973930854583735503e-02,5.000000000000000000e+00
8.800000000000000044e-01,2.100181403423083282e+01,8.992502601694264686e-02,1.939620399051745006e-02,5.000000000000000000e+00
9.000000000000000222e-01,2.220329404932004635e+01,1.009474948816775075e-01,1.915226075566600974e-02,5.000000000000000000e+00
9.200000000000000400e-01,2.341413838109054879e+01,1.146890065258329289e-01,1.900528918018418861e-02,5.000000000000000000e+00
9.400000000000000577e-01,2.462748956036602266e+01,1.318798575383938187e-01,1.895412928461733676e-02,5.000000000000000000e+00
9.599999999999999645e-01,2.583609396459464591e+01,1.534806918670297005e-01,1.899866902347437103e-02,5.000000000000000000e+00
9.799999999999999822e-01,2.703233620851442964e+01,1.807604347321907501e-01,1.913988512641414536e-02,5.000000000000000000e+00
1.000000000000000000e+00,2.820824427824718228e+01,2.154018376279253633e-01,1.937991251895698763e-02,5.000000000000000000e+00
1.020000000000000018e+00,2.935544991060336528e+01,2.596443435806637945e-01,1.972215121729370760e-02,5.000000000000000000e+00
1.040000000000000036e+00,3.046508567509222587e+01,3.164770489280382959e-01,2.017142385509192518e-02,5.000000000000000000e+00
1.060000000000000053e+00,3.152759678432473933e+01,3.898981727797379282e-01,2.073420327929906964e-02,5.000000000000000000e+00
1.080000000000000071e+00,3.253244201606094066e+01,4.852613143977453358e-01,2.141893890514896814e-02,5.000000000000000000e+00
1.100000000000000089e+00,3.346765496044982058e+01,6.097319569714955145e-01,2.223652412521662930e-02,5.000000000000000000e+00
1.120000000000000107e+00,3.431923584151787310e+01,7.728780775722652319e-01,2.320096695434932521e-02,5.000000000000000000e+00
1.140000000000000124e+00,3.507034911339833627e+01,9.874121273744536076e-01,2.433035486247029505e-02,5.000000000000000000e+00
1.159999999999999920e+00,3.570032004890218502e+01,1.270080186013522461e+00,2.564824567175639364e-02,5.000000000000000000e+00
1.179999999999999938e+00,3.618346718736602696e+01,1.642644264898491357e+00,2.718567307306866618e-02,5.000000000000000000e+00
1.199999999999999956e+00,3.648789661644198645e+01,2.132804742600145076e+00,2.898403051981366177e-02,5.000000000000000000e+00
1.219999999999999973e+00,3.657454502561861887e+01,2.774735161869467337e+00,3.109919006235691008e-02,5.000000000000000000e+00
1.239999999999999991e+00,3.639701491131442168e+01,3.608630263596755761e+00,3.360731241363281580e-02,5.000000000000000000e+00
1.260000000000000009e+00,3.590308825620531508e+01,4.678319778871557588e+00,3.661287953879038132e-02,5.000000000000000000e+00
1.280000000000000027e+00,3.503912809901295589e+01,6.025707860566726026e+00,4.025946120858844152e-02,5.000000000000000000e+00
1.300000000000000044e+00,3.375858212172062878e+01,7.680908104238655554e+00,4.474348373270278095e-02,5.000000000000000000e+00
1.320000000000000062e+00,3.203495624544996900e+01,9.648046649381051054e+00,5.033061159410516516e-02,5.000000000000000000e+00
1.340000000000000080e+00,2.987740297389134980e+01,1.188932577161693160e+01,5.737308352553992241e-02,5.000000000000000000e+00
1.360000000000000098e+00,2.734372866281506020e+01,1.431362311359812978e+01,6.632443550326477810e-02,5.000000000000000000e+00
1.380000000000000115e+00,2.454320194637920594e+01,1.677814382125477977e+01,7.774592500830483643e-02,5.000000000000000000e+00
1.400000000000000133e+00,2.162342339443886274e+01,1.910860965006239809e+01,9.229770708125260847e-02,5.000000000000000000e+00
1.419999999999999929e+00,1.874300731757125504e+01,2.113414981029538708e+01,1.107087102136493362e-01,5.000000000000000000e+00
1.439999999999999947e+00,1.604050708258550628e+01,2.272327814609632668e+01,1.337227396085429176e-01,5.000000000000000000e+00
1.459999999999999964e+00,1.361237431019766753e+01,2.380592967751133315e+01,1.620236160218677390e-01,5.000000000000000000e+00
1.479999999999999982e+00,1.150655816881493010e+01,2.437521094944239763e+01,1.961473278644566276e-01,5.000000000000000000e+00
1.500000000000000000e+00,9.729482131498153663e+00,2.447343771737788387e+01,2.363929084909980327e-01,5.000000000000000000e+00
1.520000000000000018e+00,8.259392662700422605e+00,2.417207405037368062e+01,2.827455111790057041e-01,5.000000000000000000e+00
1.540000000000000036e+00,7.059715567669645253e+00,2.355351037008328063e+01,3.348246144431402116e-01,5.000000000000000000e+00
1.560000000000000053e+00,6.089132416569071893e+00,2.269830800496818668e+01,3.918672340786515385e-01,5.000000000000000000e+00
1.580000000000000071e+00,5.307778061490961541e+00,2.167809811938323961e+01,4.527507948000603077e-01,5.000000000000000000e+00
1.600000000000000089e+00,4.680319799201482667e+00,2.055274036180903252e+01,5.160540104581867737e-01,5.000000000000000000e+00
1.620000000000000107e+00,4.176998097722046666e+00,1.937010732546054470e+01,5.801481981212939232e-01,5.000000000000000000e+00
1.640000000000000124e+00,3.773534630940187817e+00,1.816721074726515184e+01,6.433071982841653824e-01,5.000000000000000000e+00
1.660000000000000142e+00,3.450517513299702799e+00,1.697184328980136314e+01,7.038222291902479499e-01,5.000000000000000000e+00
1.679999999999999938e+00,3.192619132063315490e+00,1.580427859434259474e+01,7.601086377736997468e-01,5.000000000000000000e+00
1.699999999999999956e+00,2.987828233403382328e+00,1.467881453200560138e+01,8.107941323406028244e-01,5.000000000000000000e+00
1.719999999999999973e+00,2.826774323711978010e+00,1.360508361337668859e+01,8.547818752224112249e-01,5.000000000000000000e+00
1.739999999999999991e+00,2.702166928445454808e+00,1.258912507780656220e+01,8.912858938455014979e-01,5.000000000000000000e+00
1.760000000000000009e+00,2.608345708444142819e+00,1.163424365993540199e+01,9.198398977957953360e-01,5.000000000000000000e+00
1.780000000000000027e+00,2.540926813688856978e+00,1.074168935238588851e+01,9.402832943383908626e-01,5.000000000000000000e+00
1.800000000000000044e+00,2.496528257805128881e+00,9.911191878604142858e+00,9.527297916707759828e-01,5.000000000000000000e+00
1.820000000000000062e+00,2.472558122382277457e+00,9.141379138352672129e+00,9.575245256356393897e-01,5.000000000000000000e+00
1.840000000000000080e+00,2.467051763425557986e+00,8.430103582289875774e+00,9.551953557691105212e-01,5.000000000000000000e+00
1.860000000000000098e+00,2.478546795814394965e+00,7.774695596088021965e+00,9.464031312772293036e-01,5.000000000000000000e+00
1.880000000000000115e+00,2.505987006185166788e+00,7.172158943108820850e+00,9.318946024965367725e-01,5.000000000000000000e+00
1.900000000000000133e+00,2.548648333393246368e+00,6.619320144112382565e+00,9.124604741069707314e-01,5.000000000000000000e+00
1.919999999999999929e+00,2.606081645740265351e+00,6.112941229267200960e+00,8.889000193560829821e-01,5.000000000000000000e+00
1.939999999999999947e+00,2.678068280641415999e+00,5.649803417728513466e+00,8.619927882283896503e-01,5.000000000000000000e+00
1.959999999999999964e+00,2.764585257296242382e+00,5.226767818013489553e+00,8.324772794442002466e-01,5.000000000000000000e+00
1.979999999999999982e+00,2.865777786696142471e+00,4.840818086317179691e+00,8.010359998226808109e-01,5.000000000000000000e+00
2.000000000000000000e+00,2.981937238126121770e+00,4.489089049718801405e+00,7.682860752490754397e-01,5.000000000000000000e+00
2.020000000000000018e+00,3.113483119528831722e+00,4.168884542032607499e+00,7.347744654983523471e-01,5.000000000000000000e+00
2.040000000000000036e+00,3.260947923899860434e+00,3.877687074732320216e+00,7.009768296631809781e-01,5.000000000000000000e+00
2.060000000000000053e+00,3.424963910836781533e+00,3.613161448421573496e+00,6.672991533850983759e-01,5.000000000000000000e+00
2.080000000000000071e+00,3.606251050978680706e+00,3.373153983453625049e+00,6.340813537770817465e-01,5.000000000000000000e+00
2.100000000000000089e+00,3.805605476223945072e+00,3.155688697597252457e+00,6.016022005125972738e-01,5.000000000000000000e+00
2.120000000000000107e+00,4.023887861721660464e+00,2.958961472826933559e+00,5.700850164866888559e-01,5.000000000000000000e+00
2.140000000000000124e+00,4.262011225587845509e+00,2.781333022823347711e+00,5.397037388193945961e-01,5.000000000000000000e+00
2.160000000000000142e+00,4.520927676177905141e+00,2.621321289290292622e+00,5.105890252086614511e-01,5.000000000000000000e+00
2.180000000000000160e+00,4.801613670342026907e+00,2.477593751443660786e+00,4.828341793152158279e-01,5.000000000000000000e+00
2.200000000000000178e+00,5.105053374288039514e+00,2.348960022662193836e+00,4.565007416412769081e-01,5.000000000000000000e+00
2.220000000000000195e+00,5.432219745716874826e+00,2.234365025850200137e+00,4.316236502091522764e-01,5.000000000000000000e+00
2.240000000000000213e+00,5.784052985521554113e+00,2.132882979931690404e+00,4.082159199193112764e-01,5.000000000000000000e+00
2.260000000000000231e+00,6.161436042849190109e+00,2.043712390238074050e+00,3.862728227306234663e-01,5.000000000000000000e+00
2.280000000000000249e+00,6.565166901535634203e+00,1.966172212238155748e+00,3.657755747489487286e-01,5.000000000000000000e+00
2.300000000000000266e+00,6.995927431061960355e+00,1.899699348570167201e+00,3.466945527980559993e-01,5.000000000000000000e+00
2.319999999999999840e+00,7.454248652710202094e+00,1.843847641643194368e+00,3.289920737336392009e-01,5.000000000000000000e+00
2.339999999999999858e+00,7.940472351982778676e+00,1.798288536496917223e+00,3.126247760608253934e-01,5.000000000000000000e+00
2.359999999999999876e+00,8.454709060848992763e+00,1.762813609618518962e+00,2.975456465010542506e-01,5.000000000000000000e+00
2.379999999999999893e+00,8.996792535849824191e+00,1.737339187395647633e+00,2.837057349761543668e-01,5.000000000000000000e+00
2.399999999999999911e+00,9.566230966940338476e+00,1.721913310779098483e+00,2.710556007917011012e-01,5.000000000000000000e+00
2.419999999999999929e+00,1.016215526233261812e+01,1.716725337560914610e+00,2.595465312003373826e-01,5.000000000000000000e+00
2.439999999999999947e+00,1.078326486099037496e+01,1.722118505852639814e+00,2.491315714674921800e-01,5.000000000000000000e+00
2.459999999999999964e+00,1.142777162172006022e+01,1.738605804690140921e+00,2.397664034005682621e-01,5.000000000000000000e+00
2.479999999999999982e+00,1.209334242318945840e+01,1.766889499037876288e+00,2.314101073113480900e-01,5.000000000000000000e+00
2.500000000000000000e+00,1.277704118493369556e+01,1.807884619785536717e+00,2.240258407728268064e-01,5.000000000000000000e+00
2.520000000000000018e+00,1.347527109664683387e+01,1.862746629180890956e+00,2.175814664734909976e-01,5.000000000000000000e+00
2.540000000000000036e+00,1.418371794687089782e+01,1.932903271429314840e+00,2.120501610960545957e-01,5.000000000000000000e+00
2.560000000000000053e+00,1.489729561752140441e+01,2.020090264311309003e+00,2.074110375520592797e-01,5.000000000000000000e+00
2.580000000000000071e+00,1.561009512877816086e+01,2.126389908479262569e+00,2.036498141454680388e-01,5.000000000000000000e+00
2.600000000000000089e+00,1.631533918300030095e+01,2.254270791781147310e+00,2.007595663114877527e-01,5.000000000000000000e+00
2.620000000000000107e+00,1.700534510447139525e+01,2.406625429108278258e+00,1.987415993711533213e-01,5.000000000000000000e+00
2.640000000000000124e+00,1.767150057209262215e+01,2.586800771322564252e+00,1.976064839737521339e-01,5.000000000000000000e+00
2.660000000000000142e+00,1.830425877438633719e+01,2.798613913972654466e+00,1.973752990023439069e-01,5.000000000000000000e+00
2.680000000000000160e+00,1.889316272883769798e+01,3.046341965570184662e+00,1.980811286877952326e-01,5.000000000000000000e+00
2.700000000000000178e+00,1.942691253691241471e+01,3.334670963298401958e+00,1.997708598557923487e-01,5.000000000000000000e+00
2.720000000000000195e+00,1.989349408226819094e+01,3.668584295914849136e+00,2.025073190403154089e-01,5.000000000000000000e+00
2.740000000000000213e+00,2.028039247282189450e+01,4.053167127058212138e+00,2.063717738479318164e-01,5.000000000000000000e+00
2.760000000000000231e+00,2.057491704948759192e+01,4.493301326355662262e+00,2.114667932278895546e-01,5.000000000000000000e+00
2.780000000000000249e+00,2.076466481788382623e+01,4.993227808316488492e+00,2.179194105480500021e-01,5.000000000000000000e+00
2.800000000000000266e+00,2.083814257121963109e+01,5.555963170528457340e+00,2.258844540663751121e-01,5.000000000000000000e+00
2.819999999999999840e+00,2.078555114497329015e+01,6.182578576015341554e+00,2.355477945920723681e-01,5.000000000000000000e+00
2.839999999999999858e+00,2.059970528679698276e+01,6.871383208347825011e+00,2.471291064138549654e-01,5.000000000000000000e+00
2.859999999999999876e+00,2.027701955233094111e+01,7.617100996486838582e+00,2.608835495671090743e-01,5.000000000000000000e+00
2.879999999999999893e+00,1.981844014512785890e+01,8.410179816340992431e+00,2.771015777851817408e-01,5.000000000000000000e+00
2.899999999999999911e+00,1.923015811723421109e+01,9.236410962093341226e+00,2.961058950596637818e-01,5.000000000000000000e+00
2.919999999999999929e+00,1.852392091736499680e+01,1.007704109736776132e+01,3.182444840131114505e-01,5.000000000000000000e+00
2.939999999999999947e+00,1.771678736186528624e+01,1.090950870155355545e+01,3.438786859607241286e-01,5.000000000000000000e+00
2.959999999999999964e+00,1.683025531896970861e+01,1.170882646320075260e+01,3.733655982689759734e-01,5.000000000000000000e+00
2.979999999999999982e+00,1.588881947802402195e+01,1.244948043637304202e+01,4.070346125733701470e-01,5.000000000000000000e+00
3.000000000000000000e+00,1.491815208944744242e+01,1.310757243321284271e+01,4.451587317499809959e-01,5.000000000000000000e+00
3.020000000000000018e+00,1.394319426916223570e+01,1.366284945399876527e+01,4.879222813397653957e-01,5.000000000000000000e+00
3.040000000000000036e+00,1.298646244858503351e+01,1.410027954684129270e+01,5.353876080293430428e-01,5.000000000000000000e+00
3.060000000000000053e+00,1.206680817187129762e+01,1.441094396370542441e+01,5.874641300489021889e-01,5.000000000000000000e+00
3.080000000000000071e+00,1.119874811771936329e+01,1.459217839290749374e+01,6.438834781141625774e-01,5.000000000000000000e+00
3.100000000000000089e+00,1.039235119980198796e+01,1.464705272527214319e+01,7.041843070976873120e-01,5.000000000000000000e+00
3.120000000000000107e+00,9.653571476093418369e+00,1.458338311025796052e+01,7.677096307471618086e-01,5.000000000000000000e+00
3.140000000000000124e+00,8.984868633846573971e+00,1.441250512560955599e+01,8.336183078211260034e-01,5.000000000000000000e+00
3.160000000000000142e+00,8.385958650776904832e+00,1.414801357501836598e+01,9.009107613425872962e-01,5.000000000000000000e+00
3.180000000000000160e+00,7.854568993388308940e+00,1.380461796457297297e+01,9.684673837913641004e-01,5.000000000000000000e+00
3.200000000000000178e+00,7.387116173470783309e+00,1.339719841790605415e+01,1.035096629234310672e+00,5.000000000000000000e+00
3.220000000000000195e+00,6.979264327460739104e+00,1.294009179287881928e+01,1.099588743724900120e+00,5.000000000000000000e+00
3.240000000000000213e+00,6.626354423801998017e+00,1.244659941363855538e+01,1.160770584342914802e+00,5.000000000000000000e+00
3.260000000000000231e+00,6.323713183652110104e+00,1.192868621773739157e+01,1.217557068183821922e+00,5.000000000000000000e+00
3.280000000000000249e+00,6.066860549517478773e+00,1.139683259571034668e+01,1.268995415146622951e+00,5.000000000000000000e+00
3.300000000000000266e+00,5.851637451979463833e+00,1.086000019165532215e+01,1.314299361086806561e+00,5.000000000000000000e+00
3.320000000000000284e+00,5.674274482506063144e+00,1.032567748054599477e+01,1.352871735003184694e+00,5.000000000000000000e+00
3.339999999999999858e+00,5.531418990857896567e+00,9.799977249150469305e+00,1.384315025580428626e+00,5.000000000000000000e+00
3.359999999999999876e+00,5.420134456522167632e+00,9.287764512324597987e+00,1.408430648780138350e+00,5.000000000000000000e+00
3.379999999999999893e+00,5.337882496171928004e+00,8.792799067616844155e+00,1.425208460831806745e+00,5.000000000000000000e+00
3.399999999999999911e+00,5.282494907470643319e+00,8.317881537301127892e+00,1.434808589812949231e+00,5.000000000000000000e+00
3.419999999999999929e+00,5.252140806999925360e+00,7.864995369197753661e+00,1.437537886731218517e+00,5.000000000000000000e+00
3.439999999999999947e+00,5.245292159271309096e+00,7.435439997160796288e+00,1.433823265600831620e+00,5.000000000000000000e+00
3.459999999999999964e+00,5.260689722292849702e+00,7.029952367169048699e+00,1.424183976025083398e+00,5.000000000000000000e+00
3.479999999999999982e+00,5.297310548213421733e+00,6.648815475441116618e+00,1.409204502821640448e+00,5.000000000000000000e+00
3.500000000000000000e+00,5.354337578839009737e+00,6.291953575343697480e+00,1.389509381775567487e+00,5.000000000000000000e+00
3.520000000000000018e+00,5.431131485482659116e+00,5.959014396560794680e+00,1.365740812701886187e+00,5.000000000000000000e+00
3.540000000000000036e+00,5.527204658610115118e+00,5.649439165122817741e+00,1.338539579050672002e+00,5.000000000000000000e+00
3.560000000000000053e+00,5.642197108928795224e+00,5.362521479239792832e+00,1.308529470278626761e+00,5.000000000000000000e+00
3.580000000000000071e+00,5.775853964790857553e+00,5.097456231583795017e+00,1.276305158999164080e+00,5.000000000000000000e+00
3.600000000000000089e+00,5.928004217927196784e+00,4.853379810835401820e+00,1.242423309493188244e+00,5.000000000000000000e+00
3.620000000000000107e+00,6.098540364932025781e+00,4.629402792625759488e+00,1.207396580994400503e+00,5.000000000000000000e+00
3.640000000000000124e+00,6.287398605283323505e+00,4.424636264535817709e+00,1.171690128180182588e+00,5.000000000000000000e+00
3.660000000000000142e+00,6.494539281503891814e+00,4.238212838321212317e+00,1.135720181155978059e+00,5.000000000000000000e+00
3.680000000000000160e+00,6.719927279443081325e+00,4.069303297469454073e+00,1.099854296878709059e+00,5.000000000000000000e+00
3.700000000000000178e+00,6.963512144454077735e+00,3.917129718508399083e+00,1.064412903638514374e+00,5.000000000000000000e+00
3.720000000000000195e+00,7.225207711475849948e+00,3.780975796270950706e+00,1.029671801830235323e+00,5.000000000000000000e+00
3.740000000000000213e+00,7.504871093451752628e+00,3.660195000404259602e+00,9.958653315290457719e-01,5.000000000000000000e+00
3.760000000000000231e+00,7.802280923309516503e+00,3.554217094817003542e+00,9.631899657646008084e-01,5.000000000000000000e+00
3.780000000000000249e+00,8.117114800299475519e+00,3.462553464100714073e+00,9.318081347507185530e-01,5.000000000000000000e+00
3.800000000000000266e+00,8.448925952345694768e+00,3.384801610750388878e+00,9.018521287389145158e-01,5.000000000000000000e+00
3.820000000000000284e+00,8.797119192737842042e+00,3.320649112874266784e+00,8.734279645930158598e-01,5.000000000000000000e+00
3.839999999999999858e+00,9.160926322512143116e+00,3.269877261920932199e+00,8.466191332514679813e-01,5.000000000000000000e+00
3.859999999999999876e+00,9.539381209800142258e+00,3.232364531021850063e+00,8.214901720219285330e-01,5.000000000000000000e+00
3.879999999999999893e+00,9.931294864934715250e+00,3.208089953510998793e+00,7.980900274868213407e-01,5.000000000000000000e+00
3.899999999999999911e+00,1.033523092609163285e+01,3.197136414126578341e+00,7.764551921894941033e-01,5.000000000000000000e+00
3.919999999999999929e+00,1.074948207598730043e+01,3.199693767858890592e+00,7.566126117803577689e-01,5.000000000000000000e+00
3.939999999999999947e+00,1.117204802745189518e+01,3.216061598443230363e+00,7.385823694887017066e-01,5.000000000000000000e+00
3.959999999999999964e+00,1.160061584698103943e+01,3.246651304872312238e+00,7.223801621577068399e-01,5.000000000000000000e+00
3.979999999999999982e+00,1.203254353365644924e+01,3.291987054863155571e+00,7.080195870670972225e-01,5.000000000000000000e+00
4.000000000000000000e+00,1.246484793942656211e+01,3.352704964557484235e+00,6.955142616989621329e-01,5.000000000000000000e+00
4.020000000000000462e+00,1.289419830852754423e+01,3.429549651339581118e+00,6.848797996904258945e-01,5.000000000000000000e+00
4.040000000000000036e+00,1.331691692988155573e+01,3.523367062610994527e+00,6.761356655458979903e-01,5.000000000000000000e+00
4.060000000000000497e+00,1.372898863368663314e+01,3.635092214880377703e+00,6.693069281951040672e-01,5.000000000000000000e+00
4.080000000000000071e+00,1.412608111185600634e+01,3.765730201338351346e+00,6.644259289749273600e-01,5.000000000000000000e+00
4.099999999999999645e+00,1.450357827950440281e+01,3.916328572663892338e+00,6.615338727230758442e-01,5.000000000000000000e+00
4.120000000000000107e+00,1.485662908232361623e+01,4.087939014059505993e+00,6.606823408910136308e-01,5.000000000000000000e+00
4.139999999999999680e+00,1.518021423095284206e+01,4.281566203036514473e+00,6.619347122801434447e-01,5.000000000000000000e+00
4.160000000000000142e+00,1.546923322022080782e+01,4.498101933663853025e+00,6.653674594805748521e-01,5.000000000000000000e+00
4.179999999999999716e+00,1.571861355344747402e+01,4.738243152283430959e+00,6.710712666894333989e-01,5.000000000000000000e+00
4.200000000000000178e+00,1.592344320530745172e+01,5.002393596219020466e+00,6.791518868691176491e-01,5.000000000000000000e+00
4.219999999999999751e+00,1.607912588612689930e+01,5.290550376576454994e+00,6.897306232264805992e-01,5.000000000000000000e+00
4.240000000000000213e+00,1.618155651538105744e+01,5.602179161482998104e+00,7.029442826570359015e-01,5.000000000000000000e+00
4.259999999999999787e+00,1.622731145796319652e+01,5.936084551293857814e+00,7.189444093158056104e-01,5.000000000000000000e+00
4.280000000000000249e+00,1.621384465776185735e+01,6.290285575355070158e+00,7.378955688519893696e-01,5.000000000000000000e+00
4.299999999999999822e+00,1.613967716191309165e+01,6.661909539976632821e+00,7.599724242820207198e-01,5.000000000000000000e+00
4.320000000000000284e+00,1.600456424718641202e+01,7.047120041718025973e+00,7.853553315311406768e-01,5.000000000000000000e+00
4.339999999999999858e+00,1.580962222503413983e+01,7.441095976129421530e+00,8.142241969161490012e-01,5.000000000000000000e+00
4.360000000000000320e+00,1.555739688399419940e+01,7.838076954078404768e+00,8.467503917710157424e-01,5.000000000000000000e+00
4.379999999999999893e+00,1.525185815908813147e+01,8.231486066370376165e+00,8.830866214697473682e-01,5.000000000000000000e+00
4.400000000000000355e+00,1.489831131133339426e+01,8.614133341304597735e+00,9.233548037839875988e-01,5.000000000000000000e+00
4.419999999999999929e+00,1.450322330233339940e+01,8.978493233174823729e+00,9.676322240254798812e-01,5.000000000000000000e+00
4.440000000000000391e+00,1.407397303491868357e+01,9.317038603394612650e+00,1.015936490521644142e+00,5.000000000000000000e+00
4.459999999999999964e+00,1.361854394926248979e+01,9.622604030242715822e+00,1.068210090119430022e+00,5.000000000000000000e+00
4.480000000000000426e+00,1.314518513604587291e+01,9.888745085421415837e+00,1.124305604292640703e+00,5.000000000000000000e+00
4.500000000000000000e+00,1.266207100111666861e+01,1.011005903252079996e+01,1.183972848540769229e+00,5.000000000000000000e+00
4.520000000000000462e+00,1.217698876851645373e+01,1.028243670175752023e+01,1.246849296081038450e+00,5.000000000000000000e+00
4.540000000000000036e+00,1.169707800611177362e+01,1.040322424052347650e+01,1.312455103536829704e+00,5.000000000000000000e+00
4.560000000000000497e+00,1.122863814936396309e+01,1.047128513656320692e+01,1.380193849875081202e+00,5.000000000000000000e+00
4.580000000000000071e+00,1.077701050489517698e+01,1.048696498773349717e+01,1.449359732116132005e+00,5.000000000000000000e+00
4.600000000000000533e+00,1.034653228425280425e+01,1.045197177325300331e+01,1.519151460807123710e+00,5.000000000000000000e+00
4.620000000000000107e+00,9.940553255273378852e+00,1.036919140669543182e+01,1.588692517964751083e+00,5.000000000000000000e+00
4.639999999999999680e+00,9.561501318029218766e+00,1.024246159430802727e+01,1.657056850472915066e+00,5.000000000000000000e+00
4.660000000000000142e+00,9.210981738518954742e+00,1.007632679899967876e+01,1.723298549005581881e+00,5.000000000000000000e+00
4.679999999999999716e+00,8.889895423282553111e+00,9.875794287637912561e+00,1.786483675519787262e+00,5.000000000000000000e+00
4.700000000000000178e+00,8.598563758554156777e+00,9.646106892134907795e+00,1.845722201170957089e+00,5.000000000000000000e+00
4.719999999999999751e+00,8.336850415963063199e+00,9.392543244226008170e+00,1.900198023653642654e+00,5.000000000000000000e+00
4.740000000000000213e+00,8.104273525033649506e+00,9.120251611131692471e+00,1.949195240662801254e+00,5.000000000000000000e+00
4.759999999999999787e+00,7.900104312735987122e+00,8.834119534576302613e+00,1.992119229190376650e+00,5.000000000000000000e+00
4.780000000000000249e+00,7.723450491627541936e+00,8.538678467054642951e+00,2.028511563787984251e+00,5.000000000000000000e+00
4.799999999999999822e+00,7.573324276782073206e+00,8.238040521504661484e+00,2.058058336561511048e+00,5.000000000000000000e+00
4.820000000000000284e+00,7.448695966820237047e+00,7.935863200163982611e+00,2.080591954924896125e+00,5.000000000000000000e+00
4.839999999999999858e+00,7.348534629070383239e+00,7.635337386551560357e+00,2.096086938042173387e+00,5.000000000000000000e+00
4.860000000000000320e+00,7.271837693775157874e+00,7.339193800878645924e+00,2.104650573831735816e+00,5.000000000000000000e+00
4.879999999999999893e+00,7.217651292380956818e+00,7.049723377474743202e+00,2.106509518249370494e+00,5.000000000000000000e+00
4.900000000000000355e+00,7.185083058249363219e+00,6.768807492623094113e+00,2.101993517344331597e+00,5.000000000000000000e+00
4.919999999999999929e+00,7.173308911770581275e+00,6.497954551017164349e+00,2.091517423884680760e+00,5.000000000000000000e+00
4.940000000000000391e+00,7.181575123228103763e+00,6.238340054384440947e+00,2.075562586516007890e+00,5.000000000000000000e+00
4.959999999999999964e+00,7.209196716742102495e+00,5.990847875256901212e+00,2.054658536679090819e+00,5.000000000000000000e+00
4.980000000000000426e+00,7.255553065482921227e+00,5.756111009546567736e+00,2.029365712851806780e+00,5.000000000000000000e+00
5.000000000000000000e+00,7.320081341431327715e+00,5.534550564953327090e+00,2.000259765883340535e+00,5.000000000000000000e+00
5.020000000000000462e+00,7.402268325691974127e+00,5.326412150300822823e+00,1.967917801151512380e+00,5.000000000000000000e+00
5.040000000000000036e+00,7.501640957549360778e+00,5.131799163130371433e+00,1.932906745440740481e+00,5.000000000000000000e+00
5.060000000000000497e+00,7.617755899915165330e+00,4.950702733688412849e+00,1.895773886076309811e+00,5.000000000000000000e+00
5.080000000000000071e+00,7.750188322475596969e+00,4.783028280190130488e+00,1.857039519854496668e+00,5.000000000000000000e+00
5.100000000000000533e+00,7.898520048406300731e+00,4.628618771764335449e+00,1.817191569243878702e+00,5.000000000000000000e+00
5.120000000000000107e+00,8.062327172839482969e+00,4.487274890987248632e+00,1.776681970508833031e+00,5.000000000000000000e+00
5.139999999999999680e+00,8.241167238554671925e+00,4.358772346222049343e+00,1.735924608825634818e+00,5.000000000000000000e+00
5.160000000000000142e+00,8.434566044252662209e+00,4.242876613073460312e+00,1.695294564589869601e+00,5.000000000000000000e+00
5.179999999999999716e+00,8.642004161310889998e+00,4.139355391012927043e+00,1.655128438434593230e+00,5.000000000000000000e+00
5.200000000000000178e+00,8.862903244532054359e+00,4.047989051298802821e+00,1.615725535856438189e+00,5.000000000000000000e+00
5.219999999999999751e+00,9.096612239827434720e+00,3.968579330189079268e+00,1.577349712228223622e+00,5.000000000000000000e+00
5.240000000000000213e+00,9.342393616017973912e+00,3.900956490503629581e+00,1.540231702468318753e+00,5.000000000000000000e+00
5.259999999999999787e+00,9.599409778181538400e+00,3.844985137250777285e+00,1.504571784499096898e+00,5.000000000000000000e+00
5.280000000000000249e+00,9.866709855559239628e+00,3.800568830884289540e+00,1.470542650213272573e+00,5.000000000000000000e+00
5.299999999999999822e+00,1.014321709738847410e+01,3.767653595743685635e+00,1.438292380838491757e+00,5.000000000000000000e+00
5.320000000000000284e+00,1.042771715463612203e+01,3.746230371813721760e+00,1.407947444618124377e+00,5.000000000000000000e+00
5.339999999999999858e+00,1.071884757394004417e+01,3.736336405278934958e+00,1.379615653196267777e+00,5.000000000000000000e+00
5.360000000000000320e+00,1.101508888153633592e+01,3.738055517505700642e+00,1.353389028824131479e+00,5.000000000000000000e+00
5.379999999999999893e+00,1.131475768878842025e+01,3.751517133241944357e+00,1.329346547467081807e+00,5.000000000000000000e+00
5.400000000000000355e+00,1.161600230605917972e+01,3.776893887559578111e+00,1.307556733158168338e+00,5.000000000000000000e+00
5.419999999999999929e+00,1.191680140646876040e+01,3.814397568662824867e+00,1.288080086637749089e+00,5.000000000000000000e+00
5.440000000000000391e+00,1.221496633313151037e+01,3.864273092518708097e+00,1.270971336579685751e+00,5.000000000000000000e+00
5.459999999999999964e+00,1.250814768914479735e+01,3.926790149221345061e+00,1.256281504666037385e+00,5.000000000000000000e+00
5.480000000000000426e+00,1.279384688364084788e+01,4.002232115941025015e+00,1.244059776548455787e+00,5.000000000000000000e+00
5.500000000000000000e+00,1.306943332219437970e+01,4.090881805502682766e+00,1.234355169417119980e+00,5.000000000000000000e+00
5.520000000000000462e+00,1.333216791577984495e+01,4.193003624078296632e+00,1.227217983562950199e+00,5.000000000000000000e+00
5.540000000000000036e+00,1.357923352637005010e+01,4.308821759917592864e+00,1.222701020044134168e+00,5.000000000000000000e+00
5.560000000000000497e+00,1.380777285342314009e+01,4.438494133552580045e+00,1.220860539464540873e+00,5.000000000000000000e+00
5.580000000000000071e+00,1.401493407608473873e+01,4.582082025690205285e+00,1.221756928127170294e+00,5.000000000000000000e+00
5.600000000000000533e+00,1.419792428268833717e+01,4.739515578150602870e+00,1.225455027763928673e+00,5.000000000000000000e+00
5.620000000000000107e+00,1.435407032633336577e+01,4.910555747225386902e+00,1.232024074195381180e+00,5.000000000000000000e+00
5.639999999999999680e+00,1.448088623408087550e+01,5.094753779832525531e+00,1.241537179462117724e+00,5.000000000000000000e+00
5.660000000000000142e+00,1.457614567127820848e+01,5.291409867687913327e+00,1.254070282385880697e+00,5.000000000000000000e+00
5.679999999999999716e+00,1.463795724427530054e+01,5.499533278894122468e+00,1.269700485793772815e+00,5.000000000000000000e+00
5.700000000000000178e+00,1.466483966174564202e+01,5.717806909098440471e+00,1.288503696865889392e+00,5.000000000000000000e+00
5.719999999999999751e+00,1.465579304281238038e+01,5.944559747078437262e+00,1.310551492756264924e+00,5.000000000000000000e+00
5.740000000000000213e+00,1.461036206228668277e+01,6.177751099988686434e+00,1.335907149564229623e+00,5.000000000000000000e+00
5.759999999999999787e+00,1.452868628162316966e+01,6.414970447710467205e+00,1.364620801644290893e+00,5.000000000000000000e+00
5.780000000000000249e+00,1.441153305301320664e+01,6.653456379289405476e+00,1.396723742401497104e+00,5.000000000000000000e+00
5.799999999999999822e+00,1.426030890538184970e+01,6.890137130192306003e+00,1.432221938305434872e+00,5.000000000000000000e+00
5.820000000000000284e+00,1.407704637579226414e+01,7.121693777547454474e+00,1.471088904267792596e+00,5.000000000000000000e+00
5.839999999999999858e+00,1.386436481117832642e+01,7.344645244197624656e+00,1.513258177701554574e+00,5.000000000000000000e+00
5.860000000000000320e+00,1.362540561368517444e+01,7.555452095053411199e+00,1.558615724484791354e+00,5.000000000000000000e+00
5.879999999999999893e+00,1.336374452897663190e+01,7.750633951873326488e+00,1.606992703563700609e+00,5.000000000000000000e+00
5.900000000000000355e+00,1.308328560856413247e+01,7.926893523776550765e+00,1.658159096254431919e+00,5.000000000000000000e+00
5.919999999999999929e+00,1.278814312661971186e+01,8.081239056859603309e+00,1.711818758077668923e+00,5.000000000000000000e+00
5.940000000000000391e+00,1.248251875273067668e+01,8.211096675041728687e+00,1.767606462006845458e+00,5.000000000000000000e+00
5.959999999999999964e+00,1.217058152331962440e+01,8.314404710280367539e+00,1.825087461569587122e+00,5.000000000000000000e+00
5.980000000000000426e+00,1.185635759270605405e+01,8.389683638550355482e+00,1.883760004315284453e+00,5.000000000000000000e+00
6.000000000000000000e+00,1.154363548829955199e+01,8.436077434593224567e+00,1.943061071502111492e+00,5.000000000000000000e+00
6.020000000000000462e+00,1.123589085611823712e+01,8.453364715939279961e+00,2.002375417092691290e+00,5.000000000000000000e+00
6.040000000000000036e+00,1.093623273157270326e+01,8.441940610533965383e+00,2.061047744656005598e+00,5.000000000000000000e+00
6.060000000000000497e+00,1.064737147497457137e+01,8.402772529862073014e+00,2.118397617132717237e+00,5.000000000000000000e+00
6.080000000000000071e+00,1.037160689175641082e+01,8.337334724059243030e+00,2.173736467581252718e+00,5.000000000000000000e+00
6.100000000000000533e+00,1.011083385553337877e+01,8.247527514365435408e+00,2.226385894629031803e+00,5.000000000000000000e+00
6.120000000000000107e+00,9.866562022566370160e+00,8.135587432861292712e+00,2.275696305896963700e+00,5.000000000000000000e+00
6.140000000000000568e+00,9.639945947173618634e+00,8.003994233773690681e+00,2.321064930186813591e+00,5.000000000000000000e+00
6.160000000000000142e+00,9.431822003381254760e+00,7.855380017793013536e+00,2.361952259222238393e+00,5.000000000000000000e+00
6.179999999999999716e+00,9.242748884822095334e+00,7.692444697523256991e+00,2.397896096678299838e+00,5.000000000000000000e+00
6.200000000000000178e+00,9.073048984189632904e+00,7.517880889178904624e+00,2.428522571683820797e+00,5.000000000000000000e+00
6.219999999999999751e+00,8.922848549292904607e+00,7.334310177856313118e+00,2.453553695083833919e+00,5.000000000000000000e+00
6.240000000000000213e+00,8.792115100406036277e+00,7.144231670286966818e+00,2.472811275527502684e+00,5.000000000000000000e+00
6.259999999999999787e+00,8.680691122998247522e+00,6.949982881773024701e+00,2.486217245236923556e+00,5.000000000000000000e+00
6.280000000000000249e+00,8.588323493370211281e+00,6.753712331660744361e+00,2.493790651752031629e+00,5.000000000000000000e+00
6.299999999999999822e+00,8.514688442519306122e+00,6.557362746721721258e+00,2.495641737071976785e+00,5.000000000000000000e+00
6.320000000000000284e+00,8.459412118719709994e+00,6.362663478402871498e+00,2.491963640862203455e+00,5.000000000000000000e+00
6.339999999999999858e+00,8.422086982571206804e+00,6.171130601316773046e+00,2.483022327557586451e+00,5.000000000000000000e+00
6.360000000000000320e+00,8.402284374079659557e+00,5.984073144849723747e+00,2.469145351506982333e+00,5.000000000000000000e+00
6.379999999999999893e+00,8.399563644926091754e+00,5.802603985140125431e+00,2.450710047040427497e+00,5.000000000000000000e+00
6.400000000000000355e+00,8.413478264682854757e+00,5.627654061187106649e+00,2.428131671160619121e+00,5.000000000000000000e+00
6.419999999999999929e+00,8.443579299574972552e+00,5.459988750972907035e+00,2.401851945976845482e+00,5.000000000000000000e+00
6.440000000000000391e+00,8.489416636344360612e+00,5.300225430685157058e+00,2.372328356097517243e+00,5.000000000000000000e+00
6.459999999999999964e+00,8.550538289426578231e+00,5.148851426904089479e+00,2.340024461734948158e+00,5.000000000000000000e+00
6.480000000000000426e+00,8.626488092513266537e+00,5.006241747106527029e+00,2.305401398170589200e+00,5.000000000000000000e+00
6.500000000000000000e+00,8.716802039465676444e+00,4.872676131139630940e+00,2.268910651385721788e+00,5.000000000000000000e+00
6.520000000000000462e+00,8.821003506945274353e+00,4.748355101745685758e+00,2.230988131064399305e+00,5.000000000000000000e+00
6.540000000000000036e+00,8.938597563511342159e+00,4.633414804522936414e+00,2.192049507143602138e+00,5.000000000000000000e+00
6.560000000000000497e+00,9.069064548053338726e+00,4.527940517364497097e+00,2.152486734629338816e+00,5.000000000000000000e+00
6.580000000000000071e+00,9.211853084526186564e+00,4.431978778032647170e+00,2.112665662583793846e+00,5.000000000000000000e+00
6.600000000000000533e+00,9.366372689953690767e+00,4.345548128347258121e+00,2.072924605486738070e+00,5.000000000000000000e+00
6.620000000000000107e+00,9.531986128258864710e+00,4.268648507019245031e+00,2.033573746746421662e+00,5.000000000000000000e+00
6.640000000000000568e+00,9.708001663237862289e+00,4.201269342984653044e+00,1.994895243062228651e+00,5.000000000000000000e+00
6.660000000000000142e+00,9.893665369403835896e+00,4.143396409584537921e+00,1.957143902784245881e+00,5.000000000000000000e+00
6.679999999999999716e+00,1.008815366892447685e+01,4.095017499240323211e+00,1.920548319716309127e+00,5.000000000000000000e+00
6.700000000000000178e+00,1.029056627585782913e+01,4.056126970268934429e+00,1.885312354548364544e+00,5.000000000000000000e+00
6.719999999999999751e+00,1.049991974470753320e+01,4.026729203778304012e+00,1.851616868115405934e+00,5.000000000000000000e+00
6.740000000000000213e+00,1.071514183826468525e+01,4.006840990575913253e+00,1.819621623046454362e+00,5.000000000000000000e+00
6.759999999999999787e+00,1.093506694898706932e+01,3.996492846958709322e+00,1.789467282396343562e+00,5.000000000000000000e+00
6.780000000000000249e+00,1.115843282787121105e+01,3.995729235324471329e+00,1.761277445048553325e+00,5.000000000000000000e+00
6.799999999999999822e+00,1.138387889380579132e+01,4.004607641994903489e+00,1.735160667703005144e+00,5.000000000000000000e+00
6.820000000000000284e+00,1.160994641342171363e+01,4.023196441877058049e+00,1.711212431910670073e+00,5.000000000000000000e+00
6.839999999999999858e+00,1.183508085482092476e+01,4.051571459304749823e+00,1.689517021777813266e+00,5.000000000000000000e+00
6.860000000000000320e+00,1.205763672621407601e+01,4.089811118687560310e+00,1.670149283601789270e+00,5.000000000000000000e+00
6.879999999999999893e+00,1.227588520987774956e+01,4.137990070040546975e+00,1.653176242838312548e+00,5.000000000000000000e+00
6.900000000000000355e+00,1.248802488984836856e+01,4.196171176216589416e+00,1.638658556501130903e+00,5.000000000000000000e+00
6.919999999999999929e+00,1.269219584470977757e+01,4.264395764406726741e+00,1.626651780460194097e+00,5.000000000000000000e+00
6.940000000000000391e+00,1.288649733047590296e+01,4.342672078340878983e+00,1.617207431271851181e+00,5.000000000000000000e+00
6.959999999999999964e+00,1.306900920832160473e+01,4.430961923924174428e+00,1.610373821325094879e+00,5.000000000000000000e+00
6.980000000000000426e+00,1.323781717314709816e+01,4.529165583833682618e+00,1.606196644455663236e+00,5.000000000000000000e+00
7.000000000000000000e+00,1.339104170757505585e+01,4.637105188996683225e+00,1.604719287067621458e+00,5.000000000000000000e+00
7.020000000000000462e+00,1.352687051921342132e+01,4.754506878153984317e+00,1.605982837598332935e+00,5.000000000000000000e+00
7.040000000000000036e+00,1.364359401650939496e+01,4.880982249197709955e+00,1.610025765358578553e+00,5.000000000000000000e+00
7.060000000000000497e+00,1.373964314356588368e+01,5.016009801781619259e+00,1.616883238981091431e+00,5.000000000000000000e+00
7.080000000000000071e+00,1.381362863515258965e+01,5.158917278583069255e+00,1.626586055641590756e+00,5.000000000000000000e+00
7.100000000000000533e+00,1.386438048417444691e+01,5.308866015105306424e+00,1.639159155703456827e+00,5.000000000000000000e+00
7.120000000000000107e+00,1.389098615611253784e+01,5.464838581295628828e+00,1.654619704372210620e+00,5.000000000000000000e+00
7.140000000000000568e+00,1.389282586586256940e+01,5.625631113459076182e+00,1.672974733215089715e+00,5.000000000000000000e+00
7.160000000000000142e+00,1.386960308416231413e+01,5.789851760052733276e+00,1.694218350777555893e+00,5.000000000000000000e+00
7.179999999999999716e+00,1.382136839720388721e+01,5.955926569241079882e+00,1.718328553527853408e+00,5.000000000000000000e+00
7.200000000000000178e+00,1.374853493471517929e+01,6.122113905548783208e+00,1.745263696063939607e+00,5.000000000000000000e+00
7.219999999999999751e+00,1.365188383044615961e+01,6.286528086462535470e+00,1.774958712380815040e+00,5.000000000000000000e+00
7.240000000000000213e+00,1.353255859127646943e+01,6.447172385111232806e+00,1.807321216676287978e+00,5.000000000000000000e+00
7.259999999999999787e+00,1.339204781375643094e+01,6.601980882718228472e+00,1.842227650401849104e+00,5.000000000000000000e+00
7.280000000000000249e+00,1.323215636407675433e+01,6.748867928336249378e+00,1.879519678828244444e+00,5.000000000000000000e+00
7.299999999999999822e+00,1.305496587242997819e+01,6.885783246953310233e+00,1.919001071252135038e+00,5.000000000000000000e+00
7.320000000000000284e+00,1.286278611328189392e+01,7.010770114796988750e+00,1.960435319550372313e+00,5.000000000000000000e+00
7.339999999999999858e+00,1.265809947120889412e+01,7.122023575431428277e+00,2.003544255468072244e+00,5.000000000000000000e+00
7.360000000000000320e+00,1.244350115581175054e+01,7.217945469352612164e+00,2.048007913755302223e+00,5.000000000000000000e+00
7.379999999999999893e+00,1.222163807498163024e+01,7.297193132365601187e+00,2.093465853271424315e+00,5.000000000000000000e+00
7.400000000000000355e+00,1.199514927697071975e+01,7.358718986721177302e+00,2.139520090631110261e+00,5.000000000000000000e+00
7.419999999999999929e+00,1.176661063353014747e+01,7.401798868187992042e+00,2.185739722503494242e+00,5.000000000000000000e+00
7.440000000000000391e+00,1.153848599433066902e+01,7.426047733384147698e+00,2.231667217602281816e+00,5.000000000000000000e+00
7.459999999999999964e+00,1.131308645590601358e+01,7.431422284557838154e+00,2.276826254536461480e+00,5.000000000000000000e+00
7.480000000000000426e+00,1.109253872822886144e+01,7.418210936348771156e+00,2.320730875777510249e+00,5.000000000000000000e+00
7.500000000000000000e+00,1.087876292155164926e+01,7.387012341474763488e+00,2.362895630777129163e+00,5.000000000000000000e+00
7.520000000000000462e+00,1.067345947861003275e+01,7.338704320259524572e+00,2.402846302281369084e+00,5.000000000000000000e+00
7.540000000000000036e+00,1.047810448906479941e+01,7.274405460119011124e+00,2.440130757237567671e+00,5.000000000000000000e+00
7.560000000000000497e+00,1.029395227020622094e+01,7.195431852276033879e+00,2.474329442957497793e+00,5.000000000000000000e+00
7.580000000000000071e+00,1.012204388668633825e+01,7.103251426904027888e+00,2.505065062681020027e+00,5.000000000000000000e+00
7.600000000000000533e+00,9.963220202185542718e+00,6.999438167253400067e+00,2.532011011109167153e+00,5.000000000000000000e+00
7.620000000000000107e+00,9.818138085909710711e+00,6.885628172696054428e+00,2.554898225225728847e+00,5.000000000000000000e+00
7.640000000000000568e+00,9.687288509169391659e+00,6.763479148849504519e+00,2.573520201510788752e+00,5.000000000000000000e+00
7.660000000000000142e+00,9.571015433391211857e+00,6.634634476551187099e+00,2.587736038504576896e+00,5.000000000000000000e+00
7.679999999999999716e+00,9.469534584582103065e+00,6.500692590144976357e+00,2.597471474117985846e+00,5.000000000000000000e+00
7.700000000000000178e+00,9.382951408987899811e+00,6.363182009643506554e+00,2.602717991205849568e+00,5.000000000000000000e+00
7.719999999999999751e+00,9.311277694517684722e+00,6.223542041065845076e+00,2.603530155317634431e+00,5.000000000000000000e+00
7.740000000000000213e+00,9.254446512029058880e+00,6.083108895364356172e+00,2.600021419921368260e+00,5.000000000000000000e+00
7.759999999999999787e+00,9.212325274207080028e+00,5.943106781598369359e+00,2.592358683834800726e+00,5.000000000000000000e+00
7.780000000000000249e+00,9.184726825764141012e+00,5.804643401044616624e+00,2.580755912476978331e+00,5.000000000000000000e+00
7.799999999999999822e+00,9.171418568019088724e+00,5.668709198284695105e+00,2.565467140247958078e+00,5.000000000000000000e+00
7.820000000000000284e+00,9.172129686301106588e+00,5.536179703161851151e+00,2.546779158733160298e+00,5.000000000000000000e+00
7.839999999999999858e+00,9.186556593705510920e+00,5.407820313161943560e+00,2.525004168339451294e+00,5.000000000000000000e+00
7.860000000000000320e+00,9.214366733445604751e+00,5.284292908785307219e+00,2.500472633637630615e+00,5.000000000000000000e+00
7.879999999999999893e+00,9.255200898219740679e+00,5.166163755352841669e+00,2.473526539289004678e+00,5.000000000000000000e+00
7.900000000000000355e+00,9.308674232094382717e+00,5.053912215355067516e+00,2.444513197742537169e+00,5.000000000000000000e+00
7.919999999999999929e+00,9.374376081337761235e+00,4.947939869419291981e+00,2.413779715039404028e+00,5.000000000000000000e+00
7.940000000000000391e+00,9.451868857828399584e+00,4.848579716330472245e+00,2.381668179445508571e+00,5.000000000000000000e+00
7.959999999999999964e+00,9.540686073988258187e+00,4.756105189838931047e+00,2.348511600885875072e+00,5.000000000000000000e+00
7.980000000000000426e+00,9.640329703059116184e+00,4.670738790013537312e+00,2.314630598218339941e+00,5.000000000000000000e+00
8.000000000000000000e+00,9.750267013953724415e+00,4.592660178458819686e+00,2.280330806607269611e+00,5.000000000000000000e+00
8.019999999999999574e+00,9.869927026531792436e+00,4.522013629399532775e+00,2.245900958526586777e+00,5.000000000000000000e+00
8.040000000000000924e+00,9.998696731360304568e+00,4.458914762609857974e+00,2.211611578785704690e+00,5.000000000000000000e+00
8.060000000000000497e+00,1.013591721798113987e+01,4.403456509982651035e+00,2.177714225767262146e+00,5.000000000000000000e+00
8.080000000000000071e+00,1.028087985741050048e+01,4.355714286001379776e+00,2.144441207013305206e+00,5.000000000000000000e+00
8.099999999999999645e+00,1.043282268787183575e+01,4.315750344439082120e+00,2.112005696585057102e+00,5.000000000000000000e+00
8.120000000000000995e+00,1.059092715733038048e+01,4.283617310277622714e+00,2.080602183464901334e+00,5.000000000000000000e+00
8.140000000000000568e+00,1.075431538185547886e+01,4.259360878153199081e+00,2.050407183947517087e+00,5.000000000000000000e+00
8.160000000000000142e+00,1.092204808468268240e+01,4.243021667631336591e+00,2.021580155849040938e+00,5.000000000000000000e+00
8.179999999999999716e+00,1.109312338646914853e+01,4.234636222342263778e+00,1.994264557916872960e+00,5.000000000000000000e+00
8.199999999999999289e+00,1.126647662190439725e+01,4.234237135530896978e+00,1.968589003617137401e+00,5.000000000000000000e+00
8.220000000000000639e+00,1.144098136069763427e+01,4.241852280002651021e+00,1.944668464176165346e+00,5.000000000000000000e+00
8.240000000000000213e+00,1.161545181101449487e+01,4.257503116954089784e+00,1.922605481108044412e+00,5.000000000000000000e+00
8.259999999999999787e+00,1.178864677952940099e+01,4.281202057035277342e+00,1.902491353300379995e+00,5.000000000000000000e+00
8.279999999999999361e+00,1.195927535308644529e+01,4.312948849571852428e+00,1.884407267949867792e+00,5.000000000000000000e+00
8.300000000000000711e+00,1.212600445106504665e+01,4.352725983649721186e+00,1.868425348190764668e+00,5.000000000000000000e+00
8.320000000000000284e+00,1.228746837335242681e+01,4.400493099264768837e+00,1.854609593146224755e+00,5.000000000000000000e+00
8.339999999999999858e+00,1.244228043470526224e+01,4.456180429479883465e+00,1.843016688403606773e+00,5.000000000000000000e+00
8.359999999999999432e+00,1.258904673066357915e+01,4.519681326886904493e+00,1.833696666661772445e+00,5.000000000000000000e+00
8.380000000000000782e+00,1.272638202170219124e+01,4.590843970693307519e+00,1.826693399654028660e+00,5.000000000000000000e+00
8.400000000000000355e+00,1.285292765004922089e+01,4.669462404927402055e+00,1.822044903589237652e+00,5.000000000000000000e+00
8.419999999999999929e+00,1.296737131737264370e+01,4.755267123203437585e+00,1.819783441492198728e+00,5.000000000000000000e+00
8.439999999999999503e+00,1.306846845220174202e+01,4.847915489637433240e+00,1.819935407220597323e+00,5.000000000000000000e+00
8.460000000000000853e+00,1.315506478580187633e+01,4.946982365762585765e+00,1.822520977885811133e+00,5.000000000000000000e+00
8.480000000000000426e+00,1.322611963831168325e+01,5.051951394777760562e+00,1.827553524235649318e+00,5.000000000000000000e+00
8.500000000000000000e+00,1.328072929934659285e+01,5.162207470371431128e+00,1.835038772612326508e+00,5.000000000000000000e+00
8.519999999999999574e+00,1.331814977711909620e+01,5.277030979068283223e+00,1.844973717716417161e+00,5.000000000000000000e+00
8.540000000000000924e+00,1.333781809745708813e+01,5.395594442501383092e+00,1.857345292886528831e+00,5.000000000000000000e+00
8.560000000000000497e+00,1.333937127028109693e+01,5.516962188549304535e+00,1.872128814162810073e+00,5.000000000000000000e+00
8.580000000000000071e+00,1.332266201786912596e+01,5.640093637794697301e+00,1.889286226124103463e+00,5.000000000000000000e+00
8.599999999999999645e+00,1.328777038736165572e+01,5.763850696268368878e+00,1.908764191265288179e+00,5.000000000000000000e+00
8.620000000000000995e+00,1.323501045759626926e+01,5.887009592793386759e+00,1.930492080154520007e+00,5.000000000000000000e+00
8.640000000000000568e+00,1.316493150132856371e+01,6.008277290797848558e+00,1.954379936122012440e+00,5.000000000000000000e+00
8.660000000000000142e+00,1.307831317613894839e+01,6.126312348357165760e+00,1.980316504798013799e+00,5.000000000000000000e+00
8.679999999999999716e+00,1.297615458192107418e+01,6.239749811865769935e+00,2.008167434131543416e+00,5.000000000000000000e+00
8.700000000000001066e+00,1.285965732386698868e+01,6.347229430240353132e+00,2.037773763006355043e+00,5.000000000000000000e+00
8.720000000000000639e+00,1.273020303530536168e+01,6.447426194957412093e+00,2.068950824482873152e+00,5.000000000000000000e+00
8.740000000000000213e+00,1.258932611858674555e+01,6.539081975548168835e+00,2.101487691282638348e+00,5.000000000000000000e+00
8.759999999999999787e+00,1.243868272735818969e+01,6.621036857688610944e+00,2.135147284839539417e+00,5.000000000000000000e+00
8.779999999999999361e+00,1.228001721533873436e+01,6.692258723307506152e+00,2.169667253942173524e+00,5.000000000000000000e+00
8.800000000000000711e+00,1.211512739617013246e+01,6.751869651610284073e+00,2.204761704213073603e+00,5.000000000000000000e+00
8.820000000000000284e+00,1.194582998556682085e+01,6.799167867568857382e+00,2.240123825788628675e+00,5.000000000000000000e+00
8.839999999999999858e+00,1.177392753017782745e+01,6.833644209214646104e+00,2.275429424911821208e+00,5.000000000000000000e+00
8.859999999999999432e+00,1.160117797645639826e+01,6.854992405174323622e+00,2.310341318022200774e+00,5.000000000000000000e+00
8.880000000000000782e+00,1.142926781484800181e+01,6.863112819602299908e+00,2.344514497450970847e+00,5.000000000000000000e+00
8.900000000000000355e+00,1.125978947281059739e+01,6.858109699407569870e+00,2.377601929709254769e+00,5.000000000000000000e+00
8.919999999999999929e+00,1.109422334997235104e+01,6.840282315358241050e+00,2.409260804518128740e+00,5.000000000000000000e+00
8.939999999999999503e+00,1.093392461457204412e+01,6.810110695674843839e+00,2.439159018889635266e+00,5.000000000000000000e+00
8.960000000000000853e+00,1.078011463298564721e+01,6.768236886969929422e+00,2.466981658819043854e+00,5.000000000000000000e+00
8.980000000000000426e+00,1.063387669884492581e+01,6.715442830836639843e+00,2.492437233584153145e+00,5.000000000000000000e+00
9.000000000000000000e+00,1.049615557387411791e+01,6.652626012316450677e+00,2.515263425112670870e+00,5.000000000000000000e+00
9.019999999999999574e+00,1.036776025179865357e+01,6.580774024438414749e+00,2.535232136870026576e+00,5.000000000000000000e+00
9.040000000000000924e+00,1.024936930694569703e+01,6.500939112939662756e+00,2.552153661450714761e+00,5.000000000000000000e+00
9.060000000000000497e+00,1.014153818400864182e+01,6.414213633107157975e+00,2.565879830676002005e+00,5.000000000000000000e+00
9.080000000000000071e+00,1.004470781608361563e+01,6.321707184066394980e+00,2.576306062931142726e+00,5.000000000000000000e+00
9.099999999999999645e+00,9.959214014783192681e+00,6.224526002056050444e+00,2.583372275810417840e+00,5.000000000000000000e+00
9.120000000000000995e+00,9.885297149517414894e+00,6.123755008606710071e+00,2.587062684052559014e+00,5.000000000000000000e+00
9.140000000000000568e+00,9.823111714506254089e+00,6.020442734493396841e+00,2.587404549857243996e+00,5.000000000000000000e+00
9.160000000000000142e+00,9.772735464905217384e+00,5.915589184875806872e+00,2.584465992303911719e+00,5.000000000000000000e+00
9.179999999999999716e+00,9.734177882471078291e+00,5.810136580808140216e+00,2.578352992952267275e+00,5.000000000000000000e+00
9.200000000000001066e+00,9.707387803029993378e+00,5.704962809863518558e+00,2.569205754919369866e+00,5.000000000000000000e+00
9.220000000000000639e+00,9.692260100673861345e+00,5.600877344020377180e+00,2.557194582801065597e+00,5.000000000000000000e+00
9.240000000000000213e+00,9.688641376337390199e+00,5.498619334340729026e+00,2.542515451472374899e+00,5.000000000000000000e+00
9.259999999999999787e+00,9.696334641327231552e+00,5.398857566194994462e+00,2.525385424352488695e+00,5.000000000000000000e+00
9.279999999999999361e+00,9.715103020224875152e+00,5.302191952002932140e+00,2.506038067796616087e+00,5.000000000000000000e+00
9.300000000000000711e+00,9.744672523471159309e+00,5.209156246566133852e+00,2.484718989675386069e+00,5.000000000000000000e+00
9.320000000000000284e+00,9.784733959136946879e+00,5.120221689074545779e+00,2.461681608703803370e+00,5.000000000000000000e+00
9.339999999999999858e+00,9.834944067192440187e+00,5.035801302143137370e+00,2.437183238318973544e+00,5.000000000000000000e+00
9.359999999999999432e+00,9.894925969234193985e+00,4.956254608644004023e+00,2.411481546273490650e+00,5.000000000000000000e+00
9.380000000000000782e+00,9.964269033207489912e+00,4.881892559083752303e+00,2.384831429716059770e+00,5.000000000000000000e+00
9.400000000000000355e+00,1.004252825709848196e+01,4.812982493853309229e+00,2.357482326176872256e+00,5.000000000000000000e+00
9.419999999999999929e+00,1.012922327861362248e+01,4.749752994406561513e+00,2.329675964077930317e+00,5.000000000000000000e+00
9.439999999999999503e+00,1.022383712008461210e+01,4.692398504345080212e+00,2.301644542407211169e+00,5.000000000000000000e+00
9.460000000000000853e+00,1.032581477964131977e+01,4.641083624945276043e+00,2.273609318077139285e+00,5.000000000000000000e+00
9.480000000000000426e+00,1.043456178133630097e+01,4.595947009639191450e+00,2.245779571114939532e+00,5.000000000000000000e+00
9.500000000000000000e+00,1.054944279850022859e+01,4.557104798388499134e+00,2.218351911970698698e+00,5.000000000000000000e+00
9.519999999999999574e+00,1.066978046615296627e+01,4.524653546008707394e+00,2.191509891569975998e+00,5.000000000000000000e+00
9.540000000000000924e+00,1.079485449967653388e+01,4.498672608689669339e+00,2.165423872935487548e+00,5.000000000000000000e+00
9.560000000000000497e+00,1.092390123796114665e+01,4.479225960709469767e+00,2.140251122902133485e+00,5.000000000000000000e+00
9.580000000000000071e+00,1.105611372956081873e+01,4.466363419220193975e+00,2.116136083310034888e+00,5.000000000000000000e+00
9.599999999999999645e+00,1.119064247965368608e+01,4.460121259623115897e+00,2.093210782768360367e+00,5.000000000000000000e+00
9.620000000000000995e+00,1.132659697332917048e+01,4.460522208119122034e+00,2.071595352363594600e+00,5.000000000000000000e+00
9.640000000000000568e+00,1.146304808638290496e+01,4.467574802223564845e+00,2.051398611307712727e+00,5.000000000000000000e+00
9.660000000000000142e+00,1.159903148779182658e+01,4.481272115103100973e+00,2.032718691297549007e+00,5.000000000000000000e+00
9.679999999999999716e+00,1.173355212771767775e+01,4.501589846265628303e+00,2.015643671143930060e+00,5.000000000000000000e+00
9.700000000000001066e+00,1.186558989057078861e+01,4.528483790143198462e+00,2.000252195927815002e+00,5.000000000000000000e+00
9.720000000000000639e+00,1.199410647368314464e+01,4.561886706140112047e+00,1.986614057490359464e+00,5.000000000000000000e+00
9.740000000000000213e+00,1.211805352786274881e+01,4.601704629376056843e+00,1.974790715440986943e+00,5.000000000000000000e+00
9.759999999999999787e+00,1.223638206600897504e+01,4.647812681090840670e+00,1.964835740082382376e+00,5.000000000000000000e+00
9.779999999999999361e+00,1.234805310972383730e+01,4.700050461720810091e+00,1.956795160744999595e+00,5.000000000000000000e+00
9.800000000000000711e+00,1.245204950139832434e+01,4.758217137916339823e+00,1.950707705065201525e+00,5.000000000000000000e+00
9.820000000000000284e+00,1.254738876091557565e+01,4.822066366732078002e+00,1.946604916824294484e+00,5.000000000000000000e+00
9.839999999999999858e+00,1.263313681272722278e+01,4.891301234850203628e+00,1.944511142204870202e+00,5.000000000000000000e+00
9.859999999999999432e+00,1.270842235207502391e+01,4.965569426342637982e+00,1.944443376845902183e+00,5.000000000000000000e+00
9.880000000000000782e+00,1.277245156070175724e+01,5.044458866826147414e+00,1.946410969027163596e+00,5.000000000000000000e+00
9.900000000000000355e+00,1.282452282542937283e+01,5.127494121937348659e+00,1.950415177823791701e+00,5.000000000000000000e+00
9.919999999999999929e+00,1.286404106111216628e+01,5.214133850299900175e+00,1.956448589266752025e+00,5.000000000000000000e+00
9.939999999999999503e+00,1.289053119694170491e+01,5.303769621635114895e+00,1.964494398519138763e+00,5.000000000000000000e+00
9.960000000000000853e+00,1.290365035650884451e+01,5.395726405363924449e+00,1.974525571879142127e+00,5.000000000000000000e+00
9.980000000000000426e+00,1.290319825205952675e+01,5.489265010293217451e+00,1.986503909028307424e+00,5.000000000000000000e+00
1.000000000000000000e+01,1.288912532621170115e+01,5.583586708967300360e+00,2.000379033250754723e+00,5.000000000000000000e+00
