0.000000000000000000e+00,5.000000000000000000e-01,5.000000000000000000e-01,2.000000000000000000e+00,5.999999999999999778e-01,5.999999999999999778e-01,8.000000000000000444e-01
1.000000000000000021e-02,5.085760637499999737e-01,4.975189362499999879e-01,2.000000000000000000e+00,5.999999999999999778e-01,5.999999999999999778e-01,8.000000000000000444e-01
2.000000000000000042e-02,5.173068659411971248e-01,4.950758854598447667e-01,2.000000000000000000e+00,5.999999999999999778e-01,5.999999999999999778e-01,8.000000000000000444e-01
2.999999999999999889e-02,5.261952030931568158e-01,4.926708694275576117e-01,2.000000000000000000e+00,5.999999999999999778e-01,5.999999999999999778e-01,8.000000000000000444e-01
4.000000000000000083e-02,5.352439205240177023e-01,4.903039173635312387e-01,2.000000000000000000e+00,5.999999999999999778e-01,5.999999999999999778e-01,8.000000000000000444e-01
5.000000000000000278e-02,5.444559131050358269e-01,4.879750660595034706e-01,2.000000000000000000e+00,5.999999999999999778e-01,5.999999999999999778e-01,8.000000000000000444e-01
5.999999999999999778e-02,5.538341260221389950e-01,4.856843600643061531e-01,2.000000000000000000e+00,5.999999999999999778e-01,5.999999999999999778e-01,8.000000000000000444e-01
7.000000000000000666e-02,5.633815555442986955e-01,4.834318518666626541e-01,2.000000000000000000e+00,5.999999999999999778e-01,5.999999999999999778e-01,8.000000000000000444e-01
8.000000000000000167e-02,5.731012497985099596e-01,4.812176020853215497e-01,2.000000000000000000e+00,5.999999999999999778e-01,5.999999999999999778e-01,8.000000000000000444e-01
8.999999999999999667e-02,5.829963095511464521e-01,4.790416796668279797e-01,2.000000000000000000e+00,5.999999999999999778e-01,5.999999999999999778e-01,8.000000000000000444e-01
1.000000000000000056e-01,5.930698889954399977e-01,4.769041620912474744e-01,2.000000000000000000e+00,5.999999999999999778e-01,5.999999999999999778e-01,8.000000000000000444e-01
1.100000000000000006e-01,6.033251965448086507e-01,4.748051355861719336e-01,2.000000000000000000e+00,5.999999999999999778e-01,5.999999999999999778e-01,8.000000000000000444e-01
1.199999999999999956e-01,6.137654956317351029e-01,4.727446953493531501e-01,2.000000000000000000e+00,5.999999999999999778e-01,5.999999999999999778e-01,8.000000000000000444e-01
1.300000000000000044e-01,6.243941055118717998e-01,4.707229457803250305e-01,2.000000000000000000e+00,5.999999999999999778e-01,5.999999999999999778e-01,8.000000000000000444e-01
1.400000000000000133e-01,6.352144020730218221e-01,4.687400007213926023e-01,2.000000000000000000e+00,5.999999999999999778e-01,5.999999999999999778e-01,8.000000000000000444e-01
1.499999999999999944e-01,6.462298186486170604e-01,4.667959837083843766e-01,2.000000000000000000e+00,5.999999999999999778e-01,5.999999999999999778e-01,8.000000000000000444e-01
1.600000000000000033e-01,6.574438468352847842e-01,4.648910282315828479e-01,2.000000000000000000e+00,5.999999999999999778e-01,5.999999999999999778e-01,8.000000000000000444e-01
1.700000000000000122e-01,6.688600373140627386e-01,4.630252780072678376e-01,2.000000000000000000e+00,5.999999999999999778e-01,5.999999999999999778e-01,8.000000000000000444e-01
1.799999999999999933e-01,6.804820006747875905e-01,4.611988872603282608e-01,2.000000000000000000e+00,5.999999999999999778e-01,5.999999999999999778e-01,8.000000000000000444e-01
1.900000000000000022e-01,6.923134082431493530e-01,4.594120210184199360e-01,2.000000000000000000e+00,5.999999999999999778e-01,5.999999999999999778e-01,8.000000000000000444e-01
2.000000000000000111e-01,7.043579929098633396e-01,4.576648554181698136e-01,2.000000000000000000e+00,5.999999999999999778e-01,5.999999999999999778e-01,8.000000000000000444e-01
2.099999999999999922e-01,7.166195499613743358e-01,4.559575780239511489e-01,2.000000000000000000e+00,5.999999999999999778e-01,5.999999999999999778e-01,8.000000000000000444e-01
2.200000000000000011e-01,7.291019379114634935e-01,4.542903881597801785e-01,2.000000000000000000e+00,5.999999999999999778e-01,5.999999999999999778e-01,8.000000000000000444e-01
2.300000000000000100e-01,7.418090793330865962e-01,4.526634972549113956e-01,2.000000000000000000e+00,5.999999999999999778e-01,5.999999999999999778e-01,8.000000000000000444e-01
2.399999999999999911e-01,7.547449616897223823e-01,4.510771292037364932e-01,2.000000000000000000e+00,5.999999999999999778e-01,5.999999999999999778e-01,8.000000000000000444e-01
2.500000000000000000e-01,7.679136381654626531e-01,4.495315207406228586e-01,2.000000000000000000e+00,5.999999999999999778e-01,5.999999999999999778e-01,8.000000000000000444e-01
2.600000000000000089e-01,7.813192284930217113e-01,4.480269218303576939e-01,2.000000000000000000e+00,5.999999999999999778e-01,5.999999999999999778e-01,8.000000000000000444e-01
2.700000000000000178e-01,7.949659197787879439e-01,4.465635960748979283e-01,2.000000000000000000e+00,5.999999999999999778e-01,5.999999999999999778e-01,8.000000000000000444e-01
2.800000000000000266e-01,8.088579673239810752e-01,4.451418211371604428e-01,2.000000000000000000e+00,5.999999999999999778e-01,5.999999999999999778e-01,8.000000000000000444e-01
2.899999999999999800e-01,8.229996954409171117e-01,4.437618891826242140e-01,2.000000000000000000e+00,5.999999999999999778e-01,5.999999999999999778e-01,8.000000000000000444e-01
2.999999999999999889e-01,8.373954982633159405e-01,4.424241073395545620e-01,2.000000000000000000e+00,5.999999999999999778e-01,5.999999999999999778e-01,8.000000000000000444e-01
3.099999999999999978e-01,8.520498405495193772e-01,4.411287981787004875e-01,2.000000000000000000e+00,5.999999999999999778e-01,5.999999999999999778e-01,8.000000000000000444e-01
3.200000000000000067e-01,8.669672584774115176e-01,4.398763002133601607e-01,2.000000000000000000e+00,5.999999999999999778e-01,5.999999999999999778e-01,8.000000000000000444e-01
3.300000000000000155e-01,8.821523604297564214e-01,4.386669684207534781e-01,2.000000000000000000e+00,5.999999999999999778e-01,5.999999999999999778e-01,8.000000000000000444e-01
3.400000000000000244e-01,8.976098277685866655e-01,4.375011747856904498e-01,2.000000000000000000e+00,5.999999999999999778e-01,5.999999999999999778e-01,8.000000000000000444e-01
3.500000000000000333e-01,9.133444155971880418e-01,4.363793088675737564e-01,2.000000000000000000e+00,5.999999999999999778e-01,5.999999999999999778e-01,8.000000000000000444e-01
3.599999999999999867e-01,9.293609535081341910e-01,4.353017783918276540e-01,2.000000000000000000e+00,5.999999999999999778e-01,5.999999999999999778e-01,8.000000000000000444e-01
3.699999999999999956e-01,9.456643463157281548e-01,4.342690098669022558e-01,2.000000000000000000e+00,5.999999999999999778e-01,5.999999999999999778e-01,8.000000000000000444e-01
3.800000000000000044e-01,9.622595747711026881e-01,4.332814492280612773e-01,2.000000000000000000e+00,5.999999999999999778e-01,5.999999999999999778e-01,8.000000000000000444e-01
3.900000000000000133e-01,9.791516962581262584e-01,4.323395625092252281e-01,2.000000000000000000e+00,5.999999999999999778e-01,5.999999999999999778e-01,8.000000000000000444e-01
4.000000000000000222e-01,9.963458454681407561e-01,4.314438365442081480e-01,2.000000000000000000e+00,5.999999999999999778e-01,5.999999999999999778e-01,8.000000000000000444e-01
4.100000000000000311e-01,1.013847235051440920e+00,4.305947796987563136e-01,2.000000000000000000e+00,5.999999999999999778e-01,5.999999999999999778e-01,8.000000000000000444e-01
4.199999999999999845e-01,1.031661156243271149e+00,4.297929226348722320e-01,2.000000000000000000e+00,5.999999999999999778e-01,5.999999999999999778e-01,8.000000000000000444e-01
4.299999999999999933e-01,1.049792979461982245e+00,4.290388191089855585e-01,2.000000000000000000e+00,5.999999999999999778e-01,5.999999999999999778e-01,8.000000000000000444e-01
4.400000000000000022e-01,1.068248154876844991e+00,4.283330468056161244e-01,2.000000000000000000e+00,5.999999999999999778e-01,5.999999999999999778e-01,8.000000000000000444e-01
4.500000000000000111e-01,1.087032212942863119e+00,4.276762082082616323e-01,2.000000000000000000e+00,5.999999999999999778e-01,5.999999999999999778e-01,8.000000000000000444e-01
4.600000000000000200e-01,1.106150764899768157e+00,4.270689315093362803e-01,2.000000000000000000e+00,5.999999999999999778e-01,5.999999999999999778e-01,8.000000000000000444e-01
4.700000000000000289e-01,1.125609503232207098e+00,4.265118715610849986e-01,2.000000000000000000e+00,5.999999999999999778e-01,5.999999999999999778e-01,8.000000000000000444e-01
4.799999999999999822e-01,1.145414202087949418e+00,4.260057108695012862e-01,2.000000000000000000e+00,5.999999999999999778e-01,5.999999999999999778e-01,8.000000000000000444e-01
4.899999999999999911e-01,1.165570717650753041e+00,4.255511606333884367e-01,2.000000000000000000e+00,5.999999999999999778e-01,5.999999999999999778e-01,8.000000000000000444e-01
5.000000000000000000e-01,1.186084988464318535e+00,4.251489618308188501e-01,2.000000000000000000e+00,5.999999999999999778e-01,5.999999999999999778e-01,8.000000000000000444e-01
5.100000000000000089e-01,1.206963035703552345e+00,4.247998863553713034e-01,2.000000000000000000e+00,5.999999999999999778e-01,5.999999999999999778e-01,8.000000000000000444e-01
5.200000000000000178e-01,1.228210963389126276e+00,4.245047382046557294e-01,2.000000000000000000e+00,5.999999999999999778e-01,5.999999999999999778e-01,8.000000000000000444e-01
5.300000000000000266e-01,1.249834958541081731e+00,4.242643547237742174e-01,2.000000000000000000e+00,5.999999999999999778e-01,5.999999999999999778e-01,8.000000000000000444e-01
5.400000000000000355e-01,1.271841291266968765e+00,4.240796079065135005e-01,2.000000000000000000e+00,5.999999999999999778e-01,5.999999999999999778e-01,8.000000000000000444e-01
5.500000000000000444e-01,1.294236314779742214e+00,4.239514057572197347e-01,2.000000000000000000e+00,5.999999999999999778e-01,5.999999999999999778e-01,8.000000000000000444e-01
5.600000000000000533e-01,1.317026465340345620e+00,4.238806937164708577e-01,2.000000000000000000e+00,5.999999999999999778e-01,5.999999999999999778e-01,8.000000000000000444e-01
5.700000000000000622e-01,1.340218262119612813e+00,4.238684561538370033e-01,2.000000000000000000e+00,5.999999999999999778e-01,5.999999999999999778e-01,8.000000000000000444e-01
5.799999999999999600e-01,1.363818306973791694e+00,4.239157179312039170e-01,2.000000000000000000e+00,5.999999999999999778e-01,5.999999999999999778e-01,8.000000000000000444e-01
5.899999999999999689e-01,1.387833284127654609e+00,4.240235460403306011e-01,2.000000000000000000e+00,5.999999999999999778e-01,5.999999999999999778e-01,8.000000000000000444e-01
5.999999999999999778e-01,1.412269959758795990e+00,4.241930513185208640e-01,2.000000000000000000e+00,5.999999999999999778e-01,5.999999999999999778e-01,8.000000000000000444e-01
6.099999999999999867e-01,1.437135181476335122e+00,4.244253902465081607e-01,2.000000000000000000e+00,5.999999999999999778e-01,5.999999999999999778e-01,8.000000000000000444e-01
6.199999999999999956e-01,1.462435877686833141e+00,4.247217668328881479e-01,2.000000000000000000e+00,5.999999999999999778e-01,5.999999999999999778e-01,8.000000000000000444e-01
6.300000000000000044e-01,1.488179056839803227e+00,4.250834345896800648e-01,2.000000000000000000e+00,5.999999999999999778e-01,5.999999999999999778e-01,8.000000000000000444e-01
6.400000000000000133e-01,1.514371806544733579e+00,4.255116986038627869e-01,2.000000000000000000e+00,5.999999999999999778e-01,5.999999999999999778e-01,8.000000000000000444e-01
6.500000000000000222e-01,1.541021292551058464e+00,4.260079177100093983e-01,2.000000000000000000e+00,5.999999999999999778e-01,5.999999999999999778e-01,8.000000000000000444e-01
6.600000000000000311e-01,1.568134757581997940e+00,4.265735067694410576e-01,2.000000000000000000e+00,5.999999999999999778e-01,5.999999999999999778e-01,8.000000000000000444e-01
6.700000000000000400e-01,1.595719520012640391e+00,4.272099390616351244e-01,2.000000000000000000e+00,5.999999999999999778e-01,5.999999999999999778e-01,8.000000000000000444e-01
6.800000000000000488e-01,1.623782972382063372e+00,4.279187487939565271e-01,2.000000000000000000e+00,5.999999999999999778e-01,5.999999999999999778e-01,8.000000000000000444e-01
6.900000000000000577e-01,1.652332579728672757e+00,4.287015337361348433e-01,2.000000000000000000e+00,5.999999999999999778e-01,5.999999999999999778e-01,8.000000000000000444e-01
7.000000000000000666e-01,1.681375877737292024e+00,4.295599579862867112e-01,2.000000000000000000e+00,5.999999999999999778e-01,5.999999999999999778e-01,8.000000000000000444e-01
7.099999999999999645e-01,1.710920470685838968e+00,4.304957548756808139e-01,2.000000000000000000e+00,5.999999999999999778e-01,5.999999999999999778e-01,8.000000000000000444e-01
7.199999999999999734e-01,1.740974029178693483e+00,4.315107300198678386e-01,2.000000000000000000e+00,5.999999999999999778e-01,5.999999999999999778e-01,8.000000000000000444e-01
7.299999999999999822e-01,1.771544287653086691e+00,4.326067645242466231e-01,2.000000000000000000e+00,5.999999999999999778e-01,5.999999999999999778e-01,8.000000000000000444e-01
7.399999999999999911e-01,1.802639041644011009e+00,4.337858183526161482e-01,2.000000000000000000e+00,5.999999999999999778e-01,5.999999999999999778e-01,8.000000000000000444e-01
7.500000000000000000e-01,1.834266144792275899e+00,4.350499338677693006e-01,2.000000000000000000e+00,5.999999999999999778e-01,5.999999999999999778e-01,8.000000000000000444e-01
7.600000000000000089e-01,1.866433505579407903e+00,4.364012395537239519e-01,2.000000000000000000e+00,5.999999999999999778e-01,5.999999999999999778e-01,8.000000000000000444e-01
7.700000000000000178e-01,1.899149083772102120e+00,4.378419539297578877e-01,2.000000000000000000e+00,5.999999999999999778e-01,5.999999999999999778e-01,8.000000000000000444e-01
7.800000000000000266e-01,1.932420886557888906e+00,4.393743896670212479e-01,2.000000000000000000e+00,5.999999999999999778e-01,5.999999999999999778e-01,8.000000000000000444e-01
7.900000000000000355e-01,1.966256964352568026e+00,4.410009579191453422e-01,2.000000000000000000e+00,5.999999999999999778e-01,5.999999999999999778e-01,8.000000000000000444e-01
8.000000000000000444e-01,2.000665406258781864e+00,4.427241728789509945e-01,2.000000000000000000e+00,5.999999999999999778e-01,5.999999999999999778e-01,8.000000000000000444e-01
8.100000000000000533e-01,2.035654335153850969e+00,4.445466565740854303e-01,2.000000000000000000e+00,5.999999999999999778e-01,5.999999999999999778e-01,8.000000000000000444e-01
8.200000000000000622e-01,2.071231902383666945e+00,4.464711439151895500e-01,2.000000000000000000e+00,5.999999999999999778e-01,5.999999999999999778e-01,8.000000000000000444e-01
8.300000000000000711e-01,2.107406282038026379e+00,4.485004880110151082e-01,2.000000000000000000e+00,5.999999999999999778e-01,5.999999999999999778e-01,8.000000000000000444e-01
8.399999999999999689e-01,2.144185664781298684e+00,4.506376657657807372e-01,2.000000000000000000e+00,5.999999999999999778e-01,5.999999999999999778e-01,8.000000000000000444e-01
8.499999999999999778e-01,2.181578251210734454e+00,4.528857837749781790e-01,2.000000000000000000e+00,5.999999999999999778e-01,5.999999999999999778e-01,8.000000000000000444e-01
8.599999999999999867e-01,2.219592244713033846e+00,4.552480845368184759e-01,2.000000000000000000e+00,5.999999999999999778e-01,5.999999999999999778e-01,8.000000000000000444e-01
8.699999999999999956e-01,2.258235843788020336e+00,4.577279529975459282e-01,2.000000000000000000e+00,5.999999999999999778e-01,5.999999999999999778e-01,8.000000000000000444e-01
8.800000000000000044e-01,2.297517233806358306e+00,4.603289234499478577e-01,2.000000000000000000e+00,5.999999999999999778e-01,5.999999999999999778e-01,8.000000000000000444e-01
8.900000000000000133e-01,2.337444578166261611e+00,4.630546868055565590e-01,2.000000000000000000e+00,5.999999999999999778e-01,5.999999999999999778e-01,8.000000000000000444e-01
9.000000000000000222e-01,2.378026008812000658e+00,4.659090982622755006e-01,2.000000000000000000e+00,5.999999999999999778e-01,5.999999999999999778e-01,8.000000000000000444e-01
9.100000000000000311e-01,2.419269616074764873e+00,4.688961853904735078e-01,2.000000000000000000e+00,5.999999999999999778e-01,5.999999999999999778e-01,8.000000000000000444e-01
9.200000000000000400e-01,2.461183437794048690e+00,4.720201566619784961e-01,2.000000000000000000e+00,5.999999999999999778e-01,5.999999999999999778e-01,8.000000000000000444e-01
9.300000000000000488e-01,2.503775447675194332e+00,4.752854104478718700e-01,2.000000000000000000e+00,5.999999999999999778e-01,5.999999999999999778e-01,8.000000000000000444e-01
9.400000000000000577e-01,2.547053542836045459e+00,4.786965445125401231e-01,2.000000000000000000e+00,5.999999999999999778e-01,5.999999999999999778e-01,8.000000000000000444e-01
9.500000000000000666e-01,2.591025530492823137e+00,4.822583660330843625e-01,2.000000000000000000e+00,5.999999999999999778e-01,5.999999999999999778e-01,8.000000000000000444e-01
9.599999999999999645e-01,2.635699113732334453e+00,4.859759021749268104e-01,2.000000000000000000e+00,5.999999999999999778e-01,5.999999999999999778e-01,8.000000000000000444e-01
9.699999999999999734e-01,2.681081876314443946e+00,4.898544112562892017e-01,2.000000000000000000e+00,5.999999999999999778e-01,5.999999999999999778e-01,8.000000000000000444e-01
9.799999999999999822e-01,2.727181266445378949e+00,4.938993945361553339e-01,2.000000000000000000e+00,5.999999999999999778e-01,5.999999999999999778e-01,8.000000000000000444e-01
9.899999999999999911e-01,2.774004579458886344e+00,4.981166086623725620e-01,2.000000000000000000e+00,5.999999999999999778e-01,5.999999999999999778e-01,8.000000000000000444e-01
1.000000000000000000e+00,2.821558939338509653e+00,5.025120788186999699e-01,2.000000000000000000e+00,5.999999999999999778e-01,5.999999999999999778e-01,8.000000000000000444e-01
1.010000000000000009e+00,2.869851279010303013e+00,5.070921126118752564e-01,2.000000000000000000e+00,5.999999999999999778e-01,5.999999999999999778e-01,8.000000000000000444e-01
1.020000000000000018e+00,2.918888319331113479e+00,5.118633147421531859e-01,2.000000000000000000e+00,5.999999999999999778e-01,5.999999999999999778e-01,8.000000000000000444e-01
1.030000000000000027e+00,2.968676546693181262e+00,5.168326025032667914e-01,2.000000000000000000e+00,5.999999999999999778e-01,5.999999999999999778e-01,8.000000000000000444e-01
1.040000000000000036e+00,3.019222189161168579e+00,5.220072221603839768e-01,2.000000000000000000e+00,5.999999999999999778e-01,5.999999999999999778e-01,8.000000000000000444e-01
1.050000000000000044e+00,3.070531191052866760e+00,5.273947662573713613e-01,2.000000000000000000e+00,5.999999999999999778e-01,5.999999999999999778e-01,8.000000000000000444e-01
1.060000000000000053e+00,3.122609185869723358e+00,5.330031919075413072e-01,2.000000000000000000e+00,5.999999999999999778e-01,5.999999999999999778e-01,8.000000000000000444e-01
1.070000000000000062e+00,3.175461467477964650e+00,5.388408401250448510e-01,2.000000000000000000e+00,5.999999999999999778e-01,5.999999999999999778e-01,8.000000000000000444e-01
1.080000000000000071e+00,3.229092959435479138e+00,5.449164562571756631e-01,2.000000000000000000e+00,5.999999999999999778e-01,5.999999999999999778e-01,8.000000000000000444e-01
1.090000000000000080e+00,3.283508182353763516e+00,5.512392115810710314e-01,2.000000000000000000e+00,5.999999999999999778e-01,5.999999999999999778e-01,8.000000000000000444e-01
1.100000000000000089e+00,3.338711219178096101e+00,5.578187261316270851e-01,2.000000000000000000e+00,5.999999999999999778e-01,5.999999999999999778e-01,8.000000000000000444e-01
1.110000000000000098e+00,3.394705678262733617e+00,5.646650928308774020e-01,2.000000000000000000e+00,5.999999999999999778e-01,5.999999999999999778e-01,8.000000000000000444e-01
1.120000000000000107e+00,3.451494654111290750e+00,5.717889029926072064e-01,2.000000000000000000e+00,5.999999999999999778e-01,5.999999999999999778e-01,8.000000000000000444e-01
1.130000000000000115e+00,3.509080685645598052e+00,5.792012732795783769e-01,2.000000000000000000e+00,5.999999999999999778e-01,5.999999999999999778e-01,8.000000000000000444e-01
1.140000000000000124e+00,3.567465711859229671e+00,5.869138741943982218e-01,2.000000000000000000e+00,5.999999999999999778e-01,5.999999999999999778e-01,8.000000000000000444e-01
1.150000000000000133e+00,3.626651024704588888e+00,5.949389601887661305e-01,2.000000000000000000e+00,5.999999999999999778e-01,5.999999999999999778e-01,8.000000000000000444e-01
1.159999999999999920e+00,3.686637219054939685e+00,6.032894014795371351e-01,2.000000000000000000e+00,5.999999999999999778e-01,5.999999999999999778e-01,8.000000000000000444e-01
1.169999999999999929e+00,3.747424139575118662e+00,6.119787176637249138e-01,2.000000000000000000e+00,5.999999999999999778e-01,5.999999999999999778e-01,8.000000000000000444e-01
1.179999999999999938e+00,3.809010824326892308e+00,6.210211132281877600e-01,2.000000000000000000e+00,5.999999999999999778e-01,5.999999999999999778e-01,8.000000000000000444e-01
1.189999999999999947e+00,3.871395444927074880e+00,6.304315150532430190e-01,2.000000000000000000e+00,5.999999999999999778e-01,5.999999999999999778e-01,8.000000000000000444e-01
1.199999999999999956e+00,3.934575243068668460e+00,6.402256120127918226e-01,2.000000000000000000e+00,5.999999999999999778e-01,5.999999999999999778e-01,8.000000000000000444e-01
1.209999999999999964e+00,3.998546463207488966e+00,6.504198967766279260e-01,2.000000000000000000e+00,5.999999999999999778e-01,5.999999999999999778e-01,8.000000000000000444e-01
1.219999999999999973e+00,4.063304281209077828e+00,6.610317099233741223e-01,2.000000000000000000e+00,5.999999999999999778e-01,5.999999999999999778e-01,8.000000000000000444e-01
1.229999999999999982e+00,4.128842728743298274e+00,6.720792864748443840e-01,2.000000000000000000e+00,5.999999999999999778e-01,5.999999999999999778e-01,8.000000000000000444e-01
1.239999999999999991e+00,4.195154613206964811e+00,6.835818049644523109e-01,2.000000000000000000e+00,5.999999999999999778e-01,5.999999999999999778e-01,8.000000000000000444e-01
1.250000000000000000e+00,4.262231432948332177e+00,6.955594391534500875e-01,2.000000000000000000e+00,5.999999999999999778e-01,5.999999999999999778e-01,8.000000000000000444e-01
1.260000000000000009e+00,4.330063287561407570e+00,7.080334125091329867e-01,2.000000000000000000e+00,5.999999999999999778e-01,5.999999999999999778e-01,8.000000000000000444e-01
1.270000000000000018e+00,4.398638783013083753e+00,7.210260555585112918e-01,2.000000000000000000e+00,5.999999999999999778e-01,5.999999999999999778e-01,8.000000000000000444e-01
1.280000000000000027e+00,4.467944931362232808e+00,7.345608662291267521e-01,2.000000000000000000e+00,5.999999999999999778e-01,5.999999999999999778e-01,8.000000000000000444e-01
1.290000000000000036e+00,4.537967044827396990e+00,7.486625732854463866e-01,2.000000000000000000e+00,5.999999999999999778e-01,5.999999999999999778e-01,8.000000000000000444e-01
1.300000000000000044e+00,4.608688623958921760e+00,7.633572029643340695e-01,2.000000000000000000e+00,5.999999999999999778e-01,5.999999999999999778e-01,8.000000000000000444e-01
1.310000000000000053e+00,4.680091239672615977e+00,7.786721489061755319e-01,2.000000000000000000e+00,5.999999999999999778e-01,5.999999999999999778e-01,8.000000000000000444e-01
1.320000000000000062e+00,4.752154408905701288e+00,7.946362454689679389e-01,2.000000000000000000e+00,5.999999999999999778e-01,5.999999999999999778e-01,8.000000000000000444e-01
1.330000000000000071e+00,4.824855463662442112e+00,8.112798445006851322e-01,2.000000000000000000e+00,5.999999999999999778e-01,5.999999999999999778e-01,8.000000000000000444e-01
1.340000000000000080e+00,4.898169413226890256e+00,8.286348956300521040e-01,2.000000000000000000e+00,5.999999999999999778e-01,5.999999999999999778e-01,8.000000000000000444e-01
1.350000000000000089e+00,4.972068799334310008e+00,8.467350301169924709e-01,2.000000000000000000e+00,5.999999999999999778e-01,5.999999999999999778e-01,8.000000000000000444e-01
1.360000000000000098e+00,5.046523544111726878e+00,8.656156482808945452e-01,2.000000000000000000e+00,5.999999999999999778e-01,5.999999999999999778e-01,8.000000000000000444e-01
1.370000000000000107e+00,5.121500790622413035e+00,8.853140104968301172e-01,2.000000000000000000e+00,5.999999999999999778e-01,5.999999999999999778e-01,8.000000000000000444e-01
1.380000000000000115e+00,5.196964735879937791e+00,9.058693317162437308e-01,2.000000000000000000e+00,5.999999999999999778e-01,5.999999999999999778e-01,8.000000000000000444e-01
1.390000000000000124e+00,5.272876456235547238e+00,9.273228794286254573e-01,2.000000000000000000e+00,5.999999999999999778e-01,5.999999999999999778e-01,8.000000000000000444e-01
1.400000000000000133e+00,5.349193725089269158e+00,9.497180749333999916e-01,2.000000000000000000e+00,5.999999999999999778e-01,5.999999999999999778e-01,8.000000000000000444e-01
1.409999999999999920e+00,5.425870822931422310e+00,9.731005977357494174e-01,2.000000000000000000e+00,5.999999999999999778e-01,5.999999999999999778e-01,8.000000000000000444e-01
1.419999999999999929e+00,5.502858339788501141e+00,9.975184928152799335e-01,2.000000000000000000e+00,5.999999999999999778e-01,5.999999999999999778e-01,8.000000000000000444e-01
1.429999999999999938e+00,5.580102970227165393e+00,1.023022280441179710e+00,2.000000000000000000e+00,5.999999999999999778e-01,5.999999999999999778e-01,8.000000000000000444e-01
1.439999999999999947e+00,5.657547301163895703e+00,1.049665068120563927e+00,2.000000000000000000e+00,5.999999999999999778e-01,5.999999999999999778e-01,8.000000000000000444e-01
1.449999999999999956e+00,5.735129592837521884e+00,1.077502664166708701e+00,2.000000000000000000e+00,5.999999999999999778e-01,5.999999999999999778e-01,8.000000000000000444e-01
1.459999999999999964e+00,5.812783553429133221e+00,1.106593692259423056e+00,2.000000000000000000e+00,5.999999999999999778e-01,5.999999999999999778e-01,8.000000000000000444e-01
1.469999999999999973e+00,5.890438107960869196e+00,1.136999706239397723e+00,2.000000000000000000e+00,5.999999999999999778e-01,5.999999999999999778e-01,8.000000000000000444e-01
1.479999999999999982e+00,5.968017162273850928e+00,1.168785304230446354e+00,2.000000000000000000e+00,5.999999999999999778e-01,5.999999999999999778e-01,8.000000000000000444e-01
1.489999999999999991e+00,6.045439363078209283e+00,1.202018241016520106e+00,2.000000000000000000e+00,5.999999999999999778e-01,5.999999999999999778e-01,8.000000000000000444e-01
1.500000000000000000e+00,6.122617855287115773e+00,1.236769537412666375e+00,2.000000000000000000e+00,5.999999999999999778e-01,5.999999999999999778e-01,8.000000000000000444e-01
1.510000000000000009e+00,6.199460038094112058e+00,1.273113585159143746e+00,2.000000000000000000e+00,5.999999999999999778e-01,5.999999999999999778e-01,8.000000000000000444e-01
1.520000000000000018e+00,6.275867321531142906e+00,1.311128245634272993e+00,2.000000000000000000e+00,5.999999999999999778e-01,5.999999999999999778e-01,8.000000000000000444e-01
1.530000000000000027e+00,6.351734885555580412e+00,1.350894940423017498e+00,2.000000000000000000e+00,5.999999999999999778e-01,5.999999999999999778e-01,8.000000000000000444e-01
1.540000000000000036e+00,6.426951444060140517e+00,1.392498731493725828e+00,2.000000000000000000e+00,5.999999999999999778e-01,5.999999999999999778e-01,8.000000000000000444e-01
1.550000000000000044e+00,6.501399016581446588e+00,1.436028388424301472e+00,2.000000000000000000e+00,5.999999999999999778e-01,5.999999999999999778e-01,8.000000000000000444e-01
1.560000000000000053e+00,6.574952710902218556e+00,1.481576439781118193e+00,2.000000000000000000e+00,5.999999999999999778e-01,5.999999999999999778e-01,8.000000000000000444e-01
1.570000000000000062e+00,6.647480520199122722e+00,1.529239205389814726e+00,2.000000000000000000e+00,5.999999999999999778e-01,5.999999999999999778e-01,8.000000000000000444e-01
1.580000000000000071e+00,6.718843138882826693e+00,1.579116805847988747e+00,2.000000000000000000e+00,5.999999999999999778e-01,5.999999999999999778e-01,8.000000000000000444e-01
1.590000000000000080e+00,6.788893801807263984e+00,1.631313145218204363e+00,2.000000000000000000e+00,5.999999999999999778e-01,5.999999999999999778e-01,8.000000000000000444e-01
1.600000000000000089e+00,6.857478152088756218e+00,1.685935862409288166e+00,2.000000000000000000e+00,5.999999999999999778e-01,5.999999999999999778e-01,8.000000000000000444e-01
1.610000000000000098e+00,6.924434143367897754e+00,1.743096246309909114e+00,2.000000000000000000e+00,5.999999999999999778e-01,5.999999999999999778e-01,8.000000000000000444e-01
1.620000000000000107e+00,6.989591982961519179e+00,1.802909109288019174e+00,2.000000000000000000e+00,5.999999999999999778e-01,5.999999999999999778e-01,8.000000000000000444e-01
1.630000000000000115e+00,7.052774122979617033e+00,1.865492613222208718e+00,2.000000000000000000e+00,5.999999999999999778e-01,5.999999999999999778e-01,8.000000000000000444e-01
1.640000000000000124e+00,7.113795307111179689e+00,1.930968041798231782e+00,2.000000000000000000e+00,5.999999999999999778e-01,5.999999999999999778e-01,8.000000000000000444e-01
1.650000000000000133e+00,7.172462681398329210e+00,1.999459512400589833e+00,2.000000000000000000e+00,5.999999999999999778e-01,5.999999999999999778e-01,8.000000000000000444e-01
1.660000000000000142e+00,7.228575977901543936e+00,2.071093620573018601e+00,2.000000000000000000e+00,5.999999999999999778e-01,5.999999999999999778e-01,8.000000000000000444e-01
1.669999999999999929e+00,7.281927780687214025e+00,2.145999009734366414e+00,2.000000000000000000e+00,5.999999999999999778e-01,5.999999999999999778e-01,8.000000000000000444e-01
1.679999999999999938e+00,7.332303884015418660e+00,2.224305858642749989e+00,2.000000000000000000e+00,5.999999999999999778e-01,5.999999999999999778e-01,8.000000000000000444e-01
1.689999999999999947e+00,7.379483752938839736e+00,2.306145279029903961e+00,2.000000000000000000e+00,5.999999999999999778e-01,5.999999999999999778e-01,8.000000000000000444e-01
1.699999999999999956e+00,7.423241096706860276e+00,2.391648615911982301e+00,2.000000000000000000e+00,5.999999999999999778e-01,5.999999999999999778e-01,8.000000000000000444e-01
1.709999999999999964e+00,7.463344565361029304e+00,2.480946643358965975e+00,2.000000000000000000e+00,5.999999999999999778e-01,5.999999999999999778e-01,8.000000000000000444e-01
1.719999999999999973e+00,7.499558579664006963e+00,2.574168649011593146e+00,2.000000000000000000e+00,5.999999999999999778e-01,5.999999999999999778e-01,8.000000000000000444e-01
1.729999999999999982e+00,7.531644303974997179e+00,2.671441401414007100e+00,2.000000000000000000e+00,5.999999999999999778e-01,5.999999999999999778e-01,8.000000000000000444e-01
1.739999999999999991e+00,7.559360770819240294e+00,2.772887995324786026e+00,2.000000000000000000e+00,5.999999999999999778e-01,5.999999999999999778e-01,8.000000000000000444e-01
1.750000000000000000e+00,7.582466164645286000e+00,2.878626571620907182e+00,2.000000000000000000e+00,5.999999999999999778e-01,5.999999999999999778e-01,8.000000000000000444e-01
1.760000000000000009e+00,7.600719270570619912e+00,2.988768910258015499e+00,2.000000000000000000e+00,5.999999999999999778e-01,5.999999999999999778e-01,8.000000000000000444e-01
1.770000000000000018e+00,7.613881091736964812e+00,3.103418897030336687e+00,2.000000000000000000e+00,5.999999999999999778e-01,5.999999999999999778e-01,8.000000000000000444e-01
1.780000000000000027e+00,7.621716636191839811e+00,3.222670867610384349e+00,2.000000000000000000e+00,5.999999999999999778e-01,5.999999999999999778e-01,8.000000000000000444e-01
1.790000000000000036e+00,7.623996870954632854e+00,3.346607835555717170e+00,2.000000000000000000e+00,5.999999999999999778e-01,5.999999999999999778e-01,8.000000000000000444e-01
1.800000000000000044e+00,7.620500837101435110e+00,3.475299614644497215e+00,2.000000000000000000e+00,5.999999999999999778e-01,5.999999999999999778e-01,8.000000000000000444e-01
1.810000000000000053e+00,7.611017915321759197e+00,3.608800850019838524e+00,2.000000000000000000e+00,5.999999999999999778e-01,5.999999999999999778e-01,8.000000000000000444e-01
1.820000000000000062e+00,7.595350226496621282e+00,3.747148977136042447e+00,2.000000000000000000e+00,5.999999999999999778e-01,5.999999999999999778e-01,8.000000000000000444e-01
1.830000000000000071e+00,7.573315146486554461e+00,3.890362132329615807e+00,2.000000000000000000e+00,5.999999999999999778e-01,5.999999999999999778e-01,8.000000000000000444e-01
1.840000000000000080e+00,7.544747908600567321e+00,4.038437043873413401e+00,2.000000000000000000e+00,5.999999999999999778e-01,5.999999999999999778e-01,8.000000000000000444e-01
1.850000000000000089e+00,7.509504261281951365e+00,4.191346937467152145e+00,2.000000000000000000e+00,5.999999999999999778e-01,5.999999999999999778e-01,8.000000000000000444e-01
1.860000000000000098e+00,7.467463142573630641e+00,4.349039495089886742e+00,2.000000000000000000e+00,5.999999999999999778e-01,5.999999999999999778e-01,8.000000000000000444e-01
1.870000000000000107e+00,7.418529327133748907e+00,4.511434910773524543e+00,2.000000000000000000e+00,5.999999999999999778e-01,5.999999999999999778e-01,8.000000000000000444e-01
1.880000000000000115e+00,7.362635996217213652e+00,4.678424090904903743e+00,2.000000000000000000e+00,5.999999999999999778e-01,5.999999999999999778e-01,8.000000000000000444e-01
1.890000000000000124e+00,7.299747176406906846e+00,4.849867049858618273e+00,2.000000000000000000e+00,5.999999999999999778e-01,5.999999999999999778e-01,8.000000000000000444e-01
1.900000000000000133e+00,7.229859989274763699e+00,5.025591553823442581e+00,2.000000000000000000e+00,5.999999999999999778e-01,5.999999999999999778e-01,8.000000000000000444e-01
1.910000000000000142e+00,7.153006651889391776e+00,5.205392066334315615e+00,2.000000000000000000e+00,5.999999999999999778e-01,5.999999999999999778e-01,8.000000000000000444e-01
1.919999999999999929e+00,7.069256167462941498e+00,5.389029048001980016e+00,2.000000000000000000e+00,5.999999999999999778e-01,5.999999999999999778e-01,8.000000000000000444e-01
1.929999999999999938e+00,6.978715646713157916e+00,5.576228660025960515e+00,2.000000000000000000e+00,5.999999999999999778e-01,5.999999999999999778e-01,8.000000000000000444e-01
1.939999999999999947e+00,6.881531203920101092e+00,5.766682916126788960e+00,2.000000000000000000e+00,5.999999999999999778e-01,5.999999999999999778e-01,8.000000000000000444e-01
1.949999999999999956e+00,6.777888377317398572e+00,5.960050320464822526e+00,2.000000000000000000e+00,5.999999999999999778e-01,5.999999999999999778e-01,8.000000000000000444e-01
1.959999999999999964e+00,6.668012031413741880e+00,6.155957019950021092e+00,2.000000000000000000e+00,5.999999999999999778e-01,5.999999999999999778e-01,8.000000000000000444e-01
1.969999999999999973e+00,6.552165709015531192e+00,6.353998488228020491e+00,2.000000000000000000e+00,5.999999999999999778e-01,5.999999999999999778e-01,8.000000000000000444e-01
1.979999999999999982e+00,6.430650412913625047e+00,6.553741745813025155e+00,2.000000000000000000e+00,5.999999999999999778e-01,5.999999999999999778e-01,8.000000000000000444e-01
1.989999999999999991e+00,6.303802811074045387e+00,6.754728106709459112e+00,2.000000000000000000e+00,5.999999999999999778e-01,5.999999999999999778e-01,8.000000000000000444e-01
2.000000000000000000e+00,6.171992874278230623e+00,6.956476426916431421e+00,2.000000000000000000e+00,5.999999999999999778e-01,5.999999999999999778e-01,8.000000000000000444e-01
2.010000000000000231e+00,6.035620970929418405e+00,7.158486815029284855e+00,2.000000000000000000e+00,5.999999999999999778e-01,5.999999999999999778e-01,8.000000000000000444e-01
2.020000000000000018e+00,5.895114459532570628e+00,7.360244750392916480e+00,2.000000000000000000e+00,5.999999999999999778e-01,5.999999999999999778e-01,8.000000000000000444e-01
2.030000000000000249e+00,5.750923834473695706e+00,7.561225540601904882e+00,2.000000000000000000e+00,5.999999999999999778e-01,5.999999999999999778e-01,8.000000000000000444e-01
2.040000000000000036e+00,5.603518494472794487e+00,7.760899038248599169e+00,2.000000000000000000e+00,5.999999999999999778e-01,5.999999999999999778e-01,8.000000000000000444e-01
2.049999999999999822e+00,5.453382214804750383e+00,7.958734527299485606e+00,2.000000000000000000e+00,5.999999999999999778e-01,5.999999999999999778e-01,8.000000000000000444e-01
2.060000000000000053e+00,5.301008413499894267e+00,8.154205682838698621e+00,2.000000000000000000e+00,5.999999999999999778e-01,5.999999999999999778e-01,8.000000000000000444e-01
2.069999999999999840e+00,5.146895307800565256e+00,8.346795504523734976e+00,2.000000000000000000e+00,5.999999999999999778e-01,5.999999999999999778e-01,8.000000000000000444e-01
2.080000000000000071e+00,4.991541059867595997e+00,8.536001124154369180e+00,2.000000000000000000e+00,5.999999999999999778e-01,5.999999999999999778e-01,8.000000000000000444e-01
2.089999999999999858e+00,4.835439009984320968e+00,8.721338391281451052e+00,2.000000000000000000e+00,5.999999999999999778e-01,5.999999999999999778e-01,8.000000000000000444e-01
2.100000000000000089e+00,4.679073091363125769e+00,8.902346147612975713e+00,2.000000000000000000e+00,5.999999999999999778e-01,5.999999999999999778e-01,8.000000000000000444e-01
2.109999999999999876e+00,4.522913513366907168e+00,9.078590110772568167e+00,2.000000000000000000e+00,5.999999999999999778e-01,5.999999999999999778e-01,8.000000000000000444e-01
2.120000000000000107e+00,4.367412789920349425e+00,9.249666300243376327e+00,2.000000000000000000e+00,5.999999999999999778e-01,5.999999999999999778e-01,8.000000000000000444e-01
2.129999999999999893e+00,4.213002177637228840e+00,9.415203952486765004e+00,2.000000000000000000e+00,5.999999999999999778e-01,5.999999999999999778e-01,8.000000000000000444e-01
2.140000000000000124e+00,4.060088574353127200e+00,9.574867887586327342e+00,2.000000000000000000e+00,5.999999999999999778e-01,5.999999999999999778e-01,8.000000000000000444e-01
2.149999999999999911e+00,3.909051913997410033e+00,9.728360305631937877e+00,2.000000000000000000e+00,5.999999999999999778e-01,5.999999999999999778e-01,8.000000000000000444e-01
2.160000000000000142e+00,3.760243078735862277e+00,9.875422006741244374e+00,2.000000000000000000e+00,5.999999999999999778e-01,5.999999999999999778e-01,8.000000000000000444e-01
2.169999999999999929e+00,3.613982334699582299e+00,1.001583304348923775e+01,2.000000000000000000e+00,5.999999999999999778e-01,5.999999999999999778e-01,8.000000000000000444e-01
2.180000000000000160e+00,3.470558283947562384e+00,1.014941282804200284e+01,2.000000000000000000e+00,5.999999999999999778e-01,5.999999999999999778e-01,8.000000000000000444e-01
2.189999999999999947e+00,3.330227313052028126e+00,1.027601972804296437e+01,2.000000000000000000e+00,5.999999999999999778e-01,5.999999999999999778e-01,8.000000000000000444e-01
2.200000000000000178e+00,3.193213508194139294e+00,1.039555019497976396e+01,2.000000000000000000e+00,5.999999999999999778e-01,5.999999999999999778e-01,8.000000000000000444e-01
2.209999999999999964e+00,3.059708998138254810e+00,1.050793747619772311e+01,2.000000000000000000e+00,5.999999999999999778e-01,5.999999999999999778e-01,8.000000000000000444e-01
2.220000000000000195e+00,2.929874680021138822e+00,1.061314996687567280e+01,2.000000000000000000e+00,5.999999999999999778e-01,5.999999999999999778e-01,8.000000000000000444e-01
2.229999999999999982e+00,2.803841278543903748e+00,1.071118926120676029e+01,2.000000000000000000e+00,5.999999999999999778e-01,5.999999999999999778e-01,8.000000000000000444e-01
2.240000000000000213e+00,2.681710686790493625e+00,1.080208796288766138e+01,2.000000000000000000e+00,5.999999999999999778e-01,5.999999999999999778e-01,8.000000000000000444e-01
2.250000000000000000e+00,2.563557536343154197e+00,1.088590731404258349e+01,2.000000000000000000e+00,5.999999999999999778e-01,5.999999999999999778e-01,8.000000000000000444e-01
2.260000000000000231e+00,2.449430945394216685e+00,1.096273469916963350e+01,2.000000000000000000e+00,5.999999999999999778e-01,5.999999999999999778e-01,8.000000000000000444e-01
2.270000000000000018e+00,2.339356395902378427e+00,1.103268107689951449e+01,2.000000000000000000e+00,5.999999999999999778e-01,5.999999999999999778e-01,8.000000000000000444e-01
2.280000000000000249e+00,2.233337694233361592e+00,1.109587838760956302e+01,2.000000000000000000e+00,5.999999999999999778e-01,5.999999999999999778e-01,8.000000000000000444e-01
2.290000000000000036e+00,2.131358973883914043e+00,1.115247697953994255e+01,2.000000000000000000e+00,5.999999999999999778e-01,5.999999999999999778e-01,8.000000000000000444e-01
2.300000000000000266e+00,2.033386703553992980e+00,1.120264309029046856e+01,2.000000000000000000e+00,5.999999999999999778e-01,5.999999999999999778e-01,8.000000000000000444e-01
2.310000000000000053e+00,1.939371668768802071e+00,1.124655641468164191e+01,2.000000000000000000e+00,5.999999999999999778e-01,5.999999999999999778e-01,8.000000000000000444e-01
2.319999999999999840e+00,1.849250900255533514e+00,1.128440778414978141e+01,2.000000000000000000e+00,5.999999999999999778e-01,5.999999999999999778e-01,8.000000000000000444e-01
2.330000000000000071e+00,1.762949527179252796e+00,1.131639697728180849e+01,2.000000000000000000e+00,5.999999999999999778e-01,5.999999999999999778e-01,8.000000000000000444e-01
2.339999999999999858e+00,1.680382538003958093e+00,1.134273067590830308e+01,2.000000000000000000e+00,5.999999999999999778e-01,5.999999999999999778e-01,8.000000000000000444e-01
2.350000000000000089e+00,1.601456436068419809e+00,1.136362057645475332e+01,2.000000000000000000e+00,5.999999999999999778e-01,5.999999999999999778e-01,8.000000000000000444e-01
2.359999999999999876e+00,1.526070780883509670e+00,1.137928166205708180e+01,2.000000000000000000e+00,5.999999999999999778e-01,5.999999999999999778e-01,8.000000000000000444e-01
2.370000000000000107e+00,1.454119609627919640e+00,1.138993063730608846e+01,2.000000000000000000e+00,5.999999999999999778e-01,5.999999999999999778e-01,8.000000000000000444e-01
2.379999999999999893e+00,1.385492736325621310e+00,1.139578452439948641e+01,2.000000000000000000e+00,5.999999999999999778e-01,5.999999999999999778e-01,8.000000000000000444e-01
2.390000000000000124e+00,1.320076928733617816e+00,1.139705941693345714e+01,2.000000000000000000e+00,5.999999999999999778e-01,5.999999999999999778e-01,8.000000000000000444e-01
2.399999999999999911e+00,1.257756965069901645e+00,1.139396938552736316e+01,2.000000000000000000e+00,5.999999999999999778e-01,5.999999999999999778e-01,8.000000000000000444e-01
2.410000000000000142e+00,1.198416574397452194e+00,1.138672552790457004e+01,2.000000000000000000e+00,5.999999999999999778e-01,5.999999999999999778e-01,8.000000000000000444e-01
2.419999999999999929e+00,1.141939265786391822e+00,1.137553515490165168e+01,2.000000000000000000e+00,5.999999999999999778e-01,5.999999999999999778e-01,8.000000000000000444e-01
2.430000000000000160e+00,1.088209052343291017e+00,1.136060110309731286e+01,2.000000000000000000e+00,5.999999999999999778e-01,5.999999999999999778e-01,8.000000000000000444e-01
2.439999999999999947e+00,1.037111076866223724e+00,1.134212116428955675e+01,2.000000000000000000e+00,5.999999999999999778e-01,5.999999999999999778e-01,8.000000000000000444e-01
2.450000000000000178e+00,9.885321462986047525e-01,1.132028762185526460e+01,2.000000000000000000e+00,5.999999999999999778e-01,5.999999999999999778e-01,8.000000000000000444e-01
2.459999999999999964e+00,9.423611823547171085e-01,1.129528688405299874e+01,2.000000000000000000e+00,5.999999999999999778e-01,5.999999999999999778e-01,8.000000000000000444e-01
2.470000000000000195e+00,8.984895957131585620e-01,1.126729920453412781e+01,2.000000000000000000e+00,5.999999999999999778e-01,5.999999999999999778e-01,8.000000000000000444e-01
2.479999999999999982e+00,8.568115910559992443e-01,1.123649848066997237e+01,2.000000000000000000e+00,5.999999999999999778e-01,5.999999999999999778e-01,8.000000000000000444e-01
2.490000000000000213e+00,8.172244100023740021e-01,1.120305212074909562e+01,2.000000000000000000e+00,5.999999999999999778e-01,5.999999999999999778e-01,8.000000000000000444e-01
2.500000000000000000e+00,7.796285186728718619e-01,1.116712097161910933e+01,2.000000000000000000e+00,5.999999999999999778e-01,5.999999999999999778e-01,8.000000000000000444e-01
2.510000000000000231e+00,7.439277462490068160e-01,1.112885929891590564e+01,2.000000000000000000e+00,5.999999999999999778e-01,5.999999999999999778e-01,8.000000000000000444e-01
2.520000000000000018e+00,7.100293804802068065e-01,1.108841481261898210e+01,2.000000000000000000e+00,5.999999999999999778e-01,5.999999999999999778e-01,8.000000000000000444e-01
2.530000000000000249e+00,6.778442256557452028e-01,1.104592873127700337e+01,2.000000000000000000e+00,5.999999999999999778e-01,5.999999999999999778e-01,8.000000000000000444e-01
2.540000000000000036e+00,6.472866281143765388e-01,1.100153587884917350e+01,2.000000000000000000e+00,5.999999999999999778e-01,5.999999999999999778e-01,8.000000000000000444e-01
2.550000000000000266e+00,6.182744739209348195e-01,1.095536480869455431e+01,2.000000000000000000e+00,5.999999999999999778e-01,5.999999999999999778e-01,8.000000000000000444e-01
2.560000000000000053e+00,5.907291629051982795e-01,1.090753794980506441e+01,2.000000000000000000e+00,5.999999999999999778e-01,5.999999999999999778e-01,8.000000000000000444e-01
2.569999999999999840e+00,5.645755628402659987e-01,1.085817177091258934e+01,2.000000000000000000e+00,5.999999999999999778e-01,5.999999999999999778e-01,8.000000000000000444e-01
2.580000000000000071e+00,5.397419471401153634e-01,1.080737695860260672e+01,2.000000000000000000e+00,5.999999999999999778e-01,5.999999999999999778e-01,8.000000000000000444e-01
2.589999999999999858e+00,5.161599190820459482e-01,1.075525860603337946e+01,2.000000000000000000e+00,5.999999999999999778e-01,5.999999999999999778e-01,8.000000000000000444e-01
2.600000000000000089e+00,4.937643252113018133e-01,1.070191640929011534e+01,2.000000000000000000e+00,5.999999999999999778e-01,5.999999999999999778e-01,8.000000000000000444e-01
2.609999999999999876e+00,4.724931602632641003e-01,1.064744486879731689e+01,2.000000000000000000e+00,5.999999999999999778e-01,5.999999999999999778e-01,8.000000000000000444e-01
2.620000000000000107e+00,4.522874656434288099e-01,1.059193349357041036e+01,2.000000000000000000e+00,5.999999999999999778e-01,5.999999999999999778e-01,8.000000000000000444e-01
2.629999999999999893e+00,4.330912232365389802e-01,1.053546700641101808e+01,2.000000000000000000e+00,5.999999999999999778e-01,5.999999999999999778e-01,8.000000000000000444e-01
2.640000000000000124e+00,4.148512460729040230e-01,1.047812554844032107e+01,2.000000000000000000e+00,5.999999999999999778e-01,5.999999999999999778e-01,8.000000000000000444e-01
2.649999999999999911e+00,3.975170671609572492e-01,1.041998488162398395e+01,2.000000000000000000e+00,5.999999999999999778e-01,5.999999999999999778e-01,8.000000000000000444e-01
2.660000000000000142e+00,3.810408275991067906e-01,1.036111658817198489e+01,2.000000000000000000e+00,5.999999999999999778e-01,5.999999999999999778e-01,8.000000000000000444e-01
2.669999999999999929e+00,3.653771649054203263e-01,1.030158826589969223e+01,2.000000000000000000e+00,5.999999999999999778e-01,5.999999999999999778e-01,8.000000000000000444e-01
2.680000000000000160e+00,3.504831023490634911e-01,1.024146371881482231e+01,2.000000000000000000e+00,5.999999999999999778e-01,5.999999999999999778e-01,8.000000000000000444e-01
2.689999999999999947e+00,3.363179399310858297e-01,1.018080314235068684e+01,2.000000000000000000e+00,5.999999999999999778e-01,5.999999999999999778e-01,8.000000000000000444e-01
2.700000000000000178e+00,3.228431475425275754e-01,1.011966330280147019e+01,2.000000000000000000e+00,5.999999999999999778e-01,5.999999999999999778e-01,8.000000000000000444e-01
2.709999999999999964e+00,3.100222607233634187e-01,1.005809771063224112e+01,2.000000000000000000e+00,5.999999999999999778e-01,5.999999999999999778e-01,8.000000000000000444e-01
2.720000000000000195e+00,2.978207793550318727e-01,9.996156787436836666e+00,2.000000000000000000e+00,5.999999999999999778e-01,5.999999999999999778e-01,8.000000000000000444e-01
2.729999999999999982e+00,2.862060695408248367e-01,9.933888026402499349e+00,2.000000000000000000e+00,5.999999999999999778e-01,5.999999999999999778e-01,8.000000000000000444e-01
2.740000000000000213e+00,2.751472688609292727e-01,9.871336146212771112e+00,2.000000000000000000e+00,5.999999999999999778e-01,5.999999999999999778e-01,8.000000000000000444e-01
2.750000000000000000e+00,2.646151951312104567e-01,9.808543238381282947e+00,2.000000000000000000e+00,5.999999999999999778e-01,5.999999999999999778e-01,8.000000000000000444e-01
2.760000000000000231e+00,2.545822587457908792e-01,9.745548908059960880e+00,2.000000000000000000e+00,5.999999999999999778e-01,5.999999999999999778e-01,8.000000000000000444e-01
2.770000000000000018e+00,2.450223786420933081e-01,9.682390408407188787e+00,2.000000000000000000e+00,5.999999999999999778e-01,5.999999999999999778e-01,8.000000000000000444e-01
2.780000000000000249e+00,2.359109018923549739e-01,9.619102768635688250e+00,2.000000000000000000e+00,5.999999999999999778e-01,5.999999999999999778e-01,8.000000000000000444e-01
2.790000000000000036e+00,2.272245268968466902e-01,9.555718915887331022e+00,2.000000000000000000e+00,5.999999999999999778e-01,5.999999999999999778e-01,8.000000000000000444e-01
2.800000000000000266e+00,2.189412301303904351e-01,9.492269791103687737e+00,2.000000000000000000e+00,5.999999999999999778e-01,5.999999999999999778e-01,8.000000000000000444e-01
2.810000000000000053e+00,2.110401963745926202e-01,9.428784459077721891e+00,2.000000000000000000e+00,5.999999999999999778e-01,5.999999999999999778e-01,8.000000000000000444e-01
2.819999999999999840e+00,2.035017523528896977e-01,9.365290212884259446e+00,2.000000000000000000e+00,5.999999999999999778e-01,5.999999999999999778e-01,8.000000000000000444e-01
2.830000000000000071e+00,1.963073036735094867e-01,9.301812672895458434e+00,2.000000000000000000e+00,5.999999999999999778e-01,5.999999999999999778e-01,8.000000000000000444e-01
2.839999999999999858e+00,1.894392749763074146e-01,9.238375880592966993e+00,2.000000000000000000e+00,5.999999999999999778e-01,5.999999999999999778e-01,8.000000000000000444e-01
2.850000000000000089e+00,1.828810531727274868e-01,9.175002387391286263e+00,2.000000000000000000e+00,5.999999999999999778e-01,5.999999999999999778e-01,8.000000000000000444e-01
2.859999999999999876e+00,1.766169336634932641e-01,9.111713338687520647e+00,2.000000000000000000e+00,5.999999999999999778e-01,5.999999999999999778e-01,8.000000000000000444e-01
2.870000000000000107e+00,1.706320694157341111e-01,9.048528553351514958e+00,2.000000000000000000e+00,5.999999999999999778e-01,5.999999999999999778e-01,8.000000000000000444e-01
2.879999999999999893e+00,1.649124227798137998e-01,8.985466598867741794e+00,2.000000000000000000e+00,5.999999999999999778e-01,5.999999999999999778e-01,8.000000000000000444e-01
2.890000000000000124e+00,1.594447199259082515e-01,8.922544862336424742e+00,2.000000000000000000e+00,5.999999999999999778e-01,5.999999999999999778e-01,8.000000000000000444e-01
2.899999999999999911e+00,1.542164077811626344e-01,8.859779617536583274e+00,2.000000000000000000e+00,5.999999999999999778e-01,5.999999999999999778e-01,8.000000000000000444e-01
2.910000000000000142e+00,1.492156133498625525e-01,8.797186088248077240e+00,2.000000000000000000e+00,5.999999999999999778e-01,5.999999999999999778e-01,8.000000000000000444e-01
2.919999999999999929e+00,1.444311053013193902e-01,8.734778508023621768e+00,2.000000000000000000e+00,5.999999999999999778e-01,5.999999999999999778e-01,8.000000000000000444e-01
2.930000000000000160e+00,1.398522577129611144e-01,8.672570176595119307e+00,2.000000000000000000e+00,5.999999999999999778e-01,5.999999999999999778e-01,8.000000000000000444e-01
2.939999999999999947e+00,1.354690158593191973e-01,8.610573513091825504e+00,2.000000000000000000e+00,5.999999999999999778e-01,5.999999999999999778e-01,8.000000000000000444e-01
2.950000000000000178e+00,1.312718639411109001e-01,8.548800106240813435e+00,2.000000000000000000e+00,5.999999999999999778e-01,5.999999999999999778e-01,8.000000000000000444e-01
2.959999999999999964e+00,1.272517946523490928e-01,8.487260761713008250e+00,2.000000000000000000e+00,5.999999999999999778e-01,5.999999999999999778e-01,8.000000000000000444e-01
2.970000000000000195e+00,1.234002804872987719e-01,8.425965546770964210e+00,2.000000000000000000e+00,5.999999999999999778e-01,5.999999999999999778e-01,8.000000000000000444e-01
2.979999999999999982e+00,1.197092466930796129e-01,8.364923832367360035e+00,2.000000000000000000e+00,5.999999999999999778e-01,5.999999999999999778e-01,8.000000000000000444e-01
2.990000000000000213e+00,1.161710457777383049e-01,8.304144332836226994e+00,2.000000000000000000e+00,5.999999999999999778e-01,5.999999999999999778e-01,8.000000000000000444e-01
3.000000000000000000e+00,1.127784334876409944e-01,8.243635143311955460e+00,2.000000000000000000e+00,5.999999999999999778e-01,5.999999999999999778e-01,8.000000000000000444e-01
3.010000000000000231e+00,1.095245461720323471e-01,8.183403775004457259e+00,2.000000000000000000e+00,5.999999999999999778e-01,5.999999999999999778e-01,8.000000000000000444e-01
3.020000000000000018e+00,1.064028794565443220e-01,8.123457188452277933e+00,2.000000000000000000e+00,5.999999999999999778e-01,5.999999999999999778e-01,8.000000000000000444e-01
3.030000000000000249e+00,1.034072681512946124e-01,8.063801824869138102e+00,2.000000000000000000e+00,5.999999999999999778e-01,5.999999999999999778e-01,8.000000000000000444e-01
3.040000000000000036e+00,1.005318673229728677e-01,8.004443635693277770e+00,2.000000000000000000e+00,5.999999999999999778e-01,5.999999999999999778e-01,8.000000000000000444e-01
3.050000000000000266e+00,9.777113446396025476e-02,7.945388110443102114e+00,2.000000000000000000e+00,5.999999999999999778e-01,5.999999999999999778e-01,8.000000000000000444e-01
3.060000000000000053e+00,9.511981269505355441e-02,7.886640302976987371e+00,2.000000000000000000e+00,5.999999999999999778e-01,5.999999999999999778e-01,8.000000000000000444e-01
3.070000000000000284e+00,9.257291494176288216e-02,7.828204856249731058e+00,2.000000000000000000e+00,5.999999999999999778e-01,5.999999999999999778e-01,8.000000000000000444e-01
3.080000000000000071e+00,9.012570902741605383e-02,7.770086025652950035e+00,2.000000000000000000e+00,5.999999999999999778e-01,5.999999999999999778e-01,8.000000000000000444e-01
3.089999999999999858e+00,8.777370362943143212e-02,7.712287701021855568e+00,2.000000000000000000e+00,5.999999999999999778e-01,5.999999999999999778e-01,8.000000000000000444e-01
3.100000000000000089e+00,8.551263504811237870e-02,7.654813427386129021e+00,2.000000000000000000e+00,5.999999999999999778e-01,5.999999999999999778e-01,8.000000000000000444e-01
3.109999999999999876e+00,8.333845474017115285e-02,7.597666424538203067e+00,2.000000000000000000e+00,5.999999999999999778e-01,5.999999999999999778e-01,8.000000000000000444e-01
3.120000000000000107e+00,8.124731757190947756e-02,7.540849605488022078e+00,2.000000000000000000e+00,5.999999999999999778e-01,5.999999999999999778e-01,8.000000000000000444e-01
3.129999999999999893e+00,7.923557074956943946e-02,7.484365593869362954e+00,2.000000000000000000e+00,5.999999999999999778e-01,5.999999999999999778e-01,8.000000000000000444e-01
3.140000000000000124e+00,7.729974338682421564e-02,7.428216740359017578e+00,2.000000000000000000e+00,5.999999999999999778e-01,5.999999999999999778e-01,8.000000000000000444e-01
3.149999999999999911e+00,7.543653667170796551e-02,7.372405138166547189e+00,2.000000000000000000e+00,5.999999999999999778e-01,5.999999999999999778e-01,8.000000000000000444e-01
3.160000000000000142e+00,7.364281459749107139e-02,7.316932637648934090e+00,2.000000000000000000e+00,5.999999999999999778e-01,5.999999999999999778e-01,8.000000000000000444e-01
3.169999999999999929e+00,7.191559522409537997e-02,7.261800860101264909e+00,2.000000000000000000e+00,5.999999999999999778e-01,5.999999999999999778e-01,8.000000000000000444e-01
3.180000000000000160e+00,7.025204243861896125e-02,7.207011210771556264e+00,2.000000000000000000e+00,5.999999999999999778e-01,5.999999999999999778e-01,8.000000000000000444e-01
3.189999999999999947e+00,6.864945818540518774e-02,7.152564891144978176e+00,2.000000000000000000e+00,5.999999999999999778e-01,5.999999999999999778e-01,8.000000000000000444e-01
3.200000000000000178e+00,6.710527513785173592e-02,7.098462910540062509e+00,2.000000000000000000e+00,5.999999999999999778e-01,5.999999999999999778e-01,8.000000000000000444e-01
3.209999999999999964e+00,6.561704978581620051e-02,7.044706097056939065e+00,2.000000000000000000e+00,5.999999999999999778e-01,5.999999999999999778e-01,8.000000000000000444e-01
3.220000000000000195e+00,6.418245591404056483e-02,6.991295107915259877e+00,2.000000000000000000e+00,5.999999999999999778e-01,5.999999999999999778e-01,8.000000000000000444e-01
3.229999999999999982e+00,6.279927844849216012e-02,6.938230439217239365e+00,2.000000000000000000e+00,5.999999999999999778e-01,5.999999999999999778e-01,8.000000000000000444e-01
3.240000000000000213e+00,6.146540764890773972e-02,6.885512435169116152e+00,2.000000000000000000e+00,5.999999999999999778e-01,5.999999999999999778e-01,8.000000000000000444e-01
3.250000000000000000e+00,6.017883362713494222e-02,6.833141296792359043e+00,2.000000000000000000e+00,5.999999999999999778e-01,5.999999999999999778e-01,8.000000000000000444e-01
3.260000000000000231e+00,5.893764117209548264e-02,6.781117090154071825e+00,2.000000000000000000e+00,5.999999999999999778e-01,5.999999999999999778e-01,8.000000000000000444e-01
3.270000000000000018e+00,5.774000486335160304e-02,6.729439754144296515e+00,2.000000000000000000e+00,5.999999999999999778e-01,5.999999999999999778e-01,8.000000000000000444e-01
3.280000000000000249e+00,5.658418445634495753e-02,6.678109107826253776e+00,2.000000000000000000e+00,5.999999999999999778e-01,5.999999999999999778e-01,8.000000000000000444e-01
3.290000000000000036e+00,5.546852052339976136e-02,6.627124857384020906e+00,2.000000000000000000e+00,5.999999999999999778e-01,5.999999999999999778e-01,8.000000000000000444e-01
3.300000000000000266e+00,5.439143033554282025e-02,6.576486602690676975e+00,2.000000000000000000e+00,5.999999999999999778e-01,5.999999999999999778e-01,8.000000000000000444e-01
3.310000000000000053e+00,5.335140397109568861e-02,6.526193843518578674e+00,2.000000000000000000e+00,5.999999999999999778e-01,5.999999999999999778e-01,8.000000000000000444e-01
3.320000000000000284e+00,5.234700063784213098e-02,6.476245985412144357e+00,2.000000000000000000e+00,5.999999999999999778e-01,5.999999999999999778e-01,8.000000000000000444e-01
3.330000000000000071e+00,5.137684519637038261e-02,6.426642345242306931e+00,2.000000000000000000e+00,5.999999999999999778e-01,5.999999999999999778e-01,8.000000000000000444e-01
3.339999999999999858e+00,5.043962487293729424e-02,6.377382156460668305e+00,2.000000000000000000e+00,5.999999999999999778e-01,5.999999999999999778e-01,8.000000000000000444e-01
3.350000000000000089e+00,4.953408615090359318e-02,6.328464574070310711e+00,2.000000000000000000e+00,5.999999999999999778e-01,5.999999999999999778e-01,8.000000000000000444e-01
3.359999999999999876e+00,4.865903183044842373e-02,6.279888679329230783e+00,2.000000000000000000e+00,5.999999999999999778e-01,5.999999999999999778e-01,8.000000000000000444e-01
3.370000000000000107e+00,4.781331824689000892e-02,6.231653484201404858e+00,2.000000000000000000e+00,5.999999999999999778e-01,5.999999999999999778e-01,8.000000000000000444e-01
3.379999999999999893e+00,4.699585263851997763e-02,6.183757935569620834e+00,2.000000000000000000e+00,5.999999999999999778e-01,5.999999999999999778e-01,8.000000000000000444e-01
3.390000000000000124e+00,4.620559065540393723e-02,6.136200919223374406e+00,2.000000000000000000e+00,5.999999999999999778e-01,5.999999999999999778e-01,8.000000000000000444e-01
3.399999999999999911e+00,4.544153400111242830e-02,6.088981263634353880e+00,2.000000000000000000e+00,5.999999999999999778e-01,5.999999999999999778e-01,8.000000000000000444e-01
3.410000000000000142e+00,4.470272819982656215e-02,6.042097743531297027e+00,2.000000000000000000e+00,5.999999999999999778e-01,5.999999999999999778e-01,8.000000000000000444e-01
3.419999999999999929e+00,4.398826048171323305e-02,5.995549083285322212e+00,2.000000000000000000e+00,5.999999999999999778e-01,5.999999999999999778e-01,8.000000000000000444e-01
3.430000000000000160e+00,4.329725777988782665e-02,5.949333960116176989e+00,2.000000000000000000e+00,5.999999999999999778e-01,5.999999999999999778e-01,8.000000000000000444e-01
3.439999999999999947e+00,4.262888483267924383e-02,5.903451007129262074e+00,2.000000000000000000e+00,5.999999999999999778e-01,5.999999999999999778e-01,8.000000000000000444e-01
3.450000000000000178e+00,4.198234238528483070e-02,5.857898816192690816e+00,2.000000000000000000e+00,5.999999999999999778e-01,5.999999999999999778e-01,8.000000000000000444e-01
3.459999999999999964e+00,4.135686548525238648e-02,5.812675940663126539e+00,2.000000000000000000e+00,5.999999999999999778e-01,5.999999999999999778e-01,8.000000000000000444e-01
3.470000000000000195e+00,4.075172186655496437e-02,5.767780897968635578e+00,2.000000000000000000e+00,5.999999999999999778e-01,5.999999999999999778e-01,8.000000000000000444e-01
3.479999999999999982e+00,4.016621041733225289e-02,5.723212172056301839e+00,2.000000000000000000e+00,5.999999999999999778e-01,5.999999999999999778e-01,8.000000000000000444e-01
3.490000000000000213e+00,3.959965972666185802e-02,5.678968215711931222e+00,2.000000000000000000e+00,5.999999999999999778e-01,5.999999999999999778e-01,8.000000000000000444e-01
3.500000000000000000e+00,3.905142670599544980e-02,5.635047452758732867e+00,2.000000000000000000e+00,5.999999999999999778e-01,5.999999999999999778e-01,8.000000000000000444e-01
3.510000000000000231e+00,3.852089528114992223e-02,5.591448280141480431e+00,2.000000000000000000e+00,5.999999999999999778e-01,5.999999999999999778e-01,8.000000000000000444e-01
3.520000000000000018e+00,3.800747515098332890e-02,5.548169069902290751e+00,2.000000000000000000e+00,5.999999999999999778e-01,5.999999999999999778e-01,8.000000000000000444e-01
3.530000000000000249e+00,3.751060060911038524e-02,5.505208171053795674e+00,2.000000000000000000e+00,5.999999999999999778e-01,5.999999999999999778e-01,8.000000000000000444e-01
3.540000000000000036e+00,3.702972942522378408e-02,5.462563911355172053e+00,2.000000000000000000e+00,5.999999999999999778e-01,5.999999999999999778e-01,8.000000000000000444e-01
3.550000000000000266e+00,3.656434178278607228e-02,5.420234598996178654e+00,2.000000000000000000e+00,5.999999999999999778e-01,5.999999999999999778e-01,8.000000000000000444e-01
3.560000000000000053e+00,3.611393927004348525e-02,5.378218524194056549e+00,2.000000000000000000e+00,5.999999999999999778e-01,5.999999999999999778e-01,8.000000000000000444e-01
3.570000000000000284e+00,3.567804392148841292e-02,5.336513960707886639e+00,2.000000000000000000e+00,5.999999999999999778e-01,5.999999999999999778e-01,8.000000000000000444e-01
3.580000000000000071e+00,3.525619730706193444e-02,5.295119167274730643e+00,2.000000000000000000e+00,5.999999999999999778e-01,5.999999999999999778e-01,8.000000000000000444e-01
3.589999999999999858e+00,3.484795966654271465e-02,5.254032388971652701e+00,2.000000000000000000e+00,5.999999999999999778e-01,5.999999999999999778e-01,8.000000000000000444e-01
3.600000000000000089e+00,3.445290908671416741e-02,5.213251858507481629e+00,2.000000000000000000e+00,5.999999999999999778e-01,5.999999999999999778e-01,8.000000000000000444e-01
3.609999999999999876e+00,3.407064071903856406e-02,5.172775797447966006e+00,2.000000000000000000e+00,5.999999999999999778e-01,5.999999999999999778e-01,8.000000000000000444e-01
3.620000000000000107e+00,3.370076603569556462e-02,5.132602417377768234e+00,2.000000000000000000e+00,5.999999999999999778e-01,5.999999999999999778e-01,8.000000000000000444e-01
3.629999999999999893e+00,3.334291212196356657e-02,5.092729921002564275e+00,2.000000000000000000e+00,5.999999999999999778e-01,5.999999999999999778e-01,8.000000000000000444e-01
3.640000000000000124e+00,3.299672100303618905e-02,5.053156503194324856e+00,2.000000000000000000e+00,5.999999999999999778e-01,5.999999999999999778e-01,8.000000000000000444e-01
3.649999999999999911e+00,3.266184900347328390e-02,5.013880351982689554e+00,2.000000000000000000e+00,5.999999999999999778e-01,5.999999999999999778e-01,8.000000000000000444e-01
3.660000000000000142e+00,3.233796613758655597e-02,4.974899649495197806e+00,2.000000000000000000e+00,5.999999999999999778e-01,5.999999999999999778e-01,8.000000000000000444e-01
3.669999999999999929e+00,3.202475552915484691e-02,4.936212572848972968e+00,2.000000000000000000e+00,5.999999999999999778e-01,5.999999999999999778e-01,8.000000000000000444e-01
3.680000000000000160e+00,3.172191285895317042e-02,4.897817294996328563e+00,2.000000000000000000e+00,5.999999999999999778e-01,5.999999999999999778e-01,8.000000000000000444e-01
3.689999999999999947e+00,3.142914583866386613e-02,4.859711985526629974e+00,2.000000000000000000e+00,5.999999999999999778e-01,5.999999999999999778e-01,8.000000000000000444e-01
3.700000000000000178e+00,3.114617370981706546e-02,4.821894811426616911e+00,2.000000000000000000e+00,5.999999999999999778e-01,5.999999999999999778e-01,8.000000000000000444e-01
3.709999999999999964e+00,3.087272676648235639e-02,4.784363937801276556e+00,2.000000000000000000e+00,5.999999999999999778e-01,5.999999999999999778e-01,8.000000000000000444e-01
3.720000000000000195e+00,3.060854590050360313e-02,4.747117528557247113e+00,2.000000000000000000e+00,5.999999999999999778e-01,5.999999999999999778e-01,8.000000000000000444e-01
3.729999999999999982e+00,3.035338216813495901e-02,4.710153747050621398e+00,2.000000000000000000e+00,5.999999999999999778e-01,5.999999999999999778e-01,8.000000000000000444e-01
3.740000000000000213e+00,3.010699637699842252e-02,4.673470756700927708e+00,2.000000000000000000e+00,5.999999999999999778e-01,5.999999999999999778e-01,8.000000000000000444e-01
3.750000000000000000e+00,2.986915869234191279e-02,4.637066721572966621e+00,2.000000000000000000e+00,5.999999999999999778e-01,5.999999999999999778e-01,8.000000000000000444e-01
3.760000000000000231e+00,2.963964826163219615e-02,4.600939806928098896e+00,2.000000000000000000e+00,5.999999999999999778e-01,5.999999999999999778e-01,8.000000000000000444e-01
3.770000000000000018e+00,2.941825285656908540e-02,4.565088179746489949e+00,2.000000000000000000e+00,5.999999999999999778e-01,5.999999999999999778e-01,8.000000000000000444e-01
3.780000000000000249e+00,2.920476853165654418e-02,4.529510009221740852e+00,2.000000000000000000e+00,5.999999999999999778e-01,5.999999999999999778e-01,8.000000000000000444e-01
3.790000000000000036e+00,2.899899929851259758e-02,4.494203467229269222e+00,2.000000000000000000e+00,5.999999999999999778e-01,5.999999999999999778e-01,8.000000000000000444e-01
3.800000000000000266e+00,2.880075681514381036e-02,4.459166728769717203e+00,2.000000000000000000e+00,5.999999999999999778e-01,5.999999999999999778e-01,8.000000000000000444e-01
3.810000000000000053e+00,2.860986008945118689e-02,4.424397972388607769e+00,2.000000000000000000e+00,5.999999999999999778e-01,5.999999999999999778e-01,8.000000000000000444e-01
3.820000000000000284e+00,2.842613519627339852e-02,4.389895380573414663e+00,2.000000000000000000e+00,5.999999999999999778e-01,5.999999999999999778e-01,8.000000000000000444e-01
3.830000000000000071e+00,2.824941500730990956e-02,4.355657140129128635e+00,2.000000000000000000e+00,5.999999999999999778e-01,5.999999999999999778e-01,8.000000000000000444e-01
3.839999999999999858e+00,2.807953893330126724e-02,4.321681442533376938e+00,2.000000000000000000e+00,5.999999999999999778e-01,5.999999999999999778e-01,8.000000000000000444e-01
3.850000000000000089e+00,2.791635267787652766e-02,4.287966484272073053e+00,2.000000000000000000e+00,5.999999999999999778e-01,5.999999999999999778e-01,8.000000000000000444e-01
3.859999999999999876e+00,2.775970800250875462e-02,4.254510467156543463e+00,2.000000000000000000e+00,5.999999999999999778e-01,5.999999999999999778e-01,8.000000000000000444e-01
3.870000000000000107e+00,2.760946250204868516e-02,4.221311598623016970e+00,2.000000000000000000e+00,5.999999999999999778e-01,5.999999999999999778e-01,8.000000000000000444e-01
3.879999999999999893e+00,2.746547939033421731e-02,4.188368092015323896e+00,2.000000000000000000e+00,5.999999999999999778e-01,5.999999999999999778e-01,8.000000000000000444e-01
3.890000000000000124e+00,2.732762729539948282e-02,4.155678166851614286e+00,2.000000000000000000e+00,5.999999999999999778e-01,5.999999999999999778e-01,8.000000000000000444e-01
3.899999999999999911e+00,2.719578006383185920e-02,4.123240049075850955e+00,2.000000000000000000e+00,5.999999999999999778e-01,5.999999999999999778e-01,8.000000000000000444e-01
3.910000000000000142e+00,2.706981657384855203e-02,4.091051971294807466e+00,2.000000000000000000e+00,5.999999999999999778e-01,5.999999999999999778e-01,8.000000000000000444e-01
3.919999999999999929e+00,2.694962055668639195e-02,4.059112173001262036e+00,2.000000000000000000e+00,5.999999999999999778e-01,5.999999999999999778e-01,8.000000000000000444e-01
3.930000000000000160e+00,2.683508042591927975e-02,4.027418900784040190e+00,2.000000000000000000e+00,5.999999999999999778e-01,5.999999999999999778e-01,8.000000000000000444e-01
3.939999999999999947e+00,2.672608911433743337e-02,3.995970408525529205e+00,2.000000000000000000e+00,5.999999999999999778e-01,5.999999999999999778e-01,8.000000000000000444e-01
3.950000000000000178e+00,2.662254391804113121e-02,3.964764957587259886e+00,2.000000000000000000e+00,5.999999999999999778e-01,5.999999999999999778e-01,8.000000000000000444e-01
3.959999999999999964e+00,2.652434634741933708e-02,3.933800816984117432e+00,2.000000000000000000e+00,5.999999999999999778e-01,5.999999999999999778e-01,8.000000000000000444e-01
3.970000000000000195e+00,2.643140198470019311e-02,3.903076263547716973e+00,2.000000000000000000e+00,5.999999999999999778e-01,5.999999999999999778e-01,8.000000000000000444e-01
3.979999999999999982e+00,2.634362034777619488e-02,3.872589582079457138e+00,2.000000000000000000e+00,5.999999999999999778e-01,5.999999999999999778e-01,8.000000000000000444e-01
3.990000000000000213e+00,2.626091476002172936e-02,3.842339065493731720e+00,2.000000000000000000e+00,5.999999999999999778e-01,5.999999999999999778e-01,8.000000000000000444e-01
4.000000000000000000e+00,2.618320222583487081e-02,3.812323014951767952e+00,2.000000000000000000e+00,5.999999999999999778e-01,5.999999999999999778e-01,8.000000000000000444e-01
4.009999999999999787e+00,2.611040331164867639e-02,3.782539739986526595e+00,2.000000000000000000e+00,5.999999999999999778e-01,5.999999999999999778e-01,8.000000000000000444e-01
4.020000000000000462e+00,2.604244203216988726e-02,3.752987558619083064e+00,2.000000000000000000e+00,5.999999999999999778e-01,5.999999999999999778e-01,8.000000000000000444e-01
4.030000000000000249e+00,2.597924574161503131e-02,3.723664797466891496e+00,2.000000000000000000e+00,5.999999999999999778e-01,5.999999999999999778e-01,8.000000000000000444e-01
4.040000000000000036e+00,2.592074502972524161e-02,3.694569791844307893e+00,2.000000000000000000e+00,5.999999999999999778e-01,5.999999999999999778e-01,8.000000000000000444e-01
4.049999999999999822e+00,2.586687362235192550e-02,3.665700885855734281e+00,2.000000000000000000e+00,5.999999999999999778e-01,5.999999999999999778e-01,8.000000000000000444e-01
4.060000000000000497e+00,2.581756828641566456e-02,3.637056432481733381e+00,2.000000000000000000e+00,5.999999999999999778e-01,5.999999999999999778e-01,8.000000000000000444e-01
4.070000000000000284e+00,2.577276873905041607e-02,3.608634793658433981e+00,2.000000000000000000e+00,5.999999999999999778e-01,5.999999999999999778e-01,8.000000000000000444e-01
4.080000000000000071e+00,2.573241756075427683e-02,3.580434340350548528e+00,2.000000000000000000e+00,5.999999999999999778e-01,5.999999999999999778e-01,8.000000000000000444e-01
4.089999999999999858e+00,2.569646011237683783e-02,3.552453452618294261e+00,2.000000000000000000e+00,5.999999999999999778e-01,5.999999999999999778e-01,8.000000000000000444e-01
4.099999999999999645e+00,2.566484445578138401e-02,3.524690519678507883e+00,2.000000000000000000e+00,5.999999999999999778e-01,5.999999999999999778e-01,8.000000000000000444e-01
4.110000000000000320e+00,2.563752127802812822e-02,3.497143939960218439e+00,2.000000000000000000e+00,5.999999999999999778e-01,5.999999999999999778e-01,8.000000000000000444e-01
4.120000000000000107e+00,2.561444381893205474e-02,3.469812121154945306e+00,2.000000000000000000e+00,5.999999999999999778e-01,5.999999999999999778e-01,8.000000000000000444e-01
4.129999999999999893e+00,2.559556780185606728e-02,3.442693480261959316e+00,2.000000000000000000e+00,5.999999999999999778e-01,5.999999999999999778e-01,8.000000000000000444e-01
4.139999999999999680e+00,2.558085136760688758e-02,3.415786443628749502e+00,2.000000000000000000e+00,5.999999999999999778e-01,5.999999999999999778e-01,8.000000000000000444e-01
4.150000000000000355e+00,2.557025501130746198e-02,3.389089446986913945e+00,2.000000000000000000e+00,5.999999999999999778e-01,5.999999999999999778e-01,8.000000000000000444e-01
4.160000000000000142e+00,2.556374152212580880e-02,3.362600935483693210e+00,2.000000000000000000e+00,5.999999999999999778e-01,5.999999999999999778e-01,8.000000000000000444e-01
4.169999999999999929e+00,2.556127592574589102e-02,3.336319363709348895e+00,2.000000000000000000e+00,5.999999999999999778e-01,5.999999999999999778e-01,8.000000000000000444e-01
4.179999999999999716e+00,2.556282542947168474e-02,3.310243195720581344e+00,2.000000000000000000e+00,5.999999999999999778e-01,5.999999999999999778e-01,8.000000000000000444e-01
4.190000000000000391e+00,2.556835936986074850e-02,3.284370905060174817e+00,2.000000000000000000e+00,5.999999999999999778e-01,5.999999999999999778e-01,8.000000000000000444e-01
4.200000000000000178e+00,2.557784916278858442e-02,3.258700974773047765e+00,2.000000000000000000e+00,5.999999999999999778e-01,5.999999999999999778e-01,8.000000000000000444e-01
4.209999999999999964e+00,2.559126825584979309e-02,3.233231897418875178e+00,2.000000000000000000e+00,5.999999999999999778e-01,5.999999999999999778e-01,8.000000000000000444e-01
4.219999999999999751e+00,2.560859208300650738e-02,3.207962175081448208e+00,2.000000000000000000e+00,5.999999999999999778e-01,5.999999999999999778e-01,8.000000000000000444e-01
4.230000000000000426e+00,2.562979802139883634e-02,3.182890319374923838e+00,2.000000000000000000e+00,5.999999999999999778e-01,5.999999999999999778e-01,8.000000000000000444e-01
4.240000000000000213e+00,2.565486535023612374e-02,3.158014851447114690e+00,2.000000000000000000e+00,5.999999999999999778e-01,5.999999999999999778e-01,8.000000000000000444e-01
4.250000000000000000e+00,2.568377521169169786e-02,3.133334301979957104e+00,2.000000000000000000e+00,5.999999999999999778e-01,5.999999999999999778e-01,8.000000000000000444e-01
4.259999999999999787e+00,2.571651057372743854e-02,3.108847211187295567e+00,2.000000000000000000e+00,5.999999999999999778e-01,5.999999999999999778e-01,8.000000000000000444e-01
4.270000000000000462e+00,2.575305619477801997e-02,3.084552128810110982e+00,2.000000000000000000e+00,5.999999999999999778e-01,5.999999999999999778e-01,8.000000000000000444e-01
4.280000000000000249e+00,2.579339859022799358e-02,3.060447614109314429e+00,2.000000000000000000e+00,5.999999999999999778e-01,5.999999999999999778e-01,8.000000000000000444e-01
4.290000000000000036e+00,2.583752600061810928e-02,3.036532235856229001e+00,2.000000000000000000e+00,5.999999999999999778e-01,5.999999999999999778e-01,8.000000000000000444e-01
4.299999999999999822e+00,2.588542836152022547e-02,3.012804572320866736e+00,2.000000000000000000e+00,5.999999999999999778e-01,5.999999999999999778e-01,8.000000000000000444e-01
4.310000000000000497e+00,2.593709727502309728e-02,2.989263211258112118e+00,2.000000000000000000e+00,5.999999999999999778e-01,5.999999999999999778e-01,8.000000000000000444e-01
4.320000000000000284e+00,2.599252598277412146e-02,2.965906749891913829e+00,2.000000000000000000e+00,5.999999999999999778e-01,5.999999999999999778e-01,8.000000000000000444e-01
4.330000000000000071e+00,2.605170934052462514e-02,2.942733794897582911e+00,2.000000000000000000e+00,5.999999999999999778e-01,5.999999999999999778e-01,8.000000000000000444e-01
4.339999999999999858e+00,2.611464379412893957e-02,2.919742962382291918e+00,2.000000000000000000e+00,5.999999999999999778e-01,5.999999999999999778e-01,8.000000000000000444e-01
4.350000000000000533e+00,2.618132735694976912e-02,2.896932877863866107e+00,2.000000000000000000e+00,5.999999999999999778e-01,5.999999999999999778e-01,8.000000000000000444e-01
4.360000000000000320e+00,2.625175958862473527e-02,2.874302176247949703e+00,2.000000000000000000e+00,5.999999999999999778e-01,5.999999999999999778e-01,8.000000000000000444e-01
4.370000000000000107e+00,2.632594157515109196e-02,2.851849501803633835e+00,2.000000000000000000e+00,5.999999999999999778e-01,5.999999999999999778e-01,8.000000000000000444e-01
4.379999999999999893e+00,2.640387591024774550e-02,2.829573508137621207e+00,2.000000000000000000e+00,5.999999999999999778e-01,5.999999999999999778e-01,8.000000000000000444e-01
4.389999999999999680e+00,2.648556667795565894e-02,2.807472858167005647e+00,2.000000000000000000e+00,5.999999999999999778e-01,5.999999999999999778e-01,8.000000000000000444e-01
4.400000000000000355e+00,2.657101943643965652e-02,2.785546224090736711e+00,2.000000000000000000e+00,5.999999999999999778e-01,5.999999999999999778e-01,8.000000000000000444e-01
4.410000000000000142e+00,2.666024120295642369e-02,2.763792287359840838e+00,2.000000000000000000e+00,5.999999999999999778e-01,5.999999999999999778e-01,8.000000000000000444e-01
4.419999999999999929e+00,2.675324043995529200e-02,2.742209738646461226e+00,2.000000000000000000e+00,5.999999999999999778e-01,5.999999999999999778e-01,8.000000000000000444e-01
4.429999999999999716e+00,2.685002704227999054e-02,2.720797277811784820e+00,2.000000000000000000e+00,5.999999999999999778e-01,5.999999999999999778e-01,8.000000000000000444e-01
4.440000000000000391e+00,2.695061232544121790e-02,2.699553613872912372e+00,2.000000000000000000e+00,5.999999999999999778e-01,5.999999999999999778e-01,8.000000000000000444e-01
4.450000000000000178e+00,2.705500901493132840e-02,2.678477464968733290e+00,2.000000000000000000e+00,5.999999999999999778e-01,5.999999999999999778e-01,8.000000000000000444e-01
4.459999999999999964e+00,2.716323123655396340e-02,2.657567558324856805e+00,2.000000000000000000e+00,5.999999999999999778e-01,5.999999999999999778e-01,8.000000000000000444e-01
4.469999999999999751e+00,2.727529450774280467e-02,2.636822630217656283e+00,2.000000000000000000e+00,5.999999999999999778e-01,5.999999999999999778e-01,8.000000000000000444e-01
4.480000000000000426e+00,2.739121572984498654e-02,2.616241425937476883e+00,2.000000000000000000e+00,5.999999999999999778e-01,5.999999999999999778e-01,8.000000000000000444e-01
4.490000000000000213e+00,2.751101318134597379e-02,2.595822699751051843e+00,2.000000000000000000e+00,5.999999999999999778e-01,5.999999999999999778e-01,8.000000000000000444e-01
4.500000000000000000e+00,2.763470651201399217e-02,2.575565214863179797e+00,2.000000000000000000e+00,5.999999999999999778e-01,5.999999999999999778e-01,8.000000000000000444e-01
4.509999999999999787e+00,2.776231673794318441e-02,2.555467743377703105e+00,2.000000000000000000e+00,5.999999999999999778e-01,5.999999999999999778e-01,8.000000000000000444e-01
4.520000000000000462e+00,2.789386623747592067e-02,2.535529066257831143e+00,2.000000000000000000e+00,5.999999999999999778e-01,5.999999999999999778e-01,8.000000000000000444e-01
4.530000000000000249e+00,2.802937874798568790e-02,2.515747973285852090e+00,2.000000000000000000e+00,5.999999999999999778e-01,5.999999999999999778e-01,8.000000000000000444e-01
4.540000000000000036e+00,2.816887936350305488e-02,2.496123263022269168e+00,2.000000000000000000e+00,5.999999999999999778e-01,5.999999999999999778e-01,8.000000000000000444e-01
4.549999999999999822e+00,2.831239453316825375e-02,2.476653742764399091e+00,2.000000000000000000e+00,5.999999999999999778e-01,5.999999999999999778e-01,8.000000000000000444e-01
4.560000000000000497e+00,2.845995206049483500e-02,2.457338228504473143e+00,2.000000000000000000e+00,5.999999999999999778e-01,5.999999999999999778e-01,8.000000000000000444e-01
4.570000000000000284e+00,2.861158110342980690e-02,2.438175544887269286e+00,2.000000000000000000e+00,5.999999999999999778e-01,5.999999999999999778e-01,8.000000000000000444e-01
4.580000000000000071e+00,2.876731217519657574e-02,2.419164525167313062e+00,2.000000000000000000e+00,5.999999999999999778e-01,5.999999999999999778e-01,8.000000000000000444e-01
4.589999999999999858e+00,2.892717714590785361e-02,2.400304011165675266e+00,2.000000000000000000e+00,5.999999999999999778e-01,5.999999999999999778e-01,8.000000000000000444e-01
4.600000000000000533e+00,2.909120924493653268e-02,2.381592853226401463e+00,2.000000000000000000e+00,5.999999999999999778e-01,5.999999999999999778e-01,8.000000000000000444e-01
4.610000000000000320e+00,2.925944306403333028e-02,2.363029910172597781e+00,2.000000000000000000e+00,5.999999999999999778e-01,5.999999999999999778e-01,8.000000000000000444e-01
4.620000000000000107e+00,2.943191456118078933e-02,2.344614049262202737e+00,2.000000000000000000e+00,5.999999999999999778e-01,5.999999999999999778e-01,8.000000000000000444e-01
4.629999999999999893e+00,2.960866106517395790e-02,2.326344146143472624e+00,2.000000000000000000e+00,5.999999999999999778e-01,5.999999999999999778e-01,8.000000000000000444e-01
4.639999999999999680e+00,2.978972128091878988e-02,2.308219084810203992e+00,2.000000000000000000e+00,5.999999999999999778e-01,5.999999999999999778e-01,8.000000000000000444e-01
4.650000000000000355e+00,2.997513529544002311e-02,2.290237757556721654e+00,2.000000000000000000e+00,5.999999999999999778e-01,5.999999999999999778e-01,8.000000000000000444e-01
4.660000000000000142e+00,3.016494458459093725e-02,2.272399064932648649e+00,2.000000000000000000e+00,5.999999999999999778e-01,5.999999999999999778e-01,8.000000000000000444e-01
4.669999999999999929e+00,3.035919202045807980e-02,2.254701915697490122e+00,2.000000000000000000e+00,5.999999999999999778e-01,5.999999999999999778e-01,8.000000000000000444e-01
4.679999999999999716e+00,3.055792187945466018e-02,2.237145226775043128e+00,2.000000000000000000e+00,5.999999999999999778e-01,5.999999999999999778e-01,8.000000000000000444e-01
4.690000000000000391e+00,3.076117985109693212e-02,2.219727923207660325e+00,2.000000000000000000e+00,5.999999999999999778e-01,5.999999999999999778e-01,8.000000000000000444e-01
4.700000000000000178e+00,3.096901304745845740e-02,2.202448938110383558e+00,2.000000000000000000e+00,5.999999999999999778e-01,5.999999999999999778e-01,8.000000000000000444e-01
4.709999999999999964e+00,3.118147001329777193e-02,2.185307212624967743e+00,2.000000000000000000e+00,5.999999999999999778e-01,5.999999999999999778e-01,8.000000000000000444e-01
4.719999999999999751e+00,3.139860073685546427e-02,2.168301695873811941e+00,2.000000000000000000e+00,5.999999999999999778e-01,5.999999999999999778e-01,8.000000000000000444e-01
4.730000000000000426e+00,3.162045666131729077e-02,2.151431344913817156e+00,2.000000000000000000e+00,5.999999999999999778e-01,5.999999999999999778e-01,8.000000000000000444e-01
4.740000000000000213e+00,3.184709069694042355e-02,2.134695124690184631e+00,2.000000000000000000e+00,5.999999999999999778e-01,5.999999999999999778e-01,8.000000000000000444e-01
4.750000000000000000e+00,3.207855723384048924e-02,2.118092007990174608e+00,2.000000000000000000e+00,5.999999999999999778e-01,5.999999999999999778e-01,8.000000000000000444e-01
4.759999999999999787e+00,3.231491215543752515e-02,2.101620975396836233e+00,2.000000000000000000e+00,5.999999999999999778e-01,5.999999999999999778e-01,8.000000000000000444e-01
4.770000000000000462e+00,3.255621285255947545e-02,2.085281015242726799e+00,2.000000000000000000e+00,5.999999999999999778e-01,5.999999999999999778e-01,8.000000000000000444e-01
4.780000000000000249e+00,3.280251823820232865e-02,2.069071123563634096e+00,2.000000000000000000e+00,5.999999999999999778e-01,5.999999999999999778e-01,8.000000000000000444e-01
4.790000000000000036e+00,3.305388876294651501e-02,2.052990304052312087e+00,2.000000000000000000e+00,5.999999999999999778e-01,5.999999999999999778e-01,8.000000000000000444e-01
4.799999999999999822e+00,3.331038643102950114e-02,2.037037568012248112e+00,2.000000000000000000e+00,5.999999999999999778e-01,5.999999999999999778e-01,8.000000000000000444e-01
4.810000000000000497e+00,3.357207481707515095e-02,2.021211934311468283e+00,2.000000000000000000e+00,5.999999999999999778e-01,5.999999999999999778e-01,8.000000000000000444e-01
4.820000000000000284e+00,3.383901908348068560e-02,2.005512429336398394e+00,2.000000000000000000e+00,5.999999999999999778e-01,5.999999999999999778e-01,8.000000000000000444e-01
4.830000000000000071e+00,3.411128599846264403e-02,1.989938086945787443e+00,2.000000000000000000e+00,5.999999999999999778e-01,5.999999999999999778e-01,8.000000000000000444e-01
4.839999999999999858e+00,3.438894395476354421e-02,1.974487948424706429e+00,2.000000000000000000e+00,5.999999999999999778e-01,5.999999999999999778e-01,8.000000000000000444e-01
4.850000000000000533e+00,3.467206298902144462e-02,1.959161062438633305e+00,2.000000000000000000e+00,5.999999999999999778e-01,5.999999999999999778e-01,8.000000000000000444e-01
4.860000000000000320e+00,3.496071480180498042e-02,1.943956484987632960e+00,2.000000000000000000e+00,5.999999999999999778e-01,5.999999999999999778e-01,8.000000000000000444e-01
4.870000000000000107e+00,3.525497277831683707e-02,1.928873279360642456e+00,2.000000000000000000e+00,5.999999999999999778e-01,5.999999999999999778e-01,8.000000000000000444e-01
4.879999999999999893e+00,3.555491200976904076e-02,1.913910516089870395e+00,2.000000000000000000e+00,5.999999999999999778e-01,5.999999999999999778e-01,8.000000000000000444e-01
4.889999999999999680e+00,3.586060931543377100e-02,1.899067272905319514e+00,2.000000000000000000e+00,5.999999999999999778e-01,5.999999999999999778e-01,8.000000000000000444e-01
4.900000000000000355e+00,3.617214326537388641e-02,1.884342634689440521e+00,2.000000000000000000e+00,5.999999999999999778e-01,5.999999999999999778e-01,8.000000000000000444e-01
4.910000000000000142e+00,3.648959420385764624e-02,1.869735693431925361e+00,2.000000000000000000e+00,5.999999999999999778e-01,5.999999999999999778e-01,8.000000000000000444e-01
4.919999999999999929e+00,3.681304427346247798e-02,1.855245548184648152e+00,2.000000000000000000e+00,5.999999999999999778e-01,5.999999999999999778e-01,8.000000000000000444e-01
4.929999999999999716e+00,3.714257743987305765e-02,1.840871305016759996e+00,2.000000000000000000e+00,5.999999999999999778e-01,5.999999999999999778e-01,8.000000000000000444e-01
4.940000000000000391e+00,3.747827951737935093e-02,1.826612076969945209e+00,2.000000000000000000e+00,5.999999999999999778e-01,5.999999999999999778e-01,8.000000000000000444e-01
4.950000000000000178e+00,3.782023819508050638e-02,1.812466984013847426e+00,2.000000000000000000e+00,5.999999999999999778e-01,5.999999999999999778e-01,8.000000000000000444e-01
4.959999999999999964e+00,3.816854306380096373e-02,1.798435153001668452e+00,2.000000000000000000e+00,5.999999999999999778e-01,5.999999999999999778e-01,8.000000000000000444e-01
4.969999999999999751e+00,3.852328564372548697e-02,1.784515717625950293e+00,2.000000000000000000e+00,5.999999999999999778e-01,5.999999999999999778e-01,8.000000000000000444e-01
4.980000000000000426e+00,3.888455941276009603e-02,1.770707818374542386e+00,2.000000000000000000e+00,5.999999999999999778e-01,5.999999999999999778e-01,8.000000000000000444e-01
4.990000000000000213e+00,3.925245983562630769e-02,1.757010602486762885e+00,2.000000000000000000e+00,5.999999999999999778e-01,5.999999999999999778e-01,8.000000000000000444e-01
5.000000000000000000e+00,3.962708439369640873e-02,1.743423223909757125e+00,2.000000000000000000e+00,5.999999999999999778e-01,5.999999999999999778e-01,8.000000000000000444e-01
5.009999999999999787e+00,4.000853261557783119e-02,1.729944843255060372e+00,2.000000000000000000e+00,5.999999999999999778e-01,5.999999999999999778e-01,8.000000000000000444e-01
5.020000000000000462e+00,4.039690610845506069e-02,1.716574627755367954e+00,2.000000000000000000e+00,5.999999999999999778e-01,5.999999999999999778e-01,8.000000000000000444e-01
5.030000000000000249e+00,4.079230859019781358e-02,1.703311751221519676e+00,2.000000000000000000e+00,5.999999999999999778e-01,5.999999999999999778e-01,8.000000000000000444e-01
5.040000000000000036e+00,4.119484592224460784e-02,1.690155393999700939e+00,2.000000000000000000e+00,5.999999999999999778e-01,5.999999999999999778e-01,8.000000000000000444e-01
5.049999999999999822e+00,4.160462614327115755e-02,1.677104742928866798e+00,2.000000000000000000e+00,5.999999999999999778e-01,5.999999999999999778e-01,8.000000000000000444e-01
5.060000000000000497e+00,4.202175950365340251e-02,1.664158991298391399e+00,2.000000000000000000e+00,5.999999999999999778e-01,5.999999999999999778e-01,8.000000000000000444e-01
5.070000000000000284e+00,4.244635850073529004e-02,1.651317338805949442e+00,2.000000000000000000e+00,5.999999999999999778e-01,5.999999999999999778e-01,8.000000000000000444e-01
5.080000000000000071e+00,4.287853791491176569e-02,1.638578991515630134e+00,2.000000000000000000e+00,5.999999999999999778e-01,5.999999999999999778e-01,8.000000000000000444e-01
5.089999999999999858e+00,4.331841484653780466e-02,1.625943161816290061e+00,2.000000000000000000e+00,5.999999999999999778e-01,5.999999999999999778e-01,8.000000000000000444e-01
5.100000000000000533e+00,4.376610875367466236e-02,1.613409068380147415e+00,2.000000000000000000e+00,5.999999999999999778e-01,5.999999999999999778e-01,8.000000000000000444e-01
5.110000000000000320e+00,4.422174149068478638e-02,1.600975936121621368e+00,2.000000000000000000e+00,5.999999999999999778e-01,5.999999999999999778e-01,8.000000000000000444e-01
5.120000000000000107e+00,4.468543734768729708e-02,1.588642996156419240e+00,2.000000000000000000e+00,5.999999999999999778e-01,5.999999999999999778e-01,8.000000000000000444e-01
5.129999999999999893e+00,4.515732309088621443e-02,1.576409485760875251e+00,2.000000000000000000e+00,5.999999999999999778e-01,5.999999999999999778e-01,8.000000000000000444e-01
5.139999999999999680e+00,4.563752800378392815e-02,1.564274648331543061e+00,2.000000000000000000e+00,5.999999999999999778e-01,5.999999999999999778e-01,8.000000000000000444e-01
5.150000000000000355e+00,4.612618392929286604e-02,1.552237733345046999e+00,2.000000000000000000e+00,5.999999999999999778e-01,5.999999999999999778e-01,8.000000000000000444e-01
5.160000000000000142e+00,4.662342531275855823e-02,1.540297996318191753e+00,2.000000000000000000e+00,5.999999999999999778e-01,5.999999999999999778e-01,8.000000000000000444e-01
5.169999999999999929e+00,4.712938924590769074e-02,1.528454698768335396e+00,2.000000000000000000e+00,5.999999999999999778e-01,5.999999999999999778e-01,8.000000000000000444e-01
5.179999999999999716e+00,4.764421551173513708e-02,1.516707108174027985e+00,2.000000000000000000e+00,5.999999999999999778e-01,5.999999999999999778e-01,8.000000000000000444e-01
5.190000000000000391e+00,4.816804663034422729e-02,1.505054497935917501e+00,2.000000000000000000e+00,5.999999999999999778e-01,5.999999999999999778e-01,8.000000000000000444e-01
5.200000000000000178e+00,4.870102790575494417e-02,1.493496147337926461e+00,2.000000000000000000e+00,5.999999999999999778e-01,5.999999999999999778e-01,8.000000000000000444e-01
5.209999999999999964e+00,4.924330747369504852e-02,1.482031341508699862e+00,2.000000000000000000e+00,5.999999999999999778e-01,5.999999999999999778e-01,8.000000000000000444e-01
5.219999999999999751e+00,4.979503635038959319e-02,1.470659371383329583e+00,2.000000000000000000e+00,5.999999999999999778e-01,5.999999999999999778e-01,8.000000000000000444e-01
5.230000000000000426e+00,5.035636848236450108e-02,1.459379533665354112e+00,2.000000000000000000e+00,5.999999999999999778e-01,5.999999999999999778e-01,8.000000000000000444e-01
5.240000000000000213e+00,5.092746079728040914e-02,1.448191130789038050e+00,2.000000000000000000e+00,5.999999999999999778e-01,5.999999999999999778e-01,8.000000000000000444e-01
5.250000000000000000e+00,5.150847325581324465e-02,1.437093470881931845e+00,2.000000000000000000e+00,5.999999999999999778e-01,5.999999999999999778e-01,8.000000000000000444e-01
5.259999999999999787e+00,5.209956890459845752e-02,1.426085867727715506e+00,2.000000000000000000e+00,5.999999999999999778e-01,5.999999999999999778e-01,8.000000000000000444e-01
5.270000000000000462e+00,5.270091393025611720e-02,1.415167640729326326e+00,2.000000000000000000e+00,5.999999999999999778e-01,5.999999999999999778e-01,8.000000000000000444e-01
5.280000000000000249e+00,5.331267771451460996e-02,1.404338114872373033e+00,2.000000000000000000e+00,5.999999999999999778e-01,5.999999999999999778e-01,8.000000000000000444e-01
5.290000000000000036e+00,5.393503289045091520e-02,1.393596620688839938e+00,2.000000000000000000e+00,5.999999999999999778e-01,5.999999999999999778e-01,8.000000000000000444e-01
5.299999999999999822e+00,5.456815539986589747e-02,1.382942494221079288e+00,2.000000000000000000e+00,5.999999999999999778e-01,5.999999999999999778e-01,8.000000000000000444e-01
5.310000000000000497e+00,5.521222455181350186e-02,1.372375076986096953e+00,2.000000000000000000e+00,5.999999999999999778e-01,5.999999999999999778e-01,8.000000000000000444e-01
5.320000000000000284e+00,5.586742308230302489e-02,1.361893715940131644e+00,2.000000000000000000e+00,5.999999999999999778e-01,5.999999999999999778e-01,8.000000000000000444e-01
5.330000000000000071e+00,5.653393721519414661e-02,1.351497763443528566e+00,2.000000000000000000e+00,5.999999999999999778e-01,5.999999999999999778e-01,8.000000000000000444e-01
5.339999999999999858e+00,5.721195672430473556e-02,1.341186577225911725e+00,2.000000000000000000e+00,5.999999999999999778e-01,5.999999999999999778e-01,8.000000000000000444e-01
5.350000000000000533e+00,5.790167499675193813e-02,1.330959520351652436e+00,2.000000000000000000e+00,5.999999999999999778e-01,5.999999999999999778e-01,8.000000000000000444e-01
5.360000000000000320e+00,5.860328909754738969e-02,1.320815961185640486e+00,2.000000000000000000e+00,5.999999999999999778e-01,5.999999999999999778e-01,8.000000000000000444e-01
5.370000000000000107e+00,5.931699983546788457e-02,1.310755273359355266e+00,2.000000000000000000e+00,5.999999999999999778e-01,5.999999999999999778e-01,8.000000000000000444e-01
5.379999999999999893e+00,6.004301183022326543e-02,1.300776835737240900e+00,2.000000000000000000e+00,5.999999999999999778e-01,5.999999999999999778e-01,8.000000000000000444e-01
5.389999999999999680e+00,6.078153358094364606e-02,1.290880032383386000e+00,2.000000000000000000e+00,5.999999999999999778e-01,5.999999999999999778e-01,8.000000000000000444e-01
5.400000000000000355e+00,6.153277753600863015e-02,1.281064252528510083e+00,2.000000000000000000e+00,5.999999999999999778e-01,5.999999999999999778e-01,8.000000000000000444e-01
5.410000000000000142e+00,6.229696016424159100e-02,1.271328890537257950e+00,2.000000000000000000e+00,5.999999999999999778e-01,5.999999999999999778e-01,8.000000000000000444e-01
5.419999999999999929e+00,6.307430202749246539e-02,1.261673345875802932e+00,2.000000000000000000e+00,5.999999999999999778e-01,5.999999999999999778e-01,8.000000000000000444e-01
5.429999999999999716e+00,6.386502785463310516e-02,1.252097023079762339e+00,2.000000000000000000e+00,5.999999999999999778e-01,5.999999999999999778e-01,8.000000000000000444e-01
5.440000000000000391e+00,6.466936661698953481e-02,1.242599331722424427e+00,2.000000000000000000e+00,5.999999999999999778e-01,5.999999999999999778e-01,8.000000000000000444e-01
5.450000000000000178e+00,6.548755160523606067e-02,1.233179686383290452e+00,2.000000000000000000e+00,5.999999999999999778e-01,5.999999999999999778e-01,8.000000000000000444e-01
5.459999999999999964e+00,6.631982050777662785e-02,1.223837506616932247e+00,2.000000000000000000e+00,5.999999999999999778e-01,5.999999999999999778e-01,8.000000000000000444e-01
5.469999999999999751e+00,6.716641549063914751e-02,1.214572216922166437e+00,2.000000000000000000e+00,5.999999999999999778e-01,5.999999999999999778e-01,8.000000000000000444e-01
5.480000000000000426e+00,6.802758327890927326e-02,1.205383246711549505e+00,2.000000000000000000e+00,5.999999999999999778e-01,5.999999999999999778e-01,8.000000000000000444e-01
5.490000000000000213e+00,6.890357523973036913e-02,1.196270030281192165e+00,2.000000000000000000e+00,5.999999999999999778e-01,5.999999999999999778e-01,8.000000000000000444e-01
5.500000000000000000e+00,6.979464746689700849e-02,1.187232006780896354e+00,2.000000000000000000e+00,5.999999999999999778e-01,5.999999999999999778e-01,8.000000000000000444e-01
5.509999999999999787e+00,7.070106086706982873e-02,1.178268620184617310e+00,2.000000000000000000e+00,5.999999999999999778e-01,5.999999999999999778e-01,8.000000000000000444e-01
5.520000000000000462e+00,7.162308124764002470e-02,1.169379319261250494e+00,2.000000000000000000e+00,5.999999999999999778e-01,5.999999999999999778e-01,8.000000000000000444e-01
5.530000000000000249e+00,7.256097940627247167e-02,1.160563557545747360e+00,2.000000000000000000e+00,5.999999999999999778e-01,5.999999999999999778e-01,8.000000000000000444e-01
5.540000000000000036e+00,7.351503122215666264e-02,1.151820793310559976e+00,2.000000000000000000e+00,5.999999999999999778e-01,5.999999999999999778e-01,8.000000000000000444e-01
5.549999999999999822e+00,7.448551774899550559e-02,1.143150489537417158e+00,2.000000000000000000e+00,5.999999999999999778e-01,5.999999999999999778e-01,8.000000000000000444e-01
5.560000000000000497e+00,7.547272530976237292e-02,1.134552113889435221e+00,2.000000000000000000e+00,5.999999999999999778e-01,5.999999999999999778e-01,8.000000000000000444e-01
5.570000000000000284e+00,7.647694559325737829e-02,1.126025138683562909e+00,2.000000000000000000e+00,5.999999999999999778e-01,5.999999999999999778e-01,8.000000000000000444e-01
5.580000000000000071e+00,7.749847575249438347e-02,1.117569040863364505e+00,2.000000000000000000e+00,5.999999999999999778e-01,5.999999999999999778e-01,8.000000000000000444e-01
5.589999999999999858e+00,7.853761850495087626e-02,1.109183301972143099e+00,2.000000000000000000e+00,5.999999999999999778e-01,5.999999999999999778e-01,8.000000000000000444e-01
5.600000000000000533e+00,7.959468223471335979e-02,1.100867408126404712e+00,2.000000000000000000e+00,5.999999999999999778e-01,5.999999999999999778e-01,8.000000000000000444e-01
5.610000000000000320e+00,8.066998109655143523e-02,1.092620849989667908e+00,2.000000000000000000e+00,5.999999999999999778e-01,5.999999999999999778e-01,8.000000000000000444e-01
5.620000000000000107e+00,8.176383512195437020e-02,1.084443122746619137e+00,2.000000000000000000e+00,5.999999999999999778e-01,5.999999999999999778e-01,8.000000000000000444e-01
5.629999999999999893e+00,8.287657032716463923e-02,1.076333726077617570e+00,2.000000000000000000e+00,5.999999999999999778e-01,5.999999999999999778e-01,8.000000000000000444e-01
5.639999999999999680e+00,8.400851882324322784e-02,1.068292164133550770e+00,2.000000000000000000e+00,5.999999999999999778e-01,5.999999999999999778e-01,8.000000000000000444e-01
5.650000000000000355e+00,8.516001892820246333e-02,1.060317945511044968e+00,2.000000000000000000e+00,5.999999999999999778e-01,5.999999999999999778e-01,8.000000000000000444e-01
5.660000000000000142e+00,8.633141528124235742e-02,1.052410583228032825e+00,2.000000000000000000e+00,5.999999999999999778e-01,5.999999999999999778e-01,8.000000000000000444e-01
5.669999999999999929e+00,8.752305895912740330e-02,1.044569594699678916e+00,2.000000000000000000e+00,5.999999999999999778e-01,5.999999999999999778e-01,8.000000000000000444e-01
5.679999999999999716e+00,8.873530759474115848e-02,1.036794501714669581e+00,2.000000000000000000e+00,5.999999999999999778e-01,5.999999999999999778e-01,8.000000000000000444e-01
5.690000000000000391e+00,8.996852549785662456e-02,1.029084830411867602e+00,2.000000000000000000e+00,5.999999999999999778e-01,5.999999999999999778e-01,8.000000000000000444e-01
5.700000000000000178e+00,9.122308377816112923e-02,1.021440111257334582e+00,2.000000000000000000e+00,5.999999999999999778e-01,5.999999999999999778e-01,8.000000000000000444e-01
5.709999999999999964e+00,9.249936047057499833e-02,1.013859879021726362e+00,2.000000000000000000e+00,5.999999999999999778e-01,5.999999999999999778e-01,8.000000000000000444e-01
5.719999999999999751e+00,9.379774066290398615e-02,1.006343672758062802e+00,2.000000000000000000e+00,5.999999999999999778e-01,5.999999999999999778e-01,8.000000000000000444e-01
5.730000000000000426e+00,9.511861662586602872e-02,9.988910357798770345e-01,2.000000000000000000e+00,5.999999999999999778e-01,5.999999999999999778e-01,8.000000000000000444e-01
5.740000000000000213e+00,9.646238794553363416e-02,9.915015156397453122e-01,2.000000000000000000e+00,5.999999999999999778e-01,5.999999999999999778e-01,8.000000000000000444e-01
5.750000000000000000e+00,9.782946165823377949e-02,9.841746641082040892e-01,2.000000000000000000e+00,5.999999999999999778e-01,5.999999999999999778e-01,8.000000000000000444e-01
5.759999999999999787e+00,9.922025238794801583e-02,9.769100371530563542e-01,2.000000000000000000e+00,5.999999999999999778e-01,5.999999999999999778e-01,8.000000000000000444e-01
5.770000000000000462e+00,1.006351824862559696e-01,9.697071949190718687e-01,2.000000000000000000e+00,5.999999999999999778e-01,5.999999999999999778e-01,8.000000000000000444e-01
5.780000000000000249e+00,1.020746821748663435e-01,9.625657017080850864e-01,2.000000000000000000e+00,5.999999999999999778e-01,5.999999999999999778e-01,8.000000000000000444e-01
5.790000000000000036e+00,1.035391896907799092e-01,9.554851259594955293e-01,2.000000000000000000e+00,5.999999999999999778e-01,5.999999999999999778e-01,8.000000000000000444e-01
5.799999999999999822e+00,1.050291514341300525e-01,9.484650402311748385e-01,2.000000000000000000e+00,5.999999999999999778e-01,5.999999999999999778e-01,8.000000000000000444e-01
5.810000000000000497e+00,1.065450221187468766e-01,9.415050211807848290e-01,2.000000000000000000e+00,5.999999999999999778e-01,5.999999999999999778e-01,8.000000000000000444e-01
5.820000000000000284e+00,1.080872649254916024e-01,9.346046495475125448e-01,2.000000000000000000e+00,5.999999999999999778e-01,5.999999999999999778e-01,8.000000000000000444e-01
5.830000000000000071e+00,1.096563516584088960e-01,9.277635101342256441e-01,2.000000000000000000e+00,5.999999999999999778e-01,5.999999999999999778e-01,8.000000000000000444e-01
5.839999999999999858e+00,1.112527629037452642e-01,9.209811917900548872e-01,2.000000000000000000e+00,5.999999999999999778e-01,5.999999999999999778e-01,8.000000000000000444e-01
5.850000000000000533e+00,1.128769881918825768e-01,9.142572873934078359e-01,2.000000000000000000e+00,5.999999999999999778e-01,5.999999999999999778e-01,8.000000000000000444e-01
5.860000000000000320e+00,1.145295261622363558e-01,9.075913938354206456e-01,2.000000000000000000e+00,5.999999999999999778e-01,5.999999999999999778e-01,8.000000000000000444e-01
5.870000000000000107e+00,1.162108847311693616e-01,9.009831120038522823e-01,2.000000000000000000e+00,5.999999999999999778e-01,5.999999999999999778e-01,8.000000000000000444e-01
5.879999999999999893e+00,1.179215812629715726e-01,8.944320467674288233e-01,2.000000000000000000e+00,5.999999999999999778e-01,5.999999999999999778e-01,8.000000000000000444e-01
5.889999999999999680e+00,1.196621427439586577e-01,8.879378069606427282e-01,2.000000000000000000e+00,5.999999999999999778e-01,5.999999999999999778e-01,8.000000000000000444e-01
5.900000000000000355e+00,1.214331059597414941e-01,8.815000053690147386e-01,2.000000000000000000e+00,5.999999999999999778e-01,5.999999999999999778e-01,8.000000000000000444e-01
5.910000000000000142e+00,1.232350176757203708e-01,8.751182587148236269e-01,2.000000000000000000e+00,5.999999999999999778e-01,5.999999999999999778e-01,8.000000000000000444e-01
5.919999999999999929e+00,1.250684348208579710e-01,8.687921876433131185e-01,2.000000000000000000e+00,5.999999999999999778e-01,5.999999999999999778e-01,8.000000000000000444e-01
5.929999999999999716e+00,1.269339246747862027e-01,8.625214167093804285e-01,2.000000000000000000e+00,5.999999999999999778e-01,5.999999999999999778e-01,8.000000000000000444e-01
5.940000000000000391e+00,1.288320650583027749e-01,8.563055743647569606e-01,2.000000000000000000e+00,5.999999999999999778e-01,5.999999999999999778e-01,8.000000000000000444e-01
5.950000000000000178e+00,1.307634445273138657e-01,8.501442929456860531e-01,2.000000000000000000e+00,5.999999999999999778e-01,5.999999999999999778e-01,8.000000000000000444e-01
5.959999999999999964e+00,1.327286625702803480e-01,8.440372086611084290e-01,2.000000000000000000e+00,5.999999999999999778e-01,5.999999999999999778e-01,8.000000000000000444e-01
5.969999999999999751e+00,1.347283298092256942e-01,8.379839615813623466e-01,2.000000000000000000e+00,5.999999999999999778e-01,5.999999999999999778e-01,8.000000000000000444e-01
5.980000000000000426e+00,1.367630682043644574e-01,8.319841956274074413e-01,2.000000000000000000e+00,5.999999999999999778e-01,5.999999999999999778e-01,8.000000000000000444e-01
5.990000000000000213e+00,1.388335112624109469e-01,8.260375585605814752e-01,2.000000000000000000e+00,5.999999999999999778e-01,5.999999999999999778e-01,8.000000000000000444e-01
6.000000000000000000e+00,1.409403042486287172e-01,8.201437019728997635e-01,2.000000000000000000e+00,5.999999999999999778e-01,5.999999999999999778e-01,8.000000000000000444e-01
0.000000000000000000e+00,5.000000000000000000e-01,5.000000000000000000e-01,2.299999999999999822e+00,9.000000000000000222e-01,9.000000000000000222e-01,1.100000000000000089e+00
1.000000000000000021e-02,5.093430102812499527e-01,4.967812397187499895e-01,2.299999999999999822e+00,9.000000000000000222e-01,9.000000000000000222e-01,1.100000000000000089e+00
2.000000000000000042e-02,5.188754863587505817e-01,4.936251218280645059e-01,2.299999999999999822e+00,9.000000000000000222e-01,9.000000000000000222e-01,1.100000000000000089e+00
2.999999999999999889e-02,5.286012283294762026e-01,4.905315587032933466e-01,2.299999999999999822e+00,9.000000000000000222e-01,9.000000000000000222e-01,1.100000000000000089e+00
4.000000000000000083e-02,5.385241078791442870e-01,4.875004802192384745e-01,2.299999999999999822e+00,9.000000000000000222e-01,9.000000000000000222e-01,1.100000000000000089e+00
5.000000000000000278e-02,5.486480693346937887e-01,4.845318341616212665e-01,2.299999999999999822e+00,9.000000000000000222e-01,9.000000000000000222e-01,1.100000000000000089e+00
5.999999999999999778e-02,5.589771307155043667e-01,4.816255866593689428e-01,2.299999999999999822e+00,9.000000000000000222e-01,9.000000000000000222e-01,1.100000000000000089e+00
7.000000000000000666e-02,5.695153847820947357e-01,4.787817226387072744e-01,2.299999999999999822e+00,9.000000000000000222e-01,9.000000000000000222e-01,1.100000000000000089e+00
8.000000000000000167e-02,5.802670000809390105e-01,4.760002463000996276e-01,2.299999999999999822e+00,9.000000000000000222e-01,9.000000000000000222e-01,1.100000000000000089e+00
8.999999999999999667e-02,5.912362219839432109e-01,4.732811816191298537e-01,2.299999999999999822e+00,9.000000000000000222e-01,9.000000000000000222e-01,1.100000000000000089e+00
1.000000000000000056e-01,6.024273737210134039e-01,4.706245728724858246e-01,2.299999999999999822e+00,9.000000000000000222e-01,9.000000000000000222e-01,1.100000000000000089e+00
1.100000000000000006e-01,6.138448574040358263e-01,4.680304851902644114e-01,2.299999999999999822e+00,9.000000000000000222e-01,9.000000000000000222e-01,1.100000000000000089e+00
1.199999999999999956e-01,6.254931550404656537e-01,4.654990051358861569e-01,2.299999999999999822e+00,9.000000000000000222e-01,9.000000000000000222e-01,1.100000000000000089e+00
1.300000000000000044e-01,6.373768295345948465e-01,4.630302413149790519e-01,2.299999999999999822e+00,9.000000000000000222e-01,9.000000000000000222e-01,1.100000000000000089e+00
1.400000000000000133e-01,6.495005256744299516e-01,4.606243250146665469e-01,2.299999999999999822e+00,9.000000000000000222e-01,9.000000000000000222e-01,1.100000000000000089e+00
1.499999999999999944e-01,6.618689711019669630e-01,4.582814108747754189e-01,2.299999999999999822e+00,9.000000000000000222e-01,9.000000000000000222e-01,1.100000000000000089e+00
1.600000000000000033e-01,6.744869772644941364e-01,4.560016775925640475e-01,2.299999999999999822e+00,9.000000000000000222e-01,9.000000000000000222e-01,1.100000000000000089e+00
1.700000000000000122e-01,6.873594403443908929e-01,4.537853286626618021e-01,2.299999999999999822e+00,9.000000000000000222e-01,9.000000000000000222e-01,1.100000000000000089e+00
1.799999999999999933e-01,7.004913421647125382e-01,4.516325931540065008e-01,2.299999999999999822e+00,9.000000000000000222e-01,9.000000000000000222e-01,1.100000000000000089e+00
1.900000000000000022e-01,7.138877510676684413e-01,4.495437265256676529e-01,2.299999999999999822e+00,9.000000000000000222e-01,9.000000000000000222e-01,1.100000000000000089e+00
2.000000000000000111e-01,7.275538227628994825e-01,4.475190114835526090e-01,2.299999999999999822e+00,9.000000000000000222e-01,9.000000000000000222e-01,1.100000000000000089e+00
2.099999999999999922e-01,7.414948011422526353e-01,4.455587588801053767e-01,2.299999999999999822e+00,9.000000000000000222e-01,9.000000000000000222e-01,1.100000000000000089e+00
2.200000000000000011e-01,7.557160190575251679e-01,4.436633086592309261e-01,2.299999999999999822e+00,9.000000000000000222e-01,9.000000000000000222e-01,1.100000000000000089e+00
2.300000000000000100e-01,7.702228990574137013e-01,4.418330308488069846e-01,2.299999999999999822e+00,9.000000000000000222e-01,9.000000000000000222e-01,1.100000000000000089e+00
2.399999999999999911e-01,7.850209540796484475e-01,4.400683266032811569e-01,2.299999999999999822e+00,9.000000000000000222e-01,9.000000000000000222e-01,1.100000000000000089e+00
2.500000000000000000e-01,8.001157880940256151e-01,4.383696292989990306e-01,2.299999999999999822e+00,9.000000000000000222e-01,9.000000000000000222e-01,1.100000000000000089e+00
2.600000000000000089e-01,8.155130966917617519e-01,4.367374056850622521e-01,2.299999999999999822e+00,9.000000000000000222e-01,9.000000000000000222e-01,1.100000000000000089e+00
2.700000000000000178e-01,8.312186676162911514e-01,4.351721570926814775e-01,2.299999999999999822e+00,9.000000000000000222e-01,9.000000000000000222e-01,1.100000000000000089e+00
2.800000000000000266e-01,8.472383812303010409e-01,4.336744207061632994e-01,2.299999999999999822e+00,9.000000000000000222e-01,9.000000000000000222e-01,1.100000000000000089e+00
2.899999999999999800e-01,8.635782109134544360e-01,4.322447708988575998e-01,2.299999999999999822e+00,9.000000000000000222e-01,9.000000000000000222e-01,1.100000000000000089e+00
2.999999999999999889e-01,8.802442233848837283e-01,4.308838206375890656e-01,2.299999999999999822e+00,9.000000000000000222e-01,9.000000000000000222e-01,1.100000000000000089e+00
3.099999999999999978e-01,8.972425789441456079e-01,4.295922229593077124e-01,2.299999999999999822e+00,9.000000000000000222e-01,9.000000000000000222e-01,1.100000000000000089e+00
3.200000000000000067e-01,9.145795316239128114e-01,4.283706725239178059e-01,2.299999999999999822e+00,9.000000000000000222e-01,9.000000000000000222e-01,1.100000000000000089e+00
3.300000000000000155e-01,9.322614292472342079e-01,4.272199072474826553e-01,2.299999999999999822e+00,9.000000000000000222e-01,9.000000000000000222e-01,1.100000000000000089e+00
3.400000000000000244e-01,9.502947133817236658e-01,4.261407100202576070e-01,2.299999999999999822e+00,9.000000000000000222e-01,9.000000000000000222e-01,1.100000000000000089e+00
3.500000000000000333e-01,9.686859191825353266e-01,4.251339105142734054e-01,2.299999999999999822e+00,9.000000000000000222e-01,9.000000000000000222e-01,1.100000000000000089e+00
3.599999999999999867e-01,9.874416751154484473e-01,4.242003870854805236e-01,2.299999999999999822e+00,9.000000000000000222e-01,9.000000000000000222e-01,1.100000000000000089e+00
3.699999999999999956e-01,1.006568702550815431e+00,4.233410687757715452e-01,2.299999999999999822e+00,9.000000000000000222e-01,9.000000000000000222e-01,1.100000000000000089e+00
3.800000000000000044e-01,1.026073815218521368e+00,4.225569374205253026e-01,2.299999999999999822e+00,9.000000000000000222e-01,9.000000000000000222e-01,1.100000000000000089e+00
3.900000000000000133e-01,1.045963918513455493e+00,4.218490298676648154e-01,2.299999999999999822e+00,9.000000000000000222e-01,9.000000000000000222e-01,1.100000000000000089e+00
4.000000000000000222e-01,1.066246008640309384e+00,4.212184403145918243e-01,2.299999999999999822e+00,9.000000000000000222e-01,9.000000000000000222e-01,1.100000000000000089e+00
4.100000000000000311e-01,1.086927171585782670e+00,4.206663227697547414e-01,2.299999999999999822e+00,9.000000000000000222e-01,9.000000000000000222e-01,1.100000000000000089e+00
4.199999999999999845e-01,1.108014581905497842e+00,4.201938936460297147e-01,2.299999999999999822e+00,9.000000000000000222e-01,9.000000000000000222e-01,1.100000000000000089e+00
4.299999999999999933e-01,1.129515501312093440e+00,4.198024344935415431e-01,2.299999999999999822e+00,9.000000000000000222e-01,9.000000000000000222e-01,1.100000000000000089e+00
4.400000000000000022e-01,1.151437277050079144e+00,4.194932948800297878e-01,2.299999999999999822e+00,9.000000000000000222e-01,9.000000000000000222e-01,1.100000000000000089e+00
4.500000000000000111e-01,1.173787340042093064e+00,4.192678954273760250e-01,2.299999999999999822e+00,9.000000000000000222e-01,9.000000000000000222e-01,1.100000000000000089e+00
4.600000000000000200e-01,1.196573202790195856e+00,4.191277310134506884e-01,2.299999999999999822e+00,9.000000000000000222e-01,9.000000000000000222e-01,1.100000000000000089e+00
4.700000000000000289e-01,1.219802457014763863e+00,4.190743741490174923e-01,2.299999999999999822e+00,9.000000000000000222e-01,9.000000000000000222e-01,1.100000000000000089e+00
4.799999999999999822e-01,1.243482771012403898e+00,4.191094785400516498e-01,2.299999999999999822e+00,9.000000000000000222e-01,9.000000000000000222e-01,1.100000000000000089e+00
4.899999999999999911e-01,1.267621886713091506e+00,4.192347828464861315e-01,2.299999999999999822e+00,9.000000000000000222e-01,9.000000000000000222e-01,1.100000000000000089e+00
5.000000000000000000e-01,1.292227616415442260e+00,4.194521146491025365e-01,2.299999999999999822e+00,9.000000000000000222e-01,9.000000000000000222e-01,1.100000000000000089e+00
5.100000000000000089e-01,1.317307839177639828e+00,4.197633946370321056e-01,2.299999999999999822e+00,9.000000000000000222e-01,9.000000000000000222e-01,1.100000000000000089e+00
5.200000000000000178e-01,1.342870496840074201e+00,4.201706410291298210e-01,2.299999999999999822e+00,9.000000000000000222e-01,9.000000000000000222e-01,1.100000000000000089e+00
5.300000000000000266e-01,1.368923589654171380e+00,4.206759742433365257e-01,2.299999999999999822e+00,9.000000000000000222e-01,9.000000000000000222e-01,1.100000000000000089e+00
5.400000000000000355e-01,1.395475171490226485e+00,4.212816218290502679e-01,2.299999999999999822e+00,9.000000000000000222e-01,9.000000000000000222e-01,1.100000000000000089e+00
5.500000000000000444e-01,1.422533344595266369e+00,4.219899236784953045e-01,2.299999999999999822e+00,9.000000000000000222e-01,9.000000000000000222e-01,1.100000000000000089e+00
5.600000000000000533e-01,1.450106253870069306e+00,4.228033375341081479e-01,2.299999999999999822e+00,9.000000000000000222e-01,9.000000000000000222e-01,1.100000000000000089e+00
5.700000000000000622e-01,1.478202080632446513e+00,4.237244448100577210e-01,2.299999999999999822e+00,9.000000000000000222e-01,9.000000000000000222e-01,1.100000000000000089e+00
5.799999999999999600e-01,1.506829035831733554e+00,4.247559567471868580e-01,2.299999999999999822e+00,9.000000000000000222e-01,9.000000000000000222e-01,1.100000000000000089e+00
5.899999999999999689e-01,1.535995352677141268e+00,4.259007209219090040e-01,2.299999999999999822e+00,9.000000000000000222e-01,9.000000000000000222e-01,1.100000000000000089e+00
5.999999999999999778e-01,1.565709278640170954e+00,4.271617281309216252e-01,2.299999999999999822e+00,9.000000000000000222e-01,9.000000000000000222e-01,1.100000000000000089e+00
6.099999999999999867e-01,1.595979066788693057e+00,4.285421196750097139e-01,2.299999999999999822e+00,9.000000000000000222e-01,9.000000000000000222e-01,1.100000000000000089e+00
6.199999999999999956e-01,1.626812966407512828e+00,4.300451950667182888e-01,2.299999999999999822e+00,9.000000000000000222e-01,9.000000000000000222e-01,1.100000000000000089e+00
6.300000000000000044e-01,1.658219212857295455e+00,4.316744201882711240e-01,2.299999999999999822e+00,9.000000000000000222e-01,9.000000000000000222e-01,1.100000000000000089e+00
6.400000000000000133e-01,1.690206016620579677e+00,4.334334359278157467e-01,2.299999999999999822e+00,9.000000000000000222e-01,9.000000000000000222e-01,1.100000000000000089e+00
6.500000000000000222e-01,1.722781551480266238e+00,4.353260673238811829e-01,2.299999999999999822e+00,9.000000000000000222e-01,9.000000000000000222e-01,1.100000000000000089e+00
6.600000000000000311e-01,1.755953941772410820e+00,4.373563332498570655e-01,2.299999999999999822e+00,9.000000000000000222e-01,9.000000000000000222e-01,1.100000000000000089e+00
6.700000000000000400e-01,1.789731248651373230e+00,4.395284566723406394e-01,2.299999999999999822e+00,9.000000000000000222e-01,9.000000000000000222e-01,1.100000000000000089e+00
6.800000000000000488e-01,1.824121455301358496e+00,4.418468755193607489e-01,2.299999999999999822e+00,9.000000000000000222e-01,9.000000000000000222e-01,1.100000000000000089e+00
6.900000000000000577e-01,1.859132451024117616e+00,4.443162541967803358e-01,2.299999999999999822e+00,9.000000000000000222e-01,9.000000000000000222e-01,1.100000000000000089e+00
7.000000000000000666e-01,1.894772014128052184e+00,4.469414957936064803e-01,2.299999999999999822e+00,9.000000000000000222e-01,9.000000000000000222e-01,1.100000000000000089e+00
7.099999999999999645e-01,1.931047793539161672e+00,4.497277550195029616e-01,2.299999999999999822e+00,9.000000000000000222e-01,9.000000000000000222e-01,1.100000000000000089e+00
7.199999999999999734e-01,1.967967289049184387e+00,4.526804519205154809e-01,2.299999999999999822e+00,9.000000000000000222e-01,9.000000000000000222e-01,1.100000000000000089e+00
7.299999999999999822e-01,2.005537830110889264e+00,4.558052864218797295e-01,2.299999999999999822e+00,9.000000000000000222e-01,9.000000000000000222e-01,1.100000000000000089e+00
7.399999999999999911e-01,2.043766553084772841e+00,4.591082537498009652e-01,2.299999999999999822e+00,9.000000000000000222e-01,9.000000000000000222e-01,1.100000000000000089e+00
7.500000000000000000e-01,2.082660376835384852e+00,4.625956607872651061e-01,2.299999999999999822e+00,9.000000000000000222e-01,9.000000000000000222e-01,1.100000000000000089e+00
7.600000000000000089e-01,2.122225976569137362e+00,4.662741434222746340e-01,2.299999999999999822e+00,9.000000000000000222e-01,9.000000000000000222e-01,1.100000000000000089e+00
7.700000000000000178e-01,2.162469755798740678e+00,4.701506849503918617e-01,2.299999999999999822e+00,9.000000000000000222e-01,9.000000000000000222e-01,1.100000000000000089e+00
7.800000000000000266e-01,2.203397816312332669e+00,4.742326355971230867e-01,2.299999999999999822e+00,9.000000000000000222e-01,9.000000000000000222e-01,1.100000000000000089e+00
7.900000000000000355e-01,2.245015926017942753e+00,4.785277332294804453e-01,2.299999999999999822e+00,9.000000000000000222e-01,9.000000000000000222e-01,1.100000000000000089e+00
8.000000000000000444e-01,2.287329484526123835e+00,4.830441253300123972e-01,2.299999999999999822e+00,9.000000000000000222e-01,9.000000000000000222e-01,1.100000000000000089e+00
8.100000000000000533e-01,2.330343486325418212e+00,4.877903923106886586e-01,2.299999999999999822e+00,9.000000000000000222e-01,9.000000000000000222e-01,1.100000000000000089e+00
8.200000000000000622e-01,2.374062481396792101e+00,4.927755722482474177e-01,2.299999999999999822e+00,9.000000000000000222e-01,9.000000000000000222e-01,1.100000000000000089e+00
8.300000000000000711e-01,2.418490533104270312e+00,4.980091871269482495e-01,2.299999999999999822e+00,9.000000000000000222e-01,9.000000000000000222e-01,1.100000000000000089e+00
8.399999999999999689e-01,2.463631173189768209e+00,5.035012706790963355e-01,2.299999999999999822e+00,9.000000000000000222e-01,9.000000000000000222e-01,1.100000000000000089e+00
8.499999999999999778e-01,2.509487353690547540e+00,5.092623979181899463e-01,2.299999999999999822e+00,9.000000000000000222e-01,9.000000000000000222e-01,1.100000000000000089e+00
8.599999999999999867e-01,2.556061395587858609e+00,5.153037164640517087e-01,2.299999999999999822e+00,9.000000000000000222e-01,9.000000000000000222e-01,1.100000000000000089e+00
8.699999999999999956e-01,2.603354933985199793e+00,5.216369797637970818e-01,2.299999999999999822e+00,9.000000000000000222e-01,9.000000000000000222e-01,1.100000000000000089e+00
8.800000000000000044e-01,2.651368859604293693e+00,5.282745823169082700e-01,2.299999999999999822e+00,9.000000000000000222e-01,9.000000000000000222e-01,1.100000000000000089e+00
8.900000000000000133e-01,2.700103256376387151e+00,5.352295970169612671e-01,2.299999999999999822e+00,9.000000000000000222e-01,9.000000000000000222e-01,1.100000000000000089e+00
9.000000000000000222e-01,2.749557334895935679e+00,5.425158147266083697e-01,2.299999999999999822e+00,9.000000000000000222e-01,9.000000000000000222e-01,1.100000000000000089e+00
9.100000000000000311e-01,2.799729361493205726e+00,5.501477862061582291e-01,2.299999999999999822e+00,9.000000000000000222e-01,9.000000000000000222e-01,1.100000000000000089e+00
9.200000000000000400e-01,2.850616582671960053e+00,5.581408665193994256e-01,2.299999999999999822e+00,9.000000000000000222e-01,9.000000000000000222e-01,1.100000000000000089e+00
9.300000000000000488e-01,2.902215144648327527e+00,5.665112620430512447e-01,2.299999999999999822e+00,9.000000000000000222e-01,9.000000000000000222e-01,1.100000000000000089e+00
9.400000000000000577e-01,2.954520007717364560e+00,5.752760802082251823e-01,2.299999999999999822e+00,9.000000000000000222e-01,9.000000000000000222e-01,1.100000000000000089e+00
9.500000000000000666e-01,3.007524855164924293e+00,5.844533821033608412e-01,2.299999999999999822e+00,9.000000000000000222e-01,9.000000000000000222e-01,1.100000000000000089e+00
9.599999999999999645e-01,3.061221996434496884e+00,5.940622380680284920e-01,2.299999999999999822e+00,9.000000000000000222e-01,9.000000000000000222e-01,1.100000000000000089e+00
9.699999999999999734e-01,3.115602264251986053e+00,6.041227864055093155e-01,2.299999999999999822e+00,9.000000000000000222e-01,9.000000000000000222e-01,1.100000000000000089e+00
9.799999999999999822e-01,3.170654905406289803e+00,6.146562953388673423e-01,2.299999999999999822e+00,9.000000000000000222e-01,9.000000000000000222e-01,1.100000000000000089e+00
9.899999999999999911e-01,3.226367464880477431e+00,6.256852283299575435e-01,2.299999999999999822e+00,9.000000000000000222e-01,9.000000000000000222e-01,1.100000000000000089e+00
1.000000000000000000e+00,3.282725663027783458e+00,6.372333128730647278e-01,2.299999999999999822e+00,9.000000000000000222e-01,9.000000000000000222e-01,1.100000000000000089e+00
1.010000000000000009e+00,3.339713265489145932e+00,6.493256128641632374e-01,2.299999999999999822e+00,9.000000000000000222e-01,9.000000000000000222e-01,1.100000000000000089e+00
1.020000000000000018e+00,3.397311945555243629e+00,6.619886046325859086e-01,2.299999999999999822e+00,9.000000000000000222e-01,9.000000000000000222e-01,1.100000000000000089e+00
1.030000000000000027e+00,3.455501138686717155e+00,6.752502567035700842e-01,2.299999999999999822e+00,9.000000000000000222e-01,9.000000000000000222e-01,1.100000000000000089e+00
1.040000000000000036e+00,3.514257888922325268e+00,6.891401133369970955e-01,2.299999999999999822e+00,9.000000000000000222e-01,9.000000000000000222e-01,1.100000000000000089e+00
1.050000000000000044e+00,3.573556686927227943e+00,7.036893818588582095e-01,2.299999999999999822e+00,9.000000000000000222e-01,9.000000000000000222e-01,1.100000000000000089e+00
1.060000000000000053e+00,3.633369299463515389e+00,7.189310237666468595e-01,2.299999999999999822e+00,9.000000000000000222e-01,9.000000000000000222e-01,1.100000000000000089e+00
1.070000000000000062e+00,3.693664590103808987e+00,7.348998495469687420e-01,2.299999999999999822e+00,9.000000000000000222e-01,9.000000000000000222e-01,1.100000000000000089e+00
1.080000000000000071e+00,3.754408331057717430e+00,7.516326170920251126e-01,2.299999999999999822e+00,9.000000000000000222e-01,9.000000000000000222e-01,1.100000000000000089e+00
1.090000000000000080e+00,3.815563006041781335e+00,7.691681335399710440e-01,2.299999999999999822e+00,9.000000000000000222e-01,9.000000000000000222e-01,1.100000000000000089e+00
1.100000000000000089e+00,3.877087604198106163e+00,7.875473602910534332e-01,2.299999999999999822e+00,9.000000000000000222e-01,9.000000000000000222e-01,1.100000000000000089e+00
1.110000000000000098e+00,3.938937405157233229e+00,8.068135208653187673e-01,2.299999999999999822e+00,9.000000000000000222e-01,9.000000000000000222e-01,1.100000000000000089e+00
1.120000000000000107e+00,4.001063755449188797e+00,8.270122111668202214e-01,2.299999999999999822e+00,9.000000000000000222e-01,9.000000000000000222e-01,1.100000000000000089e+00
1.130000000000000115e+00,4.063413836595550777e+00,8.481915116017838541e-01,2.299999999999999822e+00,9.000000000000000222e-01,9.000000000000000222e-01,1.100000000000000089e+00
1.140000000000000124e+00,4.125930425367529963e+00,8.704021003620926455e-01,2.299999999999999822e+00,9.000000000000000222e-01,9.000000000000000222e-01,1.100000000000000089e+00
1.150000000000000133e+00,4.188551646873335699e+00,8.936973670285854876e-01,2.299999999999999822e+00,9.000000000000000222e-01,9.000000000000000222e-01,1.100000000000000089e+00
1.159999999999999920e+00,4.251210721345697330e+00,9.181335254687931213e-01,2.299999999999999822e+00,9.000000000000000222e-01,9.000000000000000222e-01,1.100000000000000089e+00
1.169999999999999929e+00,4.313835705740501680e+00,9.437697247985434856e-01,2.299999999999999822e+00,9.000000000000000222e-01,9.000000000000000222e-01,1.100000000000000089e+00
1.179999999999999938e+00,4.376349231533648521e+00,9.706681569440270829e-01,2.299999999999999822e+00,9.000000000000000222e-01,9.000000000000000222e-01,1.100000000000000089e+00
1.189999999999999947e+00,4.438668240418721211e+00,9.988941590781442725e-01,2.299999999999999822e+00,9.000000000000000222e-01,9.000000000000000222e-01,1.100000000000000089e+00
1.199999999999999956e+00,4.500703719966481664e+00,1.028516308910115695e+00,2.299999999999999822e+00,9.000000000000000222e-01,9.000000000000000222e-01,1.100000000000000089e+00
1.209999999999999964e+00,4.562360441711720505e+00,1.059606510478548591e+00,2.299999999999999822e+00,9.000000000000000222e-01,9.000000000000000222e-01,1.100000000000000089e+00
1.219999999999999973e+00,4.623536704586604706e+00,1.092240067733927011e+00,2.299999999999999822e+00,9.000000000000000222e-01,9.000000000000000222e-01,1.100000000000000089e+00
1.229999999999999982e+00,4.684124087124814650e+00,1.126495742795958765e+00,2.299999999999999822e+00,9.000000000000000222e-01,9.000000000000000222e-01,1.100000000000000089e+00
1.239999999999999991e+00,4.744007212419134589e+00,1.162455795334277786e+00,2.299999999999999822e+00,9.000000000000000222e-01,9.000000000000000222e-01,1.100000000000000089e+00
1.250000000000000000e+00,4.803063530427362338e+00,1.200205999048706174e+00,2.299999999999999822e+00,9.000000000000000222e-01,9.000000000000000222e-01,1.100000000000000089e+00
1.260000000000000009e+00,4.861163122886616783e+00,1.239835630720041992e+00,2.299999999999999822e+00,9.000000000000000222e-01,9.000000000000000222e-01,1.100000000000000089e+00
1.270000000000000018e+00,4.918168536811685421e+00,1.281437426768393451e+00,2.299999999999999822e+00,9.000000000000000222e-01,9.000000000000000222e-01,1.100000000000000089e+00
1.280000000000000027e+00,4.973934653313888177e+00,1.325107501699877233e+00,2.299999999999999822e+00,9.000000000000000222e-01,9.000000000000000222e-01,1.100000000000000089e+00
1.290000000000000036e+00,5.028308599275058022e+00,1.370945222253205475e+00,2.299999999999999822e+00,9.000000000000000222e-01,9.000000000000000222e-01,1.100000000000000089e+00
1.300000000000000044e+00,5.081129710235062547e+00,1.419053030487717137e+00,2.299999999999999822e+00,9.000000000000000222e-01,9.000000000000000222e-01,1.100000000000000089e+00
1.310000000000000053e+00,5.132229553684951817e+00,1.469536208499988561e+00,2.299999999999999822e+00,9.000000000000000222e-01,9.000000000000000222e-01,1.100000000000000089e+00
1.320000000000000062e+00,5.181432022780436242e+00,1.522502576937922791e+00,2.299999999999999822e+00,9.000000000000000222e-01,9.000000000000000222e-01,1.100000000000000089e+00
1.330000000000000071e+00,5.228553511275324084e+00,1.578062119024740140e+00,2.299999999999999822e+00,9.000000000000000222e-01,9.000000000000000222e-01,1.100000000000000089e+00
1.340000000000000080e+00,5.273403181188687228e+00,1.636326521441654691e+00,2.299999999999999822e+00,9.000000000000000222e-01,9.000000000000000222e-01,1.100000000000000089e+00
1.350000000000000089e+00,5.315783335322650238e+00,1.697408623184148757e+00,2.299999999999999822e+00,9.000000000000000222e-01,9.000000000000000222e-01,1.100000000000000089e+00
1.360000000000000098e+00,5.355489907192135135e+00,1.761421763445684352e+00,2.299999999999999822e+00,9.000000000000000222e-01,9.000000000000000222e-01,1.100000000000000089e+00
1.370000000000000107e+00,5.392313081158102150e+00,1.828479019743479261e+00,2.299999999999999822e+00,9.000000000000000222e-01,9.000000000000000222e-01,1.100000000000000089e+00
1.380000000000000115e+00,5.426038055508871416e+00,1.898692327938300339e+00,2.299999999999999822e+00,9.000000000000000222e-01,9.000000000000000222e-01,1.100000000000000089e+00
1.390000000000000124e+00,5.456445960840067499e+00,1.972171476573463478e+00,2.299999999999999822e+00,9.000000000000000222e-01,9.000000000000000222e-01,1.100000000000000089e+00
1.400000000000000133e+00,5.483314945267231622e+00,2.049022969129909999e+00,2.299999999999999822e+00,9.000000000000000222e-01,9.000000000000000222e-01,1.100000000000000089e+00
1.409999999999999920e+00,5.506421436687445770e+00,2.129348749427785403e+00,2.299999999999999822e+00,9.000000000000000222e-01,9.000000000000000222e-01,1.100000000000000089e+00
1.419999999999999929e+00,5.525541590408348469e+00,2.213244787561527538e+00,2.299999999999999822e+00,9.000000000000000222e-01,9.000000000000000222e-01,1.100000000000000089e+00
1.429999999999999938e+00,5.540452927909613301e+00,2.300799526489904601e+00,2.299999999999999822e+00,9.000000000000000222e-01,9.000000000000000222e-01,1.100000000000000089e+00
1.439999999999999947e+00,5.550936169227415284e+00,2.392092192758039193e+00,2.299999999999999822e+00,9.000000000000000222e-01,9.000000000000000222e-01,1.100000000000000089e+00
1.449999999999999956e+00,5.556777257406569248e+00,2.487190978831045562e+00,2.299999999999999822e+00,9.000000000000000222e-01,9.000000000000000222e-01,1.100000000000000089e+00
1.459999999999999964e+00,5.557769568621182543e+00,2.586151109169747997e+00,2.299999999999999822e+00,9.000000000000000222e-01,9.000000000000000222e-01,1.100000000000000089e+00
1.469999999999999973e+00,5.553716295927958235e+00,2.689012807447434650e+00,2.299999999999999822e+00,9.000000000000000222e-01,9.000000000000000222e-01,1.100000000000000089e+00
1.479999999999999982e+00,5.544432988232586013e+00,2.795799188122303658e+00,2.299999999999999822e+00,9.000000000000000222e-01,9.000000000000000222e-01,1.100000000000000089e+00
1.489999999999999991e+00,5.529750219014348822e+00,2.906514101826008112e+00,2.299999999999999822e+00,9.000000000000000222e-01,9.000000000000000222e-01,1.100000000000000089e+00
1.500000000000000000e+00,5.509516351819779167e+00,3.021139970534266972e+00,2.299999999999999822e+00,9.000000000000000222e-01,9.000000000000000222e-01,1.100000000000000089e+00
1.510000000000000009e+00,5.483600361718788285e+00,3.139635655023984118e+00,2.299999999999999822e+00,9.000000000000000222e-01,9.000000000000000222e-01,1.100000000000000089e+00
1.520000000000000018e+00,5.451894664097790333e+00,3.261934403408379701e+00,2.299999999999999822e+00,9.000000000000000222e-01,9.000000000000000222e-01,1.100000000000000089e+00
1.530000000000000027e+00,5.414317894690075406e+00,3.387941935239319413e+00,2.299999999999999822e+00,9.000000000000000222e-01,9.000000000000000222e-01,1.100000000000000089e+00
1.540000000000000036e+00,5.370817578017227589e+00,3.517534720391775060e+00,2.299999999999999822e+00,9.000000000000000222e-01,9.000000000000000222e-01,1.100000000000000089e+00
1.550000000000000044e+00,5.321372615883833035e+00,3.650558515287167793e+00,2.299999999999999822e+00,9.000000000000000222e-01,9.000000000000000222e-01,1.100000000000000089e+00
1.560000000000000053e+00,5.265995523701126224e+00,3.786827220550382123e+00,2.299999999999999822e+00,9.000000000000000222e-01,9.000000000000000222e-01,1.100000000000000089e+00
1.570000000000000062e+00,5.204734340679476823e+00,3.926122123529520280e+00,2.299999999999999822e+00,9.000000000000000222e-01,9.000000000000000222e-01,1.100000000000000089e+00
1.580000000000000071e+00,5.137674140752503504e+00,4.068191585890648554e+00,2.299999999999999822e+00,9.000000000000000222e-01,9.000000000000000222e-01,1.100000000000000089e+00
1.590000000000000080e+00,5.064938074829084869e+00,4.212751230473052999e+00,2.299999999999999822e+00,9.000000000000000222e-01,9.000000000000000222e-01,1.100000000000000089e+00
1.600000000000000089e+00,4.986687881850138560e+00,4.359484672619728940e+00,2.299999999999999822e+00,9.000000000000000222e-01,9.000000000000000222e-01,1.100000000000000089e+00
1.610000000000000098e+00,4.903123816238369237e+00,4.508044829306303569e+00,2.299999999999999822e+00,9.000000000000000222e-01,9.000000000000000222e-01,1.100000000000000089e+00
1.620000000000000107e+00,4.814483952570721925e+00,4.658055824785643395e+00,2.299999999999999822e+00,9.000000000000000222e-01,9.000000000000000222e-01,1.100000000000000089e+00
1.630000000000000115e+00,4.721042844369746305e+00,4.809115494548111158e+00,2.299999999999999822e+00,9.000000000000000222e-01,9.000000000000000222e-01,1.100000000000000089e+00
1.640000000000000124e+00,4.623109532285484491e+00,4.960798470767731949e+00,2.299999999999999822e+00,9.000000000000000222e-01,9.000000000000000222e-01,1.100000000000000089e+00
1.650000000000000133e+00,4.521024916908996438e+00,5.112659812838325379e+00,2.299999999999999822e+00,9.000000000000000222e-01,9.000000000000000222e-01,1.100000000000000089e+00
1.660000000000000142e+00,4.415158532139208170e+00,5.264239127016953290e+00,2.299999999999999822e+00,9.000000000000000222e-01,9.000000000000000222e-01,1.100000000000000089e+00
1.669999999999999929e+00,4.305904775414855834e+00,5.415065100586835101e+00,2.299999999999999822e+00,9.000000000000000222e-01,9.000000000000000222e-01,1.100000000000000089e+00
1.679999999999999938e+00,4.193678670167507505e+00,5.564660359348555296e+00,2.299999999999999822e+00,9.000000000000000222e-01,9.000000000000000222e-01,1.100000000000000089e+00
1.689999999999999947e+00,4.078911252516195241e+00,5.712546543610160121e+00,2.299999999999999822e+00,9.000000000000000222e-01,9.000000000000000222e-01,1.100000000000000089e+00
1.699999999999999956e+00,3.962044687575683621e+00,5.858249488003291816e+00,2.299999999999999822e+00,9.000000000000000222e-01,9.000000000000000222e-01,1.100000000000000089e+00
1.709999999999999964e+00,3.843527230030240105e+00,6.001304385030675093e+00,2.299999999999999822e+00,9.000000000000000222e-01,9.000000000000000222e-01,1.100000000000000089e+00
1.719999999999999973e+00,3.723808148311025246e+00,6.141260811619491555e+00,2.299999999999999822e+00,9.000000000000000222e-01,9.000000000000000222e-01,1.100000000000000089e+00
1.729999999999999982e+00,3.603332731565748848e+00,6.277687502193602498e+00,2.299999999999999822e+00,9.000000000000000222e-01,9.000000000000000222e-01,1.100000000000000089e+00
1.739999999999999991e+00,3.482537493680238239e+00,6.410176760663532924e+00,2.299999999999999822e+00,9.000000000000000222e-01,9.000000000000000222e-01,1.100000000000000089e+00
1.750000000000000000e+00,3.361845679250710539e+00,6.538348416762255866e+00,2.299999999999999822e+00,9.000000000000000222e-01,9.000000000000000222e-01,1.100000000000000089e+00
1.760000000000000009e+00,3.241663163219678179e+00,6.661853248581773634e+00,2.299999999999999822e+00,9.000000000000000222e-01,9.000000000000000222e-01,1.100000000000000089e+00
1.770000000000000018e+00,3.122374819690270087e+00,6.780375812065016383e+00,2.299999999999999822e+00,9.000000000000000222e-01,9.000000000000000222e-01,1.100000000000000089e+00
1.780000000000000027e+00,3.004341417173622464e+00,6.893636638548607642e+00,2.299999999999999822e+00,9.000000000000000222e-01,9.000000000000000222e-01,1.100000000000000089e+00
1.790000000000000036e+00,2.887897078213851554e+00,7.001393782176386971e+00,2.299999999999999822e+00,9.000000000000000222e-01,9.000000000000000222e-01,1.100000000000000089e+00
1.800000000000000044e+00,2.773347321973166135e+00,7.103443719102073395e+00,2.299999999999999822e+00,9.000000000000000222e-01,9.000000000000000222e-01,1.100000000000000089e+00
1.810000000000000053e+00,2.660967689862431040e+00,7.199621618977617210e+00,2.299999999999999822e+00,9.000000000000000222e-01,9.000000000000000222e-01,1.100000000000000089e+00
1.820000000000000062e+00,2.551002937450057129e+00,7.289801025552367975e+00,2.299999999999999822e+00,9.000000000000000222e-01,9.000000000000000222e-01,1.100000000000000089e+00
1.830000000000000071e+00,2.443666761280333777e+00,7.373892996755437856e+00,2.299999999999999822e+00,9.000000000000000222e-01,9.000000000000000222e-01,1.100000000000000089e+00
1.840000000000000080e+00,2.339142017293291964e+00,7.451844765078016408e+00,2.299999999999999822e+00,9.000000000000000222e-01,9.000000000000000222e-01,1.100000000000000089e+00
1.850000000000000089e+00,2.237581378478048499e+00,7.523637986297968538e+00,2.299999999999999822e+00,9.000000000000000222e-01,9.000000000000000222e-01,1.100000000000000089e+00
1.860000000000000098e+00,2.139108373243788552e+00,7.589286648665471979e+00,2.299999999999999822e+00,9.000000000000000222e-01,9.000000000000000222e-01,1.100000000000000089e+00
1.870000000000000107e+00,2.043818742632563801e+00,7.648834715820533425e+00,2.299999999999999822e+00,9.000000000000000222e-01,9.000000000000000222e-01,1.100000000000000089e+00
1.880000000000000115e+00,1.951782053675812145e+00,7.702353575283563458e+00,2.299999999999999822e+00,9.000000000000000222e-01,9.000000000000000222e-01,1.100000000000000089e+00
1.890000000000000124e+00,1.863043507572020419e+00,7.749939360769947605e+00,2.299999999999999822e+00,9.000000000000000222e-01,9.000000000000000222e-01,1.100000000000000089e+00
1.900000000000000133e+00,1.777625884542390011e+00,7.791710211290189925e+00,2.299999999999999822e+00,9.000000000000000222e-01,9.000000000000000222e-01,1.100000000000000089e+00
1.910000000000000142e+00,1.695531571789549385e+00,7.827803523476822178e+00,2.299999999999999822e+00,9.000000000000000222e-01,9.000000000000000222e-01,1.100000000000000089e+00
1.919999999999999929e+00,1.616744626532737650e+00,7.858373246274648949e+00,2.299999999999999822e+00,9.000000000000000222e-01,9.000000000000000222e-01,1.100000000000000089e+00
1.929999999999999938e+00,1.541232832241175466e+00,7.883587259446522388e+00,2.299999999999999822e+00,9.000000000000000222e-01,9.000000000000000222e-01,1.100000000000000089e+00
1.939999999999999947e+00,1.468949712598945023e+00,7.903624869631137528e+00,2.299999999999999822e+00,9.000000000000000222e-01,9.000000000000000222e-01,1.100000000000000089e+00
1.949999999999999956e+00,1.399836474125907948e+00,7.918674450227050521e+00,2.299999999999999822e+00,9.000000000000000222e-01,9.000000000000000222e-01,1.100000000000000089e+00
1.959999999999999964e+00,1.333823854523097152e+00,7.928931244387614541e+00,2.299999999999999822e+00,9.000000000000000222e-01,9.000000000000000222e-01,1.100000000000000089e+00
1.969999999999999973e+00,1.270833859537114474e+00,7.934595344051071919e+00,2.299999999999999822e+00,9.000000000000000222e-01,9.000000000000000222e-01,1.100000000000000089e+00
1.979999999999999982e+00,1.210781376328457171e+00,7.935869852297667393e+00,2.299999999999999822e+00,9.000000000000000222e-01,9.000000000000000222e-01,1.100000000000000089e+00
1.989999999999999991e+00,1.153575655912250086e+00,7.932959231470671391e+00,2.299999999999999822e+00,9.000000000000000222e-01,9.000000000000000222e-01,1.100000000000000089e+00
2.000000000000000000e+00,1.099121661185032961e+00,7.926067835428924013e+00,2.299999999999999822e+00,9.000000000000000222e-01,9.000000000000000222e-01,1.100000000000000089e+00
2.010000000000000231e+00,1.047321280358451956e+00,7.915398620991040524e+00,2.299999999999999822e+00,9.000000000000000222e-01,9.000000000000000222e-01,1.100000000000000089e+00
2.020000000000000018e+00,9.980744083148417323e-01,7.901152031038220613e+00,2.299999999999999822e+00,9.000000000000000222e-01,9.000000000000000222e-01,1.100000000000000089e+00
2.030000000000000249e+00,9.512799005232531746e-01,7.883525039799834211e+00,2.299999999999999822e+00,9.000000000000000222e-01,9.000000000000000222e-01,1.100000000000000089e+00
2.040000000000000036e+00,9.068364057614809459e-01,7.862710349480347638e+00,2.299999999999999822e+00,9.000000000000000222e-01,9.000000000000000222e-01,1.100000000000000089e+00
2.049999999999999822e+00,8.646430850405186774e-01,7.838895726520099139e+00,2.299999999999999822e+00,9.000000000000000222e-01,9.000000000000000222e-01,1.100000000000000089e+00
2.060000000000000053e+00,8.246002248853347982e-01,7.812263465338345370e+00,2.299999999999999822e+00,9.000000000000000222e-01,9.000000000000000222e-01,1.100000000000000089e+00
2.069999999999999840e+00,7.866097535518494777e-01,7.782989967310418145e+00,2.299999999999999822e+00,9.000000000000000222e-01,9.000000000000000222e-01,1.100000000000000089e+00
2.080000000000000071e+00,7.505756689132943027e-01,7.751245422912615091e+00,2.299999999999999822e+00,9.000000000000000222e-01,9.000000000000000222e-01,1.100000000000000089e+00
2.089999999999999858e+00,7.164043866839066022e-01,7.717193585366096897e+00,2.299999999999999822e+00,9.000000000000000222e-01,9.000000000000000222e-01,1.100000000000000089e+00
2.100000000000000089e+00,6.840050174127443317e-01,7.680991624669525564e+00,2.299999999999999822e+00,9.000000000000000222e-01,9.000000000000000222e-01,1.100000000000000089e+00
2.109999999999999876e+00,6.532895803178976335e-01,7.642790051581972222e+00,2.299999999999999822e+00,9.000000000000000222e-01,9.000000000000000222e-01,1.100000000000000089e+00
2.120000000000000107e+00,6.241731615780736764e-01,7.602732701862716880e+00,2.299999999999999822e+00,9.000000000000000222e-01,9.000000000000000222e-01,1.100000000000000089e+00
2.129999999999999893e+00,5.965740241851498205e-01,7.560956771859951964e+00,2.299999999999999822e+00,9.000000000000000222e-01,9.000000000000000222e-01,1.100000000000000089e+00
2.140000000000000124e+00,5.704136759131031020e-01,7.517592897339455682e+00,2.299999999999999822e+00,9.000000000000000222e-01,9.000000000000000222e-01,1.100000000000000089e+00
2.149999999999999911e+00,5.456169013960809888e-01,7.472765268236129188e+00,2.299999999999999822e+00,9.000000000000000222e-01,9.000000000000000222e-01,1.100000000000000089e+00
2.160000000000000142e+00,5.221117637472446615e-01,7.426591772779956635e+00,2.299999999999999822e+00,9.000000000000000222e-01,9.000000000000000222e-01,1.100000000000000089e+00
2.169999999999999929e+00,4.998295806025995214e-01,7.379184165181817967e+00,2.299999999999999822e+00,9.000000000000000222e-01,9.000000000000000222e-01,1.100000000000000089e+00
2.180000000000000160e+00,4.787048789492918677e-01,7.330648251755498279e+00,2.299999999999999822e+00,9.000000000000000222e-01,9.000000000000000222e-01,1.100000000000000089e+00
2.189999999999999947e+00,4.586753326020828747e-01,7.281084090995095792e+00,2.299999999999999822e+00,9.000000000000000222e-01,9.000000000000000222e-01,1.100000000000000089e+00
2.200000000000000178e+00,4.396816857289995162e-01,7.230586203718987193e+00,2.299999999999999822e+00,9.000000000000000222e-01,9.000000000000000222e-01,1.100000000000000089e+00
2.209999999999999964e+00,4.216676653998105984e-01,7.179243789931613051e+00,2.299999999999999822e+00,9.000000000000000222e-01,9.000000000000000222e-01,1.100000000000000089e+00
2.220000000000000195e+00,4.045798857399064974e-01,7.127140949543114168e+00,2.299999999999999822e+00,9.000000000000000222e-01,9.000000000000000222e-01,1.100000000000000089e+00
2.229999999999999982e+00,3.883677459172173441e-01,7.074356904525807010e+00,2.299999999999999822e+00,9.000000000000000222e-01,9.000000000000000222e-01,1.100000000000000089e+00
2.240000000000000213e+00,3.729833238700278608e-01,7.020966220477969699e+00,2.299999999999999822e+00,9.000000000000000222e-01,9.000000000000000222e-01,1.100000000000000089e+00
2.250000000000000000e+00,3.583812673974101637e-01,6.967039025912235672e+00,2.299999999999999822e+00,9.000000000000000222e-01,9.000000000000000222e-01,1.100000000000000089e+00
2.260000000000000231e+00,3.445186839795690292e-01,6.912641227891231921e+00,2.299999999999999822e+00,9.000000000000000222e-01,9.000000000000000222e-01,1.100000000000000089e+00
2.270000000000000018e+00,3.313550304705132898e-01,6.857834722900239655e+00,2.299999999999999822e+00,9.000000000000000222e-01,9.000000000000000222e-01,1.100000000000000089e+00
2.280000000000000249e+00,3.188520036078257291e-01,6.802677602079005403e+00,2.299999999999999822e+00,9.000000000000000222e-01,9.000000000000000222e-01,1.100000000000000089e+00
2.290000000000000036e+00,3.069734321115642484e-01,6.747224350135609505e+00,2.299999999999999822e+00,9.000000000000000222e-01,9.000000000000000222e-01,1.100000000000000089e+00
2.300000000000000266e+00,2.956851709941712425e-01,6.691526037437807162e+00,2.299999999999999822e+00,9.000000000000000222e-01,9.000000000000000222e-01,1.100000000000000089e+00
2.310000000000000053e+00,2.849549985734530777e-01,6.635630504924417750e+00,2.299999999999999822e+00,9.000000000000000222e-01,9.000000000000000222e-01,1.100000000000000089e+00
2.319999999999999840e+00,2.747525165690859472e-01,6.579582541604073853e+00,2.299999999999999822e+00,9.000000000000000222e-01,9.000000000000000222e-01,1.100000000000000089e+00
2.330000000000000071e+00,2.650490535677001436e-01,6.523424054513527359e+00,2.299999999999999822e+00,9.000000000000000222e-01,9.000000000000000222e-01,1.100000000000000089e+00
2.339999999999999858e+00,2.558175720605400660e-01,6.467194231095197310e+00,2.299999999999999822e+00,9.000000000000000222e-01,9.000000000000000222e-01,1.100000000000000089e+00
2.350000000000000089e+00,2.470325791892743206e-01,6.410929694025884196e+00,2.299999999999999822e+00,9.000000000000000222e-01,9.000000000000000222e-01,1.100000000000000089e+00
2.359999999999999876e+00,2.386700412781884717e-01,6.354664648587633025e+00,2.299999999999999822e+00,9.000000000000000222e-01,9.000000000000000222e-01,1.100000000000000089e+00
2.370000000000000107e+00,2.307073021833162263e-01,6.298431022719277017e+00,2.299999999999999822e+00,9.000000000000000222e-01,9.000000000000000222e-01,1.100000000000000089e+00
2.379999999999999893e+00,2.231230054497881088e-01,6.242258599924937812e+00,2.299999999999999822e+00,9.000000000000000222e-01,9.000000000000000222e-01,1.100000000000000089e+00
2.390000000000000124e+00,2.158970202366633506e-01,6.186175145245029761e+00,2.299999999999999822e+00,9.000000000000000222e-01,9.000000000000000222e-01,1.100000000000000089e+00
2.399999999999999911e+00,2.090103709427525158e-01,6.130206524517408440e+00,2.299999999999999822e+00,9.000000000000000222e-01,9.000000000000000222e-01,1.100000000000000089e+00
2.410000000000000142e+00,2.024451704465418944e-01,6.074376817172292498e+00,2.299999999999999822e+00,9.000000000000000222e-01,9.000000000000000222e-01,1.100000000000000089e+00
2.419999999999999929e+00,1.961845568575075194e-01,6.018708422815457482e+00,2.299999999999999822e+00,9.000000000000000222e-01,9.000000000000000222e-01,1.100000000000000089e+00
2.430000000000000160e+00,1.902126336641657145e-01,5.963222161860769255e+00,2.299999999999999822e+00,9.000000000000000222e-01,9.000000000000000222e-01,1.100000000000000089e+00
2.439999999999999947e+00,1.845144131555442046e-01,5.907937370476137318e+00,2.299999999999999822e+00,9.000000000000000222e-01,9.000000000000000222e-01,1.100000000000000089e+00
2.450000000000000178e+00,1.790757629868458822e-01,5.852871990107047395e+00,2.299999999999999822e+00,9.000000000000000222e-01,9.000000000000000222e-01,1.100000000000000089e+00
2.459999999999999964e+00,1.738833557564595511e-01,5.798042651839518946e+00,2.299999999999999822e+00,9.000000000000000222e-01,9.000000000000000222e-01,1.100000000000000089e+00
2.470000000000000195e+00,1.689246214597533990e-01,5.743464755860115289e+00,2.299999999999999822e+00,9.000000000000000222e-01,9.000000000000000222e-01,1.100000000000000089e+00
2.479999999999999982e+00,1.641877026849269117e-01,5.689152546264868882e+00,2.299999999999999822e+00,9.000000000000000222e-01,9.000000000000000222e-01,1.100000000000000089e+00
2.490000000000000213e+00,1.596614124173036109e-01,5.635119181462061810e+00,2.299999999999999822e+00,9.000000000000000222e-01,9.000000000000000222e-01,1.100000000000000089e+00
2.500000000000000000e+00,1.553351943205702468e-01,5.581376800405962513e+00,2.299999999999999822e+00,9.000000000000000222e-01,9.000000000000000222e-01,1.100000000000000089e+00
2.510000000000000231e+00,1.511990853663954248e-01,5.527936584890137617e+00,2.299999999999999822e+00,9.000000000000000222e-01,9.000000000000000222e-01,1.100000000000000089e+00
2.520000000000000018e+00,1.472436806874116710e-01,5.474808818120015630e+00,2.299999999999999822e+00,9.000000000000000222e-01,9.000000000000000222e-01,1.100000000000000089e+00
2.530000000000000249e+00,1.434601005325668865e-01,5.422002939775168784e+00,2.299999999999999822e+00,9.000000000000000222e-01,9.000000000000000222e-01,1.100000000000000089e+00
2.540000000000000036e+00,1.398399592082167076e-01,5.369527597762403737e+00,2.299999999999999822e+00,9.000000000000000222e-01,9.000000000000000222e-01,1.100000000000000089e+00
2.550000000000000266e+00,1.363753358929312154e-01,5.317390696851370890e+00,2.299999999999999822e+00,9.000000000000000222e-01,9.000000000000000222e-01,1.100000000000000089e+00
2.560000000000000053e+00,1.330587472187388376e-01,5.265599444375058447e+00,2.299999999999999822e+00,9.000000000000000222e-01,9.000000000000000222e-01,1.100000000000000089e+00
2.569999999999999840e+00,1.298831215163540054e-01,5.214160393168362440e+00,2.299999999999999822e+00,9.000000000000000222e-01,9.000000000000000222e-01,1.100000000000000089e+00
2.580000000000000071e+00,1.268417746267737067e-01,5.163079481908917856e+00,2.299999999999999822e+00,9.000000000000000222e-01,9.000000000000000222e-01,1.100000000000000089e+00
2.589999999999999858e+00,1.239283871864321346e-01,5.112362073015625619e+00,2.299999999999999822e+00,9.000000000000000222e-01,9.000000000000000222e-01,1.100000000000000089e+00
2.600000000000000089e+00,1.211369832978345523e-01,5.062012988251844980e+00,2.299999999999999822e+00,9.000000000000000222e-01,9.000000000000000222e-01,1.100000000000000089e+00
2.609999999999999876e+00,1.184619105022191587e-01,5.012036542172041642e+00,2.299999999999999822e+00,9.000000000000000222e-01,9.000000000000000222e-01,1.100000000000000089e+00
2.620000000000000107e+00,1.158978209752970501e-01,4.962436573542834850e+00,2.299999999999999822e+00,9.000000000000000222e-01,9.000000000000000222e-01,1.100000000000000089e+00
2.629999999999999893e+00,1.134396538714762120e-01,4.913216474861866523e+00,2.299999999999999822e+00,9.000000000000000222e-01,9.000000000000000222e-01,1.100000000000000089e+00
2.640000000000000124e+00,1.110826187461733811e-01,4.864379220090736311e+00,2.299999999999999822e+00,9.000000000000000222e-01,9.000000000000000222e-01,1.100000000000000089e+00
2.649999999999999911e+00,1.088221799898488190e-01,4.815927390711400413e+00,2.299999999999999822e+00,9.000000000000000222e-01,9.000000000000000222e-01,1.100000000000000089e+00
2.660000000000000142e+00,1.066540422112573772e-01,4.767863200208926955e+00,2.299999999999999822e+00,9.000000000000000222e-01,9.000000000000000222e-01,1.100000000000000089e+00
2.669999999999999929e+00,1.045741365110923193e-01,4.720188517077329671e+00,2.299999999999999822e+00,9.000000000000000222e-01,9.000000000000000222e-01,1.100000000000000089e+00
2.680000000000000160e+00,1.025786075907056533e-01,4.672904886439344985e+00,2.299999999999999822e+00,9.000000000000000222e-01,9.000000000000000222e-01,1.100000000000000089e+00
2.689999999999999947e+00,1.006638016439210803e-01,4.626013550365492222e+00,2.299999999999999822e+00,9.000000000000000222e-01,9.000000000000000222e-01,1.100000000000000089e+00
2.700000000000000178e+00,9.882625498311602141e-02,4.579515466972522653e+00,2.299999999999999822e+00,9.000000000000000222e-01,9.000000000000000222e-01,1.100000000000000089e+00
2.709999999999999964e+00,9.706268335374126921e-02,4.533411328376431015e+00,2.299999999999999822e+00,9.000000000000000222e-01,9.000000000000000222e-01,1.100000000000000089e+00
2.720000000000000195e+00,9.536997189427547095e-02,4.487701577570559763e+00,2.299999999999999822e+00,9.000000000000000222e-01,9.000000000000000222e-01,1.100000000000000089e+00
2.729999999999999982e+00,9.374516570128213488e-02,4.442386424294936020e+00,2.299999999999999822e+00,9.000000000000000222e-01,9.000000000000000222e-01,1.100000000000000089e+00
2.740000000000000213e+00,9.218546096175447846e-02,4.397465859958874290e+00,2.299999999999999822e+00,9.000000000000000222e-01,9.000000000000000222e-01,1.100000000000000089e+00
2.750000000000000000e+00,9.068819661730574688e-02,4.352939671674991295e+00,2.299999999999999822e+00,9.000000000000000222e-01,9.000000000000000222e-01,1.100000000000000089e+00
2.760000000000000231e+00,8.925084652699409593e-02,4.308807455459150226e+00,2.299999999999999822e+00,9.000000000000000222e-01,9.000000000000000222e-01,1.100000000000000089e+00
2.770000000000000018e+00,8.787101209766987053e-02,4.265068628647429527e+00,2.299999999999999822e+00,9.000000000000000222e-01,9.000000000000000222e-01,1.100000000000000089e+00
2.780000000000000249e+00,8.654641535270467256e-02,4.221722441578001472e+00,2.299999999999999822e+00,9.000000000000000222e-01,9.000000000000000222e-01,1.100000000000000089e+00
2.790000000000000036e+00,8.527489241181250568e-02,4.178767988582801962e+00,2.299999999999999822e+00,9.000000000000000222e-01,9.000000000000000222e-01,1.100000000000000089e+00
2.800000000000000266e+00,8.405438735641020120e-02,4.136204218331049454e+00,2.299999999999999822e+00,9.000000000000000222e-01,9.000000000000000222e-01,1.100000000000000089e+00
2.810000000000000053e+00,8.288294645659292914e-02,4.094029943564019725e+00,2.299999999999999822e+00,9.000000000000000222e-01,9.000000000000000222e-01,1.100000000000000089e+00
2.819999999999999840e+00,8.175871273732758515e-02,4.052243850258021141e+00,2.299999999999999822e+00,9.000000000000000222e-01,9.000000000000000222e-01,1.100000000000000089e+00
2.830000000000000071e+00,8.067992086289678400e-02,4.010844506250174746e+00,2.299999999999999822e+00,9.000000000000000222e-01,9.000000000000000222e-01,1.100000000000000089e+00
2.839999999999999858e+00,7.964489231996631224e-02,3.969830369359440780e+00,2.299999999999999822e+00,9.000000000000000222e-01,9.000000000000000222e-01,1.100000000000000089e+00
2.850000000000000089e+00,7.865203088090308436e-02,3.929199795033293086e+00,2.299999999999999822e+00,9.000000000000000222e-01,9.000000000000000222e-01,1.100000000000000089e+00
2.859999999999999876e+00,7.769981833014462380e-02,3.888951043548540376e+00,2.299999999999999822e+00,9.000000000000000222e-01,9.000000000000000222e-01,1.100000000000000089e+00
2.870000000000000107e+00,7.678681043751992008e-02,3.849082286793001906e+00,2.299999999999999822e+00,9.000000000000000222e-01,9.000000000000000222e-01,1.100000000000000089e+00
2.879999999999999893e+00,7.591163316344938516e-02,3.809591614653081049e+00,2.299999999999999822e+00,9.000000000000000222e-01,9.000000000000000222e-01,1.100000000000000089e+00
2.890000000000000124e+00,7.507297908191315483e-02,3.770477041030714460e+00,2.299999999999999822e+00,9.000000000000000222e-01,9.000000000000000222e-01,1.100000000000000089e+00
2.899999999999999911e+00,7.426960400797635864e-02,3.731736509511710320e+00,2.299999999999999822e+00,9.000000000000000222e-01,9.000000000000000222e-01,1.100000000000000089e+00
2.910000000000000142e+00,7.350032381750083721e-02,3.693367898706124031e+00,2.299999999999999822e+00,9.000000000000000222e-01,9.000000000000000222e-01,1.100000000000000089e+00
2.919999999999999929e+00,7.276401144745948957e-02,3.655369027280032768e+00,2.299999999999999822e+00,9.000000000000000222e-01,9.000000000000000222e-01,1.100000000000000089e+00
2.930000000000000160e+00,7.205959406600447037e-02,3.617737658696874359e+00,2.299999999999999822e+00,9.000000000000000222e-01,9.000000000000000222e-01,1.100000000000000089e+00
2.939999999999999947e+00,7.138605040212814279e-02,3.580471505685395073e+00,2.299999999999999822e+00,9.000000000000000222e-01,9.000000000000000222e-01,1.100000000000000089e+00
2.950000000000000178e+00,7.074240822539847040e-02,3.543568234450196197e+00,2.299999999999999822e+00,9.000000000000000222e-01,9.000000000000000222e-01,1.100000000000000089e+00
2.959999999999999964e+00,7.012774196685145345e-02,3.507025468639890953e+00,2.299999999999999822e+00,9.000000000000000222e-01,9.000000000000000222e-01,1.100000000000000089e+00
2.970000000000000195e+00,6.954117047268515428e-02,3.470840793086957365e+00,2.299999999999999822e+00,9.000000000000000222e-01,9.000000000000000222e-01,1.100000000000000089e+00
2.979999999999999982e+00,6.898185488292526979e-02,3.435011757332519178e+00,2.299999999999999822e+00,9.000000000000000222e-01,9.000000000000000222e-01,1.100000000000000089e+00
2.990000000000000213e+00,6.844899662772328808e-02,3.399535878948473311e+00,2.299999999999999822e+00,9.000000000000000222e-01,9.000000000000000222e-01,1.100000000000000089e+00
3.000000000000000000e+00,6.794183553440780177e-02,3.364410646668630989e+00,2.299999999999999822e+00,9.000000000000000222e-01,9.000000000000000222e-01,1.100000000000000089e+00
3.010000000000000231e+00,6.745964803883894301e-02,3.329633523339829981e+00,2.299999999999999822e+00,9.000000000000000222e-01,9.000000000000000222e-01,1.100000000000000089e+00
3.020000000000000018e+00,6.700174549501766719e-02,3.295201948703320394e+00,2.299999999999999822e+00,9.000000000000000222e-01,9.000000000000000222e-01,1.100000000000000089e+00
3.030000000000000249e+00,6.656747257727743672e-02,3.261113342016094485e+00,2.299999999999999822e+00,9.000000000000000222e-01,9.000000000000000222e-01,1.100000000000000089e+00
3.040000000000000036e+00,6.615620576973713085e-02,3.227365104521259909e+00,2.299999999999999822e+00,9.000000000000000222e-01,9.000000000000000222e-01,1.100000000000000089e+00
3.050000000000000266e+00,6.576735193802310531e-02,3.193954621776011304e+00,2.299999999999999822e+00,9.000000000000000222e-01,9.000000000000000222e-01,1.100000000000000089e+00
3.060000000000000053e+00,6.540034697857563528e-02,3.160879265845236485e+00,2.299999999999999822e+00,9.000000000000000222e-01,9.000000000000000222e-01,1.100000000000000089e+00
3.070000000000000284e+00,6.505465454114314761e-02,3.128136397368324495e+00,2.299999999999999822e+00,9.000000000000000222e-01,9.000000000000000222e-01,1.100000000000000089e+00
3.080000000000000071e+00,6.472976482033679368e-02,3.095723367506291179e+00,2.299999999999999822e+00,9.000000000000000222e-01,9.000000000000000222e-01,1.100000000000000089e+00
3.089999999999999858e+00,6.442519341237044894e-02,3.063637519775919582e+00,2.299999999999999822e+00,9.000000000000000222e-01,9.000000000000000222e-01,1.100000000000000089e+00
3.100000000000000089e+00,6.414048023334695259e-02,3.031876191777213680e+00,2.299999999999999822e+00,9.000000000000000222e-01,9.000000000000000222e-01,1.100000000000000089e+00
3.109999999999999876e+00,6.387518849567276613e-02,3.000436716820102490e+00,2.299999999999999822e+00,9.000000000000000222e-01,9.000000000000000222e-01,1.100000000000000089e+00
3.120000000000000107e+00,6.362890373939010524e-02,2.969316425455978070e+00,2.299999999999999822e+00,9.000000000000000222e-01,9.000000000000000222e-01,1.100000000000000089e+00
3.129999999999999893e+00,6.340123291540955552e-02,2.938512646919329896e+00,2.299999999999999822e+00,9.000000000000000222e-01,9.000000000000000222e-01,1.100000000000000089e+00
3.140000000000000124e+00,6.319180351780788463e-02,2.908022710484431173e+00,2.299999999999999822e+00,9.000000000000000222e-01,9.000000000000000222e-01,1.100000000000000089e+00
3.149999999999999911e+00,6.300026276252593260e-02,2.877843946741747594e+00,2.299999999999999822e+00,9.000000000000000222e-01,9.000000000000000222e-01,1.100000000000000089e+00
3.160000000000000142e+00,6.282627680996104302e-02,2.847973688798470349e+00,2.299999999999999822e+00,9.000000000000000222e-01,9.000000000000000222e-01,1.100000000000000089e+00
3.169999999999999929e+00,6.266953002909814163e-02,2.818409273407319837e+00,2.299999999999999822e+00,9.000000000000000222e-01,9.000000000000000222e-01,1.100000000000000089e+00
3.180000000000000160e+00,6.252972430096349898e-02,2.789148042027534302e+00,2.299999999999999822e+00,9.000000000000000222e-01,9.000000000000000222e-01,1.100000000000000089e+00
3.189999999999999947e+00,6.240657835931714276e-02,2.760187341821730644e+00,2.299999999999999822e+00,9.000000000000000222e-01,9.000000000000000222e-01,1.100000000000000089e+00
3.200000000000000178e+00,6.229982716662273851e-02,2.731524526592118640e+00,2.299999999999999822e+00,9.000000000000000222e-01,9.000000000000000222e-01,1.100000000000000089e+00
3.209999999999999964e+00,6.220922132344988698e-02,2.703156957659350823e+00,2.299999999999999822e+00,9.000000000000000222e-01,9.000000000000000222e-01,1.100000000000000089e+00
3.220000000000000195e+00,6.213452650957214385e-02,2.675082004687107329e+00,2.299999999999999822e+00,9.000000000000000222e-01,9.000000000000000222e-01,1.100000000000000089e+00
3.229999999999999982e+00,6.207552295512601404e-02,2.647297046455339142e+00,2.299999999999999822e+00,9.000000000000000222e-01,9.000000000000000222e-01,1.100000000000000089e+00
3.240000000000000213e+00,6.203200494029195017e-02,2.619799471584932427e+00,2.299999999999999822e+00,9.000000000000000222e-01,9.000000000000000222e-01,1.100000000000000089e+00
3.250000000000000000e+00,6.200378032204811179e-02,2.592586679216400292e+00,2.299999999999999822e+00,9.000000000000000222e-01,9.000000000000000222e-01,1.100000000000000089e+00
3.260000000000000231e+00,6.199067008663217138e-02,2.565656079645067145e+00,2.299999999999999822e+00,9.000000000000000222e-01,9.000000000000000222e-01,1.100000000000000089e+00
3.270000000000000018e+00,6.199250792642561902e-02,2.539005094915069982e+00,2.299999999999999822e+00,9.000000000000000222e-01,9.000000000000000222e-01,1.100000000000000089e+00
3.280000000000000249e+00,6.200913984004963880e-02,2.512631159374375756e+00,2.299999999999999822e+00,9.000000000000000222e-01,9.000000000000000222e-01,1.100000000000000089e+00
3.290000000000000036e+00,6.204042375453160812e-02,2.486531720192896699e+00,2.299999999999999822e+00,9.000000000000000222e-01,9.000000000000000222e-01,1.100000000000000089e+00
3.300000000000000266e+00,6.208622916846712192e-02,2.460704237845663389e+00,2.299999999999999822e+00,9.000000000000000222e-01,9.000000000000000222e-01,1.100000000000000089e+00
3.310000000000000053e+00,6.214643681516444224e-02,2.435146186562917592e+00,2.299999999999999822e+00,9.000000000000000222e-01,9.000000000000000222e-01,1.100000000000000089e+00
3.320000000000000284e+00,6.222093834481644964e-02,2.409855054748878178e+00,2.299999999999999822e+00,9.000000000000000222e-01,9.000000000000000222e-01,1.100000000000000089e+00
3.330000000000000071e+00,6.230963602480005248e-02,2.384828345370846758e+00,2.299999999999999822e+00,9.000000000000000222e-01,9.000000000000000222e-01,1.100000000000000089e+00
3.339999999999999858e+00,6.241244245725457995e-02,2.360063576320221124e+00,2.299999999999999822e+00,9.000000000000000222e-01,9.000000000000000222e-01,1.100000000000000089e+00
3.350000000000000089e+00,6.252928031313931267e-02,2.335558280746908633e+00,2.299999999999999822e+00,9.000000000000000222e-01,9.000000000000000222e-01,1.100000000000000089e+00
3.359999999999999876e+00,6.266008208201594154e-02,2.311310007368547303e+00,2.299999999999999822e+00,9.000000000000000222e-01,9.000000000000000222e-01,1.100000000000000089e+00
3.370000000000000107e+00,6.280478983684500971e-02,2.287316320755865995e+00,2.299999999999999822e+00,9.000000000000000222e-01,9.000000000000000222e-01,1.100000000000000089e+00
3.379999999999999893e+00,6.296335501312588789e-02,2.263574801595450658e+00,2.299999999999999822e+00,9.000000000000000222e-01,9.000000000000000222e-01,1.100000000000000089e+00
3.390000000000000124e+00,6.313573820174803175e-02,2.240083046931111710e+00,2.299999999999999822e+00,9.000000000000000222e-01,9.000000000000000222e-01,1.100000000000000089e+00
3.399999999999999911e+00,6.332190895495763694e-02,2.216838670384983168e+00,2.299999999999999822e+00,9.000000000000000222e-01,9.000000000000000222e-01,1.100000000000000089e+00
3.410000000000000142e+00,6.352184560487757203e-02,2.193839302359431809e+00,2.299999999999999822e+00,9.000000000000000222e-01,9.000000000000000222e-01,1.100000000000000089e+00
3.419999999999999929e+00,6.373553509405065209e-02,2.171082590220791086e+00,2.299999999999999822e+00,9.000000000000000222e-01,9.000000000000000222e-01,1.100000000000000089e+00
3.430000000000000160e+00,6.396297281750676356e-02,2.148566198465885257e+00,2.299999999999999822e+00,9.000000000000000222e-01,9.000000000000000222e-01,1.100000000000000089e+00
3.439999999999999947e+00,6.420416247588277281e-02,2.126287808872258100e+00,2.299999999999999822e+00,9.000000000000000222e-01,9.000000000000000222e-01,1.100000000000000089e+00
3.450000000000000178e+00,6.445911593915125415e-02,2.104245120632975308e+00,2.299999999999999822e+00,9.000000000000000222e-01,9.000000000000000222e-01,1.100000000000000089e+00
3.459999999999999964e+00,6.472785312053970508e-02,2.082435850476819006e+00,2.299999999999999822e+00,9.000000000000000222e-01,9.000000000000000222e-01,1.100000000000000089e+00
3.470000000000000195e+00,6.501040186024578671e-02,2.060857732774659556e+00,2.299999999999999822e+00,9.000000000000000222e-01,9.000000000000000222e-01,1.100000000000000089e+00
3.479999999999999982e+00,6.530679781857715027e-02,2.039508519632741823e+00,2.299999999999999822e+00,9.000000000000000222e-01,9.000000000000000222e-01,1.100000000000000089e+00
3.490000000000000213e+00,6.561708437816596295e-02,2.018385980973588012e+00,2.299999999999999822e+00,9.000000000000000222e-01,9.000000000000000222e-01,1.100000000000000089e+00
3.500000000000000000e+00,6.594131255492849397e-02,1.997487904605187881e+00,2.299999999999999822e+00,9.000000000000000222e-01,9.000000000000000222e-01,1.100000000000000089e+00
3.510000000000000231e+00,6.627954091745962006e-02,1.976812096279103370e+00,2.299999999999999822e+00,9.000000000000000222e-01,9.000000000000000222e-01,1.100000000000000089e+00
3.520000000000000018e+00,6.663183551457022014e-02,1.956356379738093842e+00,2.299999999999999822e+00,9.000000000000000222e-01,9.000000000000000222e-01,1.100000000000000089e+00
3.530000000000000249e+00,6.699826981069295639e-02,1.936118596753830134e+00,2.299999999999999822e+00,9.000000000000000222e-01,9.000000000000000222e-01,1.100000000000000089e+00
3.540000000000000036e+00,6.737892462889807921e-02,1.916096607155239440e+00,2.299999999999999822e+00,9.000000000000000222e-01,9.000000000000000222e-01,1.100000000000000089e+00
3.550000000000000266e+00,6.777388810127676910e-02,1.896288288847997050e+00,2.299999999999999822e+00,9.000000000000000222e-01,9.000000000000000222e-01,1.100000000000000089e+00
3.560000000000000053e+00,6.818325562646393445e-02,1.876691537825654121e+00,2.299999999999999822e+00,9.000000000000000222e-01,9.000000000000000222e-01,1.100000000000000089e+00
3.570000000000000284e+00,6.860712983408673304e-02,1.857304268172864647e+00,2.299999999999999822e+00,9.000000000000000222e-01,9.000000000000000222e-01,1.100000000000000089e+00
3.580000000000000071e+00,6.904562055593806147e-02,1.838124412061155954e+00,2.299999999999999822e+00,9.000000000000000222e-01,9.000000000000000222e-01,1.100000000000000089e+00
3.589999999999999858e+00,6.949884480368719031e-02,1.819149919737661936e+00,2.299999999999999822e+00,9.000000000000000222e-01,9.000000000000000222e-01,1.100000000000000089e+00
3.600000000000000089e+00,6.996692675295129726e-02,1.800378759507217152e+00,2.299999999999999822e+00,9.000000000000000222e-01,9.000000000000000222e-01,1.100000000000000089e+00
3.609999999999999876e+00,7.044999773356361294e-02,1.781808917708194162e+00,2.299999999999999822e+00,9.000000000000000222e-01,9.000000000000000222e-01,1.100000000000000089e+00
3.620000000000000107e+00,7.094819622588414976e-02,1.763438398682442454e+00,2.299999999999999822e+00,9.000000000000000222e-01,9.000000000000000222e-01,1.100000000000000089e+00
3.629999999999999893e+00,7.146166786300978124e-02,1.745265224739675380e+00,2.299999999999999822e+00,9.000000000000000222e-01,9.000000000000000222e-01,1.100000000000000089e+00
3.640000000000000124e+00,7.199056543874995939e-02,1.727287436116629493e+00,2.299999999999999822e+00,9.000000000000000222e-01,9.000000000000000222e-01,1.100000000000000089e+00
3.649999999999999911e+00,7.253504892124387760e-02,1.709503090931309810e+00,2.299999999999999822e+00,9.000000000000000222e-01,9.000000000000000222e-01,1.100000000000000089e+00
3.660000000000000142e+00,7.309528547210379645e-02,1.691910265132614333e+00,2.299999999999999822e+00,9.000000000000000222e-01,9.000000000000000222e-01,1.100000000000000089e+00
3.669999999999999929e+00,7.367144947097765961e-02,1.674507052445623145e+00,2.299999999999999822e+00,9.000000000000000222e-01,9.000000000000000222e-01,1.100000000000000089e+00
3.680000000000000160e+00,7.426372254543239793e-02,1.657291564312816545e+00,2.299999999999999822e+00,9.000000000000000222e-01,9.000000000000000222e-01,1.100000000000000089e+00
3.689999999999999947e+00,7.487229360606700856e-02,1.640261929831481114e+00,2.299999999999999822e+00,9.000000000000000222e-01,9.000000000000000222e-01,1.100000000000000089e+00
3.700000000000000178e+00,7.549735888677190643e-02,1.623416295687544419e+00,2.299999999999999822e+00,9.000000000000000222e-01,9.000000000000000222e-01,1.100000000000000089e+00
3.709999999999999964e+00,7.613912199005822001e-02,1.606752826086072616e+00,2.299999999999999822e+00,9.000000000000000222e-01,9.000000000000000222e-01,1.100000000000000089e+00
3.720000000000000195e+00,7.679779393738728199e-02,1.590269702678649422e+00,2.299999999999999822e+00,9.000000000000000222e-01,9.000000000000000222e-01,1.100000000000000089e+00
3.729999999999999982e+00,7.747359322443743423e-02,1.573965124487848088e+00,2.299999999999999822e+00,9.000000000000000222e-01,9.000000000000000222e-01,1.100000000000000089e+00
3.740000000000000213e+00,7.816674588125115120e-02,1.557837307828997542e+00,2.299999999999999822e+00,9.000000000000000222e-01,9.000000000000000222e-01,1.100000000000000089e+00
3.750000000000000000e+00,7.887748553721157796e-02,1.541884486229432527e+00,2.299999999999999822e+00,9.000000000000000222e-01,9.000000000000000222e-01,1.100000000000000089e+00
3.760000000000000231e+00,7.960605349080346338e-02,1.526104910345410959e+00,2.299999999999999822e+00,9.000000000000000222e-01,9.000000000000000222e-01,1.100000000000000089e+00
3.770000000000000018e+00,8.035269878411877009e-02,1.510496847876872550e+00,2.299999999999999822e+00,9.000000000000000222e-01,9.000000000000000222e-01,1.100000000000000089e+00
3.780000000000000249e+00,8.111767828207261388e-02,1.495058583480203263e+00,2.299999999999999822e+00,9.000000000000000222e-01,9.000000000000000222e-01,1.100000000000000089e+00
3.790000000000000036e+00,8.190125675630043067e-02,1.479788418679165218e+00,2.299999999999999822e+00,9.000000000000000222e-01,9.000000000000000222e-01,1.100000000000000089e+00
3.800000000000000266e+00,8.270370697371189073e-02,1.464684671774142855e+00,2.299999999999999822e+00,9.000000000000000222e-01,9.000000000000000222e-01,1.100000000000000089e+00
3.810000000000000053e+00,8.352530978968207565e-02,1.449745677749848083e+00,2.299999999999999822e+00,9.000000000000000222e-01,9.000000000000000222e-01,1.100000000000000089e+00
3.820000000000000284e+00,8.436635424586488852e-02,1.434969788181624795e+00,2.299999999999999822e+00,9.000000000000000222e-01,9.000000000000000222e-01,1.100000000000000089e+00
3.830000000000000071e+00,8.522713767261808071e-02,1.420355371140480827e+00,2.299999999999999822e+00,9.000000000000000222e-01,9.000000000000000222e-01,1.100000000000000089e+00
3.839999999999999858e+00,8.610796579603346990e-02,1.405900811096976399e+00,2.299999999999999822e+00,9.000000000000000222e-01,9.000000000000000222e-01,1.100000000000000089e+00
3.850000000000000089e+00,8.700915284957028151e-02,1.391604508824086039e+00,2.299999999999999822e+00,9.000000000000000222e-01,9.000000000000000222e-01,1.100000000000000089e+00
3.859999999999999876e+00,8.793102169029318183e-02,1.377464881299150568e+00,2.299999999999999822e+00,9.000000000000000222e-01,9.000000000000000222e-01,1.100000000000000089e+00
3.870000000000000107e+00,8.887390391972072035e-02,1.363480361605028390e+00,2.299999999999999822e+00,9.000000000000000222e-01,9.000000000000000222e-01,1.100000000000000089e+00
3.879999999999999893e+00,8.983814000929353505e-02,1.349649398830551794e+00,2.299999999999999822e+00,9.000000000000000222e-01,9.000000000000000222e-01,1.100000000000000089e+00
3.890000000000000124e+00,9.082407943047526855e-02,1.335970457970386160e+00,2.299999999999999822e+00,9.000000000000000222e-01,9.000000000000000222e-01,1.100000000000000089e+00
3.899999999999999911e+00,9.183208078950279296e-02,1.322442019824392245e+00,2.299999999999999822e+00,9.000000000000000222e-01,9.000000000000000222e-01,1.100000000000000089e+00
3.910000000000000142e+00,9.286251196680561648e-02,1.309062580896580119e+00,2.299999999999999822e+00,9.000000000000000222e-01,9.000000000000000222e-01,1.100000000000000089e+00
3.919999999999999929e+00,9.391575026111785574e-02,1.295830653293745138e+00,2.299999999999999822e+00,9.000000000000000222e-01,9.000000000000000222e-01,1.100000000000000089e+00
3.930000000000000160e+00,9.499218253830925274e-02,1.282744764623870326e+00,2.299999999999999822e+00,9.000000000000000222e-01,9.000000000000000222e-01,1.100000000000000089e+00
3.939999999999999947e+00,9.609220538496500430e-02,1.269803457894375098e+00,2.299999999999999822e+00,9.000000000000000222e-01,9.000000000000000222e-01,1.100000000000000089e+00
3.950000000000000178e+00,9.721622526674721099e-02,1.257005291410290715e+00,2.299999999999999822e+00,9.000000000000000222e-01,9.000000000000000222e-01,1.100000000000000089e+00
3.959999999999999964e+00,9.836465869157379194e-02,1.244348838672435065e+00,2.299999999999999822e+00,9.000000000000000222e-01,9.000000000000000222e-01,1.100000000000000089e+00
3.970000000000000195e+00,9.953793237765359847e-02,1.231832688275660503e+00,2.299999999999999822e+00,9.000000000000000222e-01,9.000000000000000222e-01,1.100000000000000089e+00
3.979999999999999982e+00,1.007364834264195402e-01,1.219455443807242467e+00,2.299999999999999822e+00,9.000000000000000222e-01,9.000000000000000222e-01,1.100000000000000089e+00
3.990000000000000213e+00,1.019607595004039940e-01,1.207215723745477698e+00,2.299999999999999822e+00,9.000000000000000222e-01,9.000000000000000222e-01,1.100000000000000089e+00
4.000000000000000000e+00,1.032112190061040546e-01,1.195112161358553804e+00,2.299999999999999822e+00,9.000000000000000222e-01,9.000000000000000222e-01,1.100000000000000089e+00
4.009999999999999787e+00,1.044883312818862681e-01,1.183143404603754778e+00,2.299999999999999822e+00,9.000000000000000222e-01,9.000000000000000222e-01,1.100000000000000089e+00
4.020000000000000462e+00,1.057925767909838194e-01,1.171308116027059754e+00,2.299999999999999822e+00,9.000000000000000222e-01,9.000000000000000222e-01,1.100000000000000089e+00
4.030000000000000249e+00,1.071244473196411306e-01,1.159604972663195177e+00,2.299999999999999822e+00,9.000000000000000222e-01,9.000000000000000222e-01,1.100000000000000089e+00
4.040000000000000036e+00,1.084844461804638227e-01,1.148032665936195018e+00,2.299999999999999822e+00,9.000000000000000222e-01,9.000000000000000222e-01,1.100000000000000089e+00
4.049999999999999822e+00,1.098730884210343123e-01,1.136589901560522975e+00,2.299999999999999822e+00,9.000000000000000222e-01,9.000000000000000222e-01,1.100000000000000089e+00
4.060000000000000497e+00,1.112909010378557995e-01,1.125275399442810187e+00,2.299999999999999822e+00,9.000000000000000222e-01,9.000000000000000222e-01,1.100000000000000089e+00
4.070000000000000284e+00,1.127384231956898991e-01,1.114087893584259303e+00,2.299999999999999822e+00,9.000000000000000222e-01,9.000000000000000222e-01,1.100000000000000089e+00
4.080000000000000071e+00,1.142162064523554871e-01,1.103026131983763980e+00,2.299999999999999822e+00,9.000000000000000222e-01,9.000000000000000222e-01,1.100000000000000089e+00
4.089999999999999858e+00,1.157248149890586358e-01,1.092088876541791986e+00,2.299999999999999822e+00,9.000000000000000222e-01,9.000000000000000222e-01,1.100000000000000089e+00
4.099999999999999645e+00,1.172648258463260540e-01,1.081274902965080553e+00,2.299999999999999822e+00,9.000000000000000222e-01,9.000000000000000222e-01,1.100000000000000089e+00
4.110000000000000320e+00,1.188368291656163728e-01,1.070583000672187701e+00,2.299999999999999822e+00,9.000000000000000222e-01,9.000000000000000222e-01,1.100000000000000089e+00
4.120000000000000107e+00,1.204414284366861487e-01,1.060011972699946847e+00,2.299999999999999822e+00,9.000000000000000222e-01,9.000000000000000222e-01,1.100000000000000089e+00
4.129999999999999893e+00,1.220792407507894917e-01,1.049560635610866433e+00,2.299999999999999822e+00,9.000000000000000222e-01,9.000000000000000222e-01,1.100000000000000089e+00
4.139999999999999680e+00,1.237508970597925029e-01,1.039227819401520980e+00,2.299999999999999822e+00,9.000000000000000222e-01,9.000000000000000222e-01,1.100000000000000089e+00
4.150000000000000355e+00,1.254570424412856933e-01,1.029012367411972662e+00,2.299999999999999822e+00,9.000000000000000222e-01,9.000000000000000222e-01,1.100000000000000089e+00
4.160000000000000142e+00,1.271983363697797853e-01,1.018913136236268224e+00,2.299999999999999822e+00,9.000000000000000222e-01,9.000000000000000222e-01,1.100000000000000089e+00
4.169999999999999929e+00,1.289754529940723149e-01,1.008928995634051029e+00,2.299999999999999822e+00,9.000000000000000222e-01,9.000000000000000222e-01,1.100000000000000089e+00
4.179999999999999716e+00,1.307890814208744479e-01,9.990588284433303823e-01,2.299999999999999822e+00,9.000000000000000222e-01,9.000000000000000222e-01,1.100000000000000089e+00
4.190000000000000391e+00,1.326399260047894380e-01,9.893015304944474675e-01,2.299999999999999822e+00,9.000000000000000222e-01,9.000000000000000222e-01,1.100000000000000089e+00
4.200000000000000178e+00,1.345287066447360957e-01,9.796560105252796191e-01,2.299999999999999822e+00,9.000000000000000222e-01,9.000000000000000222e-01,1.100000000000000089e+00
4.209999999999999964e+00,1.364561590869125263e-01,9.701211900977222413e-01,2.299999999999999822e+00,9.000000000000000222e-01,9.000000000000000222e-01,1.100000000000000089e+00
4.219999999999999751e+00,1.384230352343973902e-01,9.606960035154890054e-01,2.299999999999999822e+00,9.000000000000000222e-01,9.000000000000000222e-01,1.100000000000000089e+00
4.230000000000000426e+00,1.404301034634876655e-01,9.513793977432698501e-01,2.299999999999999822e+00,9.000000000000000222e-01,9.000000000000000222e-01,1.100000000000000089e+00
4.240000000000000213e+00,1.424781489468734952e-01,9.421703323272873076e-01,2.299999999999999822e+00,9.000000000000000222e-01,9.000000000000000222e-01,1.100000000000000089e+00
4.250000000000000000e+00,1.445679739837530953e-01,9.330677793172916790e-01,2.299999999999999822e+00,9.000000000000000222e-01,9.000000000000000222e-01,1.100000000000000089e+00
4.259999999999999787e+00,1.467003983369914999e-01,9.240707231900346930e-01,2.299999999999999822e+00,9.000000000000000222e-01,9.000000000000000222e-01,1.100000000000000089e+00
4.270000000000000462e+00,1.488762595774293651e-01,9.151781607742632829e-01,2.299999999999999822e+00,9.000000000000000222e-01,9.000000000000000222e-01,1.100000000000000089e+00
4.280000000000000249e+00,1.510964134354492727e-01,9.063891011772746698e-01,2.299999999999999822e+00,9.000000000000000222e-01,9.000000000000000222e-01,1.100000000000000089e+00
4.290000000000000036e+00,1.533617341599085027e-01,8.977025657130738301e-01,2.299999999999999822e+00,9.000000000000000222e-01,9.000000000000000222e-01,1.100000000000000089e+00
4.299999999999999822e+00,1.556731148845490187e-01,8.891175878321759818e-01,2.299999999999999822e+00,9.000000000000000222e-01,9.000000000000000222e-01,1.100000000000000089e+00
4.310000000000000497e+00,1.580314680019964391e-01,8.806332130530973856e-01,2.299999999999999822e+00,9.000000000000000222e-01,9.000000000000000222e-01,1.100000000000000089e+00
4.320000000000000284e+00,1.604377255454617346e-01,8.722484988955773177e-01,2.299999999999999822e+00,9.000000000000000222e-01,9.000000000000000222e-01,1.100000000000000089e+00
4.330000000000000071e+00,1.628928395782599792e-01,8.639625148155765100e-01,2.299999999999999822e+00,9.000000000000000222e-01,9.000000000000000222e-01,1.100000000000000089e+00
4.339999999999999858e+00,1.653977825912623101e-01,8.557743421420964669e-01,2.299999999999999822e+00,9.000000000000000222e-01,9.000000000000000222e-01,1.100000000000000089e+00
4.350000000000000533e+00,1.679535479083983096e-01,8.476830740158673994e-01,2.299999999999999822e+00,9.000000000000000222e-01,9.000000000000000222e-01,1.100000000000000089e+00
4.360000000000000320e+00,1.705611501003266306e-01,8.396878153299506264e-01,2.299999999999999822e+00,9.000000000000000222e-01,9.000000000000000222e-01,1.100000000000000089e+00
4.370000000000000107e+00,1.732216254063936589e-01,8.317876826723059613e-01,2.299999999999999822e+00,9.000000000000000222e-01,9.000000000000000222e-01,1.100000000000000089e+00
4.379999999999999893e+00,1.759360321649997005e-01,8.239818042703722645e-01,2.299999999999999822e+00,9.000000000000000222e-01,9.000000000000000222e-01,1.100000000000000089e+00
4.389999999999999680e+00,1.787054512524942074e-01,8.162693199377141218e-01,2.299999999999999822e+00,9.000000000000000222e-01,9.000000000000000222e-01,1.100000000000000089e+00
4.400000000000000355e+00,1.815309865307213055e-01,8.086493810227860513e-01,2.299999999999999822e+00,9.000000000000000222e-01,9.000000000000000222e-01,1.100000000000000089e+00
4.410000000000000142e+00,1.844137653033381952e-01,8.011211503598705264e-01,2.299999999999999822e+00,9.000000000000000222e-01,9.000000000000000222e-01,1.100000000000000089e+00
4.419999999999999929e+00,1.873549387810289346e-01,7.936838022222437727e-01,2.299999999999999822e+00,9.000000000000000222e-01,9.000000000000000222e-01,1.100000000000000089e+00
4.429999999999999716e+00,1.903556825557370658e-01,7.863365222776296237e-01,2.299999999999999822e+00,9.000000000000000222e-01,9.000000000000000222e-01,1.100000000000000089e+00
4.440000000000000391e+00,1.934171970840401489e-01,7.790785075459996101e-01,2.299999999999999822e+00,9.000000000000000222e-01,9.000000000000000222e-01,1.100000000000000089e+00
4.450000000000000178e+00,1.965407081797899413e-01,7.719089663597825668e-01,2.299999999999999822e+00,9.000000000000000222e-01,9.000000000000000222e-01,1.100000000000000089e+00
4.459999999999999964e+00,1.997274675161416768e-01,7.648271183265472617e-01,2.299999999999999822e+00,9.000000000000000222e-01,9.000000000000000222e-01,1.100000000000000089e+00
4.469999999999999751e+00,2.029787531370954579e-01,7.578321942942245482e-01,2.299999999999999822e+00,9.000000000000000222e-01,9.000000000000000222e-01,1.100000000000000089e+00
4.480000000000000426e+00,2.062958699786729133e-01,7.509234363189389860e-01,2.299999999999999822e+00,9.000000000000000222e-01,9.000000000000000222e-01,1.100000000000000089e+00
4.490000000000000213e+00,2.096801503998513005e-01,7.441000976355202079e-01,2.299999999999999822e+00,9.000000000000000222e-01,9.000000000000000222e-01,1.100000000000000089e+00
4.500000000000000000e+00,2.131329547233766775e-01,7.373614426307695258e-01,2.299999999999999822e+00,9.000000000000000222e-01,9.000000000000000222e-01,1.100000000000000089e+00
4.509999999999999787e+00,2.166556717865768256e-01,7.307067468195581617e-01,2.299999999999999822e+00,9.000000000000000222e-01,9.000000000000000222e-01,1.100000000000000089e+00
4.520000000000000462e+00,2.202497195022933008e-01,7.241352968238379262e-01,2.299999999999999822e+00,9.000000000000000222e-01,9.000000000000000222e-01,1.100000000000000089e+00
4.530000000000000249e+00,2.239165454300508507e-01,7.176463903546479450e-01,2.299999999999999822e+00,9.000000000000000222e-01,9.000000000000000222e-01,1.100000000000000089e+00
4.540000000000000036e+00,2.276576273575806053e-01,7.112393361972039196e-01,2.299999999999999822e+00,9.000000000000000222e-01,9.000000000000000222e-01,1.100000000000000089e+00
4.549999999999999822e+00,2.314744738928114498e-01,7.049134541991606273e-01,2.299999999999999822e+00,9.000000000000000222e-01,9.000000000000000222e-01,1.100000000000000089e+00
4.560000000000000497e+00,2.353686250664422941e-01,6.986680752621419188e-01,2.299999999999999822e+00,9.000000000000000222e-01,9.000000000000000222e-01,1.100000000000000089e+00
4.570000000000000284e+00,2.393416529452049302e-01,6.925025413366366900e-01,2.299999999999999822e+00,9.000000000000000222e-01,9.000000000000000222e-01,1.100000000000000089e+00
4.580000000000000071e+00,2.433951622559246408e-01,6.864162054203629681e-01,2.299999999999999822e+00,9.000000000000000222e-01,9.000000000000000222e-01,1.100000000000000089e+00
4.589999999999999858e+00,2.475307910204827544e-01,6.804084315602066946e-01,2.299999999999999822e+00,9.000000000000000222e-01,9.000000000000000222e-01,1.100000000000000089e+00
4.600000000000000533e+00,2.517502112017815930e-01,6.744785948578470025e-01,2.299999999999999822e+00,9.000000000000000222e-01,9.000000000000000222e-01,1.100000000000000089e+00
4.610000000000000320e+00,2.560551293608085421e-01,6.686260814791843421e-01,2.299999999999999822e+00,9.000000000000000222e-01,9.000000000000000222e-01,1.100000000000000089e+00
4.620000000000000107e+00,2.604472873248920850e-01,6.628502886676923556e-01,2.299999999999999822e+00,9.000000000000000222e-01,9.000000000000000222e-01,1.100000000000000089e+00
4.629999999999999893e+00,2.649284628672369246e-01,6.571506247618206231e-01,2.299999999999999822e+00,9.000000000000000222e-01,9.000000000000000222e-01,1.100000000000000089e+00
4.639999999999999680e+00,2.695004703978219340e-01,6.515265092165802852e-01,2.299999999999999822e+00,9.000000000000000222e-01,9.000000000000000222e-01,1.100000000000000089e+00
4.650000000000000355e+00,2.741651616657371782e-01,6.459773726294516516e-01,2.299999999999999822e+00,9.000000000000000222e-01,9.000000000000000222e-01,1.100000000000000089e+00
4.660000000000000142e+00,2.789244264730316725e-01,6.405026567707575724e-01,2.299999999999999822e+00,9.000000000000000222e-01,9.000000000000000222e-01,1.100000000000000089e+00
4.669999999999999929e+00,2.837801934001360493e-01,6.351018146186536706e-01,2.299999999999999822e+00,9.000000000000000222e-01,9.000000000000000222e-01,1.100000000000000089e+00
4.679999999999999716e+00,2.887344305429175306e-01,6.297743103988944213e-01,2.299999999999999822e+00,9.000000000000000222e-01,9.000000000000000222e-01,1.100000000000000089e+00
4.690000000000000391e+00,2.937891462614164451e-01,6.245196196295392799e-01,2.299999999999999822e+00,9.000000000000000222e-01,9.000000000000000222e-01,1.100000000000000089e+00
4.700000000000000178e+00,2.989463899403056457e-01,6.193372291707727184e-01,2.299999999999999822e+00,9.000000000000000222e-01,9.000000000000000222e-01,1.100000000000000089e+00
4.709999999999999964e+00,3.042082527611041365e-01,6.142266372800179175e-01,2.299999999999999822e+00,9.000000000000000222e-01,9.000000000000000222e-01,1.100000000000000089e+00
4.719999999999999751e+00,3.095768684861675002e-01,6.091873536725351812e-01,2.299999999999999822e+00,9.000000000000000222e-01,9.000000000000000222e-01,1.100000000000000089e+00
4.730000000000000426e+00,3.150544142544661752e-01,6.042188995877016966e-01,2.299999999999999822e+00,9.000000000000000222e-01,9.000000000000000222e-01,1.100000000000000089e+00
4.740000000000000213e+00,3.206431113891517470e-01,5.993208078611813594e-01,2.299999999999999822e+00,9.000000000000000222e-01,9.000000000000000222e-01,1.100000000000000089e+00
4.750000000000000000e+00,3.263452262168985984e-01,5.944926230032013814e-01,2.299999999999999822e+00,9.000000000000000222e-01,9.000000000000000222e-01,1.100000000000000089e+00
4.759999999999999787e+00,3.321630708989957159e-01,5.897339012831644967e-01,2.299999999999999822e+00,9.000000000000000222e-01,9.000000000000000222e-01,1.100000000000000089e+00
4.770000000000000462e+00,3.380990042741485735e-01,5.850442108208336878e-01,2.299999999999999822e+00,9.000000000000000222e-01,9.000000000000000222e-01,1.100000000000000089e+00
4.780000000000000249e+00,3.441554327129365820e-01,5.804231316843414534e-01,2.299999999999999822e+00,9.000000000000000222e-01,9.000000000000000222e-01,1.100000000000000089e+00
4.790000000000000036e+00,3.503348109838543833e-01,5.758702559952845190e-01,2.299999999999999822e+00,9.000000000000000222e-01,9.000000000000000222e-01,1.100000000000000089e+00
4.799999999999999822e+00,3.566396431308483383e-01,5.713851880411794371e-01,2.299999999999999822e+00,9.000000000000000222e-01,9.000000000000000222e-01,1.100000000000000089e+00
4.810000000000000497e+00,3.630724833622407943e-01,5.669675443955665139e-01,2.299999999999999822e+00,9.000000000000000222e-01,9.000000000000000222e-01,1.100000000000000089e+00
4.820000000000000284e+00,3.696359369509148451e-01,5.626169540460655982e-01,2.299999999999999822e+00,9.000000000000000222e-01,9.000000000000000222e-01,1.100000000000000089e+00
4.830000000000000071e+00,3.763326611456102588e-01,5.583330585306999216e-01,2.299999999999999822e+00,9.000000000000000222e-01,9.000000000000000222e-01,1.100000000000000089e+00
4.839999999999999858e+00,3.831653660931593763e-01,5.541155120828207270e-01,2.299999999999999822e+00,9.000000000000000222e-01,9.000000000000000222e-01,1.100000000000000089e+00
4.850000000000000533e+00,3.901368157714661944e-01,5.499639817849822920e-01,2.299999999999999822e+00,9.000000000000000222e-01,9.000000000000000222e-01,1.100000000000000089e+00
4.860000000000000320e+00,3.972498289330068100e-01,5.458781477321338338e-01,2.299999999999999822e+00,9.000000000000000222e-01,9.000000000000000222e-01,1.100000000000000089e+00
4.870000000000000107e+00,4.045072800586012596e-01,5.418577032045124309e-01,2.299999999999999822e+00,9.000000000000000222e-01,9.000000000000000222e-01,1.100000000000000089e+00
4.879999999999999893e+00,4.119121003211763665e-01,5.379023548506425279e-01,2.299999999999999822e+00,9.000000000000000222e-01,9.000000000000000222e-01,1.100000000000000089e+00
4.889999999999999680e+00,4.194672785592086228e-01,5.340118228808642398e-01,2.299999999999999822e+00,9.000000000000000222e-01,9.000000000000000222e-01,1.100000000000000089e+00
4.900000000000000355e+00,4.271758622595018817e-01,5.301858412718389868e-01,2.299999999999999822e+00,9.000000000000000222e-01,9.000000000000000222e-01,1.100000000000000089e+00
4.910000000000000142e+00,4.350409585489183328e-01,5.264241579824983086e-01,2.299999999999999822e+00,9.000000000000000222e-01,9.000000000000000222e-01,1.100000000000000089e+00
4.919999999999999929e+00,4.430657351946434841e-01,5.227265351819302408e-01,2.299999999999999822e+00,9.000000000000000222e-01,9.000000000000000222e-01,1.100000000000000089e+00
4.929999999999999716e+00,4.512534216125246300e-01,5.190927494897199512e-01,2.299999999999999822e+00,9.000000000000000222e-01,9.000000000000000222e-01,1.100000000000000089e+00
4.940000000000000391e+00,4.596073098829787096e-01,5.155225922292884233e-01,2.299999999999999822e+00,9.000000000000000222e-01,9.000000000000000222e-01,1.100000000000000089e+00
4.950000000000000178e+00,4.681307557739198266e-01,5.120158696948023946e-01,2.299999999999999822e+00,9.000000000000000222e-01,9.000000000000000222e-01,1.100000000000000089e+00
4.959999999999999964e+00,4.768271797701060799e-01,5.085724034322567366e-01,2.299999999999999822e+00,9.000000000000000222e-01,9.000000000000000222e-01,1.100000000000000089e+00
4.969999999999999751e+00,4.857000681082545568e-01,5.051920305353625462e-01,2.299999999999999822e+00,9.000000000000000222e-01,9.000000000000000222e-01,1.100000000000000089e+00
4.980000000000000426e+00,4.947529738172156688e-01,5.018746039569075279e-01,2.299999999999999822e+00,9.000000000000000222e-01,9.000000000000000222e-01,1.100000000000000089e+00
4.990000000000000213e+00,5.039895177624402756e-01,4.986199928362899381e-01,2.299999999999999822e+00,9.000000000000000222e-01,9.000000000000000222e-01,1.100000000000000089e+00
5.000000000000000000e+00,5.134133896939081509e-01,4.954280828439640572e-01,2.299999999999999822e+00,9.000000000000000222e-01,9.000000000000000222e-01,1.100000000000000089e+00
5.009999999999999787e+00,5.230283492966210090e-01,4.922987765435751228e-01,2.299999999999999822e+00,9.000000000000000222e-01,9.000000000000000222e-01,1.100000000000000089e+00
5.020000000000000462e+00,5.328382272426892552e-01,4.892319937726019030e-01,2.299999999999999822e+00,9.000000000000000222e-01,9.000000000000000222e-01,1.100000000000000089e+00
5.030000000000000249e+00,5.428469262439681309e-01,4.862276720423695520e-01,2.299999999999999822e+00,9.000000000000000222e-01,9.000000000000000222e-01,1.100000000000000089e+00
5.040000000000000036e+00,5.530584221041160431e-01,4.832857669583418003e-01,2.299999999999999822e+00,9.000000000000000222e-01,9.000000000000000222e-01,1.100000000000000089e+00
5.049999999999999822e+00,5.634767647688628811e-01,4.804062526616493800e-01,2.299999999999999822e+00,9.000000000000000222e-01,9.000000000000000222e-01,1.100000000000000089e+00
5.060000000000000497e+00,5.741060793731833645e-01,4.775891222928652091e-01,2.299999999999999822e+00,9.000000000000000222e-01,9.000000000000000222e-01,1.100000000000000089e+00
5.070000000000000284e+00,5.849505672839752091e-01,4.748343884790897085e-01,2.299999999999999822e+00,9.000000000000000222e-01,9.000000000000000222e-01,1.100000000000000089e+00
5.080000000000000071e+00,5.960145071367359826e-01,4.721420838454692959e-01,2.299999999999999822e+00,9.000000000000000222e-01,9.000000000000000222e-01,1.100000000000000089e+00
5.089999999999999858e+00,6.073022558646239411e-01,4.695122615523319443e-01,2.299999999999999822e+00,9.000000000000000222e-01,9.000000000000000222e-01,1.100000000000000089e+00
5.100000000000000533e+00,6.188182497181714536e-01,4.669449958591889160e-01,2.299999999999999822e+00,9.000000000000000222e-01,9.000000000000000222e-01,1.100000000000000089e+00
5.110000000000000320e+00,6.305670052737932796e-01,4.644403827169208965e-01,2.299999999999999822e+00,9.000000000000000222e-01,9.000000000000000222e-01,1.100000000000000089e+00
5.120000000000000107e+00,6.425531204291019538e-01,4.619985403895401355e-01,2.299999999999999822e+00,9.000000000000000222e-01,9.000000000000000222e-01,1.100000000000000089e+00
5.129999999999999893e+00,6.547812753829005405e-01,4.596196101069975337e-01,2.299999999999999822e+00,9.000000000000000222e-01,9.000000000000000222e-01,1.100000000000000089e+00
5.139999999999999680e+00,6.672562335975738002e-01,4.573037567505862100e-01,2.299999999999999822e+00,9.000000000000000222e-01,9.000000000000000222e-01,1.100000000000000089e+00
5.150000000000000355e+00,6.799828427414396081e-01,4.550511695725802386e-01,2.299999999999999822e+00,9.000000000000000222e-01,9.000000000000000222e-01,1.100000000000000089e+00
5.160000000000000142e+00,6.929660356084538231e-01,4.528620629518395613e-01,2.299999999999999822e+00,9.000000000000000222e-01,9.000000000000000222e-01,1.100000000000000089e+00
5.169999999999999929e+00,7.062108310124819432e-01,4.507366771872112210e-01,2.299999999999999822e+00,9.000000000000000222e-01,9.000000000000000222e-01,1.100000000000000089e+00
5.179999999999999716e+00,7.197223346531588239e-01,4.486752793306600373e-01,2.299999999999999822e+00,9.000000000000000222e-01,9.000000000000000222e-01,1.100000000000000089e+00
5.190000000000000391e+00,7.335057399501558884e-01,4.466781640621738658e-01,2.299999999999999822e+00,9.000000000000000222e-01,9.000000000000000222e-01,1.100000000000000089e+00
5.200000000000000178e+00,7.475663288424576614e-01,4.447456546086050455e-01,2.299999999999999822e+00,9.000000000000000222e-01,9.000000000000000222e-01,1.100000000000000089e+00
5.209999999999999964e+00,7.619094725490203057e-01,4.428781037087353711e-01,2.299999999999999822e+00,9.000000000000000222e-01,9.000000000000000222e-01,1.100000000000000089e+00
5.219999999999999751e+00,7.765406322869398137e-01,4.410758946269836001e-01,2.299999999999999822e+00,9.000000000000000222e-01,9.000000000000000222e-01,1.100000000000000089e+00
5.230000000000000426e+00,7.914653599429973818e-01,4.393394422183163339e-01,2.299999999999999822e+00,9.000000000000000222e-01,9.000000000000000222e-01,1.100000000000000089e+00
5.240000000000000213e+00,8.066892986941732735e-01,4.376691940470718301e-01,2.299999999999999822e+00,9.000000000000000222e-01,9.000000000000000222e-01,1.100000000000000089e+00
5.250000000000000000e+00,8.222181835724248211e-01,4.360656315625665025e-01,2.299999999999999822e+00,9.000000000000000222e-01,9.000000000000000222e-01,1.100000000000000089e+00
5.259999999999999787e+00,8.380578419687118030e-01,4.345292713345217384e-01,2.299999999999999822e+00,9.000000000000000222e-01,9.000000000000000222e-01,1.100000000000000089e+00
5.270000000000000462e+00,8.542141940709193637e-01,4.330606663515300658e-01,2.299999999999999822e+00,9.000000000000000222e-01,9.000000000000000222e-01,1.100000000000000089e+00
5.280000000000000249e+00,8.706932532299725969e-01,4.316604073859691693e-01,2.299999999999999822e+00,9.000000000000000222e-01,9.000000000000000222e-01,1.100000000000000089e+00
5.290000000000000036e+00,8.875011262480612118e-01,4.303291244289775830e-01,2.299999999999999822e+00,9.000000000000000222e-01,9.000000000000000222e-01,1.100000000000000089e+00
5.299999999999999822e+00,9.046440135824890261e-01,4.290674881993210010e-01,2.299999999999999822e+00,9.000000000000000222e-01,9.000000000000000222e-01,1.100000000000000089e+00
5.310000000000000497e+00,9.221282094582369249e-01,4.278762117302092327e-01,2.299999999999999822e+00,9.000000000000000222e-01,9.000000000000000222e-01,1.100000000000000089e+00
5.320000000000000284e+00,9.399601018818722897e-01,4.267560520383685274e-01,2.299999999999999822e+00,9.000000000000000222e-01,9.000000000000000222e-01,1.100000000000000089e+00
5.330000000000000071e+00,9.581461725489528458e-01,4.257078118799356714e-01,2.299999999999999822e+00,9.000000000000000222e-01,9.000000000000000222e-01,1.100000000000000089e+00
5.339999999999999858e+00,9.766929966365576199e-01,4.247323415980171490e-01,2.299999999999999822e+00,9.000000000000000222e-01,9.000000000000000222e-01,1.100000000000000089e+00
5.350000000000000533e+00,9.956072424720275871e-01,4.238305410670538675e-01,2.299999999999999822e+00,9.000000000000000222e-01,9.000000000000000222e-01,1.100000000000000089e+00
5.360000000000000320e+00,1.014895671068414496e+00,4.230033617394454715e-01,2.299999999999999822e+00,9.000000000000000222e-01,9.000000000000000222e-01,1.100000000000000089e+00
5.370000000000000107e+00,1.034565135516513523e+00,4.222518088002253367e-01,2.299999999999999822e+00,9.000000000000000222e-01,9.000000000000000222e-01,1.100000000000000089e+00
5.379999999999999893e+00,1.054622580222689843e+00,4.215769434359344370e-01,2.299999999999999822e+00,9.000000000000000222e-01,9.000000000000000222e-01,1.100000000000000089e+00
5.389999999999999680e+00,1.075075039981006286e+00,4.209798852242224720e-01,2.299999999999999822e+00,9.000000000000000222e-01,9.000000000000000222e-01,1.100000000000000089e+00
5.400000000000000355e+00,1.095929638867402467e+00,4.204618146511123200e-01,2.299999999999999822e+00,9.000000000000000222e-01,9.000000000000000222e-01,1.100000000000000089e+00
5.410000000000000142e+00,1.117193588942877458e+00,4.200239757632948101e-01,2.299999999999999822e+00,9.000000000000000222e-01,9.000000000000000222e-01,1.100000000000000089e+00
5.419999999999999929e+00,1.138874188751770822e+00,4.196676789632828308e-01,2.299999999999999822e+00,9.000000000000000222e-01,9.000000000000000222e-01,1.100000000000000089e+00
5.429999999999999716e+00,1.160978821600328725e+00,4.193943039557456176e-01,2.299999999999999822e+00,9.000000000000000222e-01,9.000000000000000222e-01,1.100000000000000089e+00
5.440000000000000391e+00,1.183514953599771102e+00,4.192053028538668680e-01,2.299999999999999822e+00,9.000000000000000222e-01,9.000000000000000222e-01,1.100000000000000089e+00
5.450000000000000178e+00,1.206490131457042869e+00,4.191022034551301623e-01,2.299999999999999822e+00,9.000000000000000222e-01,9.000000000000000222e-01,1.100000000000000089e+00
5.459999999999999964e+00,1.229911979995329530e+00,4.190866126965297478e-01,2.299999999999999822e+00,9.000000000000000222e-01,9.000000000000000222e-01,1.100000000000000089e+00
5.469999999999999751e+00,1.253788199385247992e+00,4.191602202998405136e-01,2.299999999999999822e+00,9.000000000000000222e-01,9.000000000000000222e-01,1.100000000000000089e+00
5.480000000000000426e+00,1.278126562066366656e+00,4.193248026182568311e-01,2.299999999999999822e+00,9.000000000000000222e-01,9.000000000000000222e-01,1.100000000000000089e+00
5.490000000000000213e+00,1.302934909337382097e+00,4.195822266964329139e-01,2.299999999999999822e+00,9.000000000000000222e-01,9.000000000000000222e-01,1.100000000000000089e+00
5.500000000000000000e+00,1.328221147591856166e+00,4.199344545567261222e-01,2.299999999999999822e+00,9.000000000000000222e-01,9.000000000000000222e-01,1.100000000000000089e+00
5.509999999999999787e+00,1.353993244174903854e+00,4.203835477252647612e-01,2.299999999999999822e+00,9.000000000000000222e-01,9.000000000000000222e-01,1.100000000000000089e+00
5.520000000000000462e+00,1.380259222834609334e+00,4.209316720123377209e-01,2.299999999999999822e+00,9.000000000000000222e-01,9.000000000000000222e-01,1.100000000000000089e+00
5.530000000000000249e+00,1.407027158740230321e+00,4.215811025625343933e-01,2.299999999999999822e+00,9.000000000000000222e-01,9.000000000000000222e-01,1.100000000000000089e+00
5.540000000000000036e+00,1.434305173037415893e+00,4.223342291910577861e-01,2.299999999999999822e+00,9.000000000000000222e-01,9.000000000000000222e-01,1.100000000000000089e+00
5.549999999999999822e+00,1.462101426908713364e+00,4.231935620236928486e-01,2.299999999999999822e+00,9.000000000000000222e-01,9.000000000000000222e-01,1.100000000000000089e+00
5.560000000000000497e+00,1.490424115105559277e+00,4.241617374590397338e-01,2.299999999999999822e+00,9.000000000000000222e-01,9.000000000000000222e-01,1.100000000000000089e+00
5.570000000000000284e+00,1.519281458915734628e+00,4.252415244728256494e-01,2.299999999999999822e+00,9.000000000000000222e-01,9.000000000000000222e-01,1.100000000000000089e+00
5.580000000000000071e+00,1.548681698527902384e+00,4.264358312853874788e-01,2.299999999999999822e+00,9.000000000000000222e-01,9.000000000000000222e-01,1.100000000000000089e+00
5.589999999999999858e+00,1.578633084752334659e+00,4.277477124147823773e-01,2.299999999999999822e+00,9.000000000000000222e-01,9.000000000000000222e-01,1.100000000000000089e+00
5.600000000000000533e+00,1.609143870054257741e+00,4.291803761394343830e-01,2.299999999999999822e+00,9.000000000000000222e-01,9.000000000000000222e-01,1.100000000000000089e+00
5.610000000000000320e+00,1.640222298853396321e+00,4.307371923957695192e-01,2.299999999999999822e+00,9.000000000000000222e-01,9.000000000000000222e-01,1.100000000000000089e+00
5.620000000000000107e+00,1.671876597040261814e+00,4.324217011379347109e-01,2.299999999999999822e+00,9.000000000000000222e-01,9.000000000000000222e-01,1.100000000000000089e+00
5.629999999999999893e+00,1.704114960656505140e+00,4.342376211884418913e-01,2.299999999999999822e+00,9.000000000000000222e-01,9.000000000000000222e-01,1.100000000000000089e+00
5.639999999999999680e+00,1.736945543683222182e+00,4.361888596104348537e-01,2.299999999999999822e+00,9.000000000000000222e-01,9.000000000000000222e-01,1.100000000000000089e+00
5.650000000000000355e+00,1.770376444877446831e+00,4.382795216342468825e-01,2.299999999999999822e+00,9.000000000000000222e-01,9.000000000000000222e-01,1.100000000000000089e+00
5.660000000000000142e+00,1.804415693593189429e+00,4.405139211730075832e-01,2.299999999999999822e+00,9.000000000000000222e-01,9.000000000000000222e-01,1.100000000000000089e+00
5.669999999999999929e+00,1.839071234519257692e+00,4.428965919642763871e-01,2.299999999999999822e+00,9.000000000000000222e-01,9.000000000000000222e-01,1.100000000000000089e+00
5.679999999999999716e+00,1.874350911261717822e+00,4.454322993770276629e-01,2.299999999999999822e+00,9.000000000000000222e-01,9.000000000000000222e-01,1.100000000000000089e+00
5.690000000000000391e+00,1.910262448694213244e+00,4.481260529258003222e-01,2.299999999999999822e+00,9.000000000000000222e-01,9.000000000000000222e-01,1.100000000000000089e+00
5.700000000000000178e+00,1.946813433994432962e+00,4.509831195364539802e-01,2.299999999999999822e+00,9.000000000000000222e-01,9.000000000000000222e-01,1.100000000000000089e+00
5.709999999999999964e+00,1.984011296279802661e+00,4.540090376107491776e-01,2.299999999999999822e+00,9.000000000000000222e-01,9.000000000000000222e-01,1.100000000000000089e+00
5.719999999999999751e+00,2.021863284749949585e+00,4.572096319398984421e-01,2.299999999999999822e+00,9.000000000000000222e-01,9.000000000000000222e-01,1.100000000000000089e+00
5.730000000000000426e+00,2.060376445237646514e+00,4.605910295203173299e-01,2.299999999999999822e+00,9.000000000000000222e-01,9.000000000000000222e-01,1.100000000000000089e+00
5.740000000000000213e+00,2.099557595063770599e+00,4.641596763280458338e-01,2.299999999999999822e+00,9.000000000000000222e-01,9.000000000000000222e-01,1.100000000000000089e+00
5.750000000000000000e+00,2.139413296085291627e+00,4.679223551117104307e-01,2.299999999999999822e+00,9.000000000000000222e-01,9.000000000000000222e-01,1.100000000000000089e+00
5.759999999999999787e+00,2.179949825818444431e+00,4.718862042674557555e-01,2.299999999999999822e+00,9.000000000000000222e-01,9.000000000000000222e-01,1.100000000000000089e+00
5.770000000000000462e+00,2.221173146512011698e+00,4.760587378629917987e-01,2.299999999999999822e+00,9.000000000000000222e-01,9.000000000000000222e-01,1.100000000000000089e+00
5.780000000000000249e+00,2.263088872038049093e+00,4.804478668817711018e-01,2.299999999999999822e+00,9.000000000000000222e-01,9.000000000000000222e-01,1.100000000000000089e+00
5.790000000000000036e+00,2.305702232459436729e+00,4.850619217623259871e-01,2.299999999999999822e+00,9.000000000000000222e-01,9.000000000000000222e-01,1.100000000000000089e+00
5.799999999999999822e+00,2.349018036125298359e+00,4.899096763119469289e-01,2.299999999999999822e+00,9.000000000000000222e-01,9.000000000000000222e-01,1.100000000000000089e+00
5.810000000000000497e+00,2.393040629136654829e+00,4.950003730781561972e-01,2.299999999999999822e+00,9.000000000000000222e-01,9.000000000000000222e-01,1.100000000000000089e+00
5.820000000000000284e+00,2.437773852015621578e+00,5.003437502658060199e-01,2.299999999999999822e+00,9.000000000000000222e-01,9.000000000000000222e-01,1.100000000000000089e+00
5.830000000000000071e+00,2.483220993402081245e+00,5.059500702920842752e-01,2.299999999999999822e+00,9.000000000000000222e-01,9.000000000000000222e-01,1.100000000000000089e+00
5.839999999999999858e+00,2.529384740592064418e+00,5.118301500762107992e-01,2.299999999999999822e+00,9.000000000000000222e-01,9.000000000000000222e-01,1.100000000000000089e+00
5.850000000000000533e+00,2.576267126722084466e+00,5.179953931651152255e-01,2.299999999999999822e+00,9.000000000000000222e-01,9.000000000000000222e-01,1.100000000000000089e+00
5.860000000000000320e+00,2.623869474393452972e+00,5.244578238008525961e-01,2.299999999999999822e+00,9.000000000000000222e-01,9.000000000000000222e-01,1.100000000000000089e+00
5.870000000000000107e+00,2.672192335520187090e+00,5.312301230398803753e-01,2.299999999999999822e+00,9.000000000000000222e-01,9.000000000000000222e-01,1.100000000000000089e+00
5.879999999999999893e+00,2.721235427173604116e+00,5.383256670385107023e-01,2.299999999999999822e+00,9.000000000000000222e-01,9.000000000000000222e-01,1.100000000000000089e+00
5.889999999999999680e+00,2.770997563186135881e+00,5.457585676227864058e-01,2.299999999999999822e+00,9.000000000000000222e-01,9.000000000000000222e-01,1.100000000000000089e+00
5.900000000000000355e+00,2.821476581266433747e+00,5.535437152645944492e-01,2.299999999999999822e+00,9.000000000000000222e-01,9.000000000000000222e-01,1.100000000000000089e+00
5.910000000000000142e+00,2.872669265367566283e+00,5.616968245889106814e-01,2.299999999999999822e+00,9.000000000000000222e-01,9.000000000000000222e-01,1.100000000000000089e+00
5.919999999999999929e+00,2.924571263040238733e+00,5.702344825395105898e-01,2.299999999999999822e+00,9.000000000000000222e-01,9.000000000000000222e-01,1.100000000000000089e+00
5.929999999999999716e+00,2.977176997493631294e+00,5.791741993321098958e-01,2.299999999999999822e+00,9.000000000000000222e-01,9.000000000000000222e-01,1.100000000000000089e+00
5.940000000000000391e+00,3.030479574077942218e+00,5.885344623245153395e-01,2.299999999999999822e+00,9.000000000000000222e-01,9.000000000000000222e-01,1.100000000000000089e+00
5.950000000000000178e+00,3.084470680895266881e+00,5.983347929327202941e-01,2.299999999999999822e+00,9.000000000000000222e-01,9.000000000000000222e-01,1.100000000000000089e+00
5.959999999999999964e+00,3.139140483239380774e+00,6.085958067197041466e-01,2.299999999999999822e+00,9.000000000000000222e-01,9.000000000000000222e-01,1.100000000000000089e+00
5.969999999999999751e+00,3.194477511560720906e+00,6.193392767796513931e-01,2.299999999999999822e+00,9.000000000000000222e-01,9.000000000000000222e-01,1.100000000000000089e+00
5.980000000000000426e+00,3.250468542650790660e+00,6.305882005340248675e-01,2.299999999999999822e+00,9.000000000000000222e-01,9.000000000000000222e-01,1.100000000000000089e+00
5.990000000000000213e+00,3.307098473740893052e+00,6.423668700469716830e-01,2.299999999999999822e+00,9.000000000000000222e-01,9.000000000000000222e-01,1.100000000000000089e+00
6.000000000000000000e+00,3.364350189214114550e+00,6.547009459554025135e-01,2.299999999999999822e+00,9.000000000000000222e-01,9.000000000000000222e-01,1.100000000000000089e+00
0.000000000000000000e+00,5.000000000000000000e-01,5.000000000000000000e-01,2.600000000000000089e+00,1.199999999999999956e+00,1.199999999999999956e+00,1.399999999999999911e+00
1.000000000000000021e-02,5.101122399999999946e-01,4.960457600000000022e-01,2.600000000000000089e+00,1.199999999999999956e+00,1.199999999999999956e+00,1.399999999999999911e+00
2.000000000000000042e-02,5.204533986425377012e-01,4.921831800157560610e-01,2.600000000000000089e+00,1.199999999999999956e+00,1.199999999999999956e+00,1.399999999999999911e+00
2.999999999999999889e-02,5.310285133195806750e-01,4.884119583654706886e-01,2.600000000000000089e+00,1.199999999999999956e+00,1.199999999999999956e+00,1.399999999999999911e+00
4.000000000000000083e-02,5.418427231836842051e-01,4.847318278777083544e-01,2.600000000000000089e+00,1.199999999999999956e+00,1.199999999999999956e+00,1.399999999999999911e+00
5.000000000000000278e-02,5.529012705006819406e-01,4.811425567134951509e-01,2.600000000000000089e+00,1.199999999999999956e+00,1.199999999999999956e+00,1.399999999999999911e+00
5.999999999999999778e-02,5.642095019747411788e-01,4.776439492390361363e-01,2.600000000000000089e+00,1.199999999999999956e+00,1.199999999999999956e+00,1.399999999999999911e+00
7.000000000000000666e-02,5.757728700415559731e-01,4.742358469517778952e-01,2.600000000000000089e+00,1.199999999999999956e+00,1.199999999999999956e+00,1.399999999999999911e+00
8.000000000000000167e-02,5.875969341251295885e-01,4.709181294627129422e-01,2.600000000000000089e+00,1.199999999999999956e+00,1.199999999999999956e+00,1.399999999999999911e+00
8.999999999999999667e-02,5.996873618532535533e-01,4.676907155380029546e-01,2.600000000000000089e+00,1.199999999999999956e+00,1.199999999999999956e+00,1.399999999999999911e+00
1.000000000000000056e-01,6.120499302264214014e-01,4.645535642031893286e-01,2.600000000000000089e+00,1.199999999999999956e+00,1.199999999999999956e+00,1.399999999999999911e+00
1.100000000000000006e-01,6.246905267345218560e-01,4.615066759134659469e-01,2.600000000000000089e+00,1.199999999999999956e+00,1.199999999999999956e+00,1.399999999999999911e+00
1.199999999999999956e-01,6.376151504152332006e-01,4.585500937937070920e-01,2.600000000000000089e+00,1.199999999999999956e+00,1.199999999999999956e+00,1.399999999999999911e+00
1.300000000000000044e-01,6.508299128475918405e-01,4.556839049521782536e-01,2.600000000000000089e+00,1.199999999999999956e+00,1.199999999999999956e+00,1.399999999999999911e+00
1.400000000000000133e-01,6.643410390737225502e-01,4.529082418721071535e-01,2.600000000000000089e+00,1.199999999999999956e+00,1.199999999999999956e+00,1.399999999999999911e+00
1.499999999999999944e-01,6.781548684412045391e-01,4.502232838855603214e-01,2.600000000000000089e+00,1.199999999999999956e+00,1.199999999999999956e+00,1.399999999999999911e+00
1.600000000000000033e-01,6.922778553579924665e-01,4.476292587343551621e-01,2.600000000000000089e+00,1.199999999999999956e+00,1.199999999999999956e+00,1.399999999999999911e+00
1.700000000000000122e-01,7.067165699512222288e-01,4.451264442230435381e-01,2.600000000000000089e+00,1.199999999999999956e+00,1.199999999999999956e+00,1.399999999999999911e+00
1.799999999999999933e-01,7.214776986205977405e-01,4.427151699693291920e-01,2.600000000000000089e+00,1.199999999999999956e+00,1.199999999999999956e+00,1.399999999999999911e+00
1.900000000000000022e-01,7.365680444763783585e-01,4.403958192576305497e-01,2.600000000000000089e+00,1.199999999999999956e+00,1.199999999999999956e+00,1.399999999999999911e+00
2.000000000000000111e-01,7.519945276512621790e-01,4.381688310018733157e-01,2.600000000000000089e+00,1.199999999999999956e+00,1.199999999999999956e+00,1.399999999999999911e+00
2.099999999999999922e-01,7.677641854746838357e-01,4.360347018239983385e-01,2.600000000000000089e+00,1.199999999999999956e+00,1.199999999999999956e+00,1.399999999999999911e+00
2.200000000000000011e-01,7.838841724972168690e-01,4.339939882550960526e-01,2.600000000000000089e+00,1.199999999999999956e+00,1.199999999999999956e+00,1.399999999999999911e+00
2.300000000000000100e-01,8.003617603518798918e-01,4.320473090665379323e-01,2.600000000000000089e+00,1.199999999999999956e+00,1.199999999999999956e+00,1.399999999999999911e+00
2.399999999999999911e-01,8.172043374381963154e-01,4.301953477389647285e-01,2.600000000000000089e+00,1.199999999999999956e+00,1.199999999999999956e+00,1.399999999999999911e+00
2.500000000000000000e-01,8.344194084138367717e-01,4.284388550775161120e-01,2.600000000000000089e+00,1.199999999999999956e+00,1.199999999999999956e+00,1.399999999999999911e+00
2.600000000000000089e-01,8.520145934775826824e-01,4.267786519822474034e-01,2.600000000000000089e+00,1.199999999999999956e+00,1.199999999999999956e+00,1.399999999999999911e+00
2.700000000000000178e-01,8.699976274261816966e-01,4.252156323832820828e-01,2.600000000000000089e+00,1.199999999999999956e+00,1.199999999999999956e+00,1.399999999999999911e+00
2.800000000000000266e-01,8.883763584664139401e-01,4.237507663508919831e-01,2.600000000000000089e+00,1.199999999999999956e+00,1.199999999999999956e+00,1.399999999999999911e+00
2.899999999999999800e-01,9.071587467623464240e-01,4.223851033913878505e-01,2.600000000000000089e+00,1.199999999999999956e+00,1.199999999999999956e+00,1.399999999999999911e+00
2.999999999999999889e-01,9.263528626963201118e-01,4.211197759404432528e-01,2.600000000000000089e+00,1.199999999999999956e+00,1.199999999999999956e+00,1.399999999999999911e+00
3.099999999999999978e-01,9.459668848206732594e-01,4.199560030662664034e-01,2.600000000000000089e+00,1.199999999999999956e+00,1.199999999999999956e+00,1.399999999999999911e+00
3.200000000000000067e-01,9.660090974755590754e-01,4.188950943958845152e-01,2.600000000000000089e+00,1.199999999999999956e+00,1.199999999999999956e+00,1.399999999999999911e+00
3.300000000000000155e-01,9.864878880464498234e-01,4.179384542787156209e-01,2.600000000000000089e+00,1.199999999999999956e+00,1.199999999999999956e+00,1.399999999999999911e+00
3.400000000000000244e-01,1.007411743833030116e+00,4.170875862025773539e-01,2.600000000000000089e+00,1.199999999999999956e+00,1.199999999999999956e+00,1.399999999999999911e+00
3.500000000000000333e-01,1.028789248499153208e+00,4.163440974783289561e-01,2.600000000000000089e+00,1.199999999999999956e+00,1.199999999999999956e+00,1.399999999999999911e+00
3.599999999999999867e-01,1.050629078071368516e+00,4.157097042104618834e-01,2.600000000000000089e+00,1.199999999999999956e+00,1.199999999999999956e+00,1.399999999999999911e+00
3.699999999999999956e-01,1.072939996451196976e+00,4.151862365721561976e-01,2.600000000000000089e+00,1.199999999999999956e+00,1.199999999999999956e+00,1.399999999999999911e+00
3.800000000000000044e-01,1.095730850403846102e+00,4.147756444046060698e-01,2.600000000000000089e+00,1.199999999999999956e+00,1.199999999999999956e+00,1.399999999999999911e+00
3.900000000000000133e-01,1.119010563983381834e+00,4.144800031617971170e-01,2.600000000000000089e+00,1.199999999999999956e+00,1.199999999999999956e+00,1.399999999999999911e+00
4.000000000000000222e-01,1.142788132351519215e+00,4.143015202233952254e-01,2.600000000000000089e+00,1.199999999999999956e+00,1.199999999999999956e+00,1.399999999999999911e+00
4.100000000000000311e-01,1.167072614944127062e+00,4.142425415999896332e-01,2.600000000000000089e+00,1.199999999999999956e+00,1.199999999999999956e+00,1.399999999999999911e+00
4.199999999999999845e-01,1.191873127936264876e+00,4.143055590566281365e-01,2.600000000000000089e+00,1.199999999999999956e+00,1.199999999999999956e+00,1.399999999999999911e+00
4.299999999999999933e-01,1.217198835953052782e+00,4.144932176823976633e-01,2.600000000000000089e+00,1.199999999999999956e+00,1.199999999999999956e+00,1.399999999999999911e+00
4.400000000000000022e-01,1.243058942969916814e+00,4.148083239357467367e-01,2.600000000000000089e+00,1.199999999999999956e+00,1.199999999999999956e+00,1.399999999999999911e+00
4.500000000000000111e-01,1.269462682341718995e+00,4.152538541973266328e-01,2.600000000000000089e+00,1.199999999999999956e+00,1.199999999999999956e+00,1.399999999999999911e+00
4.600000000000000200e-01,1.296419305895973206e+00,4.158329638643528670e-01,2.600000000000000089e+00,1.199999999999999956e+00,1.199999999999999956e+00,1.399999999999999911e+00
4.700000000000000289e-01,1.323938072020732548e+00,4.165489970228677952e-01,2.600000000000000089e+00,1.199999999999999956e+00,1.199999999999999956e+00,1.399999999999999911e+00
4.799999999999999822e-01,1.352028232672796815e+00,4.174054967368287516e-01,2.600000000000000089e+00,1.199999999999999956e+00,1.199999999999999956e+00,1.399999999999999911e+00
4.899999999999999911e-01,1.380699019226609536e+00,4.184062159956622451e-01,2.600000000000000089e+00,1.199999999999999956e+00,1.199999999999999956e+00,1.399999999999999911e+00
5.000000000000000000e-01,1.409959627078571032e+00,4.195551293648241975e-01,2.600000000000000089e+00,1.199999999999999956e+00,1.199999999999999956e+00,1.399999999999999911e+00
5.100000000000000089e-01,1.439819198915463394e+00,4.208564453870003996e-01,2.600000000000000089e+00,1.199999999999999956e+00,1.199999999999999956e+00,1.399999999999999911e+00
5.200000000000000178e-01,1.470286806549239600e+00,4.223146197848762218e-01,2.600000000000000089e+00,1.199999999999999956e+00,1.199999999999999956e+00,1.399999999999999911e+00
5.300000000000000266e-01,1.501371431213560648e+00,4.239343695199158657e-01,2.600000000000000089e+00,1.199999999999999956e+00,1.199999999999999956e+00,1.399999999999999911e+00
5.400000000000000355e-01,1.533081942210124504e+00,4.257206877653232913e-01,2.600000000000000089e+00,1.199999999999999956e+00,1.199999999999999956e+00,1.399999999999999911e+00
5.500000000000000444e-01,1.565427073785020884e+00,4.276788598553223908e-01,2.600000000000000089e+00,1.199999999999999956e+00,1.199999999999999956e+00,1.399999999999999911e+00
5.600000000000000533e-01,1.598415400107020323e+00,4.298144802770993977e-01,2.600000000000000089e+00,1.199999999999999956e+00,1.199999999999999956e+00,1.399999999999999911e+00
5.700000000000000622e-01,1.632055308210849986e+00,4.321334707762048977e-01,2.600000000000000089e+00,1.199999999999999956e+00,1.199999999999999956e+00,1.399999999999999911e+00
5.799999999999999600e-01,1.666354968759101274e+00,4.346420996509195445e-01,2.600000000000000089e+00,1.199999999999999956e+00,1.199999999999999956e+00,1.399999999999999911e+00
5.899999999999999689e-01,1.701322304466423407e+00,4.373470023160550557e-01,2.600000000000000089e+00,1.199999999999999956e+00,1.199999999999999956e+00,1.399999999999999911e+00
5.999999999999999778e-01,1.736964956019070527e+00,4.402552032218871592e-01,2.600000000000000089e+00,1.199999999999999956e+00,1.199999999999999956e+00,1.399999999999999911e+00
6.099999999999999867e-01,1.773290245311666569e+00,4.433741392194023856e-01,2.600000000000000089e+00,1.199999999999999956e+00,1.199999999999999956e+00,1.399999999999999911e+00
6.199999999999999956e-01,1.810305135811217214e+00,4.467116844687780142e-01,2.600000000000000089e+00,1.199999999999999956e+00,1.199999999999999956e+00,1.399999999999999911e+00
6.300000000000000044e-01,1.848016189845921531e+00,4.502761769939956915e-01,2.600000000000000089e+00,1.199999999999999956e+00,1.199999999999999956e+00,1.399999999999999911e+00
6.400000000000000133e-01,1.886429522603213726e+00,4.540764469926980018e-01,2.600000000000000089e+00,1.199999999999999956e+00,1.199999999999999956e+00,1.399999999999999911e+00
6.500000000000000222e-01,1.925550752607703808e+00,4.581218470168085810e-01,2.600000000000000089e+00,1.199999999999999956e+00,1.199999999999999956e+00,1.399999999999999911e+00
6.600000000000000311e-01,1.965384948435290990e+00,4.624222841460211009e-01,2.600000000000000089e+00,1.199999999999999956e+00,1.199999999999999956e+00,1.399999999999999911e+00
6.700000000000000400e-01,2.005936571404728141e+00,4.669882542829749683e-01,2.600000000000000089e+00,1.199999999999999956e+00,1.199999999999999956e+00,1.399999999999999911e+00
6.800000000000000488e-01,2.047209413972352454e+00,4.718308787057224341e-01,2.600000000000000089e+00,1.199999999999999956e+00,1.199999999999999956e+00,1.399999999999999911e+00
6.900000000000000577e-01,2.089206533539624822e+00,4.769619430198815957e-01,2.600000000000000089e+00,1.199999999999999956e+00,1.199999999999999956e+00,1.399999999999999911e+00
7.000000000000000666e-01,2.131930181366613386e+00,4.823939386595715861e-01,2.600000000000000089e+00,1.199999999999999956e+00,1.199999999999999956e+00,1.399999999999999911e+00
7.099999999999999645e-01,2.175381726267727966e+00,4.881401070927328112e-01,2.600000000000000089e+00,1.199999999999999956e+00,1.199999999999999956e+00,1.399999999999999911e+00
7.199999999999999734e-01,2.219561572748971923e+00,4.942144868926064416e-01,2.600000000000000089e+00,1.199999999999999956e+00,1.199999999999999956e+00,1.399999999999999911e+00
7.299999999999999822e-01,2.264469073228928320e+00,5.006319638428189389e-01,2.600000000000000089e+00,1.199999999999999956e+00,1.199999999999999956e+00,1.399999999999999911e+00
7.399999999999999911e-01,2.310102433968816538e+00,5.074083242484851430e-01,2.600000000000000089e+00,1.199999999999999956e+00,1.199999999999999956e+00,1.399999999999999911e+00
7.500000000000000000e-01,2.356458614320538825e+00,5.145603116297642332e-01,2.600000000000000089e+00,1.199999999999999956e+00,1.199999999999999956e+00,1.399999999999999911e+00
7.600000000000000089e-01,2.403533218885973266e+00,5.221056869770845932e-01,2.600000000000000089e+00,1.199999999999999956e+00,1.199999999999999956e+00,1.399999999999999911e+00
7.700000000000000178e-01,2.451320382166297662e+00,5.300632927484428825e-01,2.600000000000000089e+00,1.199999999999999956e+00,1.199999999999999956e+00,1.399999999999999911e+00
7.800000000000000266e-01,2.499812645267273759e+00,5.384531207883693771e-01,2.600000000000000089e+00,1.199999999999999956e+00,1.199999999999999956e+00,1.399999999999999911e+00
7.900000000000000355e-01,2.549000824215799543e+00,5.472963843448379606e-01,2.600000000000000089e+00,1.199999999999999956e+00,1.199999999999999956e+00,1.399999999999999911e+00
8.000000000000000444e-01,2.598873869435310624e+00,5.566155943540120887e-01,2.600000000000000089e+00,1.199999999999999956e+00,1.199999999999999956e+00,1.399999999999999911e+00
8.100000000000000533e-01,2.649418715923593126e+00,5.664346401525705010e-01,2.600000000000000089e+00,1.199999999999999956e+00,1.199999999999999956e+00,1.399999999999999911e+00
8.200000000000000622e-01,2.700620123677226925e+00,5.767788747626588775e-01,2.600000000000000089e+00,1.199999999999999956e+00,1.199999999999999956e+00,1.399999999999999911e+00
8.300000000000000711e-01,2.752460507913345733e+00,5.876752048743374424e-01,2.600000000000000089e+00,1.199999999999999956e+00,1.199999999999999956e+00,1.399999999999999911e+00
8.399999999999999689e-01,2.804919758652982154e+00,5.991521856236646792e-01,2.600000000000000089e+00,1.199999999999999956e+00,1.199999999999999956e+00,1.399999999999999911e+00
8.499999999999999778e-01,2.857975049252538646e+00,6.112401202300353775e-01,2.600000000000000089e+00,1.199999999999999956e+00,1.199999999999999956e+00,1.399999999999999911e+00
8.599999999999999867e-01,2.911600633502645863e+00,6.239711645126506667e-01,2.600000000000000089e+00,1.199999999999999956e+00,1.199999999999999956e+00,1.399999999999999911e+00
8.699999999999999956e-01,2.965767630958941137e+00,6.373794362514014766e-01,2.600000000000000089e+00,1.199999999999999956e+00,1.199999999999999956e+00,1.399999999999999911e+00
8.800000000000000044e-01,3.020443800229468234e+00,6.515011292901422557e-01,2.600000000000000089e+00,1.199999999999999956e+00,1.199999999999999956e+00,1.399999999999999911e+00
8.900000000000000133e-01,3.075593300021224330e+00,6.663746321982044751e-01,2.600000000000000089e+00,1.199999999999999956e+00,1.199999999999999956e+00,1.399999999999999911e+00
9.000000000000000222e-01,3.131176437846903582e+00,6.820406512066825577e-01,2.600000000000000089e+00,1.199999999999999956e+00,1.199999999999999956e+00,1.399999999999999911e+00
9.100000000000000311e-01,3.187149406415649366e+00,6.985423370168623025e-01,2.600000000000000089e+00,1.199999999999999956e+00,1.199999999999999956e+00,1.399999999999999911e+00
9.200000000000000400e-01,3.243464007882520761e+00,7.159254149362108688e-01,2.600000000000000089e+00,1.199999999999999956e+00,1.199999999999999956e+00,1.399999999999999911e+00
9.300000000000000488e-01,3.300067366314770823e+00,7.342383176293655334e-01,2.600000000000000089e+00,1.199999999999999956e+00,1.199999999999999956e+00,1.399999999999999911e+00
9.400000000000000577e-01,3.356901628953768757e+00,7.535323195740168956e-01,2.600000000000000089e+00,1.199999999999999956e+00,1.199999999999999956e+00,1.399999999999999911e+00
9.500000000000000666e-01,3.413903657114710555e+00,7.738616720806900107e-01,2.600000000000000089e+00,1.199999999999999956e+00,1.199999999999999956e+00,1.399999999999999911e+00
9.599999999999999645e-01,3.471004707877893392e+00,7.952837374671486437e-01,2.600000000000000089e+00,1.199999999999999956e+00,1.199999999999999956e+00,1.399999999999999911e+00
9.699999999999999734e-01,3.528130108091308781e+00,8.178591206683096804e-01,2.600000000000000089e+00,1.199999999999999956e+00,1.199999999999999956e+00,1.399999999999999911e+00
9.799999999999999822e-01,3.585198922631031238e+00,8.416517962068916781e-01,2.600000000000000089e+00,1.199999999999999956e+00,1.199999999999999956e+00,1.399999999999999911e+00
9.899999999999999911e-01,3.642123619359835196e+00,8.667292280443578134e-01,2.600000000000000089e+00,1.199999999999999956e+00,1.199999999999999956e+00,1.399999999999999911e+00
1.000000000000000000e+00,3.698809733792167265e+00,8.931624793721206768e-01,2.600000000000000089e+00,1.199999999999999956e+00,1.199999999999999956e+00,1.399999999999999911e+00
1.010000000000000009e+00,3.755155537121223741e+00,9.210263088860366487e-01,2.600000000000000089e+00,1.199999999999999956e+00,1.199999999999999956e+00,1.399999999999999911e+00
1.020000000000000018e+00,3.811051711997009317e+00,9.503992495103409377e-01,2.600000000000000089e+00,1.199999999999999956e+00,1.199999999999999956e+00,1.399999999999999911e+00
1.030000000000000027e+00,3.866381041267367813e+00,9.813636648990046174e-01,2.600000000000000089e+00,1.199999999999999956e+00,1.199999999999999956e+00,1.399999999999999911e+00
1.040000000000000036e+00,3.921018115809968396e+00,1.014005778343424868e+00,2.600000000000000089e+00,1.199999999999999956e+00,1.199999999999999956e+00,1.399999999999999911e+00
1.050000000000000044e+00,3.974829068592586445e+00,1.048415667958138675e+00,2.600000000000000089e+00,1.199999999999999956e+00,1.199999999999999956e+00,1.399999999999999911e+00
1.060000000000000053e+00,4.027671343199103582e+00,1.084687221206746877e+00,2.600000000000000089e+00,1.199999999999999956e+00,1.199999999999999956e+00,1.399999999999999911e+00
1.070000000000000062e+00,4.079393506242604772e+00,1.122918040978281962e+00,2.600000000000000089e+00,1.199999999999999956e+00,1.199999999999999956e+00,1.399999999999999911e+00
1.080000000000000071e+00,4.129835114342487401e+00,1.163209294544678807e+00,2.600000000000000089e+00,1.199999999999999956e+00,1.199999999999999956e+00,1.399999999999999911e+00
1.090000000000000080e+00,4.178826647650651260e+00,1.205665495843721846e+00,2.600000000000000089e+00,1.199999999999999956e+00,1.199999999999999956e+00,1.399999999999999911e+00
1.100000000000000089e+00,4.226189523245370339e+00,1.250394210667082007e+00,2.600000000000000089e+00,1.199999999999999956e+00,1.199999999999999956e+00,1.399999999999999911e+00
1.110000000000000098e+00,4.271736203033250412e+00,1.297505673526613279e+00,2.600000000000000089e+00,1.199999999999999956e+00,1.199999999999999956e+00,1.399999999999999911e+00
1.120000000000000107e+00,4.315270412061202876e+00,1.347112304270564609e+00,2.600000000000000089e+00,1.199999999999999956e+00,1.199999999999999956e+00,1.399999999999999911e+00
1.130000000000000115e+00,4.356587484279953237e+00,1.399328111982310441e+00,2.600000000000000089e+00,1.199999999999999956e+00,1.199999999999999956e+00,1.399999999999999911e+00
1.140000000000000124e+00,4.395474853742137533e+00,1.454267973386938140e+00,2.600000000000000089e+00,1.199999999999999956e+00,1.199999999999999956e+00,1.399999999999999911e+00
1.150000000000000133e+00,4.431712709870013533e+00,1.512046772997067023e+00,2.600000000000000089e+00,1.199999999999999956e+00,1.199999999999999956e+00,1.399999999999999911e+00
1.159999999999999920e+00,4.465074835682922405e+00,1.572778392642075529e+00,2.600000000000000089e+00,1.199999999999999956e+00,1.199999999999999956e+00,1.399999999999999911e+00
1.169999999999999929e+00,4.495329647610469159e+00,1.636574538948693203e+00,2.600000000000000089e+00,1.199999999999999956e+00,1.199999999999999956e+00,1.399999999999999911e+00
1.179999999999999938e+00,4.522241454598371568e+00,1.703543398888180294e+00,2.600000000000000089e+00,1.199999999999999956e+00,1.199999999999999956e+00,1.399999999999999911e+00
1.189999999999999947e+00,4.545571952494812606e+00,1.773788115792849229e+00,2.600000000000000089e+00,1.199999999999999956e+00,1.199999999999999956e+00,1.399999999999999911e+00
1.199999999999999956e+00,4.565081967037007082e+00,1.847405081387594628e+00,2.600000000000000089e+00,1.199999999999999956e+00,1.199999999999999956e+00,1.399999999999999911e+00
1.209999999999999964e+00,4.580533454995755704e+00,1.924482043485731042e+00,2.600000000000000089e+00,1.199999999999999956e+00,1.199999999999999956e+00,1.399999999999999911e+00
1.219999999999999973e+00,4.591691768050645273e+00,2.005096034147887174e+00,2.600000000000000089e+00,1.199999999999999956e+00,1.199999999999999956e+00,1.399999999999999911e+00
1.229999999999999982e+00,4.598328177659736227e+00,2.089311129349994633e+00,2.600000000000000089e+00,1.199999999999999956e+00,1.199999999999999956e+00,1.399999999999999911e+00
1.239999999999999991e+00,4.600222651499935367e+00,2.177176058555656990e+00,2.600000000000000089e+00,1.199999999999999956e+00,1.199999999999999956e+00,1.399999999999999911e+00
1.250000000000000000e+00,4.597166862996545866e+00,2.268721690979202066e+00,2.600000000000000089e+00,1.199999999999999956e+00,1.199999999999999956e+00,1.399999999999999911e+00
1.260000000000000009e+00,4.588967405124991572e+00,2.363958434617375204e+00,2.600000000000000089e+00,1.199999999999999956e+00,1.199999999999999956e+00,1.399999999999999911e+00
1.270000000000000018e+00,4.575449168249381415e+00,2.462873594082269690e+00,2.600000000000000089e+00,1.199999999999999956e+00,1.199999999999999956e+00,1.399999999999999911e+00
1.280000000000000027e+00,4.556458829575786851e+00,2.565428743539273526e+00,2.600000000000000089e+00,1.199999999999999956e+00,1.199999999999999956e+00,1.399999999999999911e+00
1.290000000000000036e+00,4.531868389287882160e+00,2.671557181179827101e+00,2.600000000000000089e+00,1.199999999999999956e+00,1.199999999999999956e+00,1.399999999999999911e+00
1.300000000000000044e+00,4.501578676177884653e+00,2.781161541064631759e+00,2.600000000000000089e+00,1.199999999999999956e+00,1.199999999999999956e+00,1.399999999999999911e+00
1.310000000000000053e+00,4.465522734290880535e+00,2.894111646183745279e+00,2.600000000000000089e+00,1.199999999999999956e+00,1.199999999999999956e+00,1.399999999999999911e+00
1.320000000000000062e+00,4.423668992572805436e+00,3.010242692447941071e+00,2.600000000000000089e+00,1.199999999999999956e+00,1.199999999999999956e+00,1.399999999999999911e+00
1.330000000000000071e+00,4.376024112622441287e+00,3.129353856272188761e+00,2.600000000000000089e+00,1.199999999999999956e+00,1.199999999999999956e+00,1.399999999999999911e+00
1.340000000000000080e+00,4.322635406274648595e+00,3.251207417684661038e+00,2.600000000000000089e+00,1.199999999999999956e+00,1.199999999999999956e+00,1.399999999999999911e+00
1.350000000000000089e+00,4.263592715701171265e+00,3.375528485836709169e+00,2.600000000000000089e+00,1.199999999999999956e+00,1.199999999999999956e+00,1.399999999999999911e+00
1.360000000000000098e+00,4.199029654676543544e+00,3.502005403918047044e+00,2.600000000000000089e+00,1.199999999999999956e+00,1.199999999999999956e+00,1.399999999999999911e+00
1.370000000000000107e+00,4.129124121057126118e+00,3.630290895567013010e+00,2.600000000000000089e+00,1.199999999999999956e+00,1.199999999999999956e+00,1.399999999999999911e+00
1.380000000000000115e+00,4.054098007483493582e+00,3.760003995002073829e+00,2.600000000000000089e+00,1.199999999999999956e+00,1.199999999999999956e+00,1.399999999999999911e+00
1.390000000000000124e+00,3.974216059581483496e+00,3.890732778757640897e+00,2.600000000000000089e+00,1.199999999999999956e+00,1.199999999999999956e+00,1.399999999999999911e+00
1.400000000000000133e+00,3.889783857825676261e+00,4.022037888954125506e+00,2.600000000000000089e+00,1.199999999999999956e+00,1.199999999999999956e+00,1.399999999999999911e+00
1.409999999999999920e+00,3.801144929638201386e+00,4.153456807723328481e+00,2.600000000000000089e+00,1.199999999999999956e+00,1.199999999999999956e+00,1.399999999999999911e+00
1.419999999999999929e+00,3.708677030740922032e+00,4.284508811328013422e+00,2.600000000000000089e+00,1.199999999999999956e+00,1.199999999999999956e+00,1.399999999999999911e+00
1.429999999999999938e+00,3.612787667480608089e+00,4.414700502468920540e+00,2.600000000000000089e+00,1.199999999999999956e+00,1.199999999999999956e+00,1.399999999999999911e+00
1.439999999999999947e+00,3.513908962857964724e+00,4.543531792164920091e+00,2.600000000000000089e+00,1.199999999999999956e+00,1.199999999999999956e+00,1.399999999999999911e+00
1.449999999999999956e+00,3.412491996357047253e+00,4.670502180253909508e+00,2.600000000000000089e+00,1.199999999999999956e+00,1.199999999999999956e+00,1.399999999999999911e+00
1.459999999999999964e+00,3.309000769600193070e+00,4.795117167586745666e+00,2.600000000000000089e+00,1.199999999999999956e+00,1.199999999999999956e+00,1.399999999999999911e+00
1.469999999999999973e+00,3.203905964883977386e+00,4.916894624573411754e+00,2.600000000000000089e+00,1.199999999999999956e+00,1.199999999999999956e+00,1.399999999999999911e+00
1.479999999999999982e+00,3.097678670793043931e+00,5.035370940572709841e+00,2.600000000000000089e+00,1.199999999999999956e+00,1.199999999999999956e+00,1.399999999999999911e+00
1.489999999999999991e+00,2.990784247915874605e+00,5.150106786786469826e+00,2.600000000000000089e+00,1.199999999999999956e+00,1.199999999999999956e+00,1.399999999999999911e+00
1.500000000000000000e+00,2.883676498378636932e+00,5.260692341314689102e+00,2.600000000000000089e+00,1.199999999999999956e+00,1.199999999999999956e+00,1.399999999999999911e+00
1.510000000000000009e+00,2.776792286229668338e+00,5.366751847780233398e+00,2.600000000000000089e+00,1.199999999999999956e+00,1.199999999999999956e+00,1.399999999999999911e+00
1.520000000000000018e+00,2.670546732906110332e+00,5.467947406918741926e+00,2.600000000000000089e+00,1.199999999999999956e+00,1.199999999999999956e+00,1.399999999999999911e+00
1.530000000000000027e+00,2.565329084723963593e+00,5.563981931921205160e+00,2.600000000000000089e+00,1.199999999999999956e+00,1.199999999999999956e+00,1.399999999999999911e+00
1.540000000000000036e+00,2.461499319393535501e+00,5.654601231145083950e+00,2.600000000000000089e+00,1.199999999999999956e+00,1.199999999999999956e+00,1.399999999999999911e+00
1.550000000000000044e+00,2.359385527858147036e+00,5.739595214139622925e+00,2.600000000000000089e+00,1.199999999999999956e+00,1.199999999999999956e+00,1.399999999999999911e+00
1.560000000000000053e+00,2.259282078055836251e+00,5.818798247015531722e+00,2.600000000000000089e+00,1.199999999999999956e+00,1.199999999999999956e+00,1.399999999999999911e+00
1.570000000000000062e+00,2.161448540037961941e+00,5.892088709592357532e+00,2.600000000000000089e+00,1.199999999999999956e+00,1.199999999999999956e+00,1.399999999999999911e+00
1.580000000000000071e+00,2.066109328433986647e+00,5.959387828433710510e+00,2.600000000000000089e+00,1.199999999999999956e+00,1.199999999999999956e+00,1.399999999999999911e+00
1.590000000000000080e+00,1.973453999329714659e+00,6.020657876211211956e+00,2.600000000000000089e+00,1.199999999999999956e+00,1.199999999999999956e+00,1.399999999999999911e+00
1.600000000000000089e+00,1.883638124632996735e+00,6.075899838619730708e+00,2.600000000000000089e+00,1.199999999999999956e+00,1.199999999999999956e+00,1.399999999999999911e+00
1.610000000000000098e+00,1.796784657975608379e+00,6.125150655468616812e+00,2.600000000000000089e+00,1.199999999999999956e+00,1.199999999999999956e+00,1.399999999999999911e+00
1.620000000000000107e+00,1.712985701870775923e+00,6.168480143068757471e+00,2.600000000000000089e+00,1.199999999999999956e+00,1.199999999999999956e+00,1.399999999999999911e+00
1.630000000000000115e+00,1.632304585702163191e+00,6.205987701315336835e+00,2.600000000000000089e+00,1.199999999999999956e+00,1.199999999999999956e+00,1.399999999999999911e+00
1.640000000000000124e+00,1.554778167491857266e+00,6.237798901756100634e+00,2.600000000000000089e+00,1.199999999999999956e+00,1.199999999999999956e+00,1.399999999999999911e+00
1.650000000000000133e+00,1.480419278528681382e+00,6.264062043311506400e+00,2.600000000000000089e+00,1.199999999999999956e+00,1.199999999999999956e+00,1.399999999999999911e+00
1.660000000000000142e+00,1.409219238065032132e+00,6.284944751036331212e+00,2.600000000000000089e+00,1.199999999999999956e+00,1.199999999999999956e+00,1.399999999999999911e+00
1.669999999999999929e+00,1.341150374679912272e+00,6.300630681171900171e+00,2.600000000000000089e+00,1.199999999999999956e+00,1.199999999999999956e+00,1.399999999999999911e+00
1.679999999999999938e+00,1.276168500905289882e+00,6.311316383417485021e+00,2.600000000000000089e+00,1.199999999999999956e+00,1.199999999999999956e+00,1.399999999999999911e+00
1.689999999999999947e+00,1.214215297771867874e+00,6.317208359405217521e+00,2.600000000000000089e+00,1.199999999999999956e+00,1.199999999999999956e+00,1.399999999999999911e+00
1.699999999999999956e+00,1.155220575611719980e+00,6.318520345218621159e+00,2.600000000000000089e+00,1.199999999999999956e+00,1.199999999999999956e+00,1.399999999999999911e+00
1.709999999999999964e+00,1.099104386435629799e+00,6.315470835745490952e+00,2.600000000000000089e+00,1.199999999999999956e+00,1.199999999999999956e+00,1.399999999999999911e+00
1.719999999999999973e+00,1.045778971265024504e+00,6.308280859879990210e+00,2.600000000000000089e+00,1.199999999999999956e+00,1.199999999999999956e+00,1.399999999999999911e+00
1.729999999999999982e+00,9.951505328178873455e-01,6.297172008165911272e+00,2.600000000000000089e+00,1.199999999999999956e+00,1.199999999999999956e+00,1.399999999999999911e+00
1.739999999999999991e+00,9.471208298781067514e-01,6.282364708402525366e+00,2.600000000000000089e+00,1.199999999999999956e+00,1.199999999999999956e+00,1.399999999999999911e+00
1.750000000000000000e+00,9.015885945322027473e-01,6.264076739955254602e+00,2.600000000000000089e+00,1.199999999999999956e+00,1.199999999999999956e+00,1.399999999999999911e+00
1.760000000000000009e+00,8.584507772948350990e-01,6.242521973921989265e+00,2.600000000000000089e+00,1.199999999999999956e+00,1.199999999999999956e+00,1.399999999999999911e+00
1.770000000000000018e+00,8.176036280537331002e-01,6.217909323772229158e+00,2.600000000000000089e+00,1.199999999999999956e+00,1.199999999999999956e+00,1.399999999999999911e+00
1.780000000000000027e+00,7.789436228524599937e-01,6.190441889456813840e+00,2.600000000000000089e+00,1.199999999999999956e+00,1.199999999999999956e+00,1.399999999999999911e+00
1.790000000000000036e+00,7.423682479104876109e-01,6.160316277134461949e+00,2.600000000000000089e+00,1.199999999999999956e+00,1.199999999999999956e+00,1.399999999999999911e+00
1.800000000000000044e+00,7.077766530695077662e-01,6.127722076435889953e+00,2.600000000000000089e+00,1.199999999999999956e+00,1.199999999999999956e+00,1.399999999999999911e+00
1.810000000000000053e+00,6.750701871627095008e-01,6.092841477455293031e+00,2.600000000000000089e+00,1.199999999999999956e+00,1.199999999999999956e+00,1.399999999999999911e+00
1.820000000000000062e+00,6.441528277310151207e-01,6.055849010304125812e+00,2.600000000000000089e+00,1.199999999999999956e+00,1.199999999999999956e+00,1.399999999999999911e+00
1.830000000000000071e+00,6.149315171471259056e-01,6.016911390980114405e+00,2.600000000000000089e+00,1.199999999999999956e+00,1.199999999999999956e+00,1.399999999999999911e+00
1.840000000000000080e+00,5.873164166328302960e-01,5.976187458407578923e+00,2.600000000000000089e+00,1.199999999999999956e+00,1.199999999999999956e+00,1.399999999999999911e+00
1.850000000000000089e+00,5.612210889334457997e-01,5.933828188720688956e+00,2.600000000000000089e+00,1.199999999999999956e+00,1.199999999999999956e+00,1.399999999999999911e+00
1.860000000000000098e+00,5.365626196000264914e-01,5.889976774130613713e+00,2.600000000000000089e+00,1.199999999999999956e+00,1.199999999999999956e+00,1.399999999999999911e+00
1.870000000000000107e+00,5.132616859689508315e-01,5.844768754994596804e+00,2.600000000000000089e+00,1.199999999999999956e+00,1.199999999999999956e+00,1.399999999999999911e+00
1.880000000000000115e+00,4.912425820541111987e-01,5.798332194954882723e+00,2.600000000000000089e+00,1.199999999999999956e+00,1.199999999999999956e+00,1.399999999999999911e+00
1.890000000000000124e+00,4.704332067053129673e-01,5.750787890212585296e+00,2.600000000000000089e+00,1.199999999999999956e+00,1.199999999999999956e+00,1.399999999999999911e+00
1.900000000000000133e+00,4.507650215568242968e-01,5.702249605128357324e+00,2.600000000000000089e+00,1.199999999999999956e+00,1.199999999999999956e+00,1.399999999999999911e+00
1.910000000000000142e+00,4.321729845056662689e-01,5.652824327386901437e+00,2.600000000000000089e+00,1.199999999999999956e+00,1.199999999999999956e+00,1.399999999999999911e+00
1.919999999999999929e+00,4.145954637288566391e-01,5.602612536919779451e+00,2.600000000000000089e+00,1.199999999999999956e+00,1.199999999999999956e+00,1.399999999999999911e+00
1.929999999999999938e+00,3.979741365773321604e-01,5.551708483648455150e+00,2.600000000000000089e+00,1.199999999999999956e+00,1.199999999999999956e+00,1.399999999999999911e+00
1.939999999999999947e+00,3.822538770737005653e-01,5.500200469887905896e+00,2.600000000000000089e+00,1.199999999999999956e+00,1.199999999999999956e+00,1.399999999999999911e+00
1.949999999999999956e+00,3.673826351911351207e-01,5.448171133943425559e+00,2.600000000000000089e+00,1.199999999999999956e+00,1.199999999999999956e+00,1.399999999999999911e+00
1.959999999999999964e+00,3.533113105998632042e-01,5.395697732043921668e+00,2.600000000000000089e+00,1.199999999999999956e+00,1.199999999999999956e+00,1.399999999999999911e+00
1.969999999999999973e+00,3.399936231329291347e-01,5.342852416289606055e+00,2.600000000000000089e+00,1.199999999999999956e+00,1.199999999999999956e+00,1.399999999999999911e+00
1.979999999999999982e+00,3.273859818406211764e-01,5.289702506756520428e+00,2.600000000000000089e+00,1.199999999999999956e+00,1.199999999999999956e+00,1.399999999999999911e+00
1.989999999999999991e+00,3.154473541691061866e-01,5.236310756301107538e+00,2.600000000000000089e+00,1.199999999999999956e+00,1.199999999999999956e+00,1.399999999999999911e+00
2.000000000000000000e+00,3.041391365091734023e-01,5.182735606951364815e+00,2.600000000000000089e+00,1.199999999999999956e+00,1.199999999999999956e+00,1.399999999999999911e+00
2.010000000000000231e+00,2.934250271112960884e-01,5.129031437063042098e+00,2.600000000000000089e+00,1.199999999999999956e+00,1.199999999999999956e+00,1.399999999999999911e+00
2.020000000000000018e+00,2.832709021493177159e-01,5.075248798665793259e+00,2.600000000000000089e+00,1.199999999999999956e+00,1.199999999999999956e+00,1.399999999999999911e+00
2.030000000000000249e+00,2.736446955329869257e-01,5.021434644630481614e+00,2.600000000000000089e+00,1.199999999999999956e+00,1.199999999999999956e+00,1.399999999999999911e+00
2.040000000000000036e+00,2.645162829155834894e-01,4.967632545460107352e+00,2.600000000000000089e+00,1.199999999999999956e+00,1.199999999999999956e+00,1.399999999999999911e+00
2.049999999999999822e+00,2.558573702135482075e-01,4.913882895647590843e+00,2.600000000000000089e+00,1.199999999999999956e+00,1.199999999999999956e+00,1.399999999999999911e+00
2.060000000000000053e+00,2.476413868472066293e-01,4.860223109658071472e+00,2.600000000000000089e+00,1.199999999999999956e+00,1.199999999999999956e+00,1.399999999999999911e+00
2.069999999999999840e+00,2.398433838225078052e-01,4.806687807685182889e+00,2.600000000000000089e+00,1.199999999999999956e+00,1.199999999999999956e+00,1.399999999999999911e+00
2.080000000000000071e+00,2.324399367006275974e-01,4.753308991403235595e+00,2.600000000000000089e+00,1.199999999999999956e+00,1.199999999999999956e+00,1.399999999999999911e+00
2.089999999999999858e+00,2.254090534430307213e-01,4.700116209993306704e+00,2.600000000000000089e+00,1.199999999999999956e+00,1.199999999999999956e+00,1.399999999999999911e+00
2.100000000000000089e+00,2.187300870721300416e-01,4.647136716763430542e+00,2.600000000000000089e+00,1.199999999999999956e+00,1.199999999999999956e+00,1.399999999999999911e+00
2.109999999999999876e+00,2.123836530502505870e-01,4.594395616713684127e+00,2.600000000000000089e+00,1.199999999999999956e+00,1.199999999999999956e+00,1.399999999999999911e+00
2.120000000000000107e+00,2.063515512506455818e-01,4.541916005417860447e+00,2.600000000000000089e+00,1.199999999999999956e+00,1.199999999999999956e+00,1.399999999999999911e+00
2.129999999999999893e+00,2.006166923724717055e-01,4.489719099606346298e+00,2.600000000000000089e+00,1.199999999999999956e+00,1.199999999999999956e+00,1.399999999999999911e+00
2.140000000000000124e+00,1.951630286357376176e-01,4.437824359841152422e+00,2.600000000000000089e+00,1.199999999999999956e+00,1.199999999999999956e+00,1.399999999999999911e+00
2.149999999999999911e+00,1.899754885812848237e-01,4.386249605675073049e+00,2.600000000000000089e+00,1.199999999999999956e+00,1.199999999999999956e+00,1.399999999999999911e+00
2.160000000000000142e+00,1.850399157939730255e-01,4.335011123683693235e+00,2.600000000000000089e+00,1.199999999999999956e+00,1.199999999999999956e+00,1.399999999999999911e+00
2.169999999999999929e+00,1.803430113636827481e-01,4.284123768752324146e+00,2.600000000000000089e+00,1.199999999999999956e+00,1.199999999999999956e+00,1.399999999999999911e+00
2.180000000000000160e+00,1.758722798978833157e-01,4.233601058990662303e+00,2.600000000000000089e+00,1.199999999999999956e+00,1.199999999999999956e+00,1.399999999999999911e+00
2.189999999999999947e+00,1.716159789008073200e-01,4.183455264636698701e+00,2.600000000000000089e+00,1.199999999999999956e+00,1.199999999999999956e+00,1.399999999999999911e+00
2.200000000000000178e+00,1.675630713372728842e-01,4.133697491298640614e+00,2.600000000000000089e+00,1.199999999999999956e+00,1.199999999999999956e+00,1.399999999999999911e+00
2.209999999999999964e+00,1.637031812035189826e-01,4.084337757869812791e+00,2.600000000000000089e+00,1.199999999999999956e+00,1.199999999999999956e+00,1.399999999999999911e+00
2.220000000000000195e+00,1.600265519327519759e-01,4.035385069437034566e+00,2.600000000000000089e+00,1.199999999999999956e+00,1.199999999999999956e+00,1.399999999999999911e+00
2.229999999999999982e+00,1.565240074691753303e-01,3.986847485488090648e+00,2.600000000000000089e+00,1.199999999999999956e+00,1.199999999999999956e+00,1.399999999999999911e+00
2.240000000000000213e+00,1.531869158508726292e-01,3.938732183708917756e+00,2.600000000000000089e+00,1.199999999999999956e+00,1.199999999999999956e+00,1.399999999999999911e+00
2.250000000000000000e+00,1.500071551488556532e-01,3.891045519646153306e+00,2.600000000000000089e+00,1.199999999999999956e+00,1.199999999999999956e+00,1.399999999999999911e+00
2.260000000000000231e+00,1.469770816167262628e-01,3.843793082495922775e+00,2.600000000000000089e+00,1.199999999999999956e+00,1.199999999999999956e+00,1.399999999999999911e+00
2.270000000000000018e+00,1.440894999126171860e-01,3.796979747265289973e+00,2.600000000000000089e+00,1.199999999999999956e+00,1.199999999999999956e+00,1.399999999999999911e+00
2.280000000000000249e+00,1.413376352622744137e-01,3.750609723538738560e+00,2.600000000000000089e+00,1.199999999999999956e+00,1.199999999999999956e+00,1.399999999999999911e+00
2.290000000000000036e+00,1.387151074392492800e-01,3.704686601068477803e+00,2.600000000000000089e+00,1.199999999999999956e+00,1.199999999999999956e+00,1.399999999999999911e+00
2.300000000000000266e+00,1.362159064451223811e-01,3.659213392394310649e+00,2.600000000000000089e+00,1.199999999999999956e+00,1.199999999999999956e+00,1.399999999999999911e+00
2.310000000000000053e+00,1.338343697794396325e-01,3.614192572686290461e+00,2.600000000000000089e+00,1.199999999999999956e+00,1.199999999999999956e+00,1.399999999999999911e+00
2.319999999999999840e+00,1.315651611955692968e-01,3.569626116991472475e+00,2.600000000000000089e+00,1.199999999999999956e+00,1.199999999999999956e+00,1.399999999999999911e+00
2.330000000000000071e+00,1.294032508449647068e-01,3.525515535054712934e+00,2.600000000000000089e+00,1.199999999999999956e+00,1.199999999999999956e+00,1.399999999999999911e+00
2.339999999999999858e+00,1.273438967183246617e-01,3.481861903872703223e+00,2.600000000000000089e+00,1.199999999999999956e+00,1.199999999999999956e+00,1.399999999999999911e+00
2.350000000000000089e+00,1.253826272978716405e-01,3.438665898130243370e+00,2.600000000000000089e+00,1.199999999999999956e+00,1.199999999999999956e+00,1.399999999999999911e+00
2.359999999999999876e+00,1.235152253404138006e-01,3.395927818658136310e+00,2.600000000000000089e+00,1.199999999999999956e+00,1.199999999999999956e+00,1.399999999999999911e+00
2.370000000000000107e+00,1.217377127160195610e-01,3.353647619043018224e+00,2.600000000000000089e+00,1.199999999999999956e+00,1.199999999999999956e+00,1.399999999999999911e+00
2.379999999999999893e+00,1.200463362320151189e-01,3.311824930510905762e+00,2.600000000000000089e+00,1.199999999999999956e+00,1.199999999999999956e+00,1.399999999999999911e+00
2.390000000000000124e+00,1.184375543766231359e-01,3.270459085198218041e+00,2.600000000000000089e+00,1.199999999999999956e+00,1.199999999999999956e+00,1.399999999999999911e+00
2.399999999999999911e+00,1.169080249209003830e-01,3.229549137916509327e+00,2.600000000000000089e+00,1.199999999999999956e+00,1.199999999999999956e+00,1.399999999999999911e+00
2.410000000000000142e+00,1.154545933217133724e-01,3.189093886510084186e+00,2.600000000000000089e+00,1.199999999999999956e+00,1.199999999999999956e+00,1.399999999999999911e+00
2.419999999999999929e+00,1.140742818723233798e-01,3.149091890899062829e+00,2.600000000000000089e+00,1.199999999999999956e+00,1.199999999999999956e+00,1.399999999999999911e+00
2.430000000000000160e+00,1.127642795507462770e-01,3.109541490894273341e+00,2.600000000000000089e+00,1.199999999999999956e+00,1.199999999999999956e+00,1.399999999999999911e+00
2.439999999999999947e+00,1.115219325194194699e-01,3.070440822864566766e+00,2.600000000000000089e+00,1.199999999999999956e+00,1.199999999999999956e+00,1.399999999999999911e+00
2.450000000000000178e+00,1.103447352328589676e-01,3.031787835331739789e+00,2.600000000000000089e+00,1.199999999999999956e+00,1.199999999999999956e+00,1.399999999999999911e+00
2.459999999999999964e+00,1.092303221129357071e-01,2.993580303563211142e+00,2.600000000000000089e+00,1.199999999999999956e+00,1.199999999999999956e+00,1.399999999999999911e+00
2.470000000000000195e+00,1.081764597541523543e-01,2.955815843227870054e+00,2.600000000000000089e+00,1.199999999999999956e+00,1.199999999999999956e+00,1.399999999999999911e+00
2.479999999999999982e+00,1.071810396238717239e-01,2.918491923176136371e+00,2.600000000000000089e+00,1.199999999999999956e+00,1.199999999999999956e+00,1.399999999999999911e+00
2.490000000000000213e+00,1.062420712248455523e-01,2.881605877401151261e+00,2.600000000000000089e+00,1.199999999999999956e+00,1.199999999999999956e+00,1.399999999999999911e+00
2.500000000000000000e+00,1.053576756896283662e-01,2.845154916234209352e+00,2.600000000000000089e+00,1.199999999999999956e+00,1.199999999999999956e+00,1.399999999999999911e+00
2.510000000000000231e+00,1.045260797785455553e-01,2.809136136823969121e+00,2.600000000000000089e+00,1.199999999999999956e+00,1.199999999999999956e+00,1.399999999999999911e+00
2.520000000000000018e+00,1.037456102548268977e-01,2.773546532945661003e+00,2.600000000000000089e+00,1.199999999999999956e+00,1.199999999999999956e+00,1.399999999999999911e+00
2.530000000000000249e+00,1.030146886123258082e-01,2.738383004183411629e+00,2.600000000000000089e+00,1.199999999999999956e+00,1.199999999999999956e+00,1.399999999999999911e+00
2.540000000000000036e+00,1.023318261329291129e-01,2.703642364525927544e+00,2.600000000000000089e+00,1.199999999999999956e+00,1.199999999999999956e+00,1.399999999999999911e+00
2.550000000000000266e+00,1.016956192523305463e-01,2.669321350413086602e+00,2.600000000000000089e+00,1.199999999999999956e+00,1.199999999999999956e+00,1.399999999999999911e+00
2.560000000000000053e+00,1.011047452143008230e-01,2.635416628268490324e+00,2.600000000000000089e+00,1.199999999999999956e+00,1.199999999999999956e+00,1.399999999999999911e+00
2.569999999999999840e+00,1.005579579949457403e-01,2.601924801550694610e+00,2.600000000000000089e+00,1.199999999999999956e+00,1.199999999999999956e+00,1.399999999999999911e+00
2.580000000000000071e+00,1.000540844797078166e-01,2.568842417353669472e+00,2.600000000000000089e+00,1.199999999999999956e+00,1.199999999999999956e+00,1.399999999999999911e+00
2.589999999999999858e+00,9.959202087704316364e-02,2.536165972585012085e+00,2.600000000000000089e+00,1.199999999999999956e+00,1.199999999999999956e+00,1.399999999999999911e+00
2.600000000000000089e+00,9.917072935379982190e-02,2.503891919748560735e+00,2.600000000000000089e+00,1.199999999999999956e+00,1.199999999999999956e+00,1.399999999999999911e+00
2.609999999999999876e+00,9.878923487834156969e-02,2.472016672356297740e+00,2.600000000000000089e+00,1.199999999999999956e+00,1.199999999999999956e+00,1.399999999999999911e+00
2.620000000000000107e+00,9.844662225840879188e-02,2.440536609992798756e+00,2.600000000000000089e+00,1.199999999999999956e+00,1.199999999999999956e+00,1.399999999999999911e+00
2.629999999999999893e+00,9.814203336158906776e-02,2.409448083053959966e+00,2.600000000000000089e+00,1.199999999999999956e+00,1.199999999999999956e+00,1.399999999999999911e+00
2.640000000000000124e+00,9.787466450709009225e-02,2.378747417180324231e+00,2.600000000000000089e+00,1.199999999999999956e+00,1.199999999999999956e+00,1.399999999999999911e+00
2.649999999999999911e+00,9.764376401827068452e-02,2.348430917403993679e+00,2.600000000000000089e+00,1.199999999999999956e+00,1.199999999999999956e+00,1.399999999999999911e+00
2.660000000000000142e+00,9.744862992609530650e-02,2.318494872026897191e+00,2.600000000000000089e+00,1.199999999999999956e+00,1.199999999999999956e+00,1.399999999999999911e+00
2.669999999999999929e+00,9.728860781433852634e-02,2.288935556247024827e+00,2.600000000000000089e+00,1.199999999999999956e+00,1.199999999999999956e+00,1.399999999999999911e+00
2.680000000000000160e+00,9.716308879798067621e-02,2.259749235548175861e+00,2.600000000000000089e+00,1.199999999999999956e+00,1.199999999999999956e+00,1.399999999999999911e+00
2.689999999999999947e+00,9.707150762680849532e-02,2.230932168867766130e+00,2.600000000000000089e+00,1.199999999999999956e+00,1.199999999999999956e+00,1.399999999999999911e+00
2.700000000000000178e+00,9.701334090676749788e-02,2.202480611556311363e+00,2.600000000000000089e+00,1.199999999999999956e+00,1.199999999999999956e+00,1.399999999999999911e+00
2.709999999999999964e+00,9.698810543210921453e-02,2.174390818141338055e+00,2.600000000000000089e+00,1.199999999999999956e+00,1.199999999999999956e+00,1.399999999999999911e+00
2.720000000000000195e+00,9.699535662183846052e-02,2.146659044907657687e+00,2.600000000000000089e+00,1.199999999999999956e+00,1.199999999999999956e+00,1.399999999999999911e+00
2.729999999999999982e+00,9.703468705439662056e-02,2.119281552305193550e+00,2.600000000000000089e+00,1.199999999999999956e+00,1.199999999999999956e+00,1.399999999999999911e+00
2.740000000000000213e+00,9.710572509491799398e-02,2.092254607194834026e+00,2.600000000000000089e+00,1.199999999999999956e+00,1.199999999999999956e+00,1.399999999999999911e+00
2.750000000000000000e+00,9.720813360976997275e-02,2.065574484942137801e+00,2.600000000000000089e+00,1.199999999999999956e+00,1.199999999999999956e+00,1.399999999999999911e+00
2.760000000000000231e+00,9.734160876343649071e-02,2.039237471368096521e+00,2.600000000000000089e+00,1.199999999999999956e+00,1.199999999999999956e+00,1.399999999999999911e+00
2.770000000000000018e+00,9.750587889312899159e-02,2.013239864565588899e+00,2.600000000000000089e+00,1.199999999999999956e+00,1.199999999999999956e+00,1.399999999999999911e+00
2.780000000000000249e+00,9.770070345681204638e-02,1.987577976589622208e+00,2.600000000000000089e+00,1.199999999999999956e+00,1.199999999999999956e+00,1.399999999999999911e+00
2.790000000000000036e+00,9.792587205061348277e-02,1.962248135028960228e+00,2.600000000000000089e+00,1.199999999999999956e+00,1.199999999999999956e+00,1.399999999999999911e+00
2.800000000000000266e+00,9.818120349185253948e-02,1.937246684466265023e+00,2.600000000000000089e+00,1.199999999999999956e+00,1.199999999999999956e+00,1.399999999999999911e+00
2.810000000000000053e+00,9.846654496416559765e-02,1.912569987833444340e+00,2.600000000000000089e+00,1.199999999999999956e+00,1.199999999999999956e+00,1.399999999999999911e+00
2.819999999999999840e+00,9.878177122143882993e-02,1.888214427668487794e+00,2.600000000000000089e+00,1.199999999999999956e+00,1.199999999999999956e+00,1.399999999999999911e+00
2.830000000000000071e+00,9.912678384747167226e-02,1.864176407279691361e+00,2.600000000000000089e+00,1.199999999999999956e+00,1.199999999999999956e+00,1.399999999999999911e+00
2.839999999999999858e+00,9.950151056849534936e-02,1.840452351822813304e+00,2.600000000000000089e+00,1.199999999999999956e+00,1.199999999999999956e+00,1.399999999999999911e+00
2.850000000000000089e+00,9.990590461585797943e-02,1.817038709296370458e+00,2.600000000000000089e+00,1.199999999999999956e+00,1.199999999999999956e+00,1.399999999999999911e+00
2.859999999999999876e+00,1.003399441363627825e-01,1.793931951459966090e+00,2.600000000000000089e+00,1.199999999999999956e+00,1.199999999999999956e+00,1.399999999999999911e+00
2.870000000000000107e+00,1.008036316479096195e-01,1.771128574680255863e+00,2.600000000000000089e+00,1.199999999999999956e+00,1.199999999999999956e+00,1.399999999999999911e+00
2.879999999999999893e+00,1.012969935382429798e-01,1.748625100708873781e+00,2.600000000000000089e+00,1.199999999999999956e+00,1.199999999999999956e+00,1.399999999999999911e+00
2.890000000000000124e+00,1.018200796047529499e-01,1.726418077396392636e+00,2.600000000000000089e+00,1.199999999999999956e+00,1.199999999999999956e+00,1.399999999999999911e+00
2.899999999999999911e+00,1.023729626334095172e-01,1.704504079346144341e+00,2.600000000000000089e+00,1.199999999999999956e+00,1.199999999999999956e+00,1.399999999999999911e+00
2.910000000000000142e+00,1.029557380150361162e-01,1.682879708511504813e+00,2.600000000000000089e+00,1.199999999999999956e+00,1.199999999999999956e+00,1.399999999999999911e+00
2.919999999999999929e+00,1.035685233972459540e-01,1.661541594740036709e+00,2.600000000000000089e+00,1.199999999999999956e+00,1.199999999999999956e+00,1.399999999999999911e+00
2.930000000000000160e+00,1.042114583704745329e-01,1.640486396267681446e+00,2.600000000000000089e+00,1.199999999999999956e+00,1.199999999999999956e+00,1.399999999999999911e+00
2.939999999999999947e+00,1.048847041866451668e-01,1.619710800166008990e+00,2.600000000000000089e+00,1.199999999999999956e+00,1.199999999999999956e+00,1.399999999999999911e+00
2.950000000000000178e+00,1.055884435091011264e-01,1.599211522745358716e+00,2.600000000000000089e+00,1.199999999999999956e+00,1.199999999999999956e+00,1.399999999999999911e+00
2.959999999999999964e+00,1.063228801925285988e-01,1.578985309916541180e+00,2.600000000000000089e+00,1.199999999999999956e+00,1.199999999999999956e+00,1.399999999999999911e+00
2.970000000000000195e+00,1.070882390916800403e-01,1.559028937513617041e+00,2.600000000000000089e+00,1.199999999999999956e+00,1.199999999999999956e+00,1.399999999999999911e+00
2.979999999999999982e+00,1.078847658977873381e-01,1.539339211580125433e+00,2.600000000000000089e+00,1.199999999999999956e+00,1.199999999999999956e+00,1.399999999999999911e+00
2.990000000000000213e+00,1.087127270016295666e-01,1.519912968620997340e+00,2.600000000000000089e+00,1.199999999999999956e+00,1.199999999999999956e+00,1.399999999999999911e+00
3.000000000000000000e+00,1.095724093822902229e-01,1.500747075822266741e+00,2.600000000000000089e+00,1.199999999999999956e+00,1.199999999999999956e+00,1.399999999999999911e+00
3.010000000000000231e+00,1.104641205207057969e-01,1.481838431240567688e+00,2.600000000000000089e+00,1.199999999999999956e+00,1.199999999999999956e+00,1.399999999999999911e+00
3.020000000000000018e+00,1.113881883371692916e-01,1.463183963964297618e+00,2.600000000000000089e+00,1.199999999999999956e+00,1.199999999999999956e+00,1.399999999999999911e+00
3.030000000000000249e+00,1.123449611520115493e-01,1.444780634248220119e+00,2.600000000000000089e+00,1.199999999999999956e+00,1.199999999999999956e+00,1.399999999999999911e+00
3.040000000000000036e+00,1.133348076687381023e-01,1.426625433623181838e+00,2.600000000000000089e+00,1.199999999999999956e+00,1.199999999999999956e+00,1.399999999999999911e+00
3.050000000000000266e+00,1.143581169789515267e-01,1.408715384982525798e+00,2.600000000000000089e+00,1.199999999999999956e+00,1.199999999999999956e+00,1.399999999999999911e+00
3.060000000000000053e+00,1.154152985884381866e-01,1.391047542646695057e+00,2.600000000000000089e+00,1.199999999999999956e+00,1.199999999999999956e+00,1.399999999999999911e+00
3.070000000000000284e+00,1.165067824638445215e-01,1.373618992407440231e+00,2.600000000000000089e+00,1.199999999999999956e+00,1.199999999999999956e+00,1.399999999999999911e+00
3.080000000000000071e+00,1.176330190994116093e-01,1.356426851552964941e+00,2.600000000000000089e+00,1.199999999999999956e+00,1.199999999999999956e+00,1.399999999999999911e+00
3.089999999999999858e+00,1.187944796032777001e-01,1.339468268875273260e+00,2.600000000000000089e+00,1.199999999999999956e+00,1.199999999999999956e+00,1.399999999999999911e+00
3.100000000000000089e+00,1.199916558028974733e-01,1.322740424660913572e+00,2.600000000000000089e+00,1.199999999999999956e+00,1.199999999999999956e+00,1.399999999999999911e+00
3.109999999999999876e+00,1.212250603691631956e-01,1.306240530666247901e+00,2.600000000000000089e+00,1.199999999999999956e+00,1.199999999999999956e+00,1.399999999999999911e+00
3.120000000000000107e+00,1.224952269588476667e-01,1.289965830078319442e+00,2.600000000000000089e+00,1.199999999999999956e+00,1.199999999999999956e+00,1.399999999999999911e+00
3.129999999999999893e+00,1.238027103750215102e-01,1.273913597462329017e+00,2.600000000000000089e+00,1.199999999999999956e+00,1.199999999999999956e+00,1.399999999999999911e+00
3.140000000000000124e+00,1.251480867451284229e-01,1.258081138696682366e+00,2.600000000000000089e+00,1.199999999999999956e+00,1.199999999999999956e+00,1.399999999999999911e+00
3.149999999999999911e+00,1.265319537164310837e-01,1.242465790896516875e+00,2.600000000000000089e+00,1.199999999999999956e+00,1.199999999999999956e+00,1.399999999999999911e+00
3.160000000000000142e+00,1.279549306685682231e-01,1.227064922326572161e+00,2.600000000000000089e+00,1.199999999999999956e+00,1.199999999999999956e+00,1.399999999999999911e+00
3.169999999999999929e+00,1.294176589429897606e-01,1.211875932304220527e+00,2.600000000000000089e+00,1.199999999999999956e+00,1.199999999999999956e+00,1.399999999999999911e+00
3.180000000000000160e+00,1.309208020890611501e-01,1.196896251093435115e+00,2.600000000000000089e+00,1.199999999999999956e+00,1.199999999999999956e+00,1.399999999999999911e+00
3.189999999999999947e+00,1.324650461266524970e-01,1.182123339790434047e+00,2.600000000000000089e+00,1.199999999999999956e+00,1.199999999999999956e+00,1.399999999999999911e+00
3.200000000000000178e+00,1.340510998250494801e-01,1.167554690201698442e+00,2.600000000000000089e+00,1.199999999999999956e+00,1.199999999999999956e+00,1.399999999999999911e+00
3.209999999999999964e+00,1.356796949980447198e-01,1.153187824715032672e+00,2.600000000000000089e+00,1.199999999999999956e+00,1.199999999999999956e+00,1.399999999999999911e+00
3.220000000000000195e+00,1.373515868150880226e-01,1.139020296164299673e+00,2.600000000000000089e+00,1.199999999999999956e+00,1.199999999999999956e+00,1.399999999999999911e+00
3.229999999999999982e+00,1.390675541283933059e-01,1.125049687688431721e+00,2.600000000000000089e+00,1.199999999999999956e+00,1.199999999999999956e+00,1.399999999999999911e+00
3.240000000000000213e+00,1.408283998159173545e-01,1.111273612585295112e+00,2.600000000000000089e+00,1.199999999999999956e+00,1.199999999999999956e+00,1.399999999999999911e+00
3.250000000000000000e+00,1.426349511401432957e-01,1.097689714160951624e+00,2.600000000000000089e+00,1.199999999999999956e+00,1.199999999999999956e+00,1.399999999999999911e+00
3.260000000000000231e+00,1.444880601226175842e-01,1.084295665574841694e+00,2.600000000000000089e+00,1.199999999999999956e+00,1.199999999999999956e+00,1.399999999999999911e+00
3.270000000000000018e+00,1.463886039342045253e-01,1.071089169681386455e+00,2.600000000000000089e+00,1.199999999999999956e+00,1.199999999999999956e+00,1.399999999999999911e+00
3.280000000000000249e+00,1.483374853010369920e-01,1.058067958868485148e+00,2.600000000000000089e+00,1.199999999999999956e+00,1.199999999999999956e+00,1.399999999999999911e+00
3.290000000000000036e+00,1.503356329261559821e-01,1.045229794893364206e+00,2.600000000000000089e+00,1.199999999999999956e+00,1.199999999999999956e+00,1.399999999999999911e+00
3.300000000000000266e+00,1.523840019268441759e-01,1.032572468716213221e+00,2.600000000000000089e+00,1.199999999999999956e+00,1.199999999999999956e+00,1.399999999999999911e+00
3.310000000000000053e+00,1.544835742876713713e-01,1.020093800332027456e+00,2.600000000000000089e+00,1.199999999999999956e+00,1.199999999999999956e+00,1.399999999999999911e+00
3.320000000000000284e+00,1.566353593292811874e-01,1.007791638601058359e+00,2.600000000000000089e+00,1.199999999999999956e+00,1.199999999999999956e+00,1.399999999999999911e+00
3.330000000000000071e+00,1.588403941929592555e-01,9.956638610782571064e-01,2.600000000000000089e+00,1.199999999999999956e+00,1.199999999999999956e+00,1.399999999999999911e+00
3.339999999999999858e+00,1.610997443410334962e-01,9.837083738420845380e-01,2.600000000000000089e+00,1.199999999999999956e+00,1.199999999999999956e+00,1.399999999999999911e+00
3.350000000000000089e+00,1.634145040731666554e-01,9.719231113230452079e-01,2.600000000000000089e+00,1.199999999999999956e+00,1.199999999999999956e+00,1.399999999999999911e+00
3.359999999999999876e+00,1.657857970586106289e-01,9.603060361322911520e-01,2.600000000000000089e+00,1.199999999999999956e+00,1.199999999999999956e+00,1.399999999999999911e+00
3.370000000000000107e+00,1.682147768845000391e-01,9.488551388906314443e-01,2.600000000000000089e+00,1.199999999999999956e+00,1.199999999999999956e+00,1.399999999999999911e+00
3.379999999999999893e+00,1.707026276202706638e-01,9.375684380582710586e-01,2.600000000000000089e+00,1.199999999999999956e+00,1.199999999999999956e+00,1.399999999999999911e+00
3.390000000000000124e+00,1.732505643982957810e-01,9.264439797655944497e-01,2.600000000000000089e+00,1.199999999999999956e+00,1.199999999999999956e+00,1.399999999999999911e+00
3.399999999999999911e+00,1.758598340108395164e-01,9.154798376453010533e-01,2.600000000000000089e+00,1.199999999999999956e+00,1.199999999999999956e+00,1.399999999999999911e+00
3.410000000000000142e+00,1.785317155234329711e-01,9.046741126661909105e-01,2.600000000000000089e+00,1.199999999999999956e+00,1.199999999999999956e+00,1.399999999999999911e+00
3.419999999999999929e+00,1.812675209047839853e-01,8.940249329688929603e-01,2.600000000000000089e+00,1.199999999999999956e+00,1.199999999999999956e+00,1.399999999999999911e+00
3.430000000000000160e+00,1.840685956733365825e-01,8.835304537038226602e-01,2.600000000000000089e+00,1.199999999999999956e+00,1.199999999999999956e+00,1.399999999999999911e+00
3.439999999999999947e+00,1.869363195605998895e-01,8.731888568716497101e-01,2.600000000000000089e+00,1.199999999999999956e+00,1.199999999999999956e+00,1.399999999999999911e+00
3.450000000000000178e+00,1.898721071913707925e-01,8.629983511665518803e-01,2.600000000000000089e+00,1.199999999999999956e+00,1.199999999999999956e+00,1.399999999999999911e+00
3.459999999999999964e+00,1.928774087809767002e-01,8.529571718225296140e-01,2.600000000000000089e+00,1.199999999999999956e+00,1.199999999999999956e+00,1.399999999999999911e+00
3.470000000000000195e+00,1.959537108496679780e-01,8.430635804630502994e-01,2.600000000000000089e+00,1.199999999999999956e+00,1.199999999999999956e+00,1.399999999999999911e+00
3.479999999999999982e+00,1.991025369542908929e-01,8.333158649542908858e-01,2.600000000000000089e+00,1.199999999999999956e+00,1.199999999999999956e+00,1.399999999999999911e+00
3.490000000000000213e+00,2.023254484373730455e-01,8.237123392622450746e-01,2.600000000000000089e+00,1.199999999999999956e+00,1.199999999999999956e+00,1.399999999999999911e+00
3.500000000000000000e+00,2.056240451937537406e-01,8.142513433139623169e-01,2.600000000000000089e+00,1.199999999999999956e+00,1.199999999999999956e+00,1.399999999999999911e+00
3.510000000000000231e+00,2.089999664548914948e-01,8.049312428631829608e-01,2.600000000000000089e+00,1.199999999999999956e+00,1.199999999999999956e+00,1.399999999999999911e+00
3.520000000000000018e+00,2.124548915909792168e-01,7.957504293606385559e-01,2.600000000000000089e+00,1.199999999999999956e+00,1.199999999999999956e+00,1.399999999999999911e+00
3.530000000000000249e+00,2.159905409309965385e-01,7.867073198292841019e-01,2.600000000000000089e+00,1.199999999999999956e+00,1.199999999999999956e+00,1.399999999999999911e+00
3.540000000000000036e+00,2.196086766008252811e-01,7.778003567447338007e-01,2.600000000000000089e+00,1.199999999999999956e+00,1.199999999999999956e+00,1.399999999999999911e+00
3.550000000000000266e+00,2.233111033795508737e-01,7.690280079211744280e-01,2.600000000000000089e+00,1.199999999999999956e+00,1.199999999999999956e+00,1.399999999999999911e+00
3.560000000000000053e+00,2.270996695740681304e-01,7.603887664030327675e-01,2.600000000000000089e+00,1.199999999999999956e+00,1.199999999999999956e+00,1.399999999999999911e+00
3.570000000000000284e+00,2.309762679121039053e-01,7.518811503626803283e-01,2.600000000000000089e+00,1.199999999999999956e+00,1.199999999999999956e+00,1.399999999999999911e+00
3.580000000000000071e+00,2.349428364537633485e-01,7.435037030044621131e-01,2.600000000000000089e+00,1.199999999999999956e+00,1.199999999999999956e+00,1.399999999999999911e+00
3.589999999999999858e+00,2.390013595216983477e-01,7.352549924753428723e-01,2.600000000000000089e+00,1.199999999999999956e+00,1.199999999999999956e+00,1.399999999999999911e+00
3.600000000000000089e+00,2.431538686499890023e-01,7.271336117824712675e-01,2.600000000000000089e+00,1.199999999999999956e+00,1.199999999999999956e+00,1.399999999999999911e+00
3.609999999999999876e+00,2.474024435518180631e-01,7.191381787179704776e-01,2.600000000000000089e+00,1.199999999999999956e+00,1.199999999999999956e+00,1.399999999999999911e+00
3.620000000000000107e+00,2.517492131060085625e-01,7.112673357912706606e-01,2.600000000000000089e+00,1.199999999999999956e+00,1.199999999999999956e+00,1.399999999999999911e+00
3.629999999999999893e+00,2.561963563624815032e-01,7.035197501693111199e-01,2.600000000000000089e+00,1.199999999999999956e+00,1.199999999999999956e+00,1.399999999999999911e+00
3.640000000000000124e+00,2.607461035666774340e-01,6.958941136249471304e-01,2.600000000000000089e+00,1.199999999999999956e+00,1.199999999999999956e+00,1.399999999999999911e+00
3.649999999999999911e+00,2.654007372029703049e-01,6.883891424939099224e-01,2.600000000000000089e+00,1.199999999999999956e+00,1.199999999999999956e+00,1.399999999999999911e+00
3.660000000000000142e+00,2.701625930570852874e-01,6.810035776406803132e-01,2.600000000000000089e+00,1.199999999999999956e+00,1.199999999999999956e+00,1.399999999999999911e+00
3.669999999999999929e+00,2.750340612975138987e-01,6.737361844336484662e-01,2.600000000000000089e+00,1.199999999999999956e+00,1.199999999999999956e+00,1.399999999999999911e+00
3.680000000000000160e+00,2.800175875758995625e-01,6.665857527299486884e-01,2.600000000000000089e+00,1.199999999999999956e+00,1.199999999999999956e+00,1.399999999999999911e+00
3.689999999999999947e+00,2.851156741463449218e-01,6.595510968703715005e-01,2.600000000000000089e+00,1.199999999999999956e+00,1.199999999999999956e+00,1.399999999999999911e+00
3.700000000000000178e+00,2.903308810035680199e-01,6.526310556847746414e-01,2.600000000000000089e+00,1.199999999999999956e+00,1.199999999999999956e+00,1.399999999999999911e+00
3.709999999999999964e+00,2.956658270398080379e-01,6.458244925084287713e-01,2.600000000000000089e+00,1.199999999999999956e+00,1.199999999999999956e+00,1.399999999999999911e+00
3.720000000000000195e+00,3.011231912203539696e-01,6.391302952097571710e-01,2.600000000000000089e+00,1.199999999999999956e+00,1.199999999999999956e+00,1.399999999999999911e+00
3.729999999999999982e+00,3.067057137775372477e-01,6.325473762299457237e-01,2.600000000000000089e+00,1.199999999999999956e+00,1.199999999999999956e+00,1.399999999999999911e+00
3.740000000000000213e+00,3.124161974229978100e-01,6.260746726349233349e-01,2.600000000000000089e+00,1.199999999999999956e+00,1.199999999999999956e+00,1.399999999999999911e+00
3.750000000000000000e+00,3.182575085779952850e-01,6.197111461802354837e-01,2.600000000000000089e+00,1.199999999999999956e+00,1.199999999999999956e+00,1.399999999999999911e+00
3.760000000000000231e+00,3.242325786214995675e-01,6.134557833893596879e-01,2.600000000000000089e+00,1.199999999999999956e+00,1.199999999999999956e+00,1.399999999999999911e+00
3.770000000000000018e+00,3.303444051557521410e-01,6.073075956460367575e-01,2.600000000000000089e+00,1.199999999999999956e+00,1.199999999999999956e+00,1.399999999999999911e+00
3.780000000000000249e+00,3.365960532889445966e-01,6.012656193012220207e-01,2.600000000000000089e+00,1.199999999999999956e+00,1.199999999999999956e+00,1.399999999999999911e+00
3.790000000000000036e+00,3.429906569346118372e-01,5.953289157952890154e-01,2.600000000000000089e+00,1.199999999999999956e+00,1.199999999999999956e+00,1.399999999999999911e+00
3.800000000000000266e+00,3.495314201272852750e-01,5.894965717961523355e-01,2.600000000000000089e+00,1.199999999999999956e+00,1.199999999999999956e+00,1.399999999999999911e+00
3.810000000000000053e+00,3.562216183538944869e-01,5.837676993540094061e-01,2.600000000000000089e+00,1.199999999999999956e+00,1.199999999999999956e+00,1.399999999999999911e+00
3.820000000000000284e+00,3.630645999003454527e-01,5.781414360734382640e-01,2.600000000000000089e+00,1.199999999999999956e+00,1.199999999999999956e+00,1.399999999999999911e+00
3.830000000000000071e+00,3.700637872126383288e-01,5.726169453036260570e-01,2.600000000000000089e+00,1.199999999999999956e+00,1.199999999999999956e+00,1.399999999999999911e+00
3.839999999999999858e+00,3.772226782718169913e-01,5.671934163475466084e-01,2.600000000000000089e+00,1.199999999999999956e+00,1.199999999999999956e+00,1.399999999999999911e+00
3.850000000000000089e+00,3.845448479819688070e-01,5.618700646909472463e-01,2.600000000000000089e+00,1.199999999999999956e+00,1.199999999999999956e+00,1.399999999999999911e+00
3.859999999999999876e+00,3.920339495704112109e-01,5.566461322520533939e-01,2.600000000000000089e+00,1.199999999999999956e+00,1.199999999999999956e+00,1.399999999999999911e+00
3.870000000000000107e+00,3.996937159991160171e-01,5.515208876529484883e-01,2.600000000000000089e+00,1.199999999999999956e+00,1.199999999999999956e+00,1.399999999999999911e+00
3.879999999999999893e+00,4.075279613863291850e-01,5.464936265136398630e-01,2.600000000000000089e+00,1.199999999999999956e+00,1.199999999999999956e+00,1.399999999999999911e+00
3.890000000000000124e+00,4.155405824372454537e-01,5.415636717698784075e-01,2.600000000000000089e+00,1.199999999999999956e+00,1.199999999999999956e+00,1.399999999999999911e+00
3.899999999999999911e+00,4.237355598824896208e-01,5.367303740158589909e-01,2.600000000000000089e+00,1.199999999999999956e+00,1.199999999999999956e+00,1.399999999999999911e+00
3.910000000000000142e+00,4.321169599230432201e-01,5.319931118729924746e-01,2.600000000000000089e+00,1.199999999999999956e+00,1.199999999999999956e+00,1.399999999999999911e+00
3.919999999999999929e+00,4.406889356801330093e-01,5.273512923860088630e-01,2.600000000000000089e+00,1.199999999999999956e+00,1.199999999999999956e+00,1.399999999999999911e+00
3.930000000000000160e+00,4.494557286484671677e-01,5.228043514477226372e-01,2.600000000000000089e+00,1.199999999999999956e+00,1.199999999999999956e+00,1.399999999999999911e+00
3.939999999999999947e+00,4.584216701510653302e-01,5.183517542538685907e-01,2.600000000000000089e+00,1.199999999999999956e+00,1.199999999999999956e+00,1.399999999999999911e+00
3.950000000000000178e+00,4.675911827937785925e-01,5.139929957894981971e-01,2.600000000000000089e+00,1.199999999999999956e+00,1.199999999999999956e+00,1.399999999999999911e+00
3.959999999999999964e+00,4.769687819174357468e-01,5.097276013485142476e-01,2.600000000000000089e+00,1.199999999999999956e+00,1.199999999999999956e+00,1.399999999999999911e+00
3.970000000000000195e+00,4.865590770453810388e-01,5.055551270880133119e-01,2.600000000000000089e+00,1.199999999999999956e+00,1.199999999999999956e+00,1.399999999999999911e+00
3.979999999999999982e+00,4.963667733239843227e-01,5.014751606192061617e-01,2.600000000000000089e+00,1.199999999999999956e+00,1.199999999999999956e+00,1.399999999999999911e+00
3.990000000000000213e+00,5.063966729535093192e-01,4.974873216367891593e-01,2.600000000000000089e+00,1.199999999999999956e+00,1.199999999999999956e+00,1.399999999999999911e+00
4.000000000000000000e+00,5.166536766065156216e-01,4.935912625887544647e-01,2.600000000000000089e+00,1.199999999999999956e+00,1.199999999999999956e+00,1.399999999999999911e+00
4.009999999999999787e+00,5.271427848307453923e-01,4.897866693887444889e-01,2.600000000000000089e+00,1.199999999999999956e+00,1.199999999999999956e+00,1.399999999999999911e+00
4.020000000000000462e+00,5.378690994332053776e-01,4.860732621731845282e-01,2.600000000000000089e+00,1.199999999999999956e+00,1.199999999999999956e+00,1.399999999999999911e+00
4.030000000000000249e+00,5.488378248418990246e-01,4.824507961055629068e-01,2.600000000000000089e+00,1.199999999999999956e+00,1.199999999999999956e+00,1.399999999999999911e+00
4.040000000000000036e+00,5.600542694413882527e-01,4.789190622303733935e-01,2.600000000000000089e+00,1.199999999999999956e+00,1.199999999999999956e+00,1.399999999999999911e+00
4.049999999999999822e+00,5.715238468780694525e-01,4.754778883793883137e-01,2.600000000000000089e+00,1.199999999999999956e+00,1.199999999999999956e+00,1.399999999999999911e+00
4.060000000000000497e+00,5.832520773307365847e-01,4.721271401330962014e-01,2.600000000000000089e+00,1.199999999999999956e+00,1.199999999999999956e+00,1.399999999999999911e+00
4.070000000000000284e+00,5.952445887416660808e-01,4.688667218403140824e-01,2.600000000000000089e+00,1.199999999999999956e+00,1.199999999999999956e+00,1.399999999999999911e+00
4.080000000000000071e+00,6.075071180030988671e-01,4.656965776991712769e-01,2.600000000000000089e+00,1.199999999999999956e+00,1.199999999999999956e+00,1.399999999999999911e+00
4.089999999999999858e+00,6.200455120936115838e-01,4.626166929028626140e-01,2.600000000000000089e+00,1.199999999999999956e+00,1.199999999999999956e+00,1.399999999999999911e+00
4.099999999999999645e+00,6.328657291584564026e-01,4.596270948537828360e-01,2.600000000000000089e+00,1.199999999999999956e+00,1.199999999999999956e+00,1.399999999999999911e+00
4.110000000000000320e+00,6.459738395275086420e-01,4.567278544498826198e-01,2.600000000000000089e+00,1.199999999999999956e+00,1.199999999999999956e+00,1.399999999999999911e+00
4.120000000000000107e+00,6.593760266639923096e-01,4.539190874473302273e-01,2.600000000000000089e+00,1.199999999999999956e+00,1.199999999999999956e+00,1.399999999999999911e+00
4.129999999999999893e+00,6.730785880366474405e-01,4.512009559038245854e-01,2.600000000000000089e+00,1.199999999999999956e+00,1.199999999999999956e+00,1.399999999999999911e+00
4.139999999999999680e+00,6.870879359074663073e-01,4.485736697071830981e-01,2.600000000000000089e+00,1.199999999999999956e+00,1.199999999999999956e+00,1.399999999999999911e+00
4.150000000000000355e+00,7.014105980265470386e-01,4.460374881941267522e-01,2.600000000000000089e+00,1.199999999999999956e+00,1.199999999999999956e+00,1.399999999999999911e+00
4.160000000000000142e+00,7.160532182249985667e-01,4.435927218645028813e-01,2.600000000000000089e+00,1.199999999999999956e+00,1.199999999999999956e+00,1.399999999999999911e+00
4.169999999999999929e+00,7.310225568961671305e-01,4.412397341965266229e-01,2.600000000000000089e+00,1.199999999999999956e+00,1.199999999999999956e+00,1.399999999999999911e+00
4.179999999999999716e+00,7.463254913547504588e-01,4.389789435689873121e-01,2.600000000000000089e+00,1.199999999999999956e+00,1.199999999999999956e+00,1.399999999999999911e+00
4.190000000000000391e+00,7.619690160626075848e-01,4.368108252967546901e-01,2.600000000000000089e+00,1.199999999999999956e+00,1.199999999999999956e+00,1.399999999999999911e+00
4.200000000000000178e+00,7.779602427092638939e-01,4.347359137863382461e-01,2.600000000000000089e+00,1.199999999999999956e+00,1.199999999999999956e+00,1.399999999999999911e+00
4.209999999999999964e+00,7.943064001342415859e-01,4.327548048186985463e-01,2.600000000000000089e+00,1.199999999999999956e+00,1.199999999999999956e+00,1.399999999999999911e+00
4.219999999999999751e+00,8.110148340774208098e-01,4.308681579669879635e-01,2.600000000000000089e+00,1.199999999999999956e+00,1.199999999999999956e+00,1.399999999999999911e+00
4.230000000000000426e+00,8.280930067426393038e-01,4.290766991574092581e-01,2.600000000000000089e+00,1.199999999999999956e+00,1.199999999999999956e+00,1.399999999999999911e+00
4.240000000000000213e+00,8.455484961586779979e-01,4.273812233819290762e-01,2.600000000000000089e+00,1.199999999999999956e+00,1.199999999999999956e+00,1.399999999999999911e+00
4.250000000000000000e+00,8.633889953206369539e-01,4.257825975721696854e-01,2.600000000000000089e+00,1.199999999999999956e+00,1.199999999999999956e+00,1.399999999999999911e+00
4.259999999999999787e+00,8.816223110934882090e-01,4.242817636444308205e-01,2.600000000000000089e+00,1.199999999999999956e+00,1.199999999999999956e+00,1.399999999999999911e+00
4.270000000000000462e+00,9.002563628582828104e-01,4.228797417264670289e-01,2.600000000000000089e+00,1.199999999999999956e+00,1.199999999999999956e+00,1.399999999999999911e+00
4.280000000000000249e+00,9.192991808800921039e-01,4.215776335773667172e-01,2.600000000000000089e+00,1.199999999999999956e+00,1.199999999999999956e+00,1.399999999999999911e+00
4.290000000000000036e+00,9.387589043752593287e-01,4.203766262126527598e-01,2.600000000000000089e+00,1.199999999999999956e+00,1.199999999999999956e+00,1.399999999999999911e+00
4.299999999999999822e+00,9.586437792539360681e-01,4.192779957475516461e-01,2.600000000000000089e+00,1.199999999999999956e+00,1.199999999999999956e+00,1.399999999999999911e+00
4.310000000000000497e+00,9.789621555121524876e-01,4.182831114722665444e-01,2.600000000000000089e+00,1.199999999999999956e+00,1.199999999999999956e+00,1.399999999999999911e+00
4.320000000000000284e+00,9.997224842458293237e-01,4.173934401740402311e-01,2.600000000000000089e+00,1.199999999999999956e+00,1.199999999999999956e+00,1.399999999999999911e+00
4.330000000000000071e+00,1.020933314257162827e+00,4.166105507218133552e-01,2.600000000000000089e+00,1.199999999999999956e+00,1.199999999999999956e+00,1.399999999999999911e+00
4.339999999999999858e+00,1.042603288221697788e+00,4.159361189303761308e-01,2.600000000000000089e+00,1.199999999999999956e+00,1.199999999999999956e+00,1.399999999999999911e+00
4.350000000000000533e+00,1.064741138382136132e+00,4.153719327220818380e-01,2.600000000000000089e+00,1.199999999999999956e+00,1.199999999999999956e+00,1.399999999999999911e+00
4.360000000000000320e+00,1.087355681732499191e+00,4.149198976054455645e-01,2.600000000000000089e+00,1.199999999999999956e+00,1.199999999999999956e+00,1.399999999999999911e+00
4.370000000000000107e+00,1.110455814653658058e+00,4.145820424912964319e-01,2.600000000000000089e+00,1.199999999999999956e+00,1.199999999999999956e+00,1.399999999999999911e+00
4.379999999999999893e+00,1.134050506958460325e+00,4.143605258685916226e-01,2.600000000000000089e+00,1.199999999999999956e+00,1.199999999999999956e+00,1.399999999999999911e+00
4.389999999999999680e+00,1.158148795301692457e+00,4.142576423635442873e-01,2.600000000000000089e+00,1.199999999999999956e+00,1.199999999999999956e+00,1.399999999999999911e+00
4.400000000000000355e+00,1.182759775906916611e+00,4.142758297073707574e-01,2.600000000000000089e+00,1.199999999999999956e+00,1.199999999999999956e+00,1.399999999999999911e+00
4.410000000000000142e+00,1.207892596558796994e+00,4.144176761397329600e-01,2.600000000000000089e+00,1.199999999999999956e+00,1.199999999999999956e+00,1.399999999999999911e+00
4.419999999999999929e+00,1.233556447805859158e+00,4.146859282768476929e-01,2.600000000000000089e+00,1.199999999999999956e+00,1.199999999999999956e+00,1.399999999999999911e+00
4.429999999999999716e+00,1.259760553314695830e+00,4.150834994752634066e-01,2.600000000000000089e+00,1.199999999999999956e+00,1.199999999999999956e+00,1.399999999999999911e+00
4.440000000000000391e+00,1.286514159312427408e+00,4.156134787244761264e-01,2.600000000000000089e+00,1.199999999999999956e+00,1.199999999999999956e+00,1.399999999999999911e+00
4.450000000000000178e+00,1.313826523049725026e+00,4.162791401038783423e-01,2.600000000000000089e+00,1.199999999999999956e+00,1.199999999999999956e+00,1.399999999999999911e+00
4.459999999999999964e+00,1.341706900211883990e+00,4.170839528420163256e-01,2.600000000000000089e+00,1.199999999999999956e+00,1.199999999999999956e+00,1.399999999999999911e+00
4.469999999999999751e+00,1.370164531200288138e+00,4.180315920187841483e-01,2.600000000000000089e+00,1.199999999999999956e+00,1.199999999999999956e+00,1.399999999999999911e+00
4.480000000000000426e+00,1.399208626201093875e+00,4.191259499540131439e-01,2.600000000000000089e+00,1.199999999999999956e+00,1.199999999999999956e+00,1.399999999999999911e+00
4.490000000000000213e+00,1.428848348952078906e+00,4.203711483289381823e-01,2.600000000000000089e+00,1.199999999999999956e+00,1.199999999999999956e+00,1.399999999999999911e+00
4.500000000000000000e+00,1.459092799112309491e+00,4.217715510902416143e-01,2.600000000000000089e+00,1.199999999999999956e+00,1.199999999999999956e+00,1.399999999999999911e+00
4.509999999999999787e+00,1.489950993132570733e+00,4.233317781898079946e-01,2.600000000000000089e+00,1.199999999999999956e+00,1.199999999999999956e+00,1.399999999999999911e+00
4.520000000000000462e+00,1.521431843517336846e+00,4.250567202169714953e-01,2.600000000000000089e+00,1.199999999999999956e+00,1.199999999999999956e+00,1.399999999999999911e+00
4.530000000000000249e+00,1.553544136361428407e+00,4.269515539839178753e-01,2.600000000000000089e+00,1.199999999999999956e+00,1.199999999999999956e+00,1.399999999999999911e+00
4.540000000000000036e+00,1.586296507036361492e+00,4.290217591290191868e-01,2.600000000000000089e+00,1.199999999999999956e+00,1.199999999999999956e+00,1.399999999999999911e+00
4.549999999999999822e+00,1.619697413892743132e+00,4.312731358072419141e-01,2.600000000000000089e+00,1.199999999999999956e+00,1.199999999999999956e+00,1.399999999999999911e+00
4.560000000000000497e+00,1.653755109835856274e+00,4.337118235413838785e-01,2.600000000000000089e+00,1.199999999999999956e+00,1.199999999999999956e+00,1.399999999999999911e+00
4.570000000000000284e+00,1.688477611621808316e+00,4.363443213127657372e-01,2.600000000000000089e+00,1.199999999999999956e+00,1.199999999999999956e+00,1.399999999999999911e+00
4.580000000000000071e+00,1.723872666711245616e+00,4.391775089751347450e-01,2.600000000000000089e+00,1.199999999999999956e+00,1.199999999999999956e+00,1.399999999999999911e+00
4.589999999999999858e+00,1.759947717506666676e+00,4.422186700809286330e-01,2.600000000000000089e+00,1.199999999999999956e+00,1.199999999999999956e+00,1.399999999999999911e+00
4.600000000000000533e+00,1.796709862787756462e+00,4.454755162146929459e-01,2.600000000000000089e+00,1.199999999999999956e+00,1.199999999999999956e+00,1.399999999999999911e+00
4.610000000000000320e+00,1.834165816146929862e+00,4.489562129343395158e-01,2.600000000000000089e+00,1.199999999999999956e+00,1.199999999999999956e+00,1.399999999999999911e+00
4.620000000000000107e+00,1.872321861214382821e+00,4.526694074270606882e-01,2.600000000000000089e+00,1.199999999999999956e+00,1.199999999999999956e+00,1.399999999999999911e+00
4.629999999999999893e+00,1.911183803448419649e+00,4.566242579930543943e-01,2.600000000000000089e+00,1.199999999999999956e+00,1.199999999999999956e+00,1.399999999999999911e+00
4.639999999999999680e+00,1.950756918252665617e+00,4.608304654767404474e-01,2.600000000000000089e+00,1.199999999999999956e+00,1.199999999999999956e+00,1.399999999999999911e+00
4.650000000000000355e+00,1.991045895166986268e+00,4.652983067718199361e-01,2.600000000000000089e+00,1.199999999999999956e+00,1.199999999999999956e+00,1.399999999999999911e+00
4.660000000000000142e+00,2.032054777863582462e+00,4.700386705332958437e-01,2.600000000000000089e+00,1.199999999999999956e+00,1.199999999999999956e+00,1.399999999999999911e+00
4.669999999999999929e+00,2.073786899663828454e+00,4.750630952363701365e-01,2.600000000000000089e+00,1.199999999999999956e+00,1.199999999999999956e+00,1.399999999999999911e+00
4.679999999999999716e+00,2.116244814275070496e+00,4.803838097288784525e-01,2.600000000000000089e+00,1.199999999999999956e+00,1.199999999999999956e+00,1.399999999999999911e+00
4.690000000000000391e+00,2.159430221429872621e+00,4.860137764305142993e-01,2.600000000000000089e+00,1.199999999999999956e+00,1.199999999999999956e+00,1.399999999999999911e+00
4.700000000000000178e+00,2.203343887093218711e+00,4.919667373384057352e-01,2.600000000000000089e+00,1.199999999999999956e+00,1.199999999999999956e+00,1.399999999999999911e+00
4.709999999999999964e+00,2.247985557886117647e+00,4.982572630044812545e-01,2.600000000000000089e+00,1.199999999999999956e+00,1.199999999999999956e+00,1.399999999999999911e+00
4.719999999999999751e+00,2.293353869357078967e+00,5.049008046553130624e-01,2.600000000000000089e+00,1.199999999999999956e+00,1.199999999999999956e+00,1.399999999999999911e+00
4.730000000000000426e+00,2.339446247716320482e+00,5.119137496295208534e-01,2.600000000000000089e+00,1.199999999999999956e+00,1.199999999999999956e+00,1.399999999999999911e+00
4.740000000000000213e+00,2.386258804631579800e+00,5.193134803110904807e-01,2.600000000000000089e+00,1.199999999999999956e+00,1.199999999999999956e+00,1.399999999999999911e+00
4.750000000000000000e+00,2.433786224669454601e+00,5.271184367387758973e-01,2.600000000000000089e+00,1.199999999999999956e+00,1.199999999999999956e+00,1.399999999999999911e+00
4.759999999999999787e+00,2.482021644952686401e+00,5.353481830717208290e-01,2.600000000000000089e+00,1.199999999999999956e+00,1.199999999999999956e+00,1.399999999999999911e+00
4.770000000000000462e+00,2.530956526592296196e+00,5.440234780890990107e-01,2.600000000000000089e+00,1.199999999999999956e+00,1.199999999999999956e+00,1.399999999999999911e+00
4.780000000000000249e+00,2.580580517444616362e+00,5.531663498963748093e-01,2.600000000000000089e+00,1.199999999999999956e+00,1.199999999999999956e+00,1.399999999999999911e+00
4.790000000000000036e+00,2.630881305737780451e+00,5.628001750020997784e-01,2.600000000000000089e+00,1.199999999999999956e+00,1.199999999999999956e+00,1.399999999999999911e+00
4.799999999999999822e+00,2.681844464111077464e+00,5.729497619162181588e-01,2.600000000000000089e+00,1.199999999999999956e+00,1.199999999999999956e+00,1.399999999999999911e+00
4.810000000000000497e+00,2.733453283614767582e+00,5.836414394027962249e-01,2.600000000000000089e+00,1.199999999999999956e+00,1.199999999999999956e+00,1.399999999999999911e+00
4.820000000000000284e+00,2.785688597228792140e+00,5.949031494958825217e-01,2.600000000000000089e+00,1.199999999999999956e+00,1.199999999999999956e+00,1.399999999999999911e+00
4.830000000000000071e+00,2.838528592477708834e+00,6.067645453556846924e-01,2.600000000000000089e+00,1.199999999999999956e+00,1.199999999999999956e+00,1.399999999999999911e+00
4.839999999999999858e+00,2.891948612747875735e+00,6.192570940020463155e-01,2.600000000000000089e+00,1.199999999999999956e+00,1.199999999999999956e+00,1.399999999999999911e+00
4.850000000000000533e+00,2.945920946953338060e+00,6.324141839117768393e-01,2.600000000000000089e+00,1.199999999999999956e+00,1.199999999999999956e+00,1.399999999999999911e+00
4.860000000000000320e+00,3.000414607251311150e+00,6.462712374039506491e-01,2.600000000000000089e+00,1.199999999999999956e+00,1.199999999999999956e+00,1.399999999999999911e+00
4.870000000000000107e+00,3.055395094579195892e+00,6.608658276608323501e-01,2.600000000000000089e+00,1.199999999999999956e+00,1.199999999999999956e+00,1.399999999999999911e+00
4.879999999999999893e+00,3.110824151875656085e+00,6.762378001393356541e-01,2.600000000000000089e+00,1.199999999999999956e+00,1.199999999999999956e+00,1.399999999999999911e+00
4.889999999999999680e+00,3.166659504961766292e+00,6.924293980163290785e-01,2.600000000000000089e+00,1.199999999999999956e+00,1.199999999999999956e+00,1.399999999999999911e+00
4.900000000000000355e+00,3.222854591198389240e+00,7.094853911778277178e-01,2.600000000000000089e+00,1.199999999999999956e+00,1.199999999999999956e+00,1.399999999999999911e+00
4.910000000000000142e+00,3.279358276206937539e+00,7.274532081040253617e-01,2.600000000000000089e+00,1.199999999999999956e+00,1.199999999999999956e+00,1.399999999999999911e+00
4.919999999999999929e+00,3.336114559147191461e+00,7.463830698157959409e-01,2.600000000000000089e+00,1.199999999999999956e+00,1.199999999999999956e+00,1.399999999999999911e+00
4.929999999999999716e+00,3.393062267292974443e+00,7.663281248300334303e-01,2.600000000000000089e+00,1.199999999999999956e+00,1.199999999999999956e+00,1.399999999999999911e+00
4.940000000000000391e+00,3.450134740939800881e+00,7.873445838170477495e-01,2.600000000000000089e+00,1.199999999999999956e+00,1.199999999999999956e+00,1.399999999999999911e+00
4.950000000000000178e+00,3.507259510024018923e+00,8.094918523590654003e-01,2.600000000000000089e+00,1.199999999999999956e+00,1.199999999999999956e+00,1.399999999999999911e+00
4.959999999999999964e+00,3.564357964236764431e+00,8.328326598704430817e-01,2.600000000000000089e+00,1.199999999999999956e+00,1.199999999999999956e+00,1.399999999999999911e+00
4.969999999999999751e+00,3.621345018884699840e+00,8.574331823532762575e-01,2.600000000000000089e+00,1.199999999999999956e+00,1.199999999999999956e+00,1.399999999999999911e+00
4.980000000000000426e+00,3.678128779289525863e+00,8.833631562226142986e-01,2.600000000000000089e+00,1.199999999999999956e+00,1.199999999999999956e+00,1.399999999999999911e+00
4.990000000000000213e+00,3.734610207136010995e+00,9.106959799398580691e-01,2.600000000000000089e+00,1.199999999999999956e+00,1.199999999999999956e+00,1.399999999999999911e+00
5.000000000000000000e+00,3.790682792879579655e+00,9.395087996381661366e-01,2.600000000000000089e+00,1.199999999999999956e+00,1.199999999999999956e+00,1.399999999999999911e+00
5.009999999999999787e+00,3.846232239114323104e+00,9.698825743079837469e-01,2.600000000000000089e+00,1.199999999999999956e+00,1.199999999999999956e+00,1.399999999999999911e+00
5.020000000000000462e+00,3.901136160684141263e+00,1.001902115433818796e+00,2.600000000000000089e+00,1.199999999999999956e+00,1.199999999999999956e+00,1.399999999999999911e+00
5.030000000000000249e+00,3.955263808295089945e+00,1.035656095236931584e+00,2.600000000000000089e+00,1.199999999999999956e+00,1.199999999999999956e+00,1.399999999999999911e+00
5.040000000000000036e+00,4.008475823454477727e+00,1.071237016887317095e+00,2.600000000000000089e+00,1.199999999999999956e+00,1.199999999999999956e+00,1.399999999999999911e+00
5.049999999999999822e+00,4.060624033716638159e+00,1.108741139210521087e+00,2.600000000000000089e+00,1.199999999999999956e+00,1.199999999999999956e+00,1.399999999999999911e+00
5.060000000000000497e+00,4.111551298446475933e+00,1.148268347543315970e+00,2.600000000000000089e+00,1.199999999999999956e+00,1.199999999999999956e+00,1.399999999999999911e+00
5.070000000000000284e+00,4.161091416603418303e+00,1.189921961505636228e+00,2.600000000000000089e+00,1.199999999999999956e+00,1.199999999999999956e+00,1.399999999999999911e+00
5.080000000000000071e+00,4.209069109376353701e+00,1.233808469579842582e+00,2.600000000000000089e+00,1.199999999999999956e+00,1.199999999999999956e+00,1.399999999999999911e+00
5.089999999999999858e+00,4.255300091831086817e+00,1.280037179555878257e+00,2.600000000000000089e+00,1.199999999999999956e+00,1.199999999999999956e+00,1.399999999999999911e+00
5.100000000000000533e+00,4.299591249021692541e+00,1.328719773155083272e+00,2.600000000000000089e+00,1.199999999999999956e+00,1.199999999999999956e+00,1.399999999999999911e+00
5.110000000000000320e+00,4.341740933209159437e+00,1.379969752539773165e+00,2.600000000000000089e+00,1.199999999999999956e+00,1.199999999999999956e+00,1.399999999999999911e+00
5.120000000000000107e+00,4.381539399854188943e+00,1.433901766015112322e+00,2.600000000000000089e+00,1.199999999999999956e+00,1.199999999999999956e+00,1.399999999999999911e+00
5.129999999999999893e+00,4.418769400820163007e+00,1.490630800111359511e+00,2.600000000000000089e+00,1.199999999999999956e+00,1.199999999999999956e+00,1.399999999999999911e+00
5.139999999999999680e+00,4.453206953635554299e+00,1.550271225487433124e+00,2.600000000000000089e+00,1.199999999999999956e+00,1.199999999999999956e+00,1.399999999999999911e+00
5.150000000000000355e+00,4.484622305605386217e+00,1.612935684821401594e+00,2.600000000000000089e+00,1.199999999999999956e+00,1.199999999999999956e+00,1.399999999999999911e+00
5.160000000000000142e+00,4.512781110897688741e+00,1.678733812159828975e+00,2.600000000000000089e+00,1.199999999999999956e+00,1.199999999999999956e+00,1.399999999999999911e+00
5.169999999999999929e+00,4.537445837320974285e+00,1.747770775201663351e+00,2.600000000000000089e+00,1.199999999999999956e+00,1.199999999999999956e+00,1.399999999999999911e+00
5.179999999999999716e+00,4.558377417204204640e+00,1.820145634810091728e+00,2.600000000000000089e+00,1.199999999999999956e+00,1.199999999999999956e+00,1.399999999999999911e+00
5.190000000000000391e+00,4.575337153444154481e+00,1.895949519787478721e+00,2.600000000000000089e+00,1.199999999999999956e+00,1.199999999999999956e+00,1.399999999999999911e+00
5.200000000000000178e+00,4.588088887260020954e+00,1.975263619707993579e+00,2.600000000000000089e+00,1.199999999999999956e+00,1.199999999999999956e+00,1.399999999999999911e+00
5.209999999999999964e+00,4.596401428378852572e+00,2.058157004445517746e+00,2.600000000000000089e+00,1.199999999999999956e+00,1.199999999999999956e+00,1.399999999999999911e+00
5.219999999999999751e+00,4.600051241194054619e+00,2.144684285984341798e+00,2.600000000000000089e+00,1.199999999999999956e+00,1.199999999999999956e+00,1.399999999999999911e+00
5.230000000000000426e+00,4.598825371876174906e+00,2.234883146122225828e+00,2.600000000000000089e+00,1.199999999999999956e+00,1.199999999999999956e+00,1.399999999999999911e+00
5.240000000000000213e+00,4.592524591529822509e+00,2.328771762659926026e+00,2.600000000000000089e+00,1.199999999999999956e+00,1.199999999999999956e+00,1.399999999999999911e+00
5.250000000000000000e+00,4.580966719438327672e+00,2.426346176417497169e+00,2.600000000000000089e+00,1.199999999999999956e+00,1.199999999999999956e+00,1.399999999999999911e+00
5.259999999999999787e+00,4.563990078487701219e+00,2.527577651619973498e+00,2.600000000000000089e+00,1.199999999999999956e+00,1.199999999999999956e+00,1.399999999999999911e+00
5.270000000000000462e+00,4.541457022410089195e+00,2.632410092434069426e+00,2.600000000000000089e+00,1.199999999999999956e+00,1.199999999999999956e+00,1.399999999999999911e+00
5.280000000000000249e+00,4.513257462064532710e+00,2.740757588178808657e+00,2.600000000000000089e+00,1.199999999999999956e+00,1.199999999999999956e+00,1.399999999999999911e+00
5.290000000000000036e+00,4.479312306239811470e+00,2.852502168335750099e+00,2.600000000000000089e+00,1.199999999999999956e+00,1.199999999999999956e+00,1.399999999999999911e+00
5.299999999999999822e+00,4.439576722193685043e+00,2.967491855223528763e+00,2.600000000000000089e+00,1.199999999999999956e+00,1.199999999999999956e+00,1.399999999999999911e+00
5.310000000000000497e+00,4.394043113188085492e+00,3.085539106303648360e+00,2.600000000000000089e+00,1.199999999999999956e+00,1.199999999999999956e+00,1.399999999999999911e+00
5.320000000000000284e+00,4.342743705524130249e+00,3.206419738780391882e+00,2.600000000000000089e+00,1.199999999999999956e+00,1.199999999999999956e+00,1.399999999999999911e+00
5.330000000000000071e+00,4.285752636871826837e+00,3.329872425747179232e+00,2.600000000000000089e+00,1.199999999999999956e+00,1.199999999999999956e+00,1.399999999999999911e+00
5.339999999999999858e+00,4.223187441759971961e+00,3.455598845059244972e+00,2.600000000000000089e+00,1.199999999999999956e+00,1.199999999999999956e+00,1.399999999999999911e+00
5.350000000000000533e+00,4.155209839474045097e+00,3.583264549047141312e+00,2.600000000000000089e+00,1.199999999999999956e+00,1.199999999999999956e+00,1.399999999999999911e+00
5.360000000000000320e+00,4.082025744549908630e+00,3.712500605095698347e+00,2.600000000000000089e+00,1.199999999999999956e+00,1.199999999999999956e+00,1.399999999999999911e+00
5.370000000000000107e+00,4.003884440435427017e+00,3.842906034326897036e+00,2.600000000000000089e+00,1.199999999999999956e+00,1.199999999999999956e+00,1.399999999999999911e+00
5.379999999999999893e+00,3.921076882197200852e+00,3.974051048865643754e+00,2.600000000000000089e+00,1.199999999999999956e+00,1.199999999999999956e+00,1.399999999999999911e+00
5.389999999999999680e+00,3.833933123424912104e+00,4.105481058552781448e+00,2.600000000000000089e+00,1.199999999999999956e+00,1.199999999999999956e+00,1.399999999999999911e+00
5.400000000000000355e+00,3.742818894378522110e+00,4.236721386971621151e+00,2.600000000000000089e+00,1.199999999999999956e+00,1.199999999999999956e+00,1.399999999999999911e+00
5.410000000000000142e+00,3.648131391249073818e+00,4.367282606013761281e+00,2.600000000000000089e+00,1.199999999999999956e+00,1.199999999999999956e+00,1.399999999999999911e+00
5.419999999999999929e+00,3.550294368259545141e+00,4.496666369812535535e+00,2.600000000000000089e+00,1.199999999999999956e+00,1.199999999999999956e+00,1.399999999999999911e+00
5.429999999999999716e+00,3.449752653246445533e+00,4.624371604594436747e+00,2.600000000000000089e+00,1.199999999999999956e+00,1.199999999999999956e+00,1.399999999999999911e+00
5.440000000000000391e+00,3.346966231464466812e+00,4.749900892539536734e+00,2.600000000000000089e+00,1.199999999999999956e+00,1.199999999999999956e+00,1.399999999999999911e+00
5.450000000000000178e+00,3.242404060045882108e+00,4.872766876460715935e+00,2.600000000000000089e+00,1.199999999999999956e+00,1.199999999999999956e+00,1.399999999999999911e+00
5.459999999999999964e+00,3.136537785647353971e+00,4.992498508891241471e+00,2.600000000000000089e+00,1.199999999999999956e+00,1.199999999999999956e+00,1.399999999999999911e+00
5.469999999999999751e+00,3.029835539690215906e+00,5.108646974323851175e+00,2.600000000000000089e+00,1.199999999999999956e+00,1.199999999999999956e+00,1.399999999999999911e+00
5.480000000000000426e+00,2.922755979204018306e+00,5.220791126578350649e+00,2.600000000000000089e+00,1.199999999999999956e+00,1.199999999999999956e+00,1.399999999999999911e+00
5.490000000000000213e+00,2.815742727171322013e+00,5.328542303714098871e+00,2.600000000000000089e+00,1.199999999999999956e+00,1.199999999999999956e+00,1.399999999999999911e+00
5.500000000000000000e+00,2.709219345533156798e+00,5.431548409177123560e+00,2.600000000000000089e+00,1.199999999999999956e+00,1.199999999999999956e+00,1.399999999999999911e+00
5.509999999999999787e+00,2.603584948159448409e+00,5.529497178242781530e+00,2.600000000000000089e+00,1.199999999999999956e+00,1.199999999999999956e+00,1.399999999999999911e+00
5.520000000000000462e+00,2.499210531899088483e+00,5.622118581346034816e+00,2.600000000000000089e+00,1.199999999999999956e+00,1.199999999999999956e+00,1.399999999999999911e+00
5.530000000000000249e+00,2.396436073187333093e+00,5.709186348616254847e+00,2.600000000000000089e+00,1.199999999999999956e+00,1.199999999999999956e+00,1.399999999999999911e+00
5.540000000000000036e+00,2.295568407432815761e+00,5.790518631020467488e+00,2.600000000000000089e+00,1.199999999999999956e+00,1.199999999999999956e+00,1.399999999999999911e+00
5.549999999999999822e+00,2.196879880161012100e+00,5.865977841407104876e+00,2.600000000000000089e+00,1.199999999999999956e+00,1.199999999999999956e+00,1.399999999999999911e+00
5.560000000000000497e+00,2.100607733975605740e+00,5.935469742237608592e+00,2.600000000000000089e+00,1.199999999999999956e+00,1.199999999999999956e+00,1.399999999999999911e+00
5.570000000000000284e+00,2.006954174759731924e+00,5.998941865119467032e+00,2.600000000000000089e+00,1.199999999999999956e+00,1.199999999999999956e+00,1.399999999999999911e+00
5.580000000000000071e+00,1.916087044724369637e+00,6.056381360059877927e+00,2.600000000000000089e+00,1.199999999999999956e+00,1.199999999999999956e+00,1.399999999999999911e+00
5.589999999999999858e+00,1.828141019089144059e+00,6.107812379684640192e+00,2.600000000000000089e+00,1.199999999999999956e+00,1.199999999999999956e+00,1.399999999999999911e+00
5.600000000000000533e+00,1.743219237185477555e+00,6.153293105883132164e+00,2.600000000000000089e+00,1.199999999999999956e+00,1.199999999999999956e+00,1.399999999999999911e+00
5.610000000000000320e+00,1.661395277171019647e+00,6.192912524069181579e+00,2.600000000000000089e+00,1.199999999999999956e+00,1.199999999999999956e+00,1.399999999999999911e+00
5.620000000000000107e+00,1.582715385716622292e+00,6.226787044275438276e+00,2.600000000000000089e+00,1.199999999999999956e+00,1.199999999999999956e+00,1.399999999999999911e+00
5.629999999999999893e+00,1.507200879241497704e+00,6.255057059491996974e+00,2.600000000000000089e+00,1.199999999999999956e+00,1.199999999999999956e+00,1.399999999999999911e+00
5.639999999999999680e+00,1.434850640758354778e+00,6.277883520891599289e+00,2.600000000000000089e+00,1.199999999999999956e+00,1.199999999999999956e+00,1.399999999999999911e+00
5.650000000000000355e+00,1.365643645398437300e+00,6.295444597674161535e+00,2.600000000000000089e+00,1.199999999999999956e+00,1.199999999999999956e+00,1.399999999999999911e+00
5.660000000000000142e+00,1.299541457531903088e+00,6.307932476937988753e+00,2.600000000000000089e+00,1.199999999999999956e+00,1.199999999999999956e+00,1.399999999999999911e+00
5.669999999999999929e+00,1.236490652492207909e+00,6.315550346848144869e+00,2.600000000000000089e+00,1.199999999999999956e+00,1.199999999999999956e+00,1.399999999999999911e+00
5.679999999999999716e+00,1.176425125775083513e+00,6.318509594896112525e+00,2.600000000000000089e+00,1.199999999999999956e+00,1.199999999999999956e+00,1.399999999999999911e+00
5.690000000000000391e+00,1.119268261848965329e+00,6.317027242569876577e+00,2.600000000000000089e+00,1.199999999999999956e+00,1.199999999999999956e+00,1.399999999999999911e+00
5.700000000000000178e+00,1.064934943129548506e+00,6.311323628499222238e+00,2.600000000000000089e+00,1.199999999999999956e+00,1.199999999999999956e+00,1.399999999999999911e+00
5.709999999999999964e+00,1.013333387080047610e+00,6.301620344220819625e+00,2.600000000000000089e+00,1.199999999999999956e+00,1.199999999999999956e+00,1.399999999999999911e+00
5.719999999999999751e+00,9.643668057274883409e-01,6.288138420147935115e+00,2.600000000000000089e+00,1.199999999999999956e+00,1.199999999999999956e+00,1.399999999999999911e+00
5.730000000000000426e+00,9.179348871275705424e-01,6.271096754089276359e+00,2.600000000000000089e+00,1.199999999999999956e+00,1.199999999999999956e+00,1.399999999999999911e+00
5.740000000000000213e+00,8.739351025102950477e-01,6.250710770650496961e+00,2.600000000000000089e+00,1.199999999999999956e+00,1.199999999999999956e+00,1.399999999999999911e+00
5.750000000000000000e+00,8.322638460749348654e-01,6.227191296948243249e+00,2.600000000000000089e+00,1.199999999999999956e+00,1.199999999999999956e+00,1.399999999999999911e+00
5.759999999999999787e+00,7.928174167775337011e-01,6.200743638130421509e+00,2.600000000000000089e+00,1.199999999999999956e+00,1.199999999999999956e+00,1.399999999999999911e+00
5.770000000000000462e+00,7.554928530797507813e-01,6.171566835081214286e+00,2.600000000000000089e+00,1.199999999999999956e+00,1.199999999999999956e+00,1.399999999999999911e+00
5.780000000000000249e+00,7.201886326202528998e-01,6.139853086251137348e+00,2.600000000000000089e+00,1.199999999999999956e+00,1.199999999999999956e+00,1.399999999999999911e+00
5.790000000000000036e+00,6.868052492413272425e-01,6.105787315655269332e+00,2.600000000000000089e+00,1.199999999999999956e+00,1.199999999999999956e+00,1.399999999999999911e+00
5.799999999999999822e+00,6.552456798586089315e-01,6.069546869603271944e+00,2.600000000000000089e+00,1.199999999999999956e+00,1.199999999999999956e+00,1.399999999999999911e+00
5.810000000000000497e+00,6.254157533950871484e-01,6.031301325554083270e+00,2.600000000000000089e+00,1.199999999999999956e+00,1.199999999999999956e+00,1.399999999999999911e+00
5.820000000000000284e+00,5.972244334944508681e-01,5.991212397532792444e+00,2.600000000000000089e+00,1.199999999999999956e+00,1.199999999999999956e+00,1.399999999999999911e+00
5.830000000000000071e+00,5.705840260537966557e-01,5.949433923729108287e+00,2.600000000000000089e+00,1.199999999999999956e+00,1.199999999999999956e+00,1.399999999999999911e+00
5.839999999999999858e+00,5.454103218304054979e-01,5.906111923152396415e+00,2.600000000000000089e+00,1.199999999999999956e+00,1.199999999999999956e+00,1.399999999999999911e+00
5.850000000000000533e+00,5.216226835293349406e-01,5.861384709497025725e+00,2.600000000000000089e+00,1.199999999999999956e+00,1.199999999999999956e+00,1.399999999999999911e+00
5.860000000000000320e+00,4.991440859056946455e-01,5.815383051634905875e+00,2.600000000000000089e+00,1.199999999999999956e+00,1.199999999999999956e+00,1.399999999999999911e+00
5.870000000000000107e+00,4.779011165466901523e-01,5.768230371370866472e+00,2.600000000000000089e+00,1.199999999999999956e+00,1.199999999999999956e+00,1.399999999999999911e+00
5.879999999999999893e+00,4.578239441554134981e-01,5.720042970250557524e+00,2.600000000000000089e+00,1.199999999999999956e+00,1.199999999999999956e+00,1.399999999999999911e+00
5.889999999999999680e+00,4.388462603562801045e-01,5.670930278286421711e+00,2.600000000000000089e+00,1.199999999999999956e+00,1.199999999999999956e+00,1.399999999999999911e+00
5.900000000000000355e+00,4.209052002912203050e-01,5.620995118457119410e+00,2.600000000000000089e+00,1.199999999999999956e+00,1.199999999999999956e+00,1.399999999999999911e+00
5.910000000000000142e+00,4.039412465824096521e-01,5.570333981736128592e+00,2.600000000000000089e+00,1.199999999999999956e+00,1.199999999999999956e+00,1.399999999999999911e+00
5.919999999999999929e+00,3.878981206044545549e-01,5.519037308215884785e+00,2.600000000000000089e+00,1.199999999999999956e+00,1.199999999999999956e+00,1.399999999999999911e+00
5.929999999999999716e+00,3.727226644370923436e-01,5.467189770617053135e+00,2.600000000000000089e+00,1.199999999999999956e+00,1.199999999999999956e+00,1.399999999999999911e+00
5.940000000000000391e+00,3.583647163573733807e-01,5.414870557112409166e+00,2.600000000000000089e+00,1.199999999999999956e+00,1.199999999999999956e+00,1.399999999999999911e+00
5.950000000000000178e+00,3.447769822754466196e-01,5.362153650956464901e+00,2.600000000000000089e+00,1.199999999999999956e+00,1.199999999999999956e+00,1.399999999999999911e+00
5.959999999999999964e+00,3.319149051170811049e-01,5.309108104901378411e+00,2.600000000000000089e+00,1.199999999999999956e+00,1.199999999999999956e+00,1.399999999999999911e+00
5.969999999999999751e+00,3.197365338050162098e-01,5.255798308802983598e+00,2.600000000000000089e+00,1.199999999999999956e+00,1.199999999999999956e+00,1.399999999999999911e+00
5.980000000000000426e+00,3.082023931859553256e-01,5.202284249184349285e+00,2.600000000000000089e+00,1.199999999999999956e+00,1.199999999999999956e+00,1.399999999999999911e+00
5.990000000000000213e+00,2.972753559862337247e-01,5.148621759834290046e+00,2.600000000000000089e+00,1.199999999999999956e+00,1.199999999999999956e+00,1.399999999999999911e+00
6.000000000000000000e+00,2.869205176526961054e-01,5.094862762780618226e+00,2.600000000000000089e+00,1.199999999999999956e+00,1.199999999999999956e+00,1.399999999999999911e+00
0.000000000000000000e+00,5.000000000000000000e-01,5.000000000000000000e-01,2.899999999999999911e+00,1.500000000000000000e+00,1.500000000000000000e+00,1.699999999999999956e+00
1.000000000000000021e-02,5.108837579687499630e-01,4.953124920312499957e-01,2.899999999999999911e+00,1.500000000000000000e+00,1.500000000000000000e+00,1.699999999999999956e+00
2.000000000000000042e-02,5.220406339164039844e-01,4.907500307234650694e-01,2.899999999999999911e+00,1.500000000000000000e+00,1.500000000000000000e+00,1.699999999999999956e+00
2.999999999999999889e-02,5.334771590531999230e-01,4.863119788612362826e-01,2.899999999999999911e+00,1.500000000000000000e+00,1.500000000000000000e+00,1.699999999999999956e+00
4.000000000000000083e-02,5.452000055660797262e-01,4.819977600117363314e-01,2.899999999999999911e+00,1.500000000000000000e+00,1.500000000000000000e+00,1.699999999999999956e+00
5.000000000000000278e-02,5.572159882154212873e-01,4.778068599946765915e-01,2.899999999999999911e+00,1.500000000000000000e+00,1.500000000000000000e+00,1.699999999999999956e+00
5.999999999999999778e-02,5.695320658441911377e-01,4.737388284590828280e-01,2.899999999999999911e+00,1.500000000000000000e+00,1.500000000000000000e+00,1.699999999999999956e+00
7.000000000000000666e-02,5.821553427884825771e-01,4.697932805733615047e-01,2.899999999999999911e+00,1.500000000000000000e+00,1.500000000000000000e+00,1.699999999999999956e+00
8.000000000000000167e-02,5.950930701775138942e-01,4.659698988355737703e-01,2.899999999999999911e+00,1.500000000000000000e+00,1.500000000000000000e+00,1.699999999999999956e+00
8.999999999999999667e-02,6.083526471101997624e-01,4.622684350113130392e-01,2.899999999999999911e+00,1.500000000000000000e+00,1.500000000000000000e+00,1.699999999999999956e+00
1.000000000000000056e-01,6.219416216943772779e-01,4.586887122070984479e-01,2.899999999999999911e+00,1.500000000000000000e+00,1.500000000000000000e+00,1.699999999999999956e+00
1.100000000000000006e-01,6.358676919336528899e-01,4.552306270877500838e-01,2.899999999999999911e+00,1.500000000000000000e+00,1.500000000000000000e+00,1.699999999999999956e+00
1.199999999999999956e-01,6.501387064456403131e-01,4.518941522468094552e-01,2.899999999999999911e+00,1.500000000000000000e+00,1.500000000000000000e+00,1.699999999999999956e+00
1.300000000000000044e-01,6.647626649940678867e-01,4.486793387397104427e-01,2.899999999999999911e+00,1.500000000000000000e+00,1.500000000000000000e+00,1.699999999999999956e+00
1.400000000000000133e-01,6.797477188158447259e-01,4.455863187900972466e-01,2.899999999999999911e+00,1.500000000000000000e+00,1.500000000000000000e+00,1.699999999999999956e+00
1.499999999999999944e-01,6.951021707226786583e-01,4.426153086804304748e-01,2.899999999999999911e+00,1.500000000000000000e+00,1.500000000000000000e+00,1.699999999999999956e+00
1.600000000000000033e-01,7.108344749552277797e-01,4.397666118388236511e-01,2.899999999999999911e+00,1.500000000000000000e+00,1.500000000000000000e+00,1.699999999999999956e+00
1.700000000000000122e-01,7.269532367660296313e-01,4.370406221349156239e-01,2.899999999999999911e+00,1.500000000000000000e+00,1.500000000000000000e+00,1.699999999999999956e+00
1.799999999999999933e-01,7.434672117055850515e-01,4.344378273985137207e-01,2.899999999999999911e+00,1.500000000000000000e+00,1.500000000000000000e+00,1.699999999999999956e+00
1.900000000000000022e-01,7.603853045839555902e-01,4.319588131757443050e-01,2.899999999999999911e+00,1.500000000000000000e+00,1.500000000000000000e+00,1.699999999999999956e+00
2.000000000000000111e-01,7.777165680780671053e-01,4.296042667385263636e-01,2.899999999999999911e+00,1.500000000000000000e+00,1.500000000000000000e+00,1.699999999999999956e+00
2.099999999999999922e-01,7.954702009525707052e-01,4.273749813643462625e-01,2.899999999999999911e+00,1.500000000000000000e+00,1.500000000000000000e+00,1.699999999999999956e+00
2.200000000000000011e-01,8.136555458595944312e-01,4.252718609045646470e-01,2.899999999999999911e+00,1.500000000000000000e+00,1.500000000000000000e+00,1.699999999999999956e+00
2.300000000000000100e-01,8.322820866800044737e-01,4.232959246608374859e-01,2.899999999999999911e+00,1.500000000000000000e+00,1.500000000000000000e+00,1.699999999999999956e+00
2.399999999999999911e-01,8.513594453658684946e-01,4.214483125906881011e-01,2.899999999999999911e+00,1.500000000000000000e+00,1.500000000000000000e+00,1.699999999999999956e+00
2.500000000000000000e-01,8.708973782406628228e-01,4.197302908648360975e-01,2.899999999999999911e+00,1.500000000000000000e+00,1.500000000000000000e+00,1.699999999999999956e+00
2.600000000000000089e-01,8.909057717103664453e-01,4.181432578005802037e-01,2.899999999999999911e+00,1.500000000000000000e+00,1.500000000000000000e+00,1.699999999999999956e+00
2.700000000000000178e-01,9.113946373349257613e-01,4.166887501973551844e-01,2.899999999999999911e+00,1.500000000000000000e+00,1.500000000000000000e+00,1.699999999999999956e+00
2.800000000000000266e-01,9.323741062056279949e-01,4.153684501025468045e-01,2.899999999999999911e+00,1.500000000000000000e+00,1.500000000000000000e+00,1.699999999999999956e+00
2.899999999999999800e-01,9.538544225696701240e-01,4.141841920377673514e-01,2.899999999999999911e+00,1.500000000000000000e+00,1.500000000000000000e+00,1.699999999999999956e+00
2.999999999999999889e-01,9.758459366386300626e-01,4.131379707180756755e-01,2.899999999999999911e+00,1.500000000000000000e+00,1.500000000000000000e+00,1.699999999999999956e+00
3.099999999999999978e-01,9.983590965126103445e-01,4.122319492990849654e-01,2.899999999999999911e+00,1.500000000000000000e+00,1.500000000000000000e+00,1.699999999999999956e+00
3.200000000000000067e-01,1.021404439146506693e+00,4.114684681895497964e-01,2.899999999999999911e+00,1.500000000000000000e+00,1.500000000000000000e+00,1.699999999999999956e+00
3.300000000000000155e-01,1.044992580279126448e+00,4.108500544698786561e-01,2.899999999999999911e+00,1.500000000000000000e+00,1.500000000000000000e+00,1.699999999999999956e+00
3.400000000000000244e-01,1.069134203239709313e+00,4.103794319600884144e-01,2.899999999999999911e+00,1.500000000000000000e+00,1.500000000000000000e+00,1.699999999999999956e+00
3.500000000000000333e-01,1.093840046539763078e+00,4.100595319840252828e-01,2.899999999999999911e+00,1.500000000000000000e+00,1.500000000000000000e+00,1.699999999999999956e+00
3.599999999999999867e-01,1.119120890150966163e+00,4.098935048802339609e-01,2.899999999999999911e+00,1.500000000000000000e+00,1.500000000000000000e+00,1.699999999999999956e+00
3.699999999999999956e-01,1.144987540362198297e+00,4.098847323136827203e-01,2.899999999999999911e+00,1.500000000000000000e+00,1.500000000000000000e+00,1.699999999999999956e+00
3.800000000000000044e-01,1.171450813100468169e+00,4.100368404466636085e-01,2.899999999999999911e+00,1.500000000000000000e+00,1.500000000000000000e+00,1.699999999999999956e+00
3.900000000000000133e-01,1.198521515591602471e+00,4.103537140316038667e-01,2.899999999999999911e+00,1.500000000000000000e+00,1.500000000000000000e+00,1.699999999999999956e+00
4.000000000000000222e-01,1.226210426226977956e+00,4.108395114932634207e-01,2.899999999999999911e+00,1.500000000000000000e+00,1.500000000000000000e+00,1.699999999999999956e+00
4.100000000000000311e-01,1.254528272492290153e+00,4.114986810728752387e-01,2.899999999999999911e+00,1.500000000000000000e+00,1.500000000000000000e+00,1.699999999999999956e+00
4.199999999999999845e-01,1.283485706803295212e+00,4.123359781122284407e-01,2.899999999999999911e+00,1.500000000000000000e+00,1.500000000000000000e+00,1.699999999999999956e+00
4.299999999999999933e-01,1.313093280081605307e+00,4.133564835615178845e-01,2.899999999999999911e+00,1.500000000000000000e+00,1.500000000000000000e+00,1.699999999999999956e+00
4.400000000000000022e-01,1.343361412890897721e+00,4.145656238010043682e-01,2.899999999999999911e+00,1.500000000000000000e+00,1.500000000000000000e+00,1.699999999999999956e+00
4.500000000000000111e-01,1.374300363940279546e+00,4.159691918731681093e-01,2.899999999999999911e+00,1.500000000000000000e+00,1.500000000000000000e+00,1.699999999999999956e+00
4.600000000000000200e-01,1.405920195746966694e+00,4.175733702291040128e-01,2.899999999999999911e+00,1.500000000000000000e+00,1.500000000000000000e+00,1.699999999999999956e+00
4.700000000000000289e-01,1.438230737234856838e+00,4.193847551004188934e-01,2.899999999999999911e+00,1.500000000000000000e+00,1.500000000000000000e+00,1.699999999999999956e+00
4.799999999999999822e-01,1.471241543028945165e+00,4.214103826158515642e-01,2.899999999999999911e+00,1.500000000000000000e+00,1.500000000000000000e+00,1.699999999999999956e+00
4.899999999999999911e-01,1.504961849187800960e+00,4.236577567902563568e-01,2.899999999999999911e+00,1.500000000000000000e+00,1.500000000000000000e+00,1.699999999999999956e+00
5.000000000000000000e-01,1.539400525097473382e+00,4.261348795224622621e-01,2.899999999999999911e+00,1.500000000000000000e+00,1.500000000000000000e+00,1.699999999999999956e+00
5.100000000000000089e-01,1.574566021230168200e+00,4.288502827478384294e-01,2.899999999999999911e+00,1.500000000000000000e+00,1.500000000000000000e+00,1.699999999999999956e+00
5.200000000000000178e-01,1.610466312449837734e+00,4.318130629011385224e-01,2.899999999999999911e+00,1.500000000000000000e+00,1.500000000000000000e+00,1.699999999999999956e+00
5.300000000000000266e-01,1.647108836524422859e+00,4.350329178553318243e-01,2.899999999999999911e+00,1.500000000000000000e+00,1.500000000000000000e+00,1.699999999999999956e+00
5.400000000000000355e-01,1.684500427480903451e+00,4.385201865126108767e-01,2.899999999999999911e+00,1.500000000000000000e+00,1.500000000000000000e+00,1.699999999999999956e+00
5.500000000000000444e-01,1.722647243414563212e+00,4.422858912345241089e-01,2.899999999999999911e+00,1.500000000000000000e+00,1.500000000000000000e+00,1.699999999999999956e+00
5.600000000000000533e-01,1.761554688338019758e+00,4.463417833091312681e-01,2.899999999999999911e+00,1.500000000000000000e+00,1.500000000000000000e+00,1.699999999999999956e+00
5.700000000000000622e-01,1.801227327628694308e+00,4.507003916640971442e-01,2.899999999999999911e+00,1.500000000000000000e+00,1.500000000000000000e+00,1.699999999999999956e+00
5.799999999999999600e-01,1.841668796605618441e+00,4.553750750455756724e-01,2.899999999999999911e+00,1.500000000000000000e+00,1.500000000000000000e+00,1.699999999999999956e+00
5.899999999999999689e-01,1.882881701737975311e+00,4.603800778933937465e-01,2.899999999999999911e+00,1.500000000000000000e+00,1.500000000000000000e+00,1.699999999999999956e+00
5.999999999999999778e-01,1.924867513958785414e+00,4.657305901531775816e-01,2.899999999999999911e+00,1.500000000000000000e+00,1.500000000000000000e+00,1.699999999999999956e+00
6.099999999999999867e-01,1.967626453527970387e+00,4.714428112753713540e-01,2.899999999999999911e+00,1.500000000000000000e+00,1.500000000000000000e+00,1.699999999999999956e+00
6.199999999999999956e-01,2.011157365860070101e+00,4.775340186591962022e-01,2.899999999999999911e+00,1.500000000000000000e+00,1.500000000000000000e+00,1.699999999999999956e+00
6.300000000000000044e-01,2.055457587703632072e+00,4.840226408060293584e-01,2.899999999999999911e+00,1.500000000000000000e+00,1.500000000000000000e+00,1.699999999999999956e+00
6.400000000000000133e-01,2.100522803032374597e+00,4.909283354508811592e-01,2.899999999999999911e+00,1.500000000000000000e+00,1.500000000000000000e+00,1.699999999999999956e+00
6.500000000000000222e-01,2.146346887983417773e+00,4.982720729419317651e-01,2.899999999999999911e+00,1.500000000000000000e+00,1.500000000000000000e+00,1.699999999999999956e+00
6.600000000000000311e-01,2.192921744156130615e+00,5.060762251356333286e-01,2.899999999999999911e+00,1.500000000000000000e+00,1.500000000000000000e+00,1.699999999999999956e+00
6.700000000000000400e-01,2.240237119567617174e+00,5.143646600677049818e-01,2.899999999999999911e+00,1.500000000000000000e+00,1.500000000000000000e+00,1.699999999999999956e+00
6.800000000000000488e-01,2.288280416548982288e+00,5.231628426472630933e-01,2.899999999999999911e+00,1.500000000000000000e+00,1.500000000000000000e+00,1.699999999999999956e+00
6.900000000000000577e-01,2.337036485861951896e+00,5.324979416009457678e-01,2.899999999999999911e+00,1.500000000000000000e+00,1.500000000000000000e+00,1.699999999999999956e+00
7.000000000000000666e-01,2.386487406320228377e+00,5.423989428645480393e-01,2.899999999999999911e+00,1.500000000000000000e+00,1.500000000000000000e+00,1.699999999999999956e+00
7.099999999999999645e-01,2.436612249216540071e+00,5.528967695794373416e-01,2.899999999999999911e+00,1.500000000000000000e+00,1.500000000000000000e+00,1.699999999999999956e+00
7.199999999999999734e-01,2.487386826887566293e+00,5.640244087975884169e-01,2.899999999999999911e+00,1.500000000000000000e+00,1.500000000000000000e+00,1.699999999999999956e+00
7.299999999999999822e-01,2.538783424798165100e+00,5.758170449297999038e-01,2.899999999999999911e+00,1.500000000000000000e+00,1.500000000000000000e+00,1.699999999999999956e+00
7.399999999999999911e-01,2.590770516597538098e+00,5.883121998834495159e-01,2.899999999999999911e+00,1.500000000000000000e+00,1.500000000000000000e+00,1.699999999999999956e+00
7.500000000000000000e-01,2.643312461697754578e+00,6.015498797254611452e-01,2.899999999999999911e+00,1.500000000000000000e+00,1.500000000000000000e+00,1.699999999999999956e+00
7.600000000000000089e-01,2.696369185054738438e+00,6.155727275689166778e-01,2.899999999999999911e+00,1.500000000000000000e+00,1.500000000000000000e+00,1.699999999999999956e+00
7.700000000000000178e-01,2.749895838999542264e+00,6.304261822133249149e-01,2.899999999999999911e+00,1.500000000000000000e+00,1.500000000000000000e+00,1.699999999999999956e+00
7.800000000000000266e-01,2.803842447180462827e+00,6.461586418637272899e-01,2.899999999999999911e+00,1.500000000000000000e+00,1.500000000000000000e+00,1.699999999999999956e+00
7.900000000000000355e-01,2.858153530942248111e+00,6.628216320067346068e-01,2.899999999999999911e+00,1.500000000000000000e+00,1.500000000000000000e+00,1.699999999999999956e+00
8.000000000000000444e-01,2.912767718796173355e+00,6.804699762257788720e-01,2.899999999999999911e+00,1.500000000000000000e+00,1.500000000000000000e+00,1.699999999999999956e+00
8.100000000000000533e-01,2.967617340034029105e+00,6.991619683862678736e-01,2.899999999999999911e+00,1.500000000000000000e+00,1.500000000000000000e+00,1.699999999999999956e+00
8.200000000000000622e-01,3.022628004020894377e+00,7.189595442063367869e-01,2.899999999999999911e+00,1.500000000000000000e+00,1.500000000000000000e+00,1.699999999999999956e+00
8.300000000000000711e-01,3.077718167277712080e+00,7.399284497424798435e-01,2.899999999999999911e+00,1.500000000000000000e+00,1.500000000000000000e+00,1.699999999999999956e+00
8.399999999999999689e-01,3.132798691147575809e+00,7.621384037532468181e-01,2.899999999999999911e+00,1.500000000000000000e+00,1.500000000000000000e+00,1.699999999999999956e+00
8.499999999999999778e-01,3.187772393642236413e+00,7.856632502501862403e-01,2.899999999999999911e+00,1.500000000000000000e+00,1.500000000000000000e+00,1.699999999999999956e+00
8.599999999999999867e-01,3.242533600000625071e+00,8.105810967955098256e-01,2.899999999999999911e+00,1.500000000000000000e+00,1.500000000000000000e+00,1.699999999999999956e+00
8.699999999999999956e-01,3.296967697571741240e+00,8.369744332537250031e-01,2.899999999999999911e+00,1.500000000000000000e+00,1.500000000000000000e+00,1.699999999999999956e+00
8.800000000000000044e-01,3.350950701871377113e+00,8.649302247445950220e-01,2.899999999999999911e+00,1.500000000000000000e+00,1.500000000000000000e+00,1.699999999999999956e+00
8.900000000000000133e-01,3.404348842064911285e+00,8.945399714747164222e-01,2.899999999999999911e+00,1.500000000000000000e+00,1.500000000000000000e+00,1.699999999999999956e+00
9.000000000000000222e-01,3.457018175702339491e+00,9.258997269460222945e-01,2.899999999999999911e+00,1.500000000000000000e+00,1.500000000000000000e+00,1.699999999999999956e+00
9.100000000000000311e-01,3.508804244277128337e+00,9.591100647581446426e-01,2.899999999999999911e+00,1.500000000000000000e+00,1.500000000000000000e+00,1.699999999999999956e+00
9.200000000000000400e-01,3.559541783090396816e+00,9.942759828513469955e-01,2.899999999999999911e+00,1.500000000000000000e+00,1.500000000000000000e+00,1.699999999999999956e+00
9.300000000000000488e-01,3.609054500959691936e+00,1.031506732600327325e+00,2.899999999999999911e+00,1.500000000000000000e+00,1.500000000000000000e+00,1.699999999999999956e+00
9.400000000000000577e-01,3.657154947487835539e+00,1.070915558700782366e+00,2.899999999999999911e+00,1.500000000000000000e+00,1.500000000000000000e+00,1.699999999999999956e+00
9.500000000000000666e-01,3.703644487856705858e+00,1.112619334338620591e+00,2.899999999999999911e+00,1.500000000000000000e+00,1.500000000000000000e+00,1.699999999999999956e+00
9.599999999999999645e-01,3.748313407368435879e+00,1.156738074761610280e+00,2.899999999999999911e+00,1.500000000000000000e+00,1.500000000000000000e+00,1.699999999999999956e+00
9.699999999999999734e-01,3.790941170133963922e+00,1.203394311170538078e+00,2.899999999999999911e+00,1.500000000000000000e+00,1.500000000000000000e+00,1.699999999999999956e+00
9.799999999999999822e-01,3.831296858290549334e+00,1.252712305919791991e+00,2.899999999999999911e+00,1.500000000000000000e+00,1.500000000000000000e+00,1.699999999999999956e+00
9.899999999999999911e-01,3.869139819769471078e+00,1.304817089498681915e+00,2.899999999999999911e+00,1.500000000000000000e+00,1.500000000000000000e+00,1.699999999999999956e+00
1.000000000000000000e+00,3.904220553753276590e+00,1.359833299813678398e+00,2.899999999999999911e+00,1.500000000000000000e+00,1.500000000000000000e+00,1.699999999999999956e+00
1.010000000000000009e+00,3.936281863345211018e+00,1.417883805092443161e+00,2.899999999999999911e+00,1.500000000000000000e+00,1.500000000000000000e+00,1.699999999999999956e+00
1.020000000000000018e+00,3.965060304375858991e+00,1.479088093489927980e+00,2.899999999999999911e+00,1.500000000000000000e+00,1.500000000000000000e+00,1.699999999999999956e+00
1.030000000000000027e+00,3.990287957419845100e+00,1.543560415418283149e+00,2.899999999999999911e+00,1.500000000000000000e+00,1.500000000000000000e+00,1.699999999999999956e+00
1.040000000000000036e+00,4.011694546696532804e+00,1.611407668975451513e+00,2.899999999999999911e+00,1.500000000000000000e+00,1.500000000000000000e+00,1.699999999999999956e+00
1.050000000000000044e+00,4.029009924287249689e+00,1.682727024832848528e+00,2.899999999999999911e+00,1.500000000000000000e+00,1.500000000000000000e+00,1.699999999999999956e+00
1.060000000000000053e+00,4.041966930739486763e+00,1.757603294751427958e+00,2.899999999999999911e+00,1.500000000000000000e+00,1.500000000000000000e+00,1.699999999999999956e+00
1.070000000000000062e+00,4.050304633413675859e+00,1.836106057662190594e+00,2.899999999999999911e+00,1.500000000000000000e+00,1.500000000000000000e+00,1.699999999999999956e+00
1.080000000000000071e+00,4.053771931709812648e+00,1.918286569017363608e+00,2.899999999999999911e+00,1.500000000000000000e+00,1.500000000000000000e+00,1.699999999999999956e+00
1.090000000000000080e+00,4.052131503561671622e+00,2.004174492811892971e+00,2.899999999999999911e+00,1.500000000000000000e+00,1.500000000000000000e+00,1.699999999999999956e+00
1.100000000000000089e+00,4.045164050446277137e+00,2.093774511046902376e+00,2.899999999999999911e+00,1.500000000000000000e+00,1.500000000000000000e+00,1.699999999999999956e+00
1.110000000000000098e+00,4.032672778980204598e+00,2.187062882011447940e+00,2.899999999999999911e+00,1.500000000000000000e+00,1.500000000000000000e+00,1.699999999999999956e+00
1.120000000000000107e+00,4.014488036570579510e+00,2.283984035919495170e+00,2.899999999999999911e+00,1.500000000000000000e+00,1.500000000000000000e+00,1.699999999999999956e+00
1.130000000000000115e+00,3.990471997447172292e+00,2.384447313232554766e+00,2.899999999999999911e+00,1.500000000000000000e+00,1.500000000000000000e+00,1.699999999999999956e+00
1.140000000000000124e+00,3.960523274900398683e+00,2.488323966261700715e+00,2.899999999999999911e+00,1.500000000000000000e+00,1.500000000000000000e+00,1.699999999999999956e+00
1.150000000000000133e+00,3.924581317130840130e+00,2.595444557007706265e+00,2.899999999999999911e+00,1.500000000000000000e+00,1.500000000000000000e+00,1.699999999999999956e+00
1.159999999999999920e+00,3.882630429425965257e+00,2.705596892162347444e+00,2.899999999999999911e+00,1.500000000000000000e+00,1.500000000000000000e+00,1.699999999999999956e+00
1.169999999999999929e+00,3.834703256168074503e+00,2.818524638229293888e+00,2.899999999999999911e+00,1.500000000000000000e+00,1.500000000000000000e+00,1.699999999999999956e+00
1.179999999999999938e+00,3.780883554150824111e+00,2.933926754420269400e+00,2.899999999999999911e+00,1.500000000000000000e+00,1.500000000000000000e+00,1.699999999999999956e+00
1.189999999999999947e+00,3.721308095324968868e+00,3.051457867223757781e+00,2.899999999999999911e+00,1.500000000000000000e+00,1.500000000000000000e+00,1.699999999999999956e+00
1.199999999999999956e+00,3.656167553470163867e+00,3.170729687688055076e+00,2.899999999999999911e+00,1.500000000000000000e+00,1.500000000000000000e+00,1.699999999999999956e+00
1.209999999999999964e+00,3.585706255841323298e+00,3.291313540516230596e+00,2.899999999999999911e+00,1.500000000000000000e+00,1.500000000000000000e+00,1.699999999999999956e+00
1.219999999999999973e+00,3.510220717219197706e+00,3.412744033830668045e+00,2.899999999999999911e+00,1.500000000000000000e+00,1.500000000000000000e+00,1.699999999999999956e+00
1.229999999999999982e+00,3.430056918764261553e+00,3.534523851574828068e+00,2.899999999999999911e+00,1.500000000000000000e+00,1.500000000000000000e+00,1.699999999999999956e+00
1.239999999999999991e+00,3.345606345477426746e+00,3.656129599452834444e+00,2.899999999999999911e+00,1.500000000000000000e+00,1.500000000000000000e+00,1.699999999999999956e+00
1.250000000000000000e+00,3.257300850937788983e+00,3.777018583232216731e+00,2.899999999999999911e+00,1.500000000000000000e+00,1.500000000000000000e+00,1.699999999999999956e+00
1.260000000000000009e+00,3.165606472732164889e+00,3.896636348776601810e+00,2.899999999999999911e+00,1.500000000000000000e+00,1.500000000000000000e+00,1.699999999999999956e+00
1.270000000000000018e+00,3.071016372726904642e+00,4.014424770085662786e+00,2.899999999999999911e+00,1.500000000000000000e+00,1.500000000000000000e+00,1.699999999999999956e+00
1.280000000000000027e+00,2.974043119250015632e+00,4.129830438396560055e+00,2.899999999999999911e+00,1.500000000000000000e+00,1.500000000000000000e+00,1.699999999999999956e+00
1.290000000000000036e+00,2.875210560021068229e+00,4.242313084900359854e+00,2.899999999999999911e+00,1.500000000000000000e+00,1.500000000000000000e+00,1.699999999999999956e+00
1.300000000000000044e+00,2.775045552805786464e+00,4.351353763727889401e+00,2.899999999999999911e+00,1.500000000000000000e+00,1.500000000000000000e+00,1.699999999999999956e+00
1.310000000000000053e+00,2.674069823928543421e+00,4.456462531232742386e+00,2.899999999999999911e+00,1.500000000000000000e+00,1.500000000000000000e+00,1.699999999999999956e+00
1.320000000000000062e+00,2.572792212874687401e+00,4.557185381614492492e+00,2.899999999999999911e+00,1.500000000000000000e+00,1.500000000000000000e+00,1.699999999999999956e+00
1.330000000000000071e+00,2.471701535455910204e+00,4.653110235715803178e+00,2.899999999999999911e+00,1.500000000000000000e+00,1.500000000000000000e+00,1.699999999999999956e+00
1.340000000000000080e+00,2.371260260715066348e+00,4.743871826500998701e+00,2.899999999999999911e+00,1.500000000000000000e+00,1.500000000000000000e+00,1.699999999999999956e+00
1.350000000000000089e+00,2.271899151068774270e+00,4.829155377689353656e+00,2.899999999999999911e+00,1.500000000000000000e+00,1.500000000000000000e+00,1.699999999999999956e+00
1.360000000000000098e+00,2.174012964758394340e+00,4.908699027374090917e+00,2.899999999999999911e+00,1.500000000000000000e+00,1.500000000000000000e+00,1.699999999999999956e+00
1.370000000000000107e+00,2.077957268219245535e+00,4.982295002399674821e+00,2.899999999999999911e+00,1.500000000000000000e+00,1.500000000000000000e+00,1.699999999999999956e+00
1.380000000000000115e+00,1.984046356923079957e+00,5.049789598433672921e+00,2.899999999999999911e+00,1.500000000000000000e+00,1.500000000000000000e+00,1.699999999999999956e+00
1.390000000000000124e+00,1.892552239469218689e+00,5.111082062408670801e+00,2.899999999999999911e+00,1.500000000000000000e+00,1.500000000000000000e+00,1.699999999999999956e+00
1.400000000000000133e+00,1.803704603302558107e+00,5.166122506551560356e+00,2.899999999999999911e+00,1.500000000000000000e+00,1.500000000000000000e+00,1.699999999999999956e+00
1.409999999999999920e+00,1.717691652683394743e+00,5.214909005706536149e+00,2.899999999999999911e+00,1.500000000000000000e+00,1.500000000000000000e+00,1.699999999999999956e+00
1.419999999999999929e+00,1.634661690858982386e+00,5.257484042097364529e+00,2.899999999999999911e+00,1.500000000000000000e+00,1.500000000000000000e+00,1.699999999999999956e+00
1.429999999999999938e+00,1.554725308497148406e+00,5.293930464788441093e+00,2.899999999999999911e+00,1.500000000000000000e+00,1.500000000000000000e+00,1.699999999999999956e+00
1.439999999999999947e+00,1.477958038473327518e+00,5.324367126153775054e+00,2.899999999999999911e+00,1.500000000000000000e+00,1.500000000000000000e+00,1.699999999999999956e+00
1.449999999999999956e+00,1.404403341797649141e+00,5.348944346243583503e+00,2.899999999999999911e+00,1.500000000000000000e+00,1.500000000000000000e+00,1.699999999999999956e+00
1.459999999999999964e+00,1.334075799361035708e+00,5.367839339785787089e+00,2.899999999999999911e+00,1.500000000000000000e+00,1.500000000000000000e+00,1.699999999999999956e+00
1.469999999999999973e+00,1.266964397751315197e+00,5.381251721386316689e+00,2.899999999999999911e+00,1.500000000000000000e+00,1.500000000000000000e+00,1.699999999999999956e+00
1.479999999999999982e+00,1.203035813203215287e+00,5.389399183859146625e+00,2.899999999999999911e+00,1.500000000000000000e+00,1.500000000000000000e+00,1.699999999999999956e+00
1.489999999999999991e+00,1.142237614530177359e+00,5.392513423851700516e+00,2.899999999999999911e+00,1.500000000000000000e+00,1.500000000000000000e+00,1.699999999999999956e+00
1.500000000000000000e+00,1.084501322594555228e+00,5.390836369083869428e+00,2.899999999999999911e+00,1.500000000000000000e+00,1.500000000000000000e+00,1.699999999999999956e+00
1.510000000000000009e+00,1.029745279703345284e+00,5.384616743352983015e+00,2.899999999999999911e+00,1.500000000000000000e+00,1.500000000000000000e+00,1.699999999999999956e+00
1.520000000000000018e+00,9.778772967060357368e-01,5.374106989466523210e+00,2.899999999999999911e+00,1.500000000000000000e+00,1.500000000000000000e+00,1.699999999999999956e+00
1.530000000000000027e+00,9.287970581731889164e-01,5.359560556706957968e+00,2.899999999999999911e+00,1.500000000000000000e+00,1.500000000000000000e+00,1.699999999999999956e+00
1.540000000000000036e+00,8.823982766862018545e-01,5.341229548373386038e+00,2.899999999999999911e+00,1.500000000000000000e+00,1.500000000000000000e+00,1.699999999999999956e+00
1.550000000000000044e+00,8.385705959529584641e-01,5.319362716299908200e+00,2.899999999999999911e+00,1.500000000000000000e+00,1.500000000000000000e+00,1.699999999999999956e+00
1.560000000000000053e+00,7.972012492708654419e-01,5.294203782834373762e+00,2.899999999999999911e+00,1.500000000000000000e+00,1.500000000000000000e+00,1.699999999999999956e+00
1.570000000000000062e+00,7.581764849507666160e-01,5.265990066322079777e+00,2.899999999999999911e+00,1.500000000000000000e+00,1.500000000000000000e+00,1.699999999999999956e+00
1.580000000000000071e+00,7.213827738981269944e-01,5.234951383393118718e+00,2.899999999999999911e+00,1.500000000000000000e+00,1.500000000000000000e+00,1.699999999999999956e+00
1.590000000000000080e+00,6.867078168464003651e-01,5.201309200007722566e+00,2.899999999999999911e+00,1.500000000000000000e+00,1.500000000000000000e+00,1.699999999999999956e+00
1.600000000000000089e+00,6.540413699774874079e-01,5.165276002989943827e+00,2.899999999999999911e+00,1.500000000000000000e+00,1.500000000000000000e+00,1.699999999999999956e+00
1.610000000000000098e+00,6.232759080599007406e-01,5.127054864417865510e+00,2.899999999999999911e+00,1.500000000000000000e+00,1.500000000000000000e+00,1.699999999999999956e+00
1.620000000000000107e+00,5.943071439812874779e-01,5.086839172509538542e+00,2.899999999999999911e+00,1.500000000000000000e+00,1.500000000000000000e+00,1.699999999999999956e+00
1.630000000000000115e+00,5.670344228188251012e-01,5.044812504352393034e+00,2.899999999999999911e+00,1.500000000000000000e+00,1.500000000000000000e+00,1.699999999999999956e+00
1.640000000000000124e+00,5.413610075234792651e-01,5.001148617807579022e+00,2.899999999999999911e+00,1.500000000000000000e+00,1.500000000000000000e+00,1.699999999999999956e+00
1.650000000000000133e+00,5.171942720116018410e-01,4.956011542049038709e+00,2.899999999999999911e+00,1.500000000000000000e+00,1.500000000000000000e+00,1.699999999999999956e+00
1.660000000000000142e+00,4.944458160555245674e-01,4.909555748368183536e+00,2.899999999999999911e+00,1.500000000000000000e+00,1.500000000000000000e+00,1.699999999999999956e+00
1.669999999999999929e+00,4.730315149180963075e-01,4.861926385012280249e+00,2.899999999999999911e+00,1.500000000000000000e+00,1.500000000000000000e+00,1.699999999999999956e+00
1.679999999999999938e+00,4.528715152404750310e-01,4.813259561872828662e+00,2.899999999999999911e+00,1.500000000000000000e+00,1.500000000000000000e+00,1.699999999999999956e+00
1.689999999999999947e+00,4.338901873083426119e-01,4.763682672761840209e+00,2.899999999999999911e+00,1.500000000000000000e+00,1.500000000000000000e+00,1.699999999999999956e+00
1.699999999999999956e+00,4.160160425167139242e-01,4.713314744785765953e+00,2.899999999999999911e+00,1.500000000000000000e+00,1.500000000000000000e+00,1.699999999999999956e+00
1.709999999999999964e+00,3.991816236451063427e-01,4.662266805936694958e+00,2.899999999999999911e+00,1.500000000000000000e+00,1.500000000000000000e+00,1.699999999999999956e+00
1.719999999999999973e+00,3.833233744524975339e-01,4.610642263464744595e+00,2.899999999999999911e+00,1.500000000000000000e+00,1.500000000000000000e+00,1.699999999999999956e+00
1.729999999999999982e+00,3.683814941086734351e-01,4.558537286876783945e+00,2.899999999999999911e+00,1.500000000000000000e+00,1.500000000000000000e+00,1.699999999999999956e+00
1.739999999999999991e+00,3.542997810942645209e-01,4.506041190531707485e+00,2.899999999999999911e+00,1.500000000000000000e+00,1.500000000000000000e+00,1.699999999999999956e+00
1.750000000000000000e+00,3.410254704218740884e-01,4.453236811781218663e+00,2.899999999999999911e+00,1.500000000000000000e+00,1.500000000000000000e+00,1.699999999999999956e+00
1.760000000000000009e+00,3.285090673490276281e-01,4.400200881449003454e+00,2.899999999999999911e+00,1.500000000000000000e+00,1.500000000000000000e+00,1.699999999999999956e+00
1.770000000000000018e+00,3.167041801627608621e-01,4.347004384162687529e+00,2.899999999999999911e+00,1.500000000000000000e+00,1.500000000000000000e+00,1.699999999999999956e+00
1.780000000000000027e+00,3.055673541074023780e-01,4.293712906664691076e+00,2.899999999999999911e+00,1.500000000000000000e+00,1.500000000000000000e+00,1.699999999999999956e+00
1.790000000000000036e+00,2.950579080931995946e-01,4.240386972742319571e+00,2.899999999999999911e+00,1.500000000000000000e+00,1.500000000000000000e+00,1.699999999999999956e+00
1.800000000000000044e+00,2.851377754557070654e-01,4.187082363845969546e+00,2.899999999999999911e+00,1.500000000000000000e+00,1.500000000000000000e+00,1.699999999999999956e+00
1.810000000000000053e+00,2.757713497264976943e-01,4.133850424818115599e+00,2.899999999999999911e+00,1.500000000000000000e+00,1.500000000000000000e+00,1.699999999999999956e+00
1.820000000000000062e+00,2.669253361174547257e-01,4.080738354444894078e+00,2.899999999999999911e+00,1.500000000000000000e+00,1.500000000000000000e+00,1.699999999999999956e+00
1.830000000000000071e+00,2.585686092069283681e-01,4.027789480775698649e+00,2.899999999999999911e+00,1.500000000000000000e+00,1.500000000000000000e+00,1.699999999999999956e+00
1.840000000000000080e+00,2.506720771402923265e-01,3.975043521342435771e+00,2.899999999999999911e+00,1.500000000000000000e+00,1.500000000000000000e+00,1.699999999999999956e+00
1.850000000000000089e+00,2.432085525144348226e-01,3.922536828556216548e+00,2.899999999999999911e+00,1.500000000000000000e+00,1.500000000000000000e+00,1.699999999999999956e+00
1.860000000000000098e+00,2.361526300006022983e-01,3.870302620671601801e+00,2.899999999999999911e+00,1.500000000000000000e+00,1.500000000000000000e+00,1.699999999999999956e+00
1.870000000000000107e+00,2.294805706684983349e-01,3.818371198792652521e+00,2.899999999999999911e+00,1.500000000000000000e+00,1.500000000000000000e+00,1.699999999999999956e+00
1.880000000000000115e+00,2.231701929028805653e-01,3.766770150455778676e+00,2.899999999999999911e+00,1.500000000000000000e+00,1.500000000000000000e+00,1.699999999999999956e+00
1.890000000000000124e+00,2.172007697488436417e-01,3.715524540365828798e+00,2.899999999999999911e+00,1.500000000000000000e+00,1.500000000000000000e+00,1.699999999999999956e+00
1.900000000000000133e+00,2.115529324807219613e-01,3.664657088887595116e+00,2.899999999999999911e+00,1.500000000000000000e+00,1.500000000000000000e+00,1.699999999999999956e+00
1.910000000000000142e+00,2.062085801596834356e-01,3.614188338907914577e+00,2.899999999999999911e+00,1.500000000000000000e+00,1.500000000000000000e+00,1.699999999999999956e+00
1.919999999999999929e+00,2.011507949245620319e-01,3.564136811686362094e+00,2.899999999999999911e+00,1.500000000000000000e+00,1.500000000000000000e+00,1.699999999999999956e+00
1.929999999999999938e+00,1.963637627475471603e-01,3.514519152307328476e+00,2.899999999999999911e+00,1.500000000000000000e+00,1.500000000000000000e+00,1.699999999999999956e+00
1.939999999999999947e+00,1.918326993795382018e-01,3.465350265334811830e+00,2.899999999999999911e+00,1.500000000000000000e+00,1.500000000000000000e+00,1.699999999999999956e+00
1.949999999999999956e+00,1.875437812080438249e-01,3.416643441255036162e+00,2.899999999999999911e+00,1.500000000000000000e+00,1.500000000000000000e+00,1.699999999999999956e+00
1.959999999999999964e+00,1.834840807524201478e-01,3.368410474272262256e+00,2.899999999999999911e+00,1.500000000000000000e+00,1.500000000000000000e+00,1.699999999999999956e+00
1.969999999999999973e+00,1.796415065261378063e-01,3.320661772000908396e+00,2.899999999999999911e+00,1.500000000000000000e+00,1.500000000000000000e+00,1.699999999999999956e+00
1.979999999999999982e+00,1.760047470029289518e-01,3.273406457573139861e+00,2.899999999999999911e+00,1.500000000000000000e+00,1.500000000000000000e+00,1.699999999999999956e+00
1.989999999999999991e+00,1.725632184325040508e-01,3.226652464656126540e+00,2.899999999999999911e+00,1.500000000000000000e+00,1.500000000000000000e+00,1.699999999999999956e+00
2.000000000000000000e+00,1.693070162615623042e-01,3.180406625847698177e+00,2.899999999999999911e+00,1.500000000000000000e+00,1.500000000000000000e+00,1.699999999999999956e+00
2.010000000000000231e+00,1.662268699266585270e-01,3.134674754893618687e+00,2.899999999999999911e+00,1.500000000000000000e+00,1.500000000000000000e+00,1.699999999999999956e+00
2.020000000000000018e+00,1.633141007968154645e-01,3.089461723144432792e+00,2.899999999999999911e+00,1.500000000000000000e+00,1.500000000000000000e+00,1.699999999999999956e+00
2.030000000000000249e+00,1.605605830553348545e-01,3.044771530645119739e+00,2.899999999999999911e+00,1.500000000000000000e+00,1.500000000000000000e+00,1.699999999999999956e+00
2.040000000000000036e+00,1.579587073218597371e-01,3.000607372226765879e+00,2.899999999999999911e+00,1.500000000000000000e+00,1.500000000000000000e+00,1.699999999999999956e+00
2.049999999999999822e+00,1.555013468272225530e-01,2.956971698946312177e+00,2.899999999999999911e+00,1.500000000000000000e+00,1.500000000000000000e+00,1.699999999999999956e+00
2.060000000000000053e+00,1.531818259648562719e-01,2.913866275198226941e+00,2.899999999999999911e+00,1.500000000000000000e+00,1.500000000000000000e+00,1.699999999999999956e+00
2.069999999999999840e+00,1.509938910534616430e-01,2.871292231800771866e+00,2.899999999999999911e+00,1.500000000000000000e+00,1.500000000000000000e+00,1.699999999999999956e+00
2.080000000000000071e+00,1.489316831561452448e-01,2.829250115339390081e+00,2.899999999999999911e+00,1.500000000000000000e+00,1.500000000000000000e+00,1.699999999999999956e+00
2.089999999999999858e+00,1.469897128113269724e-01,2.787739934030697864e+00,2.899999999999999911e+00,1.500000000000000000e+00,1.500000000000000000e+00,1.699999999999999956e+00
2.100000000000000089e+00,1.451628365403301868e-01,2.746761200352563659e+00,2.899999999999999911e+00,1.500000000000000000e+00,1.500000000000000000e+00,1.699999999999999956e+00
2.109999999999999876e+00,1.434462350056973923e-01,2.706312970668824480e+00,2.899999999999999911e+00,1.500000000000000000e+00,1.500000000000000000e+00,1.699999999999999956e+00
2.120000000000000107e+00,1.418353927029122885e-01,2.666393882061282028e+00,2.899999999999999911e+00,1.500000000000000000e+00,1.500000000000000000e+00,1.699999999999999956e+00
2.129999999999999893e+00,1.403260790763549148e-01,2.627002186566711472e+00,2.899999999999999911e+00,1.500000000000000000e+00,1.500000000000000000e+00,1.699999999999999956e+00
2.140000000000000124e+00,1.389143309579801144e-01,2.588135783002661672e+00,2.899999999999999911e+00,1.500000000000000000e+00,1.500000000000000000e+00,1.699999999999999956e+00
2.149999999999999911e+00,1.375964362344003211e-01,2.549792246552789354e+00,2.899999999999999911e+00,1.500000000000000000e+00,1.500000000000000000e+00,1.699999999999999956e+00
2.160000000000000142e+00,1.363689186547885068e-01,2.511968856270303974e+00,2.899999999999999911e+00,1.500000000000000000e+00,1.500000000000000000e+00,1.699999999999999956e+00
2.169999999999999929e+00,1.352285236983132022e-01,2.474662620646763234e+00,2.899999999999999911e+00,1.500000000000000000e+00,1.500000000000000000e+00,1.699999999999999956e+00
2.180000000000000160e+00,1.341722054256945795e-01,2.437870301382906391e+00,2.899999999999999911e+00,1.500000000000000000e+00,1.500000000000000000e+00,1.699999999999999956e+00
2.189999999999999947e+00,1.331971142449485668e-01,2.401588435488386519e+00,2.899999999999999911e+00,1.500000000000000000e+00,1.500000000000000000e+00,1.699999999999999956e+00
2.200000000000000178e+00,1.323005855264872133e-01,2.365813355828139120e+00,2.899999999999999911e+00,1.500000000000000000e+00,1.500000000000000000e+00,1.699999999999999956e+00
2.209999999999999964e+00,1.314801290074873452e-01,2.330541210224643223e+00,2.899999999999999911e+00,1.500000000000000000e+00,1.500000000000000000e+00,1.699999999999999956e+00
2.220000000000000195e+00,1.307334189298483551e-01,2.295767979217458343e+00,2.899999999999999911e+00,1.500000000000000000e+00,1.500000000000000000e+00,1.699999999999999956e+00
2.229999999999999982e+00,1.300582848601539998e-01,2.261489492574115800e+00,2.899999999999999911e+00,1.500000000000000000e+00,1.500000000000000000e+00,1.699999999999999956e+00
2.240000000000000213e+00,1.294527031438512388e-01,2.227701444639665240e+00,2.899999999999999911e+00,1.500000000000000000e+00,1.500000000000000000e+00,1.699999999999999956e+00
2.250000000000000000e+00,1.289147889493828525e-01,2.194399408605890223e+00,2.899999999999999911e+00,1.500000000000000000e+00,1.500000000000000000e+00,1.699999999999999956e+00
2.260000000000000231e+00,1.284427888612752755e-01,2.161578849775388722e+00,2.899999999999999911e+00,1.500000000000000000e+00,1.500000000000000000e+00,1.699999999999999956e+00
2.270000000000000018e+00,1.280350739842095742e-01,2.129235137890304497e+00,2.899999999999999911e+00,1.500000000000000000e+00,1.500000000000000000e+00,1.699999999999999956e+00
2.280000000000000249e+00,1.276901335229051748e-01,2.097363558590500165e+00,2.899999999999999911e+00,1.500000000000000000e+00,1.500000000000000000e+00,1.699999999999999956e+00
2.290000000000000036e+00,1.274065688052417045e-01,2.065959324061321212e+00,2.899999999999999911e+00,1.500000000000000000e+00,1.500000000000000000e+00,1.699999999999999956e+00
2.300000000000000266e+00,1.271830877184460529e-01,2.035017582926810231e+00,2.899999999999999911e+00,1.500000000000000000e+00,1.500000000000000000e+00,1.699999999999999956e+00
2.310000000000000053e+00,1.270184995303954567e-01,2.004533429440241932e+00,2.899999999999999911e+00,1.500000000000000000e+00,1.500000000000000000e+00,1.699999999999999956e+00
2.319999999999999840e+00,1.269117100701453449e-01,1.974501912020175221e+00,2.899999999999999911e+00,1.500000000000000000e+00,1.500000000000000000e+00,1.699999999999999956e+00
2.330000000000000071e+00,1.268617172436947993e-01,1.944918041176792345e+00,2.899999999999999911e+00,1.500000000000000000e+00,1.500000000000000000e+00,1.699999999999999956e+00
2.339999999999999858e+00,1.268676068627644371e-01,1.915776796870137799e+00,2.899999999999999911e+00,1.500000000000000000e+00,1.500000000000000000e+00,1.699999999999999956e+00
2.350000000000000089e+00,1.269285487659921885e-01,1.887073135338933172e+00,2.899999999999999911e+00,1.500000000000000000e+00,1.500000000000000000e+00,1.699999999999999956e+00
2.359999999999999876e+00,1.270437932134610426e-01,1.858801995435931831e+00,2.899999999999999911e+00,1.500000000000000000e+00,1.500000000000000000e+00,1.699999999999999956e+00
2.370000000000000107e+00,1.272126675368690785e-01,1.830958304503255141e+00,2.899999999999999911e+00,1.500000000000000000e+00,1.500000000000000000e+00,1.699999999999999956e+00
2.379999999999999893e+00,1.274345730289439815e-01,1.803536983818821771e+00,2.899999999999999911e+00,1.500000000000000000e+00,1.500000000000000000e+00,1.699999999999999956e+00
2.390000000000000124e+00,1.277089820569002609e-01,1.776532953642816492e+00,2.899999999999999911e+00,1.500000000000000000e+00,1.500000000000000000e+00,1.699999999999999956e+00
2.399999999999999911e+00,1.280354353858445260e-01,1.749941137891141141e+00,2.899999999999999911e+00,1.500000000000000000e+00,1.500000000000000000e+00,1.699999999999999956e+00
2.410000000000000142e+00,1.284135396990586930e-01,1.723756468460928115e+00,2.899999999999999911e+00,1.500000000000000000e+00,1.500000000000000000e+00,1.699999999999999956e+00
2.419999999999999929e+00,1.288429653030402078e-01,1.697973889231475075e+00,2.899999999999999911e+00,1.500000000000000000e+00,1.500000000000000000e+00,1.699999999999999956e+00
2.430000000000000160e+00,1.293234440060571089e-01,1.672588359762356092e+00,2.899999999999999911e+00,1.500000000000000000e+00,1.500000000000000000e+00,1.699999999999999956e+00
2.439999999999999947e+00,1.298547671597901632e-01,1.647594858708983256e+00,2.899999999999999911e+00,1.500000000000000000e+00,1.500000000000000000e+00,1.699999999999999956e+00
2.450000000000000178e+00,1.304367838543883662e-01,1.622988386974511199e+00,2.899999999999999911e+00,1.500000000000000000e+00,1.500000000000000000e+00,1.699999999999999956e+00
2.459999999999999964e+00,1.310693992579631539e-01,1.598763970615702190e+00,2.899999999999999911e+00,1.500000000000000000e+00,1.500000000000000000e+00,1.699999999999999956e+00
2.470000000000000195e+00,1.317525730921949578e-01,1.574916663519177806e+00,2.899999999999999911e+00,1.500000000000000000e+00,1.500000000000000000e+00,1.699999999999999956e+00
2.479999999999999982e+00,1.324863182363265335e-01,1.551441549863383340e+00,2.899999999999999911e+00,1.500000000000000000e+00,1.500000000000000000e+00,1.699999999999999956e+00
2.490000000000000213e+00,1.332706994523745747e-01,1.528333746380564406e+00,2.899999999999999911e+00,1.500000000000000000e+00,1.500000000000000000e+00,1.699999999999999956e+00
2.500000000000000000e+00,1.341058322249085721e-01,1.505588404432106397e+00,2.899999999999999911e+00,1.500000000000000000e+00,1.500000000000000000e+00,1.699999999999999956e+00
2.510000000000000231e+00,1.349918817092253809e-01,1.483200711909699265e+00,2.899999999999999911e+00,1.500000000000000000e+00,1.500000000000000000e+00,1.699999999999999956e+00
2.520000000000000018e+00,1.359290617821934388e-01,1.461165894973970092e+00,2.899999999999999911e+00,1.500000000000000000e+00,1.500000000000000000e+00,1.699999999999999956e+00
2.530000000000000249e+00,1.369176341904544958e-01,1.439479219641460084e+00,2.899999999999999911e+00,1.500000000000000000e+00,1.500000000000000000e+00,1.699999999999999956e+00
2.540000000000000036e+00,1.379579077910543794e-01,1.418135993230112968e+00,2.899999999999999911e+00,1.500000000000000000e+00,1.500000000000000000e+00,1.699999999999999956e+00
2.550000000000000266e+00,1.390502378799320093e-01,1.397131565672778519e+00,2.899999999999999911e+00,1.500000000000000000e+00,1.500000000000000000e+00,1.699999999999999956e+00
2.560000000000000053e+00,1.401950256040269405e-01,1.376461330707620778e+00,2.899999999999999911e+00,1.500000000000000000e+00,1.500000000000000000e+00,1.699999999999999956e+00
2.569999999999999840e+00,1.413927174530747455e-01,1.356120726953745859e+00,2.899999999999999911e+00,1.500000000000000000e+00,1.500000000000000000e+00,1.699999999999999956e+00
2.580000000000000071e+00,1.426438048274463744e-01,1.336105238879834900e+00,2.899999999999999911e+00,1.500000000000000000e+00,1.500000000000000000e+00,1.699999999999999956e+00
2.589999999999999858e+00,1.439488236786543585e-01,1.316410397673065003e+00,2.899999999999999911e+00,1.500000000000000000e+00,1.500000000000000000e+00,1.699999999999999956e+00
2.600000000000000089e+00,1.453083542193972511e-01,1.297031782015144463e+00,2.899999999999999911e+00,1.500000000000000000e+00,1.500000000000000000e+00,1.699999999999999956e+00
2.609999999999999876e+00,1.467230207002451770e-01,1.277965018771854977e+00,2.899999999999999911e+00,1.500000000000000000e+00,1.500000000000000000e+00,1.699999999999999956e+00
2.620000000000000107e+00,1.481934912502841650e-01,1.259205783602091788e+00,2.899999999999999911e+00,1.500000000000000000e+00,1.500000000000000000e+00,1.699999999999999956e+00
2.629999999999999893e+00,1.497204777792379982e-01,1.240749801492022186e+00,2.899999999999999911e+00,1.500000000000000000e+00,1.500000000000000000e+00,1.699999999999999956e+00
2.640000000000000124e+00,1.513047359387727497e-01,1.222592847219628798e+00,2.899999999999999911e+00,1.500000000000000000e+00,1.500000000000000000e+00,1.699999999999999956e+00
2.649999999999999911e+00,1.529470651408635362e-01,1.204730745754585497e+00,2.899999999999999911e+00,1.500000000000000000e+00,1.500000000000000000e+00,1.699999999999999956e+00
2.660000000000000142e+00,1.546483086312649413e-01,1.187159372598106888e+00,2.899999999999999911e+00,1.500000000000000000e+00,1.500000000000000000e+00,1.699999999999999956e+00
2.669999999999999929e+00,1.564093536162780296e-01,1.169874654067130981e+00,2.899999999999999911e+00,1.500000000000000000e+00,1.500000000000000000e+00,1.699999999999999956e+00
2.680000000000000160e+00,1.582311314411476710e-01,1.152872567526933567e+00,2.899999999999999911e+00,1.500000000000000000e+00,1.500000000000000000e+00,1.699999999999999956e+00
2.689999999999999947e+00,1.601146178185550994e-01,1.136149141576025423e+00,2.899999999999999911e+00,1.500000000000000000e+00,1.500000000000000000e+00,1.699999999999999956e+00
2.700000000000000178e+00,1.620608331057934171e-01,1.119700456186955240e+00,2.899999999999999911e+00,1.500000000000000000e+00,1.500000000000000000e+00,1.699999999999999956e+00
2.709999999999999964e+00,1.640708426293274180e-01,1.103522642806429310e+00,2.899999999999999911e+00,1.500000000000000000e+00,1.500000000000000000e+00,1.699999999999999956e+00
2.720000000000000195e+00,1.661457570555457952e-01,1.087611884417959640e+00,2.899999999999999911e+00,1.500000000000000000e+00,1.500000000000000000e+00,1.699999999999999956e+00
2.729999999999999982e+00,1.682867328066124379e-01,1.071964415570066720e+00,2.899999999999999911e+00,1.500000000000000000e+00,1.500000000000000000e+00,1.699999999999999956e+00
2.740000000000000213e+00,1.704949725204157052e-01,1.056576522372891569e+00,2.899999999999999911e+00,1.500000000000000000e+00,1.500000000000000000e+00,1.699999999999999956e+00
2.750000000000000000e+00,1.727717255537005447e-01,1.041444542465911338e+00,2.899999999999999911e+00,1.500000000000000000e+00,1.500000000000000000e+00,1.699999999999999956e+00
2.760000000000000231e+00,1.751182885275476275e-01,1.026564864959301548e+00,2.899999999999999911e+00,1.500000000000000000e+00,1.500000000000000000e+00,1.699999999999999956e+00
2.770000000000000018e+00,1.775360059144374947e-01,1.011933930351351041e+00,2.899999999999999911e+00,1.500000000000000000e+00,1.500000000000000000e+00,1.699999999999999956e+00
2.780000000000000249e+00,1.800262706662067169e-01,9.975482304242061504e-01,2.899999999999999911e+00,1.500000000000000000e+00,1.500000000000000000e+00,1.699999999999999956e+00
2.790000000000000036e+00,1.825905248822657923e-01,9.834043081200991576e-01,2.899999999999999911e+00,1.500000000000000000e+00,1.500000000000000000e+00,1.699999999999999956e+00
2.800000000000000266e+00,1.852302605175075167e-01,9.694987574001048269e-01,2.899999999999999911e+00,1.500000000000000000e+00,1.500000000000000000e+00,1.699999999999999956e+00
2.810000000000000053e+00,1.879470201293882148e-01,9.558282230873673679e-01,2.899999999999999911e+00,1.500000000000000000e+00,1.500000000000000000e+00,1.699999999999999956e+00
2.819999999999999840e+00,1.907423976637134533e-01,9.423894006966413439e-01,2.899999999999999911e+00,1.500000000000000000e+00,1.500000000000000000e+00,1.699999999999999956e+00
2.830000000000000071e+00,1.936180392787053839e-01,9.291790362519039004e-01,2.899999999999999911e+00,1.500000000000000000e+00,1.500000000000000000e+00,1.699999999999999956e+00
2.839999999999999858e+00,1.965756442069695464e-01,9.161939260937123075e-01,2.899999999999999911e+00,1.500000000000000000e+00,1.500000000000000000e+00,1.699999999999999956e+00
2.850000000000000089e+00,1.996169656550161320e-01,9.034309166779064260e-01,2.899999999999999911e+00,1.500000000000000000e+00,1.500000000000000000e+00,1.699999999999999956e+00
2.859999999999999876e+00,2.027438117400240103e-01,8.908869043671856502e-01,2.899999999999999911e+00,1.500000000000000000e+00,1.500000000000000000e+00,1.699999999999999956e+00
2.870000000000000107e+00,2.059580464635650809e-01,8.785588352170277116e-01,2.899999999999999911e+00,1.500000000000000000e+00,1.500000000000000000e+00,1.699999999999999956e+00
2.879999999999999893e+00,2.092615907220320703e-01,8.664437047573568806e-01,2.899999999999999911e+00,1.500000000000000000e+00,1.500000000000000000e+00,1.699999999999999956e+00
2.890000000000000124e+00,2.126564233535354065e-01,8.545385577713180414e-01,2.899999999999999911e+00,1.500000000000000000e+00,1.500000000000000000e+00,1.699999999999999956e+00
2.899999999999999911e+00,2.161445822210528167e-01,8.428404880724658099e-01,2.899999999999999911e+00,1.500000000000000000e+00,1.500000000000000000e+00,1.699999999999999956e+00
2.910000000000000142e+00,2.197281653316302541e-01,8.313466382816325773e-01,2.899999999999999911e+00,1.500000000000000000e+00,1.500000000000000000e+00,1.699999999999999956e+00
2.919999999999999929e+00,2.234093319914442211e-01,8.200541996047052695e-01,2.899999999999999911e+00,1.500000000000000000e+00,1.500000000000000000e+00,1.699999999999999956e+00
2.930000000000000160e+00,2.271903039965428861e-01,8.089604116125027611e-01,2.899999999999999911e+00,1.500000000000000000e+00,1.500000000000000000e+00,1.699999999999999956e+00
2.939999999999999947e+00,2.310733668590875534e-01,7.980625620239205631e-01,2.899999999999999911e+00,1.500000000000000000e+00,1.500000000000000000e+00,1.699999999999999956e+00
2.950000000000000178e+00,2.350608710689163217e-01,7.873579864934814321e-01,2.899999999999999911e+00,1.500000000000000000e+00,1.500000000000000000e+00,1.699999999999999956e+00
2.959999999999999964e+00,2.391552333902480787e-01,7.768440684044106703e-01,2.899999999999999911e+00,1.500000000000000000e+00,1.500000000000000000e+00,1.699999999999999956e+00
2.970000000000000195e+00,2.433589381933380646e-01,7.665182386683399018e-01,2.899999999999999911e+00,1.500000000000000000e+00,1.500000000000000000e+00,1.699999999999999956e+00
2.979999999999999982e+00,2.476745388208841381e-01,7.563779755327262322e-01,2.899999999999999911e+00,1.500000000000000000e+00,1.500000000000000000e+00,1.699999999999999956e+00
2.990000000000000213e+00,2.521046589889681666e-01,7.464208043970689266e-01,2.899999999999999911e+00,1.500000000000000000e+00,1.500000000000000000e+00,1.699999999999999956e+00
3.000000000000000000e+00,2.566519942222966200e-01,7.366442976389981911e-01,2.899999999999999911e+00,1.500000000000000000e+00,1.500000000000000000e+00,1.699999999999999956e+00
3.010000000000000231e+00,2.613193133234807952e-01,7.270460744513095319e-01,2.899999999999999911e+00,1.500000000000000000e+00,1.500000000000000000e+00,1.699999999999999956e+00
3.020000000000000018e+00,2.661094598760676555e-01,7.176238006910211631e-01,2.899999999999999911e+00,1.500000000000000000e+00,1.500000000000000000e+00,1.699999999999999956e+00
3.030000000000000249e+00,2.710253537809994007e-01,7.083751887415371540e-01,2.899999999999999911e+00,1.500000000000000000e+00,1.500000000000000000e+00,1.699999999999999956e+00
3.040000000000000036e+00,2.760699928261403091e-01,6.992979973890094403e-01,2.899999999999999911e+00,1.500000000000000000e+00,1.500000000000000000e+00,1.699999999999999956e+00
3.050000000000000266e+00,2.812464542884661189e-01,6.903900317140073684e-01,2.899999999999999911e+00,1.500000000000000000e+00,1.500000000000000000e+00,1.699999999999999956e+00
3.060000000000000053e+00,2.865578965684607571e-01,6.816491429996200946e-01,2.899999999999999911e+00,1.500000000000000000e+00,1.500000000000000000e+00,1.699999999999999956e+00
3.070000000000000284e+00,2.920075608562101022e-01,6.730732286571406986e-01,2.899999999999999911e+00,1.500000000000000000e+00,1.500000000000000000e+00,1.699999999999999956e+00
3.080000000000000071e+00,2.975987728286201839e-01,6.646602321705069594e-01,2.899999999999999911e+00,1.500000000000000000e+00,1.500000000000000000e+00,1.699999999999999956e+00
3.089999999999999858e+00,3.033349443771186649e-01,6.564081430607054957e-01,2.899999999999999911e+00,1.500000000000000000e+00,1.500000000000000000e+00,1.699999999999999956e+00
3.100000000000000089e+00,3.092195753651226231e-01,6.483149968713792788e-01,2.899999999999999911e+00,1.500000000000000000e+00,1.500000000000000000e+00,1.699999999999999956e+00
3.109999999999999876e+00,3.152562554144725526e-01,6.403788751769211585e-01,2.899999999999999911e+00,1.500000000000000000e+00,1.500000000000000000e+00,1.699999999999999956e+00
3.120000000000000107e+00,3.214486657199406849e-01,6.325979056143788970e-01,2.899999999999999911e+00,1.500000000000000000e+00,1.500000000000000000e+00,1.699999999999999956e+00
3.129999999999999893e+00,3.278005808908224239e-01,6.249702619405470561e-01,2.899999999999999911e+00,1.500000000000000000e+00,1.500000000000000000e+00,1.699999999999999956e+00
3.140000000000000124e+00,3.343158708185105521e-01,6.174941641156767025e-01,2.899999999999999911e+00,1.500000000000000000e+00,1.500000000000000000e+00,1.699999999999999956e+00
3.149999999999999911e+00,3.409985025688328508e-01,6.101678784152939627e-01,2.899999999999999911e+00,1.500000000000000000e+00,1.500000000000000000e+00,1.699999999999999956e+00
3.160000000000000142e+00,3.478525422978050452e-01,6.029897175716840696e-01,2.899999999999999911e+00,1.500000000000000000e+00,1.500000000000000000e+00,1.699999999999999956e+00
3.169999999999999929e+00,3.548821571893103211e-01,5.959580409466701534e-01,2.899999999999999911e+00,1.500000000000000000e+00,1.500000000000000000e+00,1.699999999999999956e+00
3.180000000000000160e+00,3.620916174130653364e-01,5.890712547373945229e-01,2.899999999999999911e+00,1.500000000000000000e+00,1.500000000000000000e+00,1.699999999999999956e+00
3.189999999999999947e+00,3.694852981010670612e-01,5.823278122168950022e-01,2.899999999999999911e+00,1.500000000000000000e+00,1.500000000000000000e+00,1.699999999999999956e+00
3.200000000000000178e+00,3.770676813405365868e-01,5.757262140113611482e-01,2.899999999999999911e+00,1.500000000000000000e+00,1.500000000000000000e+00,1.699999999999999956e+00
3.209999999999999964e+00,3.848433581811837589e-01,5.692650084160563173e-01,2.899999999999999911e+00,1.500000000000000000e+00,1.500000000000000000e+00,1.699999999999999956e+00
3.220000000000000195e+00,3.928170306544067625e-01,5.629427917519967961e-01,2.899999999999999911e+00,1.500000000000000000e+00,1.500000000000000000e+00,1.699999999999999956e+00
3.229999999999999982e+00,4.009935138018164702e-01,5.567582087655992273e-01,2.899999999999999911e+00,1.500000000000000000e+00,1.500000000000000000e+00,1.699999999999999956e+00
3.240000000000000213e+00,4.093777377102315040e-01,5.507099530736294657e-01,2.899999999999999911e+00,1.500000000000000000e+00,1.500000000000000000e+00,1.699999999999999956e+00
3.250000000000000000e+00,4.179747495500280574e-01,5.447967676559244410e-01,2.899999999999999911e+00,1.500000000000000000e+00,1.500000000000000000e+00,1.699999999999999956e+00
3.260000000000000231e+00,4.267897156134444203e-01,5.390174453985019376e-01,2.899999999999999911e+00,1.500000000000000000e+00,1.500000000000000000e+00,1.699999999999999956e+00
3.270000000000000018e+00,4.358279233491358928e-01,5.333708296898311829e-01,2.899999999999999911e+00,1.500000000000000000e+00,1.500000000000000000e+00,1.699999999999999956e+00
3.280000000000000249e+00,4.450947833889458138e-01,5.278558150732054477e-01,2.899999999999999911e+00,1.500000000000000000e+00,1.500000000000000000e+00,1.699999999999999956e+00
3.290000000000000036e+00,4.545958315625044932e-01,5.224713479583384945e-01,2.899999999999999911e+00,1.500000000000000000e+00,1.500000000000000000e+00,1.699999999999999956e+00
3.300000000000000266e+00,4.643367308948845862e-01,5.172164273955033309e-01,2.899999999999999911e+00,1.500000000000000000e+00,1.500000000000000000e+00,1.699999999999999956e+00
3.310000000000000053e+00,4.743232735821312218e-01,5.120901059157383362e-01,2.899999999999999911e+00,1.500000000000000000e+00,1.500000000000000000e+00,1.699999999999999956e+00
3.320000000000000284e+00,4.845613829390401084e-01,5.070914904408744261e-01,2.899999999999999911e+00,1.500000000000000000e+00,1.500000000000000000e+00,1.699999999999999956e+00
3.330000000000000071e+00,4.950571153130811086e-01,5.022197432673750628e-01,2.899999999999999911e+00,1.500000000000000000e+00,1.500000000000000000e+00,1.699999999999999956e+00
3.339999999999999858e+00,5.058166619578492451e-01,4.974740831282446485e-01,2.899999999999999911e+00,1.500000000000000000e+00,1.500000000000000000e+00,1.699999999999999956e+00
3.350000000000000089e+00,5.168463508588722055e-01,4.928537863375366812e-01,2.899999999999999911e+00,1.500000000000000000e+00,1.500000000000000000e+00,1.699999999999999956e+00
3.359999999999999876e+00,5.281526485040072272e-01,4.883581880222961913e-01,2.899999999999999911e+00,1.500000000000000000e+00,1.500000000000000000e+00,1.699999999999999956e+00
3.370000000000000107e+00,5.397421615900186431e-01,4.839866834470913926e-01,2.899999999999999911e+00,1.500000000000000000e+00,1.500000000000000000e+00,1.699999999999999956e+00
3.379999999999999893e+00,5.516216386562363683e-01,4.797387294366373123e-01,2.899999999999999911e+00,1.500000000000000000e+00,1.500000000000000000e+00,1.699999999999999956e+00
3.390000000000000124e+00,5.637979716354528659e-01,4.756138459023871445e-01,2.899999999999999911e+00,1.500000000000000000e+00,1.500000000000000000e+00,1.699999999999999956e+00
3.399999999999999911e+00,5.762781973114141643e-01,4.716116174793665294e-01,2.899999999999999911e+00,1.500000000000000000e+00,1.500000000000000000e+00,1.699999999999999956e+00
3.410000000000000142e+00,5.890694986713997938e-01,4.677316952799583927e-01,2.899999999999999911e+00,1.500000000000000000e+00,1.500000000000000000e+00,1.699999999999999956e+00
3.419999999999999929e+00,6.021792061414589226e-01,4.639737987718081658e-01,2.899999999999999911e+00,1.500000000000000000e+00,1.500000000000000000e+00,1.699999999999999956e+00
3.430000000000000160e+00,6.156147986908694358e-01,4.603377177875180859e-01,2.899999999999999911e+00,1.500000000000000000e+00,1.500000000000000000e+00,1.699999999999999956e+00
3.439999999999999947e+00,6.293839047913137863e-01,4.568233146743353457e-01,2.899999999999999911e+00,1.500000000000000000e+00,1.500000000000000000e+00,1.699999999999999956e+00
3.450000000000000178e+00,6.434943032151047015e-01,4.534305265926156792e-01,2.899999999999999911e+00,1.500000000000000000e+00,1.500000000000000000e+00,1.699999999999999956e+00
3.459999999999999964e+00,6.579539236555496107e-01,4.501593679724646413e-01,2.899999999999999911e+00,1.500000000000000000e+00,1.500000000000000000e+00,1.699999999999999956e+00
3.470000000000000195e+00,6.727708471511977262e-01,4.470099331386271357e-01,2.899999999999999911e+00,1.500000000000000000e+00,1.500000000000000000e+00,1.699999999999999956e+00
3.479999999999999982e+00,6.879533062942695398e-01,4.439823991144150606e-01,2.899999999999999911e+00,1.500000000000000000e+00,1.500000000000000000e+00,1.699999999999999956e+00
3.490000000000000213e+00,7.035096852020098490e-01,4.410770286162368214e-01,2.899999999999999911e+00,1.500000000000000000e+00,1.500000000000000000e+00,1.699999999999999956e+00
3.500000000000000000e+00,7.194485192280288821e-01,4.382941732511272948e-01,2.899999999999999911e+00,1.500000000000000000e+00,1.500000000000000000e+00,1.699999999999999956e+00
3.510000000000000231e+00,7.357784943888892037e-01,4.356342769305743268e-01,2.899999999999999911e+00,1.500000000000000000e+00,1.500000000000000000e+00,1.699999999999999956e+00
3.520000000000000018e+00,7.525084464792504146e-01,4.330978795149056371e-01,2.899999999999999911e+00,1.500000000000000000e+00,1.500000000000000000e+00,1.699999999999999956e+00
3.530000000000000249e+00,7.696473598467847843e-01,4.306856207035424378e-01,2.899999999999999911e+00,1.500000000000000000e+00,1.500000000000000000e+00,1.699999999999999956e+00
3.540000000000000036e+00,7.872043657958219809e-01,4.283982441875491265e-01,2.899999999999999911e+00,1.500000000000000000e+00,1.500000000000000000e+00,1.699999999999999956e+00
3.550000000000000266e+00,8.051887405862423464e-01,4.262366020821187762e-01,2.899999999999999911e+00,1.500000000000000000e+00,1.500000000000000000e+00,1.699999999999999956e+00
3.560000000000000053e+00,8.236099029915209258e-01,4.242016596579388787e-01,2.899999999999999911e+00,1.500000000000000000e+00,1.500000000000000000e+00,1.699999999999999956e+00
3.570000000000000284e+00,8.424774113769935013e-01,4.222945003917868423e-01,2.899999999999999911e+00,1.500000000000000000e+00,1.500000000000000000e+00,1.699999999999999956e+00
3.580000000000000071e+00,8.618009602563750926e-01,4.205163313582208628e-01,2.899999999999999911e+00,1.500000000000000000e+00,1.500000000000000000e+00,1.699999999999999956e+00
3.589999999999999858e+00,8.815903762812771216e-01,4.188684889858650950e-01,2.899999999999999911e+00,1.500000000000000000e+00,1.500000000000000000e+00,1.699999999999999956e+00
3.600000000000000089e+00,9.018556136149343816e-01,4.173524452035479171e-01,2.899999999999999911e+00,1.500000000000000000e+00,1.500000000000000000e+00,1.699999999999999956e+00
3.609999999999999876e+00,9.226067486375419957e-01,4.159698140034508995e-01,2.899999999999999911e+00,1.500000000000000000e+00,1.500000000000000000e+00,1.699999999999999956e+00
3.620000000000000107e+00,9.438539739264961703e-01,4.147223584504702854e-01,2.899999999999999911e+00,1.500000000000000000e+00,1.500000000000000000e+00,1.699999999999999956e+00
3.629999999999999893e+00,9.656075914504060886e-01,4.136119981691985248e-01,2.899999999999999911e+00,1.500000000000000000e+00,1.500000000000000000e+00,1.699999999999999956e+00
3.640000000000000124e+00,9.878780049109781025e-01,4.126408173423075088e-01,2.899999999999999911e+00,1.500000000000000000e+00,1.500000000000000000e+00,1.699999999999999956e+00
3.649999999999999911e+00,1.010675711161733714e+00,4.118110732566757082e-01,2.899999999999999911e+00,1.500000000000000000e+00,1.500000000000000000e+00,1.699999999999999956e+00
3.660000000000000142e+00,1.034011290626990043e+00,4.111252054363572217e-01,2.899999999999999911e+00,1.500000000000000000e+00,1.500000000000000000e+00,1.699999999999999956e+00
3.669999999999999929e+00,1.057895396638568020e+00,4.105858454044606920e-01,2.899999999999999911e+00,1.500000000000000000e+00,1.500000000000000000e+00,1.699999999999999956e+00
3.680000000000000160e+00,1.082338743601274134e+00,4.101958271192011063e-01,2.899999999999999911e+00,1.500000000000000000e+00,1.500000000000000000e+00,1.699999999999999956e+00
3.689999999999999947e+00,1.107352093891287748e+00,4.099581981328276892e-01,2.899999999999999911e+00,1.500000000000000000e+00,1.500000000000000000e+00,1.699999999999999956e+00
3.700000000000000178e+00,1.132946243384142848e+00,4.098762315258303590e-01,2.899999999999999911e+00,1.500000000000000000e+00,1.500000000000000000e+00,1.699999999999999956e+00
3.709999999999999964e+00,1.159132005500986384e+00,4.099534386728042046e-01,2.899999999999999911e+00,1.500000000000000000e+00,1.500000000000000000e+00,1.699999999999999956e+00
3.720000000000000195e+00,1.185920193653179799e+00,4.101935829006248535e-01,2.899999999999999911e+00,1.500000000000000000e+00,1.500000000000000000e+00,1.699999999999999956e+00
3.729999999999999982e+00,1.213321601956043994e+00,4.106006941041747682e-01,2.899999999999999911e+00,1.500000000000000000e+00,1.500000000000000000e+00,1.699999999999999956e+00
3.740000000000000213e+00,1.241346984072595250e+00,4.111790843897807912e-01,2.899999999999999911e+00,1.500000000000000000e+00,1.500000000000000000e+00,1.699999999999999956e+00
3.750000000000000000e+00,1.270007030037423101e+00,4.119333648217980981e-01,2.899999999999999911e+00,1.500000000000000000e+00,1.500000000000000000e+00,1.699999999999999956e+00
3.760000000000000231e+00,1.299312340899380080e+00,4.128684633534187021e-01,2.899999999999999911e+00,1.500000000000000000e+00,1.500000000000000000e+00,1.699999999999999956e+00
3.770000000000000018e+00,1.329273401009442690e+00,4.139896440288197144e-01,2.899999999999999911e+00,1.500000000000000000e+00,1.500000000000000000e+00,1.699999999999999956e+00
3.780000000000000249e+00,1.359900547766900614e+00,4.153025275502074121e-01,2.899999999999999911e+00,1.500000000000000000e+00,1.500000000000000000e+00,1.699999999999999956e+00
3.790000000000000036e+00,1.391203938622908032e+00,4.168131133101805608e-01,2.899999999999999911e+00,1.500000000000000000e+00,1.500000000000000000e+00,1.699999999999999956e+00
3.800000000000000266e+00,1.423193515125311892e+00,4.185278029971394309e-01,2.899999999999999911e+00,1.500000000000000000e+00,1.500000000000000000e+00,1.699999999999999956e+00
3.810000000000000053e+00,1.455878963772539780e+00,4.204534258892194121e-01,2.899999999999999911e+00,1.500000000000000000e+00,1.500000000000000000e+00,1.699999999999999956e+00
3.820000000000000284e+00,1.489269673427109586e+00,4.225972659604345094e-01,2.899999999999999911e+00,1.500000000000000000e+00,1.500000000000000000e+00,1.699999999999999956e+00
3.830000000000000071e+00,1.523374689020998485e+00,4.249670909313791878e-01,2.899999999999999911e+00,1.500000000000000000e+00,1.500000000000000000e+00,1.699999999999999956e+00
3.839999999999999858e+00,1.558202661265629452e+00,4.275711834059495176e-01,2.899999999999999911e+00,1.500000000000000000e+00,1.500000000000000000e+00,1.699999999999999956e+00
3.850000000000000089e+00,1.593761792058578486e+00,4.304183742450940486e-01,2.899999999999999911e+00,1.500000000000000000e+00,1.500000000000000000e+00,1.699999999999999956e+00
3.859999999999999876e+00,1.630059775257264088e+00,4.335180783385619296e-01,2.899999999999999911e+00,1.500000000000000000e+00,1.500000000000000000e+00,1.699999999999999956e+00
3.870000000000000107e+00,1.667103732466838295e+00,4.368803329459439166e-01,2.899999999999999911e+00,1.500000000000000000e+00,1.500000000000000000e+00,1.699999999999999956e+00
3.879999999999999893e+00,1.704900143465285733e+00,4.405158387889416827e-01,2.899999999999999911e+00,1.500000000000000000e+00,1.500000000000000000e+00,1.699999999999999956e+00
3.890000000000000124e+00,1.743454770863388292e+00,4.444360040876738083e-01,2.899999999999999911e+00,1.500000000000000000e+00,1.500000000000000000e+00,1.699999999999999956e+00
3.899999999999999911e+00,1.782772578570793298e+00,4.486529917448291993e-01,2.899999999999999911e+00,1.500000000000000000e+00,1.500000000000000000e+00,1.699999999999999956e+00
3.910000000000000142e+00,1.822857643612049383e+00,4.531797698924732165e-01,2.899999999999999911e+00,1.500000000000000000e+00,1.500000000000000000e+00,1.699999999999999956e+00
3.919999999999999929e+00,1.863713060808283695e+00,4.580301660271243747e-01,2.899999999999999911e+00,1.500000000000000000e+00,1.500000000000000000e+00,1.699999999999999956e+00
3.930000000000000160e+00,1.905340839811398901e+00,4.632189249691284205e-01,2.899999999999999911e+00,1.500000000000000000e+00,1.500000000000000000e+00,1.699999999999999956e+00
3.939999999999999947e+00,1.947741793948541300e+00,4.687617708920867043e-01,2.899999999999999911e+00,1.500000000000000000e+00,1.500000000000000000e+00,1.699999999999999956e+00
3.950000000000000178e+00,1.990915420305477967e+00,4.746754736768042937e-01,2.899999999999999911e+00,1.500000000000000000e+00,1.500000000000000000e+00,1.699999999999999956e+00
3.959999999999999964e+00,2.034859770448869565e+00,4.809779198514873011e-01,2.899999999999999911e+00,1.500000000000000000e+00,1.500000000000000000e+00,1.699999999999999956e+00
3.970000000000000195e+00,2.079571311159809088e+00,4.876881883852267063e-01,2.899999999999999911e+00,1.500000000000000000e+00,1.500000000000000000e+00,1.699999999999999956e+00
3.979999999999999982e+00,2.125044774525108426e+00,4.948266316045291102e-01,2.899999999999999911e+00,1.500000000000000000e+00,1.500000000000000000e+00,1.699999999999999956e+00
3.990000000000000213e+00,2.171272996709517678e+00,5.024149615020392368e-01,2.899999999999999911e+00,1.500000000000000000e+00,1.500000000000000000e+00,1.699999999999999956e+00
4.000000000000000000e+00,2.218246744712440321e+00,5.104763417017381677e-01,2.899999999999999911e+00,1.500000000000000000e+00,1.500000000000000000e+00,1.699999999999999956e+00
4.009999999999999787e+00,2.265954530398015976e+00,5.190354853347058928e-01,2.899999999999999911e+00,1.500000000000000000e+00,1.500000000000000000e+00,1.699999999999999956e+00
4.020000000000000462e+00,2.314382411079267232e+00,5.281187590627165473e-01,2.899999999999999911e+00,1.500000000000000000e+00,1.500000000000000000e+00,1.699999999999999956e+00
4.030000000000000249e+00,2.363513775937207129e+00,5.377542934619597981e-01,2.899999999999999911e+00,1.500000000000000000e+00,1.500000000000000000e+00,1.699999999999999956e+00
4.040000000000000036e+00,2.413329117566612503e+00,5.479720999442370122e-01,2.899999999999999911e+00,1.500000000000000000e+00,1.500000000000000000e+00,1.699999999999999956e+00
4.049999999999999822e+00,2.463805787964230110e+00,5.588041943459564065e-01,2.899999999999999911e+00,1.500000000000000000e+00,1.500000000000000000e+00,1.699999999999999956e+00
4.060000000000000497e+00,2.514917738315645579e+00,5.702847272536574197e-01,2.899999999999999911e+00,1.500000000000000000e+00,1.500000000000000000e+00,1.699999999999999956e+00
4.070000000000000284e+00,2.566635241997558214e+00,5.824501210557573305e-01,2.899999999999999911e+00,1.500000000000000000e+00,1.500000000000000000e+00,1.699999999999999956e+00
4.080000000000000071e+00,2.618924600297094063e+00,5.953392136103998755e-01,2.899999999999999911e+00,1.500000000000000000e+00,1.500000000000000000e+00,1.699999999999999956e+00
4.089999999999999858e+00,2.671747830463997442e+00,6.089934082948713634e-01,2.899999999999999911e+00,1.500000000000000000e+00,1.500000000000000000e+00,1.699999999999999956e+00
4.099999999999999645e+00,2.725062335860861218e+00,6.234568300486635906e-01,2.899999999999999911e+00,1.500000000000000000e+00,1.500000000000000000e+00,1.699999999999999956e+00
4.110000000000000320e+00,2.778820558167534038e+00,6.387764868349674607e-01,2.899999999999999911e+00,1.500000000000000000e+00,1.500000000000000000e+00,1.699999999999999956e+00
4.120000000000000107e+00,2.832969611835991941e+00,6.550024357186075008e-01,2.899999999999999911e+00,1.500000000000000000e+00,1.500000000000000000e+00,1.699999999999999956e+00
4.129999999999999893e+00,2.887450901289715599e+00,6.721879524860057131e-01,2.899999999999999911e+00,1.500000000000000000e+00,1.500000000000000000e+00,1.699999999999999956e+00
4.139999999999999680e+00,2.942199721726404871e+00,6.903897034078942951e-01,2.899999999999999911e+00,1.500000000000000000e+00,1.500000000000000000e+00,1.699999999999999956e+00
4.150000000000000355e+00,2.997144844825074816e+00,7.096679173608133606e-01,2.899999999999999911e+00,1.500000000000000000e+00,1.500000000000000000e+00,1.699999999999999956e+00
4.160000000000000142e+00,3.052208091189582806e+00,7.300865560710869673e-01,2.899999999999999911e+00,1.500000000000000000e+00,1.500000000000000000e+00,1.699999999999999956e+00
4.169999999999999929e+00,3.107303891992543754e+00,7.517134797167835947e-01,2.899999999999999911e+00,1.500000000000000000e+00,1.500000000000000000e+00,1.699999999999999956e+00
4.179999999999999716e+00,3.162338843029164348e+00,7.746206045108537941e-01,2.899999999999999911e+00,1.500000000000000000e+00,1.500000000000000000e+00,1.699999999999999956e+00
4.190000000000000391e+00,3.217211255262816927e+00,7.988840481841498198e-01,2.899999999999999911e+00,1.500000000000000000e+00,1.500000000000000000e+00,1.699999999999999956e+00
4.200000000000000178e+00,3.271810706955979864e+00,8.245842584830223032e-01,2.899999999999999911e+00,1.500000000000000000e+00,1.500000000000000000e+00,1.699999999999999956e+00
4.209999999999999964e+00,3.326017603643535825e+00,8.518061188866403732e-01,2.899999999999999911e+00,1.500000000000000000e+00,1.500000000000000000e+00,1.699999999999999956e+00
4.219999999999999751e+00,3.379702753530567705e+00,8.806390247302329222e-01,2.899999999999999911e+00,1.500000000000000000e+00,1.500000000000000000e+00,1.699999999999999956e+00
4.230000000000000426e+00,3.432726967391076300e+00,9.111769217914521546e-01,2.899999999999999911e+00,1.500000000000000000e+00,1.500000000000000000e+00,1.699999999999999956e+00
4.240000000000000213e+00,3.484940693710425919e+00,9.435182981619089082e-01,2.899999999999999911e+00,1.500000000000000000e+00,1.500000000000000000e+00,1.699999999999999956e+00
4.250000000000000000e+00,3.536183701649477484e+00,9.777661188946756843e-01,2.899999999999999911e+00,1.500000000000000000e+00,1.500000000000000000e+00,1.699999999999999956e+00
4.259999999999999787e+00,3.586284826400428116e+00,1.014027691509361340e+00,2.899999999999999911e+00,1.500000000000000000e+00,1.500000000000000000e+00,1.699999999999999956e+00
4.270000000000000462e+00,3.635061793630254723e+00,1.052414448977767147e+00,2.899999999999999911e+00,1.500000000000000000e+00,1.500000000000000000e+00,1.699999999999999956e+00
4.280000000000000249e+00,3.682321141929836283e+00,1.093041635346622353e+00,2.899999999999999911e+00,1.500000000000000000e+00,1.500000000000000000e+00,1.699999999999999956e+00
4.290000000000000036e+00,3.727858264449956938e+00,1.136027877736681457e+00,2.899999999999999911e+00,1.500000000000000000e+00,1.500000000000000000e+00,1.699999999999999956e+00
4.299999999999999822e+00,3.771457593132387043e+00,1.181494627165440958e+00,2.899999999999999911e+00,1.500000000000000000e+00,1.500000000000000000e+00,1.699999999999999956e+00
4.310000000000000497e+00,3.812892951032551103e+00,1.229565449571251579e+00,2.899999999999999911e+00,1.500000000000000000e+00,1.500000000000000000e+00,1.699999999999999956e+00
4.320000000000000284e+00,3.851928100048202186e+00,1.280365147690956551e+00,2.899999999999999911e+00,1.500000000000000000e+00,1.500000000000000000e+00,1.699999999999999956e+00
4.330000000000000071e+00,3.888317512752173855e+00,1.334018694208251921e+00,2.899999999999999911e+00,1.500000000000000000e+00,1.500000000000000000e+00,1.699999999999999956e+00
4.339999999999999858e+00,3.921807397779011772e+00,1.390649957018507132e+00,2.899999999999999911e+00,1.500000000000000000e+00,1.500000000000000000e+00,1.699999999999999956e+00
4.350000000000000533e+00,3.952137008103799865e+00,1.450380198744792182e+00,2.899999999999999911e+00,1.500000000000000000e+00,1.500000000000000000e+00,1.699999999999999956e+00
4.360000000000000320e+00,3.979040260315069411e+00,1.513326335006045964e+00,2.899999999999999911e+00,1.500000000000000000e+00,1.500000000000000000e+00,1.699999999999999956e+00
4.370000000000000107e+00,4.002247690337248365e+00,1.579598939609947239e+00,2.899999999999999911e+00,1.500000000000000000e+00,1.500000000000000000e+00,1.699999999999999956e+00
4.379999999999999893e+00,4.021488766705343387e+00,1.649299990047162989e+00,2.899999999999999911e+00,1.500000000000000000e+00,1.500000000000000000e+00,1.699999999999999956e+00
4.389999999999999680e+00,4.036494576146097302e+00,1.722520353607922772e+00,2.899999999999999911e+00,1.500000000000000000e+00,1.500000000000000000e+00,1.699999999999999956e+00
4.400000000000000355e+00,4.047000887618371401e+00,1.799337023290616067e+00,2.899999999999999911e+00,1.500000000000000000e+00,1.500000000000000000e+00,1.699999999999999956e+00
4.410000000000000142e+00,4.052751589917755304e+00,1.879810123516352016e+00,2.899999999999999911e+00,1.500000000000000000e+00,1.500000000000000000e+00,1.699999999999999956e+00
4.419999999999999929e+00,4.053502484366384273e+00,1.963979718485914461e+00,2.899999999999999911e+00,1.500000000000000000e+00,1.500000000000000000e+00,1.699999999999999956e+00
4.429999999999999716e+00,4.049025398045636770e+00,2.051862470652519477e+00,2.899999999999999911e+00,1.500000000000000000e+00,1.500000000000000000e+00,1.699999999999999956e+00
4.440000000000000391e+00,4.039112564736919708e+00,2.143448212886700510e+00,2.899999999999999911e+00,1.500000000000000000e+00,1.500000000000000000e+00,1.699999999999999956e+00
4.450000000000000178e+00,4.023581200700702354e+00,2.238696514911504565e+00,2.899999999999999911e+00,1.500000000000000000e+00,1.500000000000000000e+00,1.699999999999999956e+00
4.459999999999999964e+00,4.002278181403684520e+00,2.337533341678688537e+00,2.899999999999999911e+00,1.500000000000000000e+00,1.500000000000000000e+00,1.699999999999999956e+00
4.469999999999999751e+00,3.975084704343731623e+00,2.439847917485325368e+00,2.899999999999999911e+00,1.500000000000000000e+00,1.500000000000000000e+00,1.699999999999999956e+00
4.480000000000000426e+00,3.941920803547009911e+00,2.545489923515504405e+00,2.899999999999999911e+00,1.500000000000000000e+00,1.500000000000000000e+00,1.699999999999999956e+00
4.490000000000000213e+00,3.902749564683885453e+00,2.654267166682337642e+00,2.899999999999999911e+00,1.500000000000000000e+00,1.500000000000000000e+00,1.699999999999999956e+00
4.500000000000000000e+00,3.857580877786709106e+00,2.765943862609165027e+00,2.899999999999999911e+00,1.500000000000000000e+00,1.500000000000000000e+00,1.699999999999999956e+00
4.509999999999999787e+00,3.806474559000129432e+00,2.880239673841525239e+00,2.899999999999999911e+00,1.500000000000000000e+00,1.500000000000000000e+00,1.699999999999999956e+00
4.520000000000000462e+00,3.749542675264555314e+00,2.996829634648133123e+00,2.899999999999999911e+00,1.500000000000000000e+00,1.500000000000000000e+00,1.699999999999999956e+00
4.530000000000000249e+00,3.686950917609234768e+00,3.115345075165327327e+00,2.899999999999999911e+00,1.500000000000000000e+00,1.500000000000000000e+00,1.699999999999999956e+00
4.540000000000000036e+00,3.618918890566081625e+00,3.235375629853228574e+00,2.899999999999999911e+00,1.500000000000000000e+00,1.500000000000000000e+00,1.699999999999999956e+00
4.549999999999999822e+00,3.545719217145379520e+00,3.356472378680030566e+00,2.899999999999999911e+00,1.500000000000000000e+00,1.500000000000000000e+00,1.699999999999999956e+00
4.560000000000000497e+00,3.467675400020947762e+00,3.478152125381504867e+00,2.899999999999999911e+00,1.500000000000000000e+00,1.500000000000000000e+00,1.699999999999999956e+00
4.570000000000000284e+00,3.385158428319546164e+00,3.599902767655717817e+00,2.899999999999999911e+00,1.500000000000000000e+00,1.500000000000000000e+00,1.699999999999999956e+00
4.580000000000000071e+00,3.298582173084858571e+00,3.721189662118263630e+00,2.899999999999999911e+00,1.500000000000000000e+00,1.500000000000000000e+00,1.699999999999999956e+00
4.589999999999999858e+00,3.208397669756445580e+00,3.841462835710749868e+00,2.899999999999999911e+00,1.500000000000000000e+00,1.500000000000000000e+00,1.699999999999999956e+00
4.600000000000000533e+00,3.115086439078149638e+00,3.960164848763152889e+00,2.899999999999999911e+00,1.500000000000000000e+00,1.500000000000000000e+00,1.699999999999999956e+00
4.610000000000000320e+00,3.019153044833972288e+00,4.076739076723072230e+00,2.899999999999999911e+00,1.500000000000000000e+00,1.500000000000000000e+00,1.699999999999999956e+00
4.620000000000000107e+00,2.921117124101793472e+00,4.190638150880296564e+00,2.899999999999999911e+00,1.500000000000000000e+00,1.500000000000000000e+00,1.699999999999999956e+00
4.629999999999999893e+00,2.821505150401054429e+00,4.301332285600619088e+00,2.899999999999999911e+00,1.500000000000000000e+00,1.500000000000000000e+00,1.699999999999999956e+00
4.639999999999999680e+00,2.720842200287152401e+00,4.408317221888848003e+00,2.899999999999999911e+00,1.500000000000000000e+00,1.500000000000000000e+00,1.699999999999999956e+00
4.650000000000000355e+00,2.619643988937639278e+00,4.511121534500660779e+00,2.899999999999999911e+00,1.500000000000000000e+00,1.500000000000000000e+00,1.699999999999999956e+00
4.660000000000000142e+00,2.518409420704232460e+00,4.609313081003960200e+00,2.899999999999999911e+00,1.500000000000000000e+00,1.500000000000000000e+00,1.699999999999999956e+00
4.669999999999999929e+00,2.417613868299693269e+00,4.702504413700735242e+00,2.899999999999999911e+00,1.500000000000000000e+00,1.500000000000000000e+00,1.699999999999999956e+00
4.679999999999999716e+00,2.317703352060203503e+00,4.790357025846629035e+00,2.899999999999999911e+00,1.500000000000000000e+00,1.500000000000000000e+00,1.699999999999999956e+00
4.690000000000000391e+00,2.219089742031727042e+00,4.872584358340187549e+00,2.899999999999999911e+00,1.500000000000000000e+00,1.500000000000000000e+00,1.699999999999999956e+00
4.700000000000000178e+00,2.122147054197829785e+00,4.948953548098987909e+00,2.899999999999999911e+00,1.500000000000000000e+00,1.500000000000000000e+00,1.699999999999999956e+00
4.709999999999999964e+00,2.027208861605107160e+00,5.019285951088011899e+00,2.899999999999999911e+00,1.500000000000000000e+00,1.500000000000000000e+00,1.699999999999999956e+00
4.719999999999999751e+00,1.934566794613717944e+00,5.083456518412843295e+00,2.899999999999999911e+00,1.500000000000000000e+00,1.500000000000000000e+00,1.699999999999999956e+00
4.730000000000000426e+00,1.844470064481230631e+00,5.141392140847233172e+00,2.899999999999999911e+00,1.500000000000000000e+00,1.500000000000000000e+00,1.699999999999999956e+00
4.740000000000000213e+00,1.757125912634286191e+00,5.193069104352922238e+00,2.899999999999999911e+00,1.500000000000000000e+00,1.500000000000000000e+00,1.699999999999999956e+00
4.750000000000000000e+00,1.672700865103449397e+00,5.238509816188166468e+00,2.899999999999999911e+00,1.500000000000000000e+00,1.500000000000000000e+00,1.699999999999999956e+00
4.759999999999999787e+00,1.591322657719118183e+00,5.277778968501534607e+00,2.899999999999999911e+00,1.500000000000000000e+00,1.500000000000000000e+00,1.699999999999999956e+00
4.770000000000000462e+00,1.513082692168899124e+00,5.310979304906623177e+00,2.899999999999999911e+00,1.500000000000000000e+00,1.500000000000000000e+00,1.699999999999999956e+00
4.780000000000000249e+00,1.438038884801390083e+00,5.338247146896905271e+00,2.899999999999999911e+00,1.500000000000000000e+00,1.500000000000000000e+00,1.699999999999999956e+00
4.790000000000000036e+00,1.366218777736768697e+00,5.359747822781303128e+00,2.899999999999999911e+00,1.500000000000000000e+00,1.500000000000000000e+00,1.699999999999999956e+00
4.799999999999999822e+00,1.297622793898835614e+00,5.375671123841551768e+00,2.899999999999999911e+00,1.500000000000000000e+00,1.500000000000000000e+00,1.699999999999999956e+00
4.810000000000000497e+00,1.232227532527530256e+00,5.386226892275780109e+00,2.899999999999999911e+00,1.500000000000000000e+00,1.500000000000000000e+00,1.699999999999999956e+00
4.820000000000000284e+00,1.169989018208724474e+00,5.391640824642337293e+00,2.899999999999999911e+00,1.500000000000000000e+00,1.500000000000000000e+00,1.699999999999999956e+00
4.830000000000000071e+00,1.110845833315087905e+00,5.392150554134964580e+00,2.899999999999999911e+00,1.500000000000000000e+00,1.500000000000000000e+00,1.699999999999999956e+00
4.839999999999999858e+00,1.054722080071753609e+00,5.388002056000518181e+00,2.899999999999999911e+00,1.500000000000000000e+00,1.500000000000000000e+00,1.699999999999999956e+00
4.850000000000000533e+00,1.001530133571375325e+00,5.379446403368833174e+00,2.899999999999999911e+00,1.500000000000000000e+00,1.500000000000000000e+00,1.699999999999999956e+00
4.860000000000000320e+00,9.511731605220299368e-01,5.366736886063089074e+00,2.899999999999999911e+00,1.500000000000000000e+00,1.500000000000000000e+00,1.699999999999999956e+00
4.870000000000000107e+00,9.035473900751672671e-01,5.350126492746519524e+00,2.899999999999999911e+00,1.500000000000000000e+00,1.500000000000000000e+00,1.699999999999999956e+00
4.879999999999999893e+00,8.585441326695805175e-01,5.329865747017286992e+00,2.899999999999999911e+00,1.500000000000000000e+00,1.500000000000000000e+00,1.699999999999999956e+00
4.889999999999999680e+00,8.160515504860847980e-01,5.306200880644206919e+00,2.899999999999999911e+00,1.500000000000000000e+00,1.500000000000000000e+00,1.699999999999999956e+00
4.900000000000000355e+00,7.759561889693495917e-01,5.279372321816055091e+00,2.899999999999999911e+00,1.500000000000000000e+00,1.500000000000000000e+00,1.699999999999999956e+00
4.910000000000000142e+00,7.381442831272325700e-01,5.249613472784063539e+00,2.899999999999999911e+00,1.500000000000000000e+00,1.500000000000000000e+00,1.699999999999999956e+00
4.919999999999999929e+00,7.025028551824795686e-01,5.217149749320170393e+00,2.899999999999999911e+00,1.500000000000000000e+00,1.500000000000000000e+00,1.699999999999999956e+00
4.929999999999999716e+00,6.689206218539748283e-01,5.182197853704694879e+00,2.899999999999999911e+00,1.500000000000000000e+00,1.500000000000000000e+00,1.699999999999999956e+00
4.940000000000000391e+00,6.372887303057106489e-01,5.144965253226343904e+00,2.899999999999999911e+00,1.500000000000000000e+00,1.500000000000000000e+00,1.699999999999999956e+00
4.950000000000000178e+00,6.075013418257243503e-01,5.105649837181608142e+00,2.899999999999999911e+00,1.500000000000000000e+00,1.500000000000000000e+00,1.699999999999999956e+00
4.959999999999999964e+00,5.794560817664200503e-01,5.064439726888673832e+00,2.899999999999999911e+00,1.500000000000000000e+00,1.500000000000000000e+00,1.699999999999999956e+00
4.969999999999999751e+00,5.530543733486978919e-01,5.021513215105265715e+00,2.899999999999999911e+00,1.500000000000000000e+00,1.500000000000000000e+00,1.699999999999999956e+00
4.980000000000000426e+00,5.282016717361418534e-01,4.977038813315387777e+00,2.899999999999999911e+00,1.500000000000000000e+00,1.500000000000000000e+00,1.699999999999999956e+00
4.990000000000000213e+00,5.048076134285599537e-01,4.931175387512031882e+00,2.899999999999999911e+00,1.500000000000000000e+00,1.500000000000000000e+00,1.699999999999999956e+00
5.000000000000000000e+00,4.827860945903484913e-01,4.884072365263734561e+00,2.899999999999999911e+00,1.500000000000000000e+00,1.500000000000000000e+00,1.699999999999999956e+00
5.009999999999999787e+00,4.620552904825955820e-01,4.835869998947771364e+00,2.899999999999999911e+00,1.500000000000000000e+00,1.500000000000000000e+00,1.699999999999999956e+00
5.020000000000000462e+00,4.425376267558159271e-01,4.786699672016530904e+00,2.899999999999999911e+00,1.500000000000000000e+00,1.500000000000000000e+00,1.699999999999999956e+00
5.030000000000000249e+00,4.241597120159343315e-01,4.736684237006775433e+00,2.899999999999999911e+00,1.500000000000000000e+00,1.500000000000000000e+00,1.699999999999999956e+00
5.040000000000000036e+00,4.068522398214904912e-01,4.685938375687167756e+00,2.899999999999999911e+00,1.500000000000000000e+00,1.500000000000000000e+00,1.699999999999999956e+00
5.049999999999999822e+00,3.905498671179197800e-01,4.634568973260296154e+00,2.899999999999999911e+00,1.500000000000000000e+00,1.500000000000000000e+00,1.699999999999999956e+00
5.060000000000000497e+00,3.751910750711989762e-01,4.582675499891424309e+00,2.899999999999999911e+00,1.500000000000000000e+00,1.500000000000000000e+00,1.699999999999999956e+00
5.070000000000000284e+00,3.607180173290099323e-01,4.530350394032435446e+00,2.899999999999999911e+00,1.500000000000000000e+00,1.500000000000000000e+00,1.699999999999999956e+00
5.080000000000000071e+00,3.470763599100599173e-01,4.477679443054480402e+00,2.899999999999999911e+00,1.500000000000000000e+00,1.500000000000000000e+00,1.699999999999999956e+00
5.089999999999999858e+00,3.342151161959628913e-01,4.424742157607637338e+00,2.899999999999999911e+00,1.500000000000000000e+00,1.500000000000000000e+00,1.699999999999999956e+00
5.100000000000000533e+00,3.220864798681727925e-01,4.371612136902466972e+00,2.899999999999999911e+00,1.500000000000000000e+00,1.500000000000000000e+00,1.699999999999999956e+00
5.110000000000000320e+00,3.106456580869953465e-01,4.318357422769286025e+00,2.899999999999999911e+00,1.500000000000000000e+00,1.500000000000000000e+00,1.699999999999999956e+00
5.120000000000000107e+00,2.998507067424296957e-01,4.265040840908821629e+00,2.899999999999999911e+00,1.500000000000000000e+00,1.500000000000000000e+00,1.699999999999999956e+00
5.129999999999999893e+00,2.896623692092426539e-01,4.211720328214687115e+00,2.899999999999999911e+00,1.500000000000000000e+00,1.500000000000000000e+00,1.699999999999999956e+00
5.139999999999999680e+00,2.800439197032542626e-01,4.158449245435165587e+00,2.899999999999999911e+00,1.500000000000000000e+00,1.500000000000000000e+00,1.699999999999999956e+00
5.150000000000000355e+00,2.709610120547604195e-01,4.105276674759687161e+00,2.899999999999999911e+00,1.500000000000000000e+00,1.500000000000000000e+00,1.699999999999999956e+00
5.160000000000000142e+00,2.623815344813293926e-01,4.052247702173580990e+00,2.899999999999999911e+00,1.500000000000000000e+00,1.500000000000000000e+00,1.699999999999999956e+00
5.169999999999999929e+00,2.542754707494905841e-01,3.999403684631923639e+00,2.899999999999999911e+00,1.500000000000000000e+00,1.500000000000000000e+00,1.699999999999999956e+00
5.179999999999999716e+00,2.466147679573189866e-01,3.946782502267121018e+00,2.899999999999999911e+00,1.500000000000000000e+00,1.500000000000000000e+00,1.699999999999999956e+00
5.190000000000000391e+00,2.393732110424638959e-01,3.894418795972114822e+00,2.899999999999999911e+00,1.500000000000000000e+00,1.500000000000000000e+00,1.699999999999999956e+00
5.200000000000000178e+00,2.325263040182295737e-01,3.842344190797660097e+00,2.899999999999999911e+00,1.500000000000000000e+00,1.500000000000000000e+00,1.699999999999999956e+00
5.209999999999999964e+00,2.260511578598974336e-01,3.790587505673129520e+00,2.899999999999999911e+00,1.500000000000000000e+00,1.500000000000000000e+00,1.699999999999999956e+00
5.219999999999999751e+00,2.199263849011132421e-01,3.739174950010211163e+00,2.899999999999999911e+00,1.500000000000000000e+00,1.500000000000000000e+00,1.699999999999999956e+00
5.230000000000000426e+00,2.141319995528420672e-01,3.688130307781470663e+00,2.899999999999999911e+00,1.500000000000000000e+00,1.500000000000000000e+00,1.699999999999999956e+00
5.240000000000000213e+00,2.086493251225328693e-01,3.637475109684304986e+00,2.899999999999999911e+00,1.500000000000000000e+00,1.500000000000000000e+00,1.699999999999999956e+00
5.250000000000000000e+00,2.034609064865217920e-01,3.587228794008058497e+00,2.899999999999999911e+00,1.500000000000000000e+00,1.500000000000000000e+00,1.699999999999999956e+00
5.259999999999999787e+00,1.985504283524560931e-01,3.537408856820348113e+00,2.899999999999999911e+00,1.500000000000000000e+00,1.500000000000000000e+00,1.699999999999999956e+00
5.270000000000000462e+00,1.939026388390439892e-01,3.488030992079864223e+00,2.899999999999999911e+00,1.500000000000000000e+00,1.500000000000000000e+00,1.699999999999999956e+00
5.280000000000000249e+00,1.895032780963866736e-01,3.439109222268751154e+00,2.899999999999999911e+00,1.500000000000000000e+00,1.500000000000000000e+00,1.699999999999999956e+00
5.290000000000000036e+00,1.853390116904000962e-01,3.390656020119405145e+00,2.899999999999999911e+00,1.500000000000000000e+00,1.500000000000000000e+00,1.699999999999999956e+00
5.299999999999999822e+00,1.813973684784462304e-01,3.342682421989339847e+00,2.899999999999999911e+00,1.500000000000000000e+00,1.500000000000000000e+00,1.699999999999999956e+00
5.310000000000000497e+00,1.776666827094841583e-01,3.295198133414503072e+00,2.899999999999999911e+00,1.500000000000000000e+00,1.500000000000000000e+00,1.699999999999999956e+00
5.320000000000000284e+00,1.741360400901794114e-01,3.248211627346868191e+00,2.899999999999999911e+00,1.500000000000000000e+00,1.500000000000000000e+00,1.699999999999999956e+00
5.330000000000000071e+00,1.707952275679419374e-01,3.201730235556828230e+00,2.899999999999999911e+00,1.500000000000000000e+00,1.500000000000000000e+00,1.699999999999999956e+00
5.339999999999999858e+00,1.676346865923728779e-01,3.155760233655385161e+00,2.899999999999999911e+00,1.500000000000000000e+00,1.500000000000000000e+00,1.699999999999999956e+00
5.350000000000000533e+00,1.646454696277342977e-01,3.110306920165719635e+00,2.899999999999999911e+00,1.500000000000000000e+00,1.500000000000000000e+00,1.699999999999999956e+00
5.360000000000000320e+00,1.618191997005369309e-01,3.065374690048719319e+00,2.899999999999999911e+00,1.500000000000000000e+00,1.500000000000000000e+00,1.699999999999999956e+00
5.370000000000000107e+00,1.591480327779448978e-01,3.020967103062686121e+00,2.899999999999999911e+00,1.500000000000000000e+00,1.500000000000000000e+00,1.699999999999999956e+00
5.379999999999999893e+00,1.566246227842489902e-01,2.977086947313871246e+00,2.899999999999999911e+00,1.500000000000000000e+00,1.500000000000000000e+00,1.699999999999999956e+00
5.389999999999999680e+00,1.542420890740248962e-01,2.933736298331829140e+00,2.899999999999999911e+00,1.500000000000000000e+00,1.500000000000000000e+00,1.699999999999999956e+00
5.400000000000000355e+00,1.519939861916695112e-01,2.890916573981925364e+00,2.899999999999999911e+00,1.500000000000000000e+00,1.500000000000000000e+00,1.699999999999999956e+00
5.410000000000000142e+00,1.498742757577178897e-01,2.848628585506706390e+00,2.899999999999999911e+00,1.500000000000000000e+00,1.500000000000000000e+00,1.699999999999999956e+00
5.419999999999999929e+00,1.478773003326345203e-01,2.806872584968287843e+00,2.899999999999999911e+00,1.500000000000000000e+00,1.500000000000000000e+00,1.699999999999999956e+00
5.429999999999999716e+00,1.459977591186060464e-01,2.765648309345436040e+00,2.899999999999999911e+00,1.500000000000000000e+00,1.500000000000000000e+00,1.699999999999999956e+00
5.440000000000000391e+00,1.442306853692184032e-01,2.724955021521592968e+00,2.899999999999999911e+00,1.500000000000000000e+00,1.500000000000000000e+00,1.699999999999999956e+00
5.450000000000000178e+00,1.425714253857659763e-01,2.684791548383720805e+00,2.899999999999999911e+00,1.500000000000000000e+00,1.500000000000000000e+00,1.699999999999999956e+00
5.459999999999999964e+00,1.410156189873133514e-01,2.645156316236472183e+00,2.899999999999999911e+00,1.500000000000000000e+00,1.500000000000000000e+00,1.699999999999999956e+00
5.469999999999999751e+00,1.395591813495156430e-01,2.606047383721800337e+00,2.899999999999999911e+00,1.500000000000000000e+00,1.500000000000000000e+00,1.699999999999999956e+00
5.480000000000000426e+00,1.381982861146104358e-01,2.567462472420672714e+00,2.899999999999999911e+00,1.500000000000000000e+00,1.500000000000000000e+00,1.699999999999999956e+00
5.490000000000000213e+00,1.369293496819384282e-01,2.529398995300986552e+00,2.899999999999999911e+00,1.500000000000000000e+00,1.500000000000000000e+00,1.699999999999999956e+00
5.500000000000000000e+00,1.357490165948458949e-01,2.491854083164068978e+00,2.899999999999999911e+00,1.500000000000000000e+00,1.500000000000000000e+00,1.699999999999999956e+00
5.509999999999999787e+00,1.346541459458906465e-01,2.454824609231236909e+00,2.899999999999999911e+00,1.500000000000000000e+00,1.500000000000000000e+00,1.699999999999999956e+00
5.520000000000000462e+00,1.336417987279330810e-01,2.418307212001733486e+00,2.899999999999999911e+00,1.500000000000000000e+00,1.500000000000000000e+00,1.699999999999999956e+00
5.530000000000000249e+00,1.327092260639666788e-01,2.382298316503917324e+00,2.899999999999999911e+00,1.500000000000000000e+00,1.500000000000000000e+00,1.699999999999999956e+00
5.540000000000000036e+00,1.318538582534485304e-01,2.346794154052804782e+00,2.899999999999999911e+00,1.500000000000000000e+00,1.500000000000000000e+00,1.699999999999999956e+00
5.549999999999999822e+00,1.310732945774521763e-01,2.311790780618919960e+00,2.899999999999999911e+00,1.500000000000000000e+00,1.500000000000000000e+00,1.699999999999999956e+00
5.560000000000000497e+00,1.303652938092012548e-01,2.277284093905838080e+00,2.899999999999999911e+00,1.500000000000000000e+00,1.500000000000000000e+00,1.699999999999999956e+00
5.570000000000000284e+00,1.297277653804761177e-01,2.243269849226800616e+00,2.899999999999999911e+00,1.500000000000000000e+00,1.500000000000000000e+00,1.699999999999999956e+00
5.580000000000000071e+00,1.291587611580325978e-01,2.209743674264261770e+00,2.899999999999999911e+00,1.500000000000000000e+00,1.500000000000000000e+00,1.699999999999999956e+00
5.589999999999999858e+00,1.286564677875555174e-01,2.176701082790199138e+00,2.899999999999999911e+00,1.500000000000000000e+00,1.500000000000000000e+00,1.699999999999999956e+00
5.600000000000000533e+00,1.282191995658031325e-01,2.144137487419429444e+00,2.899999999999999911e+00,1.500000000000000000e+00,1.500000000000000000e+00,1.699999999999999956e+00
5.610000000000000320e+00,1.278453918045031334e-01,2.112048211462980163e+00,2.899999999999999911e+00,1.500000000000000000e+00,1.500000000000000000e+00,1.699999999999999956e+00
5.620000000000000107e+00,1.275335946522492270e-01,2.080428499943772991e+00,2.899999999999999911e+00,1.500000000000000000e+00,1.500000000000000000e+00,1.699999999999999956e+00
5.629999999999999893e+00,1.272824673431375286e-01,2.049273529832418728e+00,2.899999999999999911e+00,1.500000000000000000e+00,1.500000000000000000e+00,1.699999999999999956e+00
5.639999999999999680e+00,1.270907728431860950e-01,2.018578419556805947e+00,2.899999999999999911e+00,1.500000000000000000e+00,1.500000000000000000e+00,1.699999999999999956e+00
5.650000000000000355e+00,1.269573728677142466e-01,1.988338237835342914e+00,2.899999999999999911e+00,1.500000000000000000e+00,1.500000000000000000e+00,1.699999999999999956e+00
5.660000000000000142e+00,1.268812232448315869e-01,1.958548011880175022e+00,2.899999999999999911e+00,1.500000000000000000e+00,1.500000000000000000e+00,1.699999999999999956e+00
5.669999999999999929e+00,1.268613696020136072e-01,1.929202735013423098e+00,2.899999999999999911e+00,1.500000000000000000e+00,1.500000000000000000e+00,1.699999999999999956e+00
5.679999999999999716e+00,1.268969433544307190e-01,1.900297373736447915e+00,2.899999999999999911e+00,1.500000000000000000e+00,1.500000000000000000e+00,1.699999999999999956e+00
5.690000000000000391e+00,1.269871579752608892e-01,1.871826874289336029e+00,2.899999999999999911e+00,1.500000000000000000e+00,1.500000000000000000e+00,1.699999999999999956e+00
5.700000000000000178e+00,1.271313055296641736e-01,1.843786168735189301e+00,2.899999999999999911e+00,1.500000000000000000e+00,1.500000000000000000e+00,1.699999999999999956e+00
5.709999999999999964e+00,1.273287534554355394e-01,1.816170180601389017e+00,2.899999999999999911e+00,1.500000000000000000e+00,1.500000000000000000e+00,1.699999999999999956e+00
5.719999999999999751e+00,1.275789415745927080e-01,1.788973830107760898e+00,2.899999999999999911e+00,1.500000000000000000e+00,1.500000000000000000e+00,1.699999999999999956e+00
5.730000000000000426e+00,1.278813793213025296e-01,1.762192039009491396e+00,2.899999999999999911e+00,1.500000000000000000e+00,1.500000000000000000e+00,1.699999999999999956e+00
5.740000000000000213e+00,1.282356431726113799e-01,1.735819735080721182e+00,2.899999999999999911e+00,1.500000000000000000e+00,1.500000000000000000e+00,1.699999999999999956e+00
5.750000000000000000e+00,1.286413742694287876e-01,1.709851856262955438e+00,2.899999999999999911e+00,1.500000000000000000e+00,1.500000000000000000e+00,1.699999999999999956e+00
5.759999999999999787e+00,1.290982762161237418e-01,1.684283354500771601e+00,2.899999999999999911e+00,1.500000000000000000e+00,1.500000000000000000e+00,1.699999999999999956e+00
5.770000000000000462e+00,1.296061130479367884e-01,1.659109199285771830e+00,2.899999999999999911e+00,1.500000000000000000e+00,1.500000000000000000e+00,1.699999999999999956e+00
5.780000000000000249e+00,1.301647073561924273e-01,1.634324380928299458e+00,2.899999999999999911e+00,1.500000000000000000e+00,1.500000000000000000e+00,1.699999999999999956e+00
5.790000000000000036e+00,1.307739385620202976e-01,1.609923913575112220e+00,2.899999999999999911e+00,1.500000000000000000e+00,1.500000000000000000e+00,1.699999999999999956e+00
5.799999999999999822e+00,1.314337413299649371e-01,1.585902837989983771e+00,2.899999999999999911e+00,1.500000000000000000e+00,1.500000000000000000e+00,1.699999999999999956e+00
5.810000000000000497e+00,1.321441041134860939e-01,1.562256224113053538e+00,2.899999999999999911e+00,1.500000000000000000e+00,1.500000000000000000e+00,1.699999999999999956e+00
5.820000000000000284e+00,1.329050678249285022e-01,1.538979173413694168e+00,2.899999999999999911e+00,1.500000000000000000e+00,1.500000000000000000e+00,1.699999999999999956e+00
5.830000000000000071e+00,1.337167246230755169e-01,1.516066821050674696e+00,2.899999999999999911e+00,1.500000000000000000e+00,1.500000000000000000e+00,1.699999999999999956e+00
5.839999999999999858e+00,1.345792168118976062e-01,1.493514337852487106e+00,2.899999999999999911e+00,1.500000000000000000e+00,1.500000000000000000e+00,1.699999999999999956e+00
5.850000000000000533e+00,1.354927358445674190e-01,1.471316932129848709e+00,2.899999999999999911e+00,1.500000000000000000e+00,1.500000000000000000e+00,1.699999999999999956e+00
5.860000000000000320e+00,1.364575214272419623e-01,1.449469851331606662e+00,2.899999999999999911e+00,1.500000000000000000e+00,1.500000000000000000e+00,1.699999999999999956e+00
5.870000000000000107e+00,1.374738607175088612e-01,1.427968383554532927e+00,2.899999999999999911e+00,1.500000000000000000e+00,1.500000000000000000e+00,1.699999999999999956e+00
5.879999999999999893e+00,1.385420876127640699e-01,1.406807858916812703e+00,2.899999999999999911e+00,1.500000000000000000e+00,1.500000000000000000e+00,1.699999999999999956e+00
5.889999999999999680e+00,1.396625821241307963e-01,1.385983650804397671e+00,2.899999999999999911e+00,1.500000000000000000e+00,1.500000000000000000e+00,1.699999999999999956e+00
5.900000000000000355e+00,1.408357698318488949e-01,1.365491176998797629e+00,2.899999999999999911e+00,1.500000000000000000e+00,1.500000000000000000e+00,1.699999999999999956e+00
5.910000000000000142e+00,1.420621214183608039e-01,1.345325900694336996e+00,2.899999999999999911e+00,1.500000000000000000e+00,1.500000000000000000e+00,1.699999999999999956e+00
5.919999999999999929e+00,1.433421522755954081e-01,1.325483331412387056e+00,2.899999999999999911e+00,1.500000000000000000e+00,1.500000000000000000e+00,1.699999999999999956e+00
5.929999999999999716e+00,1.446764221832089747e-01,1.305959025819608321e+00,2.899999999999999911e+00,1.500000000000000000e+00,1.500000000000000000e+00,1.699999999999999956e+00
5.940000000000000391e+00,1.460655350547805931e-01,1.286748588456791520e+00,2.899999999999999911e+00,1.500000000000000000e+00,1.500000000000000000e+00,1.699999999999999956e+00
5.950000000000000178e+00,1.475101387491823124e-01,1.267847672384471824e+00,2.899999999999999911e+00,1.500000000000000000e+00,1.500000000000000000e+00,1.699999999999999956e+00
5.959999999999999964e+00,1.490109249445516482e-01,1.249251979751103470e+00,2.899999999999999911e+00,1.500000000000000000e+00,1.500000000000000000e+00,1.699999999999999956e+00
5.969999999999999751e+00,1.505686290724866927e-01,1.230957262289222864e+00,2.899999999999999911e+00,1.500000000000000000e+00,1.500000000000000000e+00,1.699999999999999956e+00
5.980000000000000426e+00,1.521840303102643399e-01,1.212959321744693009e+00,2.899999999999999911e+00,1.500000000000000000e+00,1.500000000000000000e+00,1.699999999999999956e+00
5.990000000000000213e+00,1.538579516290495830e-01,1.195254010243809173e+00,2.899999999999999911e+00,1.500000000000000000e+00,1.500000000000000000e+00,1.699999999999999956e+00
6.000000000000000000e+00,1.555912598962199966e-01,1.177837230602752694e+00,2.899999999999999911e+00,1.500000000000000000e+00,1.500000000000000000e+00,1.699999999999999956e+00
0.000000000000000000e+00,5.000000000000000000e-01,5.000000000000000000e-01,3.200000000000000178e+00,1.899999999999999911e+00,1.899999999999999911e+00,2.100000000000000089e+00
1.000000000000000021e-02,5.114044895312499506e-01,4.943358854687500137e-01,3.200000000000000178e+00,1.899999999999999911e+00,1.899999999999999911e+00,2.100000000000000089e+00
2.000000000000000042e-02,5.231245287492857221e-01,4.888432888671047083e-01,3.200000000000000178e+00,1.899999999999999911e+00,1.899999999999999911e+00,2.100000000000000089e+00
2.999999999999999889e-02,5.351681249186710509e-01,4.835208402571387620e-01,3.200000000000000178e+00,1.899999999999999911e+00,1.899999999999999911e+00,2.100000000000000089e+00
4.000000000000000083e-02,5.475434667918951392e-01,4.783672750131324758e-01,3.200000000000000178e+00,1.899999999999999911e+00,1.899999999999999911e+00,2.100000000000000089e+00
5.000000000000000278e-02,5.602589258223719115e-01,4.733814362017115807e-01,3.200000000000000178e+00,1.899999999999999911e+00,1.899999999999999911e+00,2.100000000000000089e+00
5.999999999999999778e-02,5.733230571539813525e-01,4.685622771687980026e-01,3.200000000000000178e+00,1.899999999999999911e+00,1.899999999999999911e+00,2.100000000000000089e+00
7.000000000000000666e-02,5.867446003609368965e-01,4.639088643475467455e-01,3.200000000000000178e+00,1.899999999999999911e+00,1.899999999999999911e+00,2.100000000000000089e+00
8.000000000000000167e-02,6.005324799095377308e-01,4.594203803024888288e-01,3.200000000000000178e+00,1.899999999999999911e+00,1.899999999999999911e+00,2.100000000000000089e+00
8.999999999999999667e-02,6.146958053109514708e-01,4.550961270262353087e-01,3.200000000000000178e+00,1.899999999999999911e+00,1.899999999999999911e+00,2.100000000000000089e+00
1.000000000000000056e-01,6.292438709315597567e-01,4.509355295063258717e-01,3.200000000000000178e+00,1.899999999999999911e+00,1.899999999999999911e+00,2.100000000000000089e+00
1.100000000000000006e-01,6.441861554245656984e-01,4.469381395811430902e-01,3.200000000000000178e+00,1.899999999999999911e+00,1.899999999999999911e+00,2.100000000000000089e+00
1.199999999999999956e-01,6.595323207434949930e-01,4.431036401052597107e-01,3.200000000000000178e+00,1.899999999999999911e+00,1.899999999999999911e+00,2.100000000000000089e+00
1.300000000000000044e-01,6.752922106948942016e-01,4.394318494461592062e-01,3.200000000000000178e+00,1.899999999999999911e+00,1.899999999999999911e+00,2.100000000000000089e+00
1.400000000000000133e-01,6.914758489839276656e-01,4.359227263359728988e-01,3.200000000000000178e+00,1.899999999999999911e+00,1.899999999999999911e+00,2.100000000000000089e+00
1.499999999999999944e-01,7.080934367026682219e-01,4.325763751037266513e-01,3.200000000000000178e+00,1.899999999999999911e+00,1.899999999999999911e+00,2.100000000000000089e+00
1.600000000000000033e-01,7.251553492066465934e-01,4.293930513155934103e-01,3.200000000000000178e+00,1.899999999999999911e+00,1.899999999999999911e+00,2.100000000000000089e+00
1.700000000000000122e-01,7.426721323206362246e-01,4.263731678528228097e-01,3.200000000000000178e+00,1.899999999999999911e+00,1.899999999999999911e+00,2.100000000000000089e+00
1.799999999999999933e-01,7.606544978096830834e-01,4.235173014593758833e-01,3.200000000000000178e+00,1.899999999999999911e+00,1.899999999999999911e+00,2.100000000000000089e+00
1.900000000000000022e-01,7.791133180460048102e-01,4.208261997938488874e-01,3.200000000000000178e+00,1.899999999999999911e+00,1.899999999999999911e+00,2.100000000000000089e+00
2.000000000000000111e-01,7.980596197965482697e-01,4.183007890230407977e-01,3.200000000000000178e+00,1.899999999999999911e+00,1.899999999999999911e+00,2.100000000000000089e+00
2.099999999999999922e-01,8.175045770496727204e-01,4.159421819975230306e-01,3.200000000000000178e+00,1.899999999999999911e+00,1.899999999999999911e+00,2.100000000000000089e+00
2.200000000000000011e-01,8.374595027925765267e-01,4.137516870528237245e-01,3.200000000000000178e+00,1.899999999999999911e+00,1.899999999999999911e+00,2.100000000000000089e+00
2.300000000000000100e-01,8.579358396436641554e-01,4.117308174833673728e-01,3.200000000000000178e+00,1.899999999999999911e+00,1.899999999999999911e+00,2.100000000000000089e+00
2.399999999999999911e-01,8.789451492360128571e-01,4.098813017401293779e-01,3.200000000000000178e+00,1.899999999999999911e+00,1.899999999999999911e+00,2.100000000000000089e+00
2.500000000000000000e-01,9.004991002393910593e-01,4.082050944071031195e-01,3.200000000000000178e+00,1.899999999999999911e+00,1.899999999999999911e+00,2.100000000000000089e+00
2.600000000000000089e-01,9.226094548988560406e-01,4.067043880161546610e-01,3.200000000000000178e+00,1.899999999999999911e+00,1.899999999999999911e+00,2.100000000000000089e+00
2.700000000000000178e-01,9.452880539577499519e-01,4.053816257646862820e-01,3.200000000000000178e+00,1.899999999999999911e+00,1.899999999999999911e+00,2.100000000000000089e+00
2.800000000000000266e-01,9.685467998218713070e-01,4.042395152057688956e-01,3.200000000000000178e+00,1.899999999999999911e+00,1.899999999999999911e+00,2.100000000000000089e+00
2.899999999999999800e-01,9.923976378096457385e-01,4.032810429860669288e-01,3.200000000000000178e+00,1.899999999999999911e+00,1.899999999999999911e+00,2.100000000000000089e+00
2.999999999999999889e-01,1.016852535320199369e+00,4.025094907129946331e-01,3.200000000000000178e+00,1.899999999999999911e+00,1.899999999999999911e+00,2.100000000000000089e+00
3.099999999999999978e-01,1.041923458737264996e+00,4.019284520391411819e-01,3.200000000000000178e+00,1.899999999999999911e+00,1.899999999999999911e+00,2.100000000000000089e+00
3.200000000000000067e-01,1.067622347871762134e+00,4.015418510591157175e-01,3.200000000000000178e+00,1.899999999999999911e+00,1.899999999999999911e+00,2.100000000000000089e+00
3.300000000000000155e-01,1.093961087729592663e+00,4.013539621216223874e-01,3.200000000000000178e+00,1.899999999999999911e+00,1.899999999999999911e+00,2.100000000000000089e+00
3.400000000000000244e-01,1.120951477373618443e+00,4.013694311678119298e-01,3.200000000000000178e+00,1.899999999999999911e+00,1.899999999999999911e+00,2.100000000000000089e+00
3.500000000000000333e-01,1.148605195629831988e+00,4.015932987157989076e-01,3.200000000000000178e+00,1.899999999999999911e+00,1.899999999999999911e+00,2.100000000000000089e+00
3.599999999999999867e-01,1.176933763367330021e+00,4.020310246207124960e-01,3.200000000000000178e+00,1.899999999999999911e+00,1.899999999999999911e+00,2.100000000000000089e+00
3.699999999999999956e-01,1.205948502059746019e+00,4.026885147497866191e-01,3.200000000000000178e+00,1.899999999999999911e+00,1.899999999999999911e+00,2.100000000000000089e+00
3.800000000000000044e-01,1.235660488312223748e+00,4.035721497228134669e-01,3.200000000000000178e+00,1.899999999999999911e+00,1.899999999999999911e+00,2.100000000000000089e+00
3.900000000000000133e-01,1.266080504012724317e+00,4.046888158797982138e-01,3.200000000000000178e+00,1.899999999999999911e+00,1.899999999999999911e+00,2.100000000000000089e+00
4.000000000000000222e-01,1.297218981739385768e+00,4.060459386498654899e-01,3.200000000000000178e+00,1.899999999999999911e+00,1.899999999999999911e+00,2.100000000000000089e+00
4.100000000000000311e-01,1.329085945026726945e+00,4.076515185083762205e-01,3.200000000000000178e+00,1.899999999999999911e+00,1.899999999999999911e+00,2.100000000000000089e+00
4.199999999999999845e-01,1.361690943062651371e+00,4.095141697227938082e-01,3.200000000000000178e+00,1.899999999999999911e+00,1.899999999999999911e+00,2.100000000000000089e+00
4.299999999999999933e-01,1.395042979355429535e+00,4.116431621020543163e-01,3.200000000000000178e+00,1.899999999999999911e+00,1.899999999999999911e+00,2.100000000000000089e+00
4.400000000000000022e-01,1.429150433875099990e+00,4.140484659789814281e-01,3.200000000000000178e+00,1.899999999999999911e+00,1.899999999999999911e+00,2.100000000000000089e+00
4.500000000000000111e-01,1.464020978137063889e+00,4.167408006705481949e-01,3.200000000000000178e+00,1.899999999999999911e+00,1.899999999999999911e+00,2.100000000000000089e+00
4.600000000000000200e-01,1.499661482657099754e+00,4.197316866763960985e-01,3.200000000000000178e+00,1.899999999999999911e+00,1.899999999999999911e+00,2.100000000000000089e+00
4.700000000000000289e-01,1.536077916166724622e+00,4.230335018917945611e-01,3.200000000000000178e+00,1.899999999999999911e+00,1.899999999999999911e+00,2.100000000000000089e+00
4.799999999999999822e-01,1.573275235935944538e+00,4.266595421269291921e-01,3.200000000000000178e+00,1.899999999999999911e+00,1.899999999999999911e+00,2.100000000000000089e+00
4.899999999999999911e-01,1.611257268507238827e+00,4.306240862397344715e-01,3.200000000000000178e+00,1.899999999999999911e+00,1.899999999999999911e+00,2.100000000000000089e+00
5.000000000000000000e-01,1.650026580100482310e+00,4.349424662040444756e-01,3.200000000000000178e+00,1.899999999999999911e+00,1.899999999999999911e+00,2.100000000000000089e+00
5.100000000000000089e-01,1.689584335903910217e+00,4.396311424481258445e-01,3.200000000000000178e+00,1.899999999999999911e+00,1.899999999999999911e+00,2.100000000000000089e+00
5.200000000000000178e-01,1.729930147421838482e+00,4.447077848100551845e-01,3.200000000000000178e+00,1.899999999999999911e+00,1.899999999999999911e+00,2.100000000000000089e+00
5.300000000000000266e-01,1.771061907006498570e+00,4.501913594651321682e-01,3.200000000000000178e+00,1.899999999999999911e+00,1.899999999999999911e+00,2.100000000000000089e+00
5.400000000000000355e-01,1.812975608660108984e+00,4.561022221856186332e-01,3.200000000000000178e+00,1.899999999999999911e+00,1.899999999999999911e+00,2.100000000000000089e+00
5.500000000000000444e-01,1.855665154155541341e+00,4.624622182933849635e-01,3.200000000000000178e+00,1.899999999999999911e+00,1.899999999999999911e+00,2.100000000000000089e+00
5.600000000000000533e-01,1.899122143491328130e+00,4.692947896600928592e-01,3.200000000000000178e+00,1.899999999999999911e+00,1.899999999999999911e+00,2.100000000000000089e+00
5.700000000000000622e-01,1.943335648671391525e+00,4.766250890955993080e-01,3.200000000000000178e+00,1.899999999999999911e+00,1.899999999999999911e+00,2.100000000000000089e+00
5.799999999999999600e-01,1.988291969784312441e+00,4.844801024412318524e-01,3.200000000000000178e+00,1.899999999999999911e+00,1.899999999999999911e+00,2.100000000000000089e+00
5.899999999999999689e-01,2.033974372354323989e+00,4.928887786479277944e-01,3.200000000000000178e+00,1.899999999999999911e+00,1.899999999999999911e+00,2.100000000000000089e+00
5.999999999999999778e-01,2.080362804950285138e+00,5.018821680669357521e-01,3.200000000000000178e+00,1.899999999999999911e+00,1.899999999999999911e+00,2.100000000000000089e+00
6.099999999999999867e-01,2.127433596074215671e+00,5.114935691092625802e-01,3.200000000000000178e+00,1.899999999999999911e+00,1.899999999999999911e+00,2.100000000000000089e+00
6.199999999999999956e-01,2.175159129412999270e+00,5.217586833350776887e-01,3.200000000000000178e+00,1.899999999999999911e+00,1.899999999999999911e+00,2.100000000000000089e+00
6.300000000000000044e-01,2.223507496632028957e+00,5.327157789108867281e-01,3.200000000000000178e+00,1.899999999999999911e+00,1.899999999999999911e+00,2.100000000000000089e+00
6.400000000000000133e-01,2.272442127025535719e+00,5.444058622146625837e-01,3.200000000000000178e+00,1.899999999999999911e+00,1.899999999999999911e+00,2.100000000000000089e+00
6.500000000000000222e-01,2.321921393524015276e+00,5.568728571705452435e-01,3.200000000000000178e+00,1.899999999999999911e+00,1.899999999999999911e+00,2.100000000000000089e+00
6.600000000000000311e-01,2.371898194804993754e+00,5.701637916474738832e-01,3.200000000000000178e+00,1.899999999999999911e+00,1.899999999999999911e+00,2.100000000000000089e+00
6.700000000000000400e-01,2.422319513571327132e+00,5.843289899513872676e-01,3.200000000000000178e+00,1.899999999999999911e+00,1.899999999999999911e+00,2.100000000000000089e+00
6.800000000000000488e-01,2.473125951465093397e+00,5.994222700685034599e-01,3.200000000000000178e+00,1.899999999999999911e+00,1.899999999999999911e+00,2.100000000000000089e+00
6.900000000000000577e-01,2.524251241590436123e+00,6.155011438666072587e-01,3.200000000000000178e+00,1.899999999999999911e+00,1.899999999999999911e+00,2.100000000000000089e+00
7.000000000000000666e-01,2.575621740242905577e+00,6.326270179201037847e-01,3.200000000000000178e+00,1.899999999999999911e+00,1.899999999999999911e+00,2.100000000000000089e+00
7.099999999999999645e-01,2.627155900205081718e+00,6.508653919797711129e-01,3.200000000000000178e+00,1.899999999999999911e+00,1.899999999999999911e+00,2.100000000000000089e+00
7.199999999999999734e-01,2.678763728889394180e+00,6.702860513459015790e-01,3.200000000000000178e+00,1.899999999999999911e+00,1.899999999999999911e+00,2.100000000000000089e+00
7.299999999999999822e-01,2.730346235711138103e+00,6.909632485098364807e-01,3.200000000000000178e+00,1.899999999999999911e+00,1.899999999999999911e+00,2.100000000000000089e+00
7.399999999999999911e-01,2.781794874380454363e+00,7.129758683900927485e-01,3.200000000000000178e+00,1.899999999999999911e+00,1.899999999999999911e+00,2.100000000000000089e+00
7.500000000000000000e-01,2.832990987333991129e+00,7.364075702929223644e-01,3.200000000000000178e+00,1.899999999999999911e+00,1.899999999999999911e+00,2.100000000000000089e+00
7.600000000000000089e-01,2.883805261306088941e+00,7.613468983632694087e-01,3.200000000000000178e+00,1.899999999999999911e+00,1.899999999999999911e+00,2.100000000000000089e+00
7.700000000000000178e-01,2.934097205083288085e+00,7.878873507548556088e-01,3.200000000000000178e+00,1.899999999999999911e+00,1.899999999999999911e+00,2.100000000000000089e+00
7.800000000000000266e-01,2.983714662806713491e+00,8.161273960379442638e-01,3.200000000000000178e+00,1.899999999999999911e+00,1.899999999999999911e+00,2.100000000000000089e+00
7.900000000000000355e-01,3.032493378787653349e+00,8.461704234895934817e-01,3.200000000000000178e+00,1.899999999999999911e+00,1.899999999999999911e+00,2.100000000000000089e+00
8.000000000000000444e-01,3.080256632672854877e+00,8.781246118956319568e-01,3.200000000000000178e+00,1.899999999999999911e+00,1.899999999999999911e+00,2.100000000000000089e+00
8.100000000000000533e-01,3.126814966910672400e+00,9.121026993742761269e-01,3.200000000000000178e+00,1.899999999999999911e+00,1.899999999999999911e+00,2.100000000000000089e+00
8.200000000000000622e-01,3.171966031776883632e+00,9.482216345674341351e-01,3.200000000000000178e+00,1.899999999999999911e+00,1.899999999999999911e+00,2.100000000000000089e+00
8.300000000000000711e-01,3.215494576639500668e+00,9.866020874228772497e-01,3.200000000000000178e+00,1.899999999999999911e+00,1.899999999999999911e+00,2.100000000000000089e+00
8.399999999999999689e-01,3.257172619557745286e+00,1.027367795826212848e+00,3.200000000000000178e+00,1.899999999999999911e+00,1.899999999999999911e+00,2.100000000000000089e+00
8.499999999999999778e-01,3.296759830559071069e+00,1.070644722691295847e+00,3.200000000000000178e+00,1.899999999999999911e+00,1.899999999999999911e+00,2.100000000000000089e+00
8.599999999999999867e-01,3.334004166804736435e+00,1.116559996979517688e+00,3.200000000000000178e+00,1.899999999999999911e+00,1.899999999999999911e+00,2.100000000000000089e+00
8.699999999999999956e-01,3.368642800065138943e+00,1.165240611736937604e+00,3.200000000000000178e+00,1.899999999999999911e+00,1.899999999999999911e+00,2.100000000000000089e+00
8.800000000000000044e-01,3.400403378144118083e+00,1.216811852905663294e+00,3.200000000000000178e+00,1.899999999999999911e+00,1.899999999999999911e+00,2.100000000000000089e+00
8.900000000000000133e-01,3.429005661716971964e+00,1.271395434719011508e+00,3.200000000000000178e+00,1.899999999999999911e+00,1.899999999999999911e+00,2.100000000000000089e+00
9.000000000000000222e-01,3.454163576023251192e+00,1.329107321301260525e+00,3.200000000000000178e+00,1.899999999999999911e+00,1.899999999999999911e+00,2.100000000000000089e+00
9.100000000000000311e-01,3.475587712483215963e+00,1.390055220053709517e+00,3.200000000000000178e+00,1.899999999999999911e+00,1.899999999999999911e+00,2.100000000000000089e+00
9.200000000000000400e-01,3.492988308069768788e+00,1.454335740903110352e+00,3.200000000000000178e+00,1.899999999999999911e+00,1.899999999999999911e+00,2.100000000000000089e+00
9.300000000000000488e-01,3.506078719670891353e+00,1.522031226854278163e+00,3.200000000000000178e+00,1.899999999999999911e+00,1.899999999999999911e+00,2.100000000000000089e+00
9.400000000000000577e-01,3.514579396301540815e+00,1.593206275767043101e+00,3.200000000000000178e+00,1.899999999999999911e+00,1.899999999999999911e+00,2.100000000000000089e+00
9.500000000000000666e-01,3.518222333593279405e+00,1.667903990950296178e+00,3.200000000000000178e+00,1.899999999999999911e+00,1.899999999999999911e+00,2.100000000000000089e+00
9.599999999999999645e-01,3.516755972455795298e+00,1.746142018882238744e+00,3.200000000000000178e+00,1.899999999999999911e+00,1.899999999999999911e+00,2.100000000000000089e+00
9.699999999999999734e-01,3.509950477435447524e+00,1.827908455667068166e+00,3.200000000000000178e+00,1.899999999999999911e+00,1.899999999999999911e+00,2.100000000000000089e+00
9.799999999999999822e-01,3.497603300768384660e+00,1.913157728885091835e+00,3.200000000000000178e+00,1.899999999999999911e+00,1.899999999999999911e+00,2.100000000000000089e+00
9.899999999999999911e-01,3.479544906600818166e+00,2.001806587012396665e+00,3.200000000000000178e+00,1.899999999999999911e+00,1.899999999999999911e+00,2.100000000000000089e+00
1.000000000000000000e+00,3.455644498019611710e+00,2.093730352849566767e+00,3.200000000000000178e+00,1.899999999999999911e+00,1.899999999999999911e+00,2.100000000000000089e+00
1.010000000000000009e+00,3.425815559623945905e+00,2.188759618253518280e+00,3.200000000000000178e+00,1.899999999999999911e+00,1.899999999999999911e+00,2.100000000000000089e+00
1.020000000000000018e+00,3.390021003051111759e+00,2.286677572431454752e+00,3.200000000000000178e+00,1.899999999999999911e+00,1.899999999999999911e+00,2.100000000000000089e+00
1.030000000000000027e+00,3.348277685122930780e+00,2.387218162498127683e+00,3.200000000000000178e+00,1.899999999999999911e+00,1.899999999999999911e+00,2.100000000000000089e+00
1.040000000000000036e+00,3.300660061130624268e+00,2.490065280387454116e+00,3.200000000000000178e+00,1.899999999999999911e+00,1.899999999999999911e+00,2.100000000000000089e+00
1.050000000000000044e+00,3.247302741969898765e+00,2.594853152444983824e+00,3.200000000000000178e+00,1.899999999999999911e+00,1.899999999999999911e+00,2.100000000000000089e+00
1.060000000000000053e+00,3.188401745447881019e+00,2.701168075796075208e+00,3.200000000000000178e+00,1.899999999999999911e+00,1.899999999999999911e+00,2.100000000000000089e+00
1.070000000000000062e+00,3.124214270109699321e+00,2.808551598715919084e+00,3.200000000000000178e+00,1.899999999999999911e+00,1.899999999999999911e+00,2.100000000000000089e+00
1.080000000000000071e+00,3.055056873951909058e+00,2.916505181977033789e+00,3.200000000000000178e+00,1.899999999999999911e+00,1.899999999999999911e+00,2.100000000000000089e+00
1.090000000000000080e+00,2.981302008326675690e+00,3.024496307345027724e+00,3.200000000000000178e+00,1.899999999999999911e+00,1.899999999999999911e+00,2.100000000000000089e+00
1.100000000000000089e+00,2.903372935424523238e+00,3.131965922386585444e+00,3.200000000000000178e+00,1.899999999999999911e+00,1.899999999999999911e+00,2.100000000000000089e+00
1.110000000000000098e+00,2.821737140682345935e+00,3.238337033146360344e+00,3.200000000000000178e+00,1.899999999999999911e+00,1.899999999999999911e+00,2.100000000000000089e+00
1.120000000000000107e+00,2.736898432959573579e+00,3.343024184390912534e+00,3.200000000000000178e+00,1.899999999999999911e+00,1.899999999999999911e+00,2.100000000000000089e+00
1.130000000000000115e+00,2.649387998602006355e+00,3.445443507423727070e+00,3.200000000000000178e+00,1.899999999999999911e+00,1.899999999999999911e+00,2.100000000000000089e+00
1.140000000000000124e+00,2.559754734169618740e+00,3.545022973656562382e+00,3.200000000000000178e+00,1.899999999999999911e+00,1.899999999999999911e+00,2.100000000000000089e+00
1.150000000000000133e+00,2.468555221388098797e+00,3.641212472441841541e+00,3.200000000000000178e+00,1.899999999999999911e+00,1.899999999999999911e+00,2.100000000000000089e+00
1.159999999999999920e+00,2.376343723362580374e+00,3.733493336354296144e+00,3.200000000000000178e+00,1.899999999999999911e+00,1.899999999999999911e+00,2.100000000000000089e+00
1.169999999999999929e+00,2.283662572100451094e+00,3.821386966017488618e+00,3.200000000000000178e+00,1.899999999999999911e+00,1.899999999999999911e+00,2.100000000000000089e+00
1.179999999999999938e+00,2.191033285163114464e+00,3.904462257190334018e+00,3.200000000000000178e+00,1.899999999999999911e+00,1.899999999999999911e+00,2.100000000000000089e+00
1.189999999999999947e+00,2.098948697242545514e+00,3.982341600598074294e+00,3.200000000000000178e+00,1.899999999999999911e+00,1.899999999999999911e+00,2.100000000000000089e+00
1.199999999999999956e+00,2.007866325790202300e+00,4.054705303890763446e+00,3.200000000000000178e+00,1.899999999999999911e+00,1.899999999999999911e+00,2.100000000000000089e+00
1.209999999999999964e+00,1.918203114689752242e+00,4.121294368420921117e+00,3.200000000000000178e+00,1.899999999999999911e+00,1.899999999999999911e+00,2.100000000000000089e+00
1.219999999999999973e+00,1.830331622789091339e+00,4.181911634631814145e+00,3.200000000000000178e+00,1.899999999999999911e+00,1.899999999999999911e+00,2.100000000000000089e+00
1.229999999999999982e+00,1.744577650841849570e+00,4.236421382935175117e+00,3.200000000000000178e+00,1.899999999999999911e+00,1.899999999999999911e+00,2.100000000000000089e+00
1.239999999999999991e+00,1.661219235944887851e+00,4.284747537576271803e+00,3.200000000000000178e+00,1.899999999999999911e+00,1.899999999999999911e+00,2.100000000000000089e+00
1.250000000000000000e+00,1.580486890356431307e+00,4.326870666323801018e+00,3.200000000000000178e+00,1.899999999999999911e+00,1.899999999999999911e+00,2.100000000000000089e+00
1.260000000000000009e+00,1.502564923530022467e+00,4.362823997768130901e+00,3.200000000000000178e+00,1.899999999999999911e+00,1.899999999999999911e+00,2.100000000000000089e+00
1.270000000000000018e+00,1.427593662695393784e+00,4.392688690989580813e+00,3.200000000000000178e+00,1.899999999999999911e+00,1.899999999999999911e+00,2.100000000000000089e+00
1.280000000000000027e+00,1.355672377487496361e+00,4.416588591025006671e+00,3.200000000000000178e+00,1.899999999999999911e+00,1.899999999999999911e+00,2.100000000000000089e+00
1.290000000000000036e+00,1.286862716164609566e+00,4.434684690414728792e+00,3.200000000000000178e+00,1.899999999999999911e+00,1.899999999999999911e+00,2.100000000000000089e+00
1.300000000000000044e+00,1.221192472490731928e+00,4.447169495092706093e+00,3.200000000000000178e+00,1.899999999999999911e+00,1.899999999999999911e+00,2.100000000000000089e+00
1.310000000000000053e+00,1.158659520783643204e+00,4.454261465011795984e+00,3.200000000000000178e+00,1.899999999999999911e+00,1.899999999999999911e+00,2.100000000000000089e+00
1.320000000000000062e+00,1.099235779402239821e+00,4.456199668989865970e+00,3.200000000000000178e+00,1.899999999999999911e+00,1.899999999999999911e+00,2.100000000000000089e+00
1.330000000000000071e+00,1.042871087783527884e+00,4.453238761739163998e+00,3.200000000000000178e+00,1.899999999999999911e+00,1.899999999999999911e+00,2.100000000000000089e+00
1.340000000000000080e+00,9.894969071512388359e-01,4.445644360813274076e+00,3.200000000000000178e+00,1.899999999999999911e+00,1.899999999999999911e+00,2.100000000000000089e+00
1.350000000000000089e+00,9.390297787612461589e-01,4.433688873650679874e+00,3.200000000000000178e+00,1.899999999999999911e+00,1.899999999999999911e+00,2.100000000000000089e+00
1.360000000000000098e+00,8.913744950248535526e-01,4.417647800882486209e+00,3.200000000000000178e+00,1.899999999999999911e+00,1.899999999999999911e+00,2.100000000000000089e+00
1.370000000000000107e+00,8.464269574623178860e-01,4.397796522034955302e+00,3.200000000000000178e+00,1.899999999999999911e+00,1.899999999999999911e+00,2.100000000000000089e+00
1.380000000000000115e+00,8.040767109241542254e-01,4.374407553772312163e+00,3.200000000000000178e+00,1.899999999999999911e+00,1.899999999999999911e+00,2.100000000000000089e+00
1.390000000000000124e+00,7.642091558757022618e-01,4.347748258706345403e+00,3.200000000000000178e+00,1.899999999999999911e+00,1.899999999999999911e+00,2.100000000000000089e+00
1.400000000000000133e+00,7.267074499558754397e-01,4.318078974185247887e+00,3.200000000000000178e+00,1.899999999999999911e+00,1.899999999999999911e+00,2.100000000000000089e+00
1.409999999999999920e+00,6.914541167978764946e-01,4.285651524901550324e+00,3.200000000000000178e+00,1.899999999999999911e+00,1.899999999999999911e+00,2.100000000000000089e+00
1.419999999999999929e+00,6.583323846055947337e-01,4.250708080122580945e+00,3.200000000000000178e+00,1.899999999999999911e+00,1.899999999999999911e+00,2.100000000000000089e+00
1.429999999999999938e+00,6.272272796029124686e-01,4.213480315343574922e+00,3.200000000000000178e+00,1.899999999999999911e+00,1.899999999999999911e+00,2.100000000000000089e+00
1.439999999999999947e+00,5.980265005928419031e-01,4.174188838723201123e+00,3.200000000000000178e+00,1.899999999999999911e+00,1.899999999999999911e+00,2.100000000000000089e+00
1.449999999999999956e+00,5.706211008277375374e-01,4.133042844364909207e+00,3.200000000000000178e+00,1.899999999999999911e+00,1.899999999999999911e+00,2.100000000000000089e+00
1.459999999999999964e+00,5.449060025075374014e-01,4.090239956996828852e+00,3.200000000000000178e+00,1.899999999999999911e+00,1.899999999999999911e+00,2.100000000000000089e+00
1.469999999999999973e+00,5.207803677501259276e-01,4.045966235582152848e+00,3.200000000000000178e+00,1.899999999999999911e+00,1.899999999999999911e+00,2.100000000000000089e+00
1.479999999999999982e+00,4.981478480295883360e-01,4.000396306625423115e+00,3.200000000000000178e+00,1.899999999999999911e+00,1.899999999999999911e+00,2.100000000000000089e+00
1.489999999999999991e+00,4.769167320233063112e-01,3.953693601246774492e+00,3.200000000000000178e+00,1.899999999999999911e+00,1.899999999999999911e+00,2.100000000000000089e+00
1.500000000000000000e+00,4.570000096770363562e-01,3.906010673342403816e+00,3.200000000000000178e+00,1.899999999999999911e+00,1.899999999999999911e+00,2.100000000000000089e+00
1.510000000000000009e+00,4.383153681838578009e-01,3.857489579241521582e+00,3.200000000000000178e+00,1.899999999999999911e+00,1.899999999999999911e+00,2.100000000000000089e+00
1.520000000000000018e+00,4.207851335454828590e-01,3.808262302146467437e+00,3.200000000000000178e+00,1.899999999999999911e+00,1.899999999999999911e+00,2.100000000000000089e+00
1.530000000000000027e+00,4.043361694873743861e-01,3.758451207267696770e+00,3.200000000000000178e+00,1.899999999999999911e+00,1.899999999999999911e+00,2.100000000000000089e+00
1.540000000000000036e+00,3.888997437590236417e-01,3.708169515922650650e+00,3.200000000000000178e+00,1.899999999999999911e+00,1.899999999999999911e+00,2.100000000000000089e+00
1.550000000000000044e+00,3.744113702806053379e-01,3.657521788955158115e+00,3.200000000000000178e+00,1.899999999999999911e+00,1.899999999999999911e+00,2.100000000000000089e+00
1.560000000000000053e+00,3.608106342000263478e-01,3.606604411658182574e+00,3.200000000000000178e+00,1.899999999999999911e+00,1.899999999999999911e+00,2.100000000000000089e+00
1.570000000000000062e+00,3.480410056960161480e-01,3.555506073962425351e+00,3.200000000000000178e+00,1.899999999999999911e+00,1.899999999999999911e+00,2.100000000000000089e+00
1.580000000000000071e+00,3.360496472945073143e-01,3.504308241005666513e+00,3.200000000000000178e+00,1.899999999999999911e+00,1.899999999999999911e+00,2.100000000000000089e+00
1.590000000000000080e+00,3.247872185453098415e-01,3.453085610344105660e+00,3.200000000000000178e+00,1.899999999999999911e+00,1.899999999999999911e+00,2.100000000000000089e+00
1.600000000000000089e+00,3.142076811205831155e-01,3.401906553029393265e+00,3.200000000000000178e+00,1.899999999999999911e+00,1.899999999999999911e+00,2.100000000000000089e+00
1.610000000000000098e+00,3.042681067318500632e-01,3.350833536575243521e+00,3.200000000000000178e+00,1.899999999999999911e+00,1.899999999999999911e+00,2.100000000000000089e+00
1.620000000000000107e+00,2.949284897043836784e-01,3.299923528496220282e+00,3.200000000000000178e+00,1.899999999999999911e+00,1.899999999999999911e+00,2.100000000000000089e+00
1.630000000000000115e+00,2.861515655834114824e-01,3.249228379637755904e+00,3.200000000000000178e+00,1.899999999999999911e+00,1.899999999999999911e+00,2.100000000000000089e+00
1.640000000000000124e+00,2.779026367633010697e-01,3.198795186948288460e+00,3.200000000000000178e+00,1.899999999999999911e+00,1.899999999999999911e+00,2.100000000000000089e+00
1.650000000000000133e+00,2.701494058173304902e-01,3.148666635687396909e+00,3.200000000000000178e+00,1.899999999999999911e+00,1.899999999999999911e+00,2.100000000000000089e+00
1.660000000000000142e+00,2.628618169515720693e-01,3.098881321331975691e+00,3.200000000000000178e+00,1.899999999999999911e+00,1.899999999999999911e+00,2.100000000000000089e+00
1.669999999999999929e+00,2.560119058027087169e-01,3.049474051648118245e+00,3.200000000000000178e+00,1.899999999999999911e+00,1.899999999999999911e+00,2.100000000000000089e+00
1.679999999999999938e+00,2.495736576382576455e-01,3.000476129550152748e+00,3.200000000000000178e+00,1.899999999999999911e+00,1.899999999999999911e+00,2.100000000000000089e+00
1.689999999999999947e+00,2.435228738917155911e-01,2.951915617479380138e+00,3.200000000000000178e+00,1.899999999999999911e+00,1.899999999999999911e+00,2.100000000000000089e+00
1.699999999999999956e+00,2.378370468685395145e-01,2.903817584111372252e+00,3.200000000000000178e+00,1.899999999999999911e+00,1.899999999999999911e+00,2.100000000000000089e+00
1.709999999999999964e+00,2.324952423864712625e-01,2.856204334248867216e+00,3.200000000000000178e+00,1.899999999999999911e+00,1.899999999999999911e+00,2.100000000000000089e+00
1.719999999999999973e+00,2.274779900611031969e-01,2.809095622782965318e+00,3.200000000000000178e+00,1.899999999999999911e+00,1.899999999999999911e+00,2.100000000000000089e+00
1.729999999999999982e+00,2.227671809110430834e-01,2.762508853613201865e+00,3.200000000000000178e+00,1.899999999999999911e+00,1.899999999999999911e+00,2.100000000000000089e+00
1.739999999999999991e+00,2.183459719334363835e-01,2.716459264411068997e+00,3.200000000000000178e+00,1.899999999999999911e+00,1.899999999999999911e+00,2.100000000000000089e+00
1.750000000000000000e+00,2.141986972873230199e-01,2.670960098094915747e+00,3.200000000000000178e+00,1.899999999999999911e+00,1.899999999999999911e+00,2.100000000000000089e+00
1.760000000000000009e+00,2.103107857171623851e-01,2.626022761859552190e+00,3.200000000000000178e+00,1.899999999999999911e+00,1.899999999999999911e+00,2.100000000000000089e+00
1.770000000000000018e+00,2.066686838500517709e-01,2.581656974573473651e+00,3.200000000000000178e+00,1.899999999999999911e+00,1.899999999999999911e+00,2.100000000000000089e+00
1.780000000000000027e+00,2.032597850062041744e-01,2.537870903322188898e+00,3.200000000000000178e+00,1.899999999999999911e+00,1.899999999999999911e+00,2.100000000000000089e+00
1.790000000000000036e+00,2.000723631719278639e-01,2.494671289839082373e+00,3.200000000000000178e+00,1.899999999999999911e+00,1.899999999999999911e+00,2.100000000000000089e+00
1.800000000000000044e+00,1.970955117966751990e-01,2.452063567526690857e+00,3.200000000000000178e+00,1.899999999999999911e+00,1.899999999999999911e+00,2.100000000000000089e+00
1.810000000000000053e+00,1.943190870899063061e-01,2.410051969732139199e+00,3.200000000000000178e+00,1.899999999999999911e+00,1.899999999999999911e+00,2.100000000000000089e+00
1.820000000000000062e+00,1.917336555089040051e-01,2.368639629901415855e+00,3.200000000000000178e+00,1.899999999999999911e+00,1.899999999999999911e+00,2.100000000000000089e+00
1.830000000000000071e+00,1.893304451447760384e-01,2.327828674198728631e+00,3.200000000000000178e+00,1.899999999999999911e+00,1.899999999999999911e+00,2.100000000000000089e+00
1.840000000000000080e+00,1.871013007302889108e-01,2.287620307139759834e+00,3.200000000000000178e+00,1.899999999999999911e+00,1.899999999999999911e+00,2.100000000000000089e+00
1.850000000000000089e+00,1.850386420095865569e-01,2.248014890751500516e+00,3.200000000000000178e+00,1.899999999999999911e+00,1.899999999999999911e+00,2.100000000000000089e+00
1.860000000000000098e+00,1.831354252260203874e-01,2.209012017736731615e+00,3.200000000000000178e+00,1.899999999999999911e+00,1.899999999999999911e+00,2.100000000000000089e+00
1.870000000000000107e+00,1.813851075000783020e-01,2.170610579088219527e+00,3.200000000000000178e+00,1.899999999999999911e+00,1.899999999999999911e+00,2.100000000000000089e+00
1.880000000000000115e+00,1.797816138846204115e-01,2.132808826566425786e+00,3.200000000000000178e+00,1.899999999999999911e+00,1.899999999999999911e+00,2.100000000000000089e+00
1.890000000000000124e+00,1.783193068992181551e-01,2.095604430424988784e+00,3.200000000000000178e+00,1.899999999999999911e+00,1.899999999999999911e+00,2.100000000000000089e+00
1.900000000000000133e+00,1.769929583592918798e-01,2.058994532740468841e+00,3.200000000000000178e+00,1.899999999999999911e+00,1.899999999999999911e+00,2.100000000000000089e+00
1.910000000000000142e+00,1.757977233289145513e-01,2.022975796676777627e+00,3.200000000000000178e+00,1.899999999999999911e+00,1.899999999999999911e+00,2.100000000000000089e+00
1.919999999999999929e+00,1.747291160385808506e-01,1.987544451990345351e+00,3.200000000000000178e+00,1.899999999999999911e+00,1.899999999999999911e+00,2.100000000000000089e+00
1.929999999999999938e+00,1.737829876209283364e-01,1.952696337059320886e+00,3.200000000000000178e+00,1.899999999999999911e+00,1.899999999999999911e+00,2.100000000000000089e+00
1.939999999999999947e+00,1.729555055283532872e-01,1.918426937698906265e+00,3.200000000000000178e+00,1.899999999999999911e+00,1.899999999999999911e+00,2.100000000000000089e+00
1.949999999999999956e+00,1.722431345067037545e-01,1.884731423005211903e+00,3.200000000000000178e+00,1.899999999999999911e+00,1.899999999999999911e+00,2.100000000000000089e+00
1.959999999999999964e+00,1.716426190087830816e-01,1.851604678451708841e+00,3.200000000000000178e+00,1.899999999999999911e+00,1.899999999999999911e+00,2.100000000000000089e+00
1.969999999999999973e+00,1.711509669402860589e-01,1.819041336445375689e+00,3.200000000000000178e+00,1.899999999999999911e+00,1.899999999999999911e+00,2.100000000000000089e+00
1.979999999999999982e+00,1.707654346390485300e-01,1.787035804533897876e+00,3.200000000000000178e+00,1.899999999999999911e+00,1.899999999999999911e+00,2.100000000000000089e+00
1.989999999999999991e+00,1.704835129961538576e-01,1.755582291440716203e+00,3.200000000000000178e+00,1.899999999999999911e+00,1.899999999999999911e+00,2.100000000000000089e+00
2.000000000000000000e+00,1.703029146345388656e-01,1.724674831091242977e+00,3.200000000000000178e+00,1.899999999999999911e+00,1.899999999999999911e+00,2.100000000000000089e+00
2.010000000000000231e+00,1.702215620673125374e-01,1.694307304781114354e+00,3.200000000000000178e+00,1.899999999999999911e+00,1.899999999999999911e+00,2.100000000000000089e+00
2.020000000000000018e+00,1.702375767640763315e-01,1.664473461625836759e+00,3.200000000000000178e+00,1.899999999999999911e+00,1.899999999999999911e+00,2.100000000000000089e+00
2.030000000000000249e+00,1.703492690591476011e-01,1.635166937420567068e+00,3.200000000000000178e+00,1.899999999999999911e+00,1.899999999999999911e+00,2.100000000000000089e+00
2.040000000000000036e+00,1.705551288407699539e-01,1.606381272028951424e+00,3.200000000000000178e+00,1.899999999999999911e+00,1.899999999999999911e+00,2.100000000000000089e+00
2.049999999999999822e+00,1.708538169651753480e-01,1.578109925410905445e+00,3.200000000000000178e+00,1.899999999999999911e+00,1.899999999999999911e+00,2.100000000000000089e+00
2.060000000000000053e+00,1.712441573437719911e-01,1.550346292390865965e+00,3.200000000000000178e+00,1.899999999999999911e+00,1.899999999999999911e+00,2.100000000000000089e+00
2.069999999999999840e+00,1.717251296557971707e-01,1.523083716260344334e+00,3.200000000000000178e+00,1.899999999999999911e+00,1.899999999999999911e+00,2.100000000000000089e+00
2.080000000000000071e+00,1.722958626425192541e-01,1.496315501301513695e+00,3.200000000000000178e+00,1.899999999999999911e+00,1.899999999999999911e+00,2.100000000000000089e+00
2.089999999999999858e+00,1.729556279425238652e-01,1.470034924312011437e+00,3.200000000000000178e+00,1.899999999999999911e+00,1.899999999999999911e+00,2.100000000000000089e+00
2.100000000000000089e+00,1.737038344307976212e-01,1.444235245205100604e+00,3.200000000000000178e+00,1.899999999999999911e+00,1.899999999999999911e+00,2.100000000000000089e+00
2.109999999999999876e+00,1.745400230272492748e-01,1.418909716753767869e+00,3.200000000000000178e+00,1.899999999999999911e+00,1.899999999999999911e+00,2.100000000000000089e+00
2.120000000000000107e+00,1.754638619430032853e-01,1.394051593542201761e+00,3.200000000000000178e+00,1.899999999999999911e+00,1.899999999999999911e+00,2.100000000000000089e+00
2.129999999999999893e+00,1.764751423352818038e-01,1.369654140183361291e+00,3.200000000000000178e+00,1.899999999999999911e+00,1.899999999999999911e+00,2.100000000000000089e+00
2.140000000000000124e+00,1.775737743439755600e-01,1.345710638856979946e+00,3.200000000000000178e+00,1.899999999999999911e+00,1.899999999999999911e+00,2.100000000000000089e+00
2.149999999999999911e+00,1.787597834851068768e-01,1.322214396218322374e+00,3.200000000000000178e+00,1.899999999999999911e+00,1.899999999999999911e+00,2.100000000000000089e+00
2.160000000000000142e+00,1.800333073783245974e-01,1.299158749724302231e+00,3.200000000000000178e+00,1.899999999999999911e+00,1.899999999999999911e+00,2.100000000000000089e+00
2.169999999999999929e+00,1.813945927873524266e-01,1.276537073420138446e+00,3.200000000000000178e+00,1.899999999999999911e+00,1.899999999999999911e+00,2.100000000000000089e+00
2.180000000000000160e+00,1.828439929539536768e-01,1.254342783226571223e+00,3.200000000000000178e+00,1.899999999999999911e+00,1.899999999999999911e+00,2.100000000000000089e+00
2.189999999999999947e+00,1.843819652074860649e-01,1.232569341764741644e+00,3.200000000000000178e+00,1.899999999999999911e+00,1.899999999999999911e+00,2.100000000000000089e+00
2.200000000000000178e+00,1.860090688335112041e-01,1.211210262753146027e+00,3.200000000000000178e+00,1.899999999999999911e+00,1.899999999999999911e+00,2.100000000000000089e+00
2.209999999999999964e+00,1.877259631862038536e-01,1.190259115008595270e+00,3.200000000000000178e+00,1.899999999999999911e+00,1.899999999999999911e+00,2.100000000000000089e+00
2.220000000000000195e+00,1.895334060304857404e-01,1.169709526080813244e+00,3.200000000000000178e+00,1.899999999999999911e+00,1.899999999999999911e+00,2.100000000000000089e+00
2.229999999999999982e+00,1.914322521008936517e-01,1.149555185548193137e+00,3.200000000000000178e+00,1.899999999999999911e+00,1.899999999999999911e+00,2.100000000000000089e+00
2.240000000000000213e+00,1.934234518651914980e-01,1.129789848000275709e+00,3.200000000000000178e+00,1.899999999999999911e+00,1.899999999999999911e+00,2.100000000000000089e+00
2.250000000000000000e+00,1.955080504816556208e-01,1.110407335730706713e+00,3.200000000000000178e+00,1.899999999999999911e+00,1.899999999999999911e+00,2.100000000000000089e+00
2.260000000000000231e+00,1.976871869398096893e-01,1.091401541162764222e+00,3.200000000000000178e+00,1.899999999999999911e+00,1.899999999999999911e+00,2.100000000000000089e+00
2.270000000000000018e+00,1.999620933751641294e-01,1.072766429028006341e+00,3.200000000000000178e+00,1.899999999999999911e+00,1.899999999999999911e+00,2.100000000000000089e+00
2.280000000000000249e+00,2.023340945492320408e-01,1.054496038317165763e+00,3.200000000000000178e+00,1.899999999999999911e+00,1.899999999999999911e+00,2.100000000000000089e+00
2.290000000000000036e+00,2.048046074867521937e-01,1.036584484021105368e+00,3.200000000000000178e+00,1.899999999999999911e+00,1.899999999999999911e+00,2.100000000000000089e+00
2.300000000000000266e+00,2.073751412626549939e-01,1.019025958678432486e+00,3.200000000000000178e+00,1.899999999999999911e+00,1.899999999999999911e+00,2.100000000000000089e+00
2.310000000000000053e+00,2.100472969318631922e-01,1.001814733745249208e+00,3.200000000000000178e+00,1.899999999999999911e+00,1.899999999999999911e+00,2.100000000000000089e+00
2.319999999999999840e+00,2.128227675955289000e-01,9.849451608014789805e-01,3.200000000000000178e+00,1.899999999999999911e+00,1.899999999999999911e+00,2.100000000000000089e+00
2.330000000000000071e+00,2.157033385977756013e-01,9.684116726072552472e-01,3.200000000000000178e+00,1.899999999999999911e+00,1.899999999999999911e+00,2.100000000000000089e+00
2.339999999999999858e+00,2.186908878474408957e-01,9.522087840219709554e-01,3.200000000000000178e+00,1.899999999999999911e+00,1.899999999999999911e+00,2.100000000000000089e+00
2.350000000000000089e+00,2.217873862597060652e-01,9.363310927977749332e-01,3.200000000000000178e+00,1.899999999999999911e+00,1.899999999999999911e+00,2.100000000000000089e+00
2.359999999999999876e+00,2.249948983128536584e-01,9.207732802585487653e-01,3.200000000000000178e+00,1.899999999999999911e+00,1.899999999999999911e+00,2.100000000000000089e+00
2.370000000000000107e+00,2.283155827157175022e-01,9.055301118747024480e-01,3.200000000000000178e+00,1.899999999999999911e+00,1.899999999999999911e+00,2.100000000000000089e+00
2.379999999999999893e+00,2.317516931816809844e-01,8.905964377434892887e-01,3.200000000000000178e+00,1.899999999999999911e+00,1.899999999999999911e+00,2.100000000000000089e+00
2.390000000000000124e+00,2.353055793053434319e-01,8.759671929839510929e-01,3.200000000000000178e+00,1.899999999999999911e+00,1.899999999999999911e+00,2.100000000000000089e+00
2.399999999999999911e+00,2.389796875382095842e-01,8.616373980550641187e-01,3.200000000000000178e+00,1.899999999999999911e+00,1.899999999999999911e+00,2.100000000000000089e+00
2.410000000000000142e+00,2.427765622599675488e-01,8.476021590051574517e-01,3.200000000000000178e+00,1.899999999999999911e+00,1.899999999999999911e+00,2.100000000000000089e+00
2.419999999999999929e+00,2.466988469421050878e-01,8.338566676602204852e-01,3.200000000000000178e+00,1.899999999999999911e+00,1.899999999999999911e+00,2.100000000000000089e+00
2.430000000000000160e+00,2.507492854007757344e-01,8.203962017582980826e-01,3.200000000000000178e+00,1.899999999999999911e+00,1.899999999999999911e+00,2.100000000000000089e+00
2.439999999999999947e+00,2.549307231359639880e-01,8.072161250367904106e-01,3.200000000000000178e+00,1.899999999999999911e+00,1.899999999999999911e+00,2.100000000000000089e+00
2.450000000000000178e+00,2.592461087541150233e-01,7.943118872791258278e-01,3.200000000000000178e+00,1.899999999999999911e+00,1.899999999999999911e+00,2.100000000000000089e+00
2.459999999999999964e+00,2.636984954714886586e-01,7.816790243269615690e-01,3.200000000000000178e+00,1.899999999999999911e+00,1.899999999999999911e+00,2.100000000000000089e+00
2.470000000000000195e+00,2.682910426955700256e-01,7.693131580637795341e-01,3.200000000000000178e+00,1.899999999999999911e+00,1.899999999999999911e+00,2.100000000000000089e+00
2.479999999999999982e+00,2.730270176819222794e-01,7.572099963754884699e-01,3.200000000000000178e+00,1.899999999999999911e+00,1.899999999999999911e+00,2.100000000000000089e+00
2.490000000000000213e+00,2.779097972638969183e-01,7.453653330934145727e-01,3.200000000000000178e+00,1.899999999999999911e+00,1.899999999999999911e+00,2.100000000000000089e+00
2.500000000000000000e+00,2.829428696526289366e-01,7.337750479248579261e-01,3.200000000000000178e+00,1.899999999999999911e+00,1.899999999999999911e+00,2.100000000000000089e+00
2.510000000000000231e+00,2.881298363047334332e-01,7.224351063762133318e-01,3.200000000000000178e+00,1.899999999999999911e+00,1.899999999999999911e+00,2.100000000000000089e+00
2.520000000000000018e+00,2.934744138550893222e-01,7.113415596735006563e-01,3.200000000000000178e+00,1.899999999999999911e+00,1.899999999999999911e+00,2.100000000000000089e+00
2.530000000000000249e+00,2.989804361120432241e-01,7.004905446850144823e-01,3.200000000000000178e+00,1.899999999999999911e+00,1.899999999999999911e+00,2.100000000000000089e+00
2.540000000000000036e+00,3.046518561122925073e-01,6.898782838506966053e-01,3.200000000000000178e+00,1.899999999999999911e+00,1.899999999999999911e+00,2.100000000000000089e+00
2.550000000000000266e+00,3.104927482326099719e-01,6.795010851227443194e-01,3.200000000000000178e+00,1.899999999999999911e+00,1.899999999999999911e+00,2.100000000000000089e+00
2.560000000000000053e+00,3.165073103554527090e-01,6.693553419219010481e-01,3.200000000000000178e+00,1.899999999999999911e+00,1.899999999999999911e+00,2.100000000000000089e+00
2.569999999999999840e+00,3.226998660853545031e-01,6.594375331138313534e-01,3.200000000000000178e+00,1.899999999999999911e+00,1.899999999999999911e+00,2.100000000000000089e+00
2.580000000000000071e+00,3.290748670128321174e-01,6.497442230099554905e-01,3.200000000000000178e+00,1.899999999999999911e+00,1.899999999999999911e+00,2.100000000000000089e+00
2.589999999999999858e+00,3.356368950223411751e-01,6.402720613971143448e-01,3.200000000000000178e+00,1.899999999999999911e+00,1.899999999999999911e+00,2.100000000000000089e+00
2.600000000000000089e+00,3.423906646405958099e-01,6.310177836004530194e-01,3.200000000000000178e+00,1.899999999999999911e+00,1.899999999999999911e+00,2.100000000000000089e+00
2.609999999999999876e+00,3.493410254213145660e-01,6.219782105839460895e-01,3.200000000000000178e+00,1.899999999999999911e+00,1.899999999999999911e+00,2.100000000000000089e+00
2.620000000000000107e+00,3.564929643621738697e-01,6.131502490930472726e-01,3.200000000000000178e+00,1.899999999999999911e+00,1.899999999999999911e+00,2.100000000000000089e+00
2.629999999999999893e+00,3.638516083494369169e-01,6.045308918440243096e-01,3.200000000000000178e+00,1.899999999999999911e+00,1.899999999999999911e+00,2.100000000000000089e+00
2.640000000000000124e+00,3.714222266253765503e-01,5.961172177646409942e-01,3.200000000000000178e+00,1.899999999999999911e+00,1.899999999999999911e+00,2.100000000000000089e+00
2.649999999999999911e+00,3.792102332732272818e-01,5.879063922909729678e-01,3.200000000000000178e+00,1.899999999999999911e+00,1.899999999999999911e+00,2.100000000000000089e+00
2.660000000000000142e+00,3.872211897139766212e-01,5.798956677252902203e-01,3.200000000000000178e+00,1.899999999999999911e+00,1.899999999999999911e+00,2.100000000000000089e+00
2.669999999999999929e+00,3.954608072088408033e-01,5.720823836601095502e-01,3.200000000000000178e+00,1.899999999999999911e+00,1.899999999999999911e+00,2.100000000000000089e+00
2.680000000000000160e+00,4.039349493607595765e-01,5.644639674737189639e-01,3.200000000000000178e+00,1.899999999999999911e+00,1.899999999999999911e+00,2.100000000000000089e+00
2.689999999999999947e+00,4.126496346076864996e-01,5.570379349026957083e-01,3.200000000000000178e+00,1.899999999999999911e+00,1.899999999999999911e+00,2.100000000000000089e+00
2.700000000000000178e+00,4.216110386998417336e-01,5.498018906971938735e-01,3.200000000000000178e+00,1.899999999999999911e+00,1.899999999999999911e+00,2.100000000000000089e+00
2.709999999999999964e+00,4.308254971524290156e-01,5.427535293650537218e-01,3.200000000000000178e+00,1.899999999999999911e+00,1.899999999999999911e+00,2.100000000000000089e+00
2.720000000000000195e+00,4.402995076645950800e-01,5.358906360110994305e-01,3.200000000000000178e+00,1.899999999999999911e+00,1.899999999999999911e+00,2.100000000000000089e+00
2.729999999999999982e+00,4.500397324946200373e-01,5.292110872783331033e-01,3.200000000000000178e+00,1.899999999999999911e+00,1.899999999999999911e+00,2.100000000000000089e+00
2.740000000000000213e+00,4.600530007804717325e-01,5.227128523981138253e-01,3.200000000000000178e+00,1.899999999999999911e+00,1.899999999999999911e+00,2.100000000000000089e+00
2.750000000000000000e+00,4.703463107939240273e-01,5.163939943568264246e-01,3.200000000000000178e+00,1.899999999999999911e+00,1.899999999999999911e+00,2.100000000000000089e+00
2.760000000000000231e+00,4.809268321154278603e-01,5.102526711870004617e-01,3.200000000000000178e+00,1.899999999999999911e+00,1.899999999999999911e+00,2.100000000000000089e+00
2.770000000000000018e+00,4.918019077158258812e-01,5.042871373913402344e-01,3.200000000000000178e+00,1.899999999999999911e+00,1.899999999999999911e+00,2.100000000000000089e+00
2.780000000000000249e+00,5.029790559298086272e-01,4.984957455086715394e-01,3.200000000000000178e+00,1.899999999999999911e+00,1.899999999999999911e+00,2.100000000000000089e+00
2.790000000000000036e+00,5.144659723047182442e-01,4.928769478314058428e-01,3.200000000000000178e+00,1.899999999999999911e+00,1.899999999999999911e+00,2.100000000000000089e+00
2.800000000000000266e+00,5.262705313069029334e-01,4.874292982847694411e-01,3.200000000000000178e+00,1.899999999999999911e+00,1.899999999999999911e+00,2.100000000000000089e+00
2.810000000000000053e+00,5.384007878663056301e-01,4.821514544787517398e-01,3.200000000000000178e+00,1.899999999999999911e+00,1.899999999999999911e+00,2.100000000000000089e+00
2.819999999999999840e+00,5.508649787383212981e-01,4.770421799444927169e-01,3.200000000000000178e+00,1.899999999999999911e+00,1.899999999999999911e+00,2.100000000000000089e+00
2.830000000000000071e+00,5.636715236601722578e-01,4.721003465676631428e-01,3.200000000000000178e+00,1.899999999999999911e+00,1.899999999999999911e+00,2.100000000000000089e+00
2.839999999999999858e+00,5.768290262771136323e-01,4.673249372322975104e-01,3.200000000000000178e+00,1.899999999999999911e+00,1.899999999999999911e+00,2.100000000000000089e+00
2.850000000000000089e+00,5.903462748116833358e-01,4.627150486895216797e-01,3.200000000000000178e+00,1.899999999999999911e+00,1.899999999999999911e+00,2.100000000000000089e+00
2.859999999999999876e+00,6.042322424469372955e-01,4.582698946666861617e-01,3.200000000000000178e+00,1.899999999999999911e+00,1.899999999999999911e+00,2.100000000000000089e+00
2.870000000000000107e+00,6.184960873921466762e-01,4.539888092335735981e-01,3.200000000000000178e+00,1.899999999999999911e+00,1.899999999999999911e+00,2.100000000000000089e+00
2.879999999999999893e+00,6.331471525967644620e-01,4.498712504436070403e-01,3.200000000000000178e+00,1.899999999999999911e+00,1.899999999999999911e+00,2.100000000000000089e+00
2.890000000000000124e+00,6.481949650755741699e-01,4.459168042693492096e-01,3.200000000000000178e+00,1.899999999999999911e+00,1.899999999999999911e+00,2.100000000000000089e+00
2.899999999999999911e+00,6.636492348048014245e-01,4.421251888530633445e-01,3.200000000000000178e+00,1.899999999999999911e+00,1.899999999999999911e+00,2.100000000000000089e+00
2.910000000000000142e+00,6.795198531455687307e-01,4.384962590947109051e-01,3.200000000000000178e+00,1.899999999999999911e+00,1.899999999999999911e+00,2.100000000000000089e+00
2.919999999999999929e+00,6.958168907473962772e-01,4.350300116015035079e-01,3.200000000000000178e+00,1.899999999999999911e+00,1.899999999999999911e+00,2.100000000000000089e+00
2.930000000000000160e+00,7.125505948804597978e-01,4.317265900250135680e-01,3.200000000000000178e+00,1.899999999999999911e+00,1.899999999999999911e+00,2.100000000000000089e+00
2.939999999999999947e+00,7.297313861409957525e-01,4.285862908138974858e-01,3.200000000000000178e+00,1.899999999999999911e+00,1.899999999999999911e+00,2.100000000000000089e+00
2.950000000000000178e+00,7.473698544695605017e-01,4.256095694125047735e-01,3.200000000000000178e+00,1.899999999999999911e+00,1.899999999999999911e+00,2.100000000000000089e+00
2.959999999999999964e+00,7.654767544167734306e-01,4.227970469380558649e-01,3.200000000000000178e+00,1.899999999999999911e+00,1.899999999999999911e+00,2.100000000000000089e+00
2.970000000000000195e+00,7.840629995856743806e-01,4.201495173716807141e-01,3.200000000000000178e+00,1.899999999999999911e+00,1.899999999999999911e+00,2.100000000000000089e+00
2.979999999999999982e+00,8.031396561738670670e-01,4.176679553014421842e-01,3.200000000000000178e+00,1.899999999999999911e+00,1.899999999999999911e+00,2.100000000000000089e+00
2.990000000000000213e+00,8.227179355321621035e-01,4.153535242585346676e-01,3.200000000000000178e+00,1.899999999999999911e+00,1.899999999999999911e+00,2.100000000000000089e+00
3.000000000000000000e+00,8.428091856494379641e-01,4.132075856911742173e-01,3.200000000000000178e+00,1.899999999999999911e+00,1.899999999999999911e+00,2.100000000000000089e+00
3.010000000000000231e+00,8.634248814658588289e-01,4.112317086242970876e-01,3.200000000000000178e+00,1.899999999999999911e+00,1.899999999999999911e+00,2.100000000000000089e+00
3.020000000000000018e+00,8.845766139083796054e-01,4.094276800570863517e-01,3.200000000000000178e+00,1.899999999999999911e+00,1.899999999999999911e+00,2.100000000000000089e+00
3.030000000000000249e+00,9.062760775335783059e-01,4.077975161545699945e-01,3.200000000000000178e+00,1.899999999999999911e+00,1.899999999999999911e+00,2.100000000000000089e+00
3.040000000000000036e+00,9.285350566532284411e-01,4.063434742941066102e-01,3.200000000000000178e+00,1.899999999999999911e+00,1.899999999999999911e+00,2.100000000000000089e+00
3.050000000000000266e+00,9.513654098076042009e-01,4.050680660325208238e-01,3.200000000000000178e+00,1.899999999999999911e+00,1.899999999999999911e+00,2.100000000000000089e+00
3.060000000000000053e+00,9.747790524402333290e-01,4.039740710649999955e-01,3.200000000000000178e+00,1.899999999999999911e+00,1.899999999999999911e+00,2.100000000000000089e+00
3.070000000000000284e+00,9.987879376156137967e-01,4.030645522526419278e-01,3.200000000000000178e+00,1.899999999999999911e+00,1.899999999999999911e+00,2.100000000000000089e+00
3.080000000000000071e+00,1.023404034608217161e+00,4.023428718017834638e-01,3.200000000000000178e+00,1.899999999999999911e+00,1.899999999999999911e+00,2.100000000000000089e+00
3.089999999999999858e+00,1.048639305176843228e+00,4.018127086849715424e-01,3.200000000000000178e+00,1.899999999999999911e+00,1.899999999999999911e+00,2.100000000000000089e+00
3.100000000000000089e+00,1.074505677322990849e+00,4.014780774006919684e-01,3.200000000000000178e+00,1.899999999999999911e+00,1.899999999999999911e+00,2.100000000000000089e+00
3.109999999999999876e+00,1.101015016315279871e+00,4.013433481767791910e-01,3.200000000000000178e+00,1.899999999999999911e+00,1.899999999999999911e+00,2.100000000000000089e+00
3.120000000000000107e+00,1.128179092744031609e+00,4.014132687308242797e-01,3.200000000000000178e+00,1.899999999999999911e+00,1.899999999999999911e+00,2.100000000000000089e+00
3.129999999999999893e+00,1.156009547350785871e+00,4.016929877099050805e-01,3.200000000000000178e+00,1.899999999999999911e+00,1.899999999999999911e+00,2.100000000000000089e+00
3.140000000000000124e+00,1.184517852356729239e+00,4.021880799416130414e-01,3.200000000000000178e+00,1.899999999999999911e+00,1.899999999999999911e+00,2.100000000000000089e+00
3.149999999999999911e+00,1.213715268991640839e+00,4.029045736386663301e-01,3.200000000000000178e+00,1.899999999999999911e+00,1.899999999999999911e+00,2.100000000000000089e+00
3.160000000000000142e+00,1.243612800900938176e+00,4.038489797103991807e-01,3.200000000000000178e+00,1.899999999999999911e+00,1.899999999999999911e+00,2.100000000000000089e+00
3.169999999999999929e+00,1.274221143082659324e+00,4.050283233461149379e-01,3.200000000000000178e+00,1.899999999999999911e+00,1.899999999999999911e+00,2.100000000000000089e+00
3.180000000000000160e+00,1.305550625978656454e+00,4.064501780476871828e-01,3.200000000000000178e+00,1.899999999999999911e+00,1.899999999999999911e+00,2.100000000000000089e+00
3.189999999999999947e+00,1.337611154314854112e+00,4.081227023018806910e-01,3.200000000000000178e+00,1.899999999999999911e+00,1.899999999999999911e+00,2.100000000000000089e+00
3.200000000000000178e+00,1.370412140254080979e+00,4.100546790966160815e-01,3.200000000000000178e+00,1.899999999999999911e+00,1.899999999999999911e+00,2.100000000000000089e+00
3.209999999999999964e+00,1.403962430391686667e+00,4.122555584997755762e-01,3.200000000000000178e+00,1.899999999999999911e+00,1.899999999999999911e+00,2.100000000000000089e+00
3.220000000000000195e+00,1.438270226088911530e+00,4.147355035340668516e-01,3.200000000000000178e+00,1.899999999999999911e+00,1.899999999999999911e+00,2.100000000000000089e+00
3.229999999999999982e+00,1.473342996601804566e+00,4.175054395968302856e-01,3.200000000000000178e+00,1.899999999999999911e+00,1.899999999999999911e+00,2.100000000000000089e+00
3.240000000000000213e+00,1.509187384424465428e+00,4.205771076893441429e-01,3.200000000000000178e+00,1.899999999999999911e+00,1.899999999999999911e+00,2.100000000000000089e+00
3.250000000000000000e+00,1.545809102224645404e+00,4.239631217359625115e-01,3.200000000000000178e+00,1.899999999999999911e+00,1.899999999999999911e+00,2.100000000000000089e+00
3.260000000000000231e+00,1.583212820707488255e+00,4.276770302890572362e-01,3.200000000000000178e+00,1.899999999999999911e+00,1.899999999999999911e+00,2.100000000000000089e+00
3.270000000000000018e+00,1.621402046699705668e+00,4.317333829309011328e-01,3.200000000000000178e+00,1.899999999999999911e+00,1.899999999999999911e+00,2.100000000000000089e+00
3.280000000000000249e+00,1.660378990702165769e+00,4.361478016979052352e-01,3.200000000000000178e+00,1.899999999999999911e+00,1.899999999999999911e+00,2.100000000000000089e+00
3.290000000000000036e+00,1.700144423114265502e+00,4.409370578654789319e-01,3.200000000000000178e+00,1.899999999999999911e+00,1.899999999999999911e+00,2.100000000000000089e+00
3.300000000000000266e+00,1.740697518289246348e+00,4.461191544425565647e-01,3.200000000000000178e+00,1.899999999999999911e+00,1.899999999999999911e+00,2.100000000000000089e+00
3.310000000000000053e+00,1.782035685536710989e+00,4.517134147327056537e-01,3.200000000000000178e+00,1.899999999999999911e+00,1.899999999999999911e+00,2.100000000000000089e+00
3.320000000000000284e+00,1.824154386148132190e+00,4.577405773226847496e-01,3.200000000000000178e+00,1.899999999999999911e+00,1.899999999999999911e+00,2.100000000000000089e+00
3.330000000000000071e+00,1.867046935484568015e+00,4.642228978581131593e-01,3.200000000000000178e+00,1.899999999999999911e+00,1.899999999999999911e+00,2.100000000000000089e+00
3.339999999999999858e+00,1.910704289134878442e+00,4.711842579580345913e-01,3.200000000000000178e+00,1.899999999999999911e+00,1.899999999999999911e+00,2.100000000000000089e+00
3.350000000000000089e+00,1.955114812129691293e+00,4.786502816037700447e-01,3.200000000000000178e+00,1.899999999999999911e+00,1.899999999999999911e+00,2.100000000000000089e+00
3.359999999999999876e+00,2.000264030183893649e+00,4.866484593103522216e-01,3.200000000000000178e+00,1.899999999999999911e+00,1.899999999999999911e+00,2.100000000000000089e+00
3.370000000000000107e+00,2.046134361941799096e+00,4.952082803483650597e-01,3.200000000000000178e+00,1.899999999999999911e+00,1.899999999999999911e+00,2.100000000000000089e+00
3.379999999999999893e+00,2.092704831218353601e+00,5.043613732270183503e-01,3.200000000000000178e+00,1.899999999999999911e+00,1.899999999999999911e+00,2.100000000000000089e+00
3.390000000000000124e+00,2.139950758271544906e+00,5.141416545720227660e-01,3.200000000000000178e+00,1.899999999999999911e+00,1.899999999999999911e+00,2.100000000000000089e+00
3.399999999999999911e+00,2.187843429211276280e+00,5.245854864298737930e-01,3.200000000000000178e+00,1.899999999999999911e+00,1.899999999999999911e+00,2.100000000000000089e+00
3.410000000000000142e+00,2.236349742755116665e+00,5.357318418983246788e-01,3.200000000000000178e+00,1.899999999999999911e+00,1.899999999999999911e+00,2.100000000000000089e+00
3.419999999999999929e+00,2.285431833689484993e+00,5.476224788150930722e-01,3.200000000000000178e+00,1.899999999999999911e+00,1.899999999999999911e+00,2.100000000000000089e+00
3.430000000000000160e+00,2.335046672595302741e+00,5.603021210262247864e-01,3.200000000000000178e+00,1.899999999999999911e+00,1.899999999999999911e+00,2.100000000000000089e+00
3.439999999999999947e+00,2.385145641660764593e+00,5.738186464940299158e-01,3.200000000000000178e+00,1.899999999999999911e+00,1.899999999999999911e+00,2.100000000000000089e+00
3.450000000000000178e+00,2.435674086743083500e+00,5.882232811830155894e-01,3.200000000000000178e+00,1.899999999999999911e+00,1.899999999999999911e+00,2.100000000000000089e+00
3.459999999999999964e+00,2.486570846270097057e+00,6.035707972705414148e-01,3.200000000000000178e+00,1.899999999999999911e+00,1.899999999999999911e+00,2.100000000000000089e+00
3.470000000000000195e+00,2.537767758107518201e+00,6.199197137556752280e-01,3.200000000000000178e+00,1.899999999999999911e+00,1.899999999999999911e+00,2.100000000000000089e+00
3.479999999999999982e+00,2.589189146176260170e+00,6.373324969725291389e-01,3.200000000000000178e+00,1.899999999999999911e+00,1.899999999999999911e+00,2.100000000000000089e+00
3.490000000000000213e+00,2.640751289406327640e+00,6.558757578399275756e-01,3.200000000000000178e+00,1.899999999999999911e+00,1.899999999999999911e+00,2.100000000000000089e+00
3.500000000000000000e+00,2.692361876580432689e+00,6.756204418837269410e-01,3.200000000000000178e+00,1.899999999999999911e+00,1.899999999999999911e+00,2.100000000000000089e+00
3.510000000000000231e+00,2.743919451774051055e+00,6.966420071374628264e-01,3.200000000000000178e+00,1.899999999999999911e+00,1.899999999999999911e+00,2.100000000000000089e+00
3.520000000000000018e+00,2.795312856461883655e+00,7.190205839478016614e-01,3.200000000000000178e+00,1.899999999999999911e+00,1.899999999999999911e+00,2.100000000000000089e+00
3.530000000000000249e+00,2.846420675955857238e+00,7.428411094716002028e-01,3.200000000000000178e+00,1.899999999999999911e+00,1.899999999999999911e+00,2.100000000000000089e+00
3.540000000000000036e+00,2.897110699687188262e+00,7.681934282421806204e-01,3.200000000000000178e+00,1.899999999999999911e+00,1.899999999999999911e+00,2.100000000000000089e+00
3.550000000000000266e+00,2.947239406961061015e+00,7.951723485992832074e-01,3.200000000000000178e+00,1.899999999999999911e+00,1.899999999999999911e+00,2.100000000000000089e+00
3.560000000000000053e+00,2.996651492207141221e+00,8.238776430225597247e-01,3.200000000000000178e+00,1.899999999999999911e+00,1.899999999999999911e+00,2.100000000000000089e+00
3.570000000000000284e+00,3.045179446422678904e+00,8.544139784947043514e-01,3.200000000000000178e+00,1.899999999999999911e+00,1.899999999999999911e+00,2.100000000000000089e+00
3.580000000000000071e+00,3.092643214443711042e+00,8.868907609730102282e-01,3.200000000000000178e+00,1.899999999999999911e+00,1.899999999999999911e+00,2.100000000000000089e+00
3.589999999999999858e+00,3.138849950851250181e+00,9.214218759104599865e-01,3.200000000000000178e+00,1.899999999999999911e+00,1.899999999999999911e+00,2.100000000000000089e+00
3.600000000000000089e+00,3.183593900665796728e+00,9.581253046050156597e-01,3.200000000000000178e+00,1.899999999999999911e+00,1.899999999999999911e+00,2.100000000000000089e+00
3.609999999999999876e+00,3.226656434415718699e+00,9.971225940620278561e-01,3.200000000000000178e+00,1.899999999999999911e+00,1.899999999999999911e+00,2.100000000000000089e+00
3.620000000000000107e+00,3.267806270554379555e+00,1.038538156156644243e+00,3.200000000000000178e+00,1.899999999999999911e+00,1.899999999999999911e+00,2.100000000000000089e+00
3.629999999999999893e+00,3.306799921371797790e+00,1.082498370346937522e+00,3.200000000000000178e+00,1.899999999999999911e+00,1.899999999999999911e+00,2.100000000000000089e+00
3.640000000000000124e+00,3.343382401269121118e+00,1.129130463224315095e+00,3.200000000000000178e+00,1.899999999999999911e+00,1.899999999999999911e+00,2.100000000000000089e+00
3.649999999999999911e+00,3.377288238248165708e+00,1.178561138052804047e+00,3.200000000000000178e+00,1.899999999999999911e+00,1.899999999999999911e+00,2.100000000000000089e+00
3.660000000000000142e+00,3.408242830360115772e+00,1.230914928447465195e+00,3.200000000000000178e+00,1.899999999999999911e+00,1.899999999999999911e+00,2.100000000000000089e+00
3.669999999999999929e+00,3.435964188241535044e+00,1.286312252821779190e+00,3.200000000000000178e+00,1.899999999999999911e+00,1.899999999999999911e+00,2.100000000000000089e+00
3.680000000000000160e+00,3.460165102272372728e+00,1.344867150573819448e+00,3.200000000000000178e+00,1.899999999999999911e+00,1.899999999999999911e+00,2.100000000000000089e+00
3.689999999999999947e+00,3.480555767812932189e+00,1.406684687573851233e+00,3.200000000000000178e+00,1.899999999999999911e+00,1.899999999999999911e+00,2.100000000000000089e+00
3.700000000000000178e+00,3.496846893899738351e+00,1.471858027737563468e+00,3.200000000000000178e+00,1.899999999999999911e+00,1.899999999999999911e+00,2.100000000000000089e+00
3.709999999999999964e+00,3.508753309223191508e+00,1.540465179637324322e+00,3.200000000000000178e+00,1.899999999999999911e+00,1.899999999999999911e+00,2.100000000000000089e+00
3.720000000000000195e+00,3.515998063783962735e+00,1.612565442424307216e+00,3.200000000000000178e+00,1.899999999999999911e+00,1.899999999999999911e+00,2.100000000000000089e+00
3.729999999999999982e+00,3.518317005106334161e+00,1.688195593834773023e+00,3.200000000000000178e+00,1.899999999999999911e+00,1.899999999999999911e+00,2.100000000000000089e+00
3.740000000000000213e+00,3.515463784300960182e+00,1.767365884509777274e+00,3.200000000000000178e+00,1.899999999999999911e+00,1.899999999999999911e+00,2.100000000000000089e+00
3.750000000000000000e+00,3.507215219984465726e+00,1.850055926716329902e+00,3.200000000000000178e+00,1.899999999999999911e+00,1.899999999999999911e+00,2.100000000000000089e+00
3.760000000000000231e+00,3.493376917876490406e+00,1.936210590870173220e+00,3.200000000000000178e+00,1.899999999999999911e+00,1.899999999999999911e+00,2.100000000000000089e+00
3.770000000000000018e+00,3.473789012104754548e+00,2.025736048632923669e+00,3.200000000000000178e+00,1.899999999999999911e+00,1.899999999999999911e+00,2.100000000000000089e+00
3.780000000000000249e+00,3.448331862690497740e+00,2.118496124943884507e+00,3.200000000000000178e+00,1.899999999999999911e+00,1.899999999999999911e+00,2.100000000000000089e+00
3.790000000000000036e+00,3.416931514712168827e+00,2.214309140897510186e+00,3.200000000000000178e+00,1.899999999999999911e+00,1.899999999999999911e+00,2.100000000000000089e+00
3.800000000000000266e+00,3.379564701029801554e+00,2.312945442350091696e+00,3.200000000000000178e+00,1.899999999999999911e+00,1.899999999999999911e+00,2.100000000000000089e+00
3.810000000000000053e+00,3.336263155213448073e+00,2.414125812900121737e+00,3.200000000000000178e+00,1.899999999999999911e+00,1.899999999999999911e+00,2.100000000000000089e+00
3.820000000000000284e+00,3.287116997443714883e+00,2.517520961985676653e+00,3.200000000000000178e+00,1.899999999999999911e+00,1.899999999999999911e+00,2.100000000000000089e+00
3.830000000000000071e+00,3.232276966247572325e+00,2.622752257349536542e+00,3.200000000000000178e+00,1.899999999999999911e+00,1.899999999999999911e+00,2.100000000000000089e+00
3.839999999999999858e+00,3.171955294826491301e+00,2.729393834994877643e+00,3.200000000000000178e+00,1.899999999999999911e+00,1.899999999999999911e+00,2.100000000000000089e+00
3.850000000000000089e+00,3.106425073081827914e+00,2.836976169174081353e+00,3.200000000000000178e+00,1.899999999999999911e+00,1.899999999999999911e+00,2.100000000000000089e+00
3.859999999999999876e+00,3.036017994400938669e+00,2.944991121583162119e+00,3.200000000000000178e+00,1.899999999999999911e+00,1.899999999999999911e+00,2.100000000000000089e+00
3.870000000000000107e+00,2.961120457309250220e+00,3.052898416017503003e+00,3.200000000000000178e+00,1.899999999999999911e+00,1.899999999999999911e+00,2.100000000000000089e+00
3.879999999999999893e+00,2.882168072023593375e+00,3.160133406998846262e+00,3.200000000000000178e+00,1.899999999999999911e+00,1.899999999999999911e+00,2.100000000000000089e+00
3.890000000000000124e+00,2.799638705155818474e+00,3.266115934164394385e+00,3.200000000000000178e+00,1.899999999999999911e+00,1.899999999999999911e+00,2.100000000000000089e+00
3.899999999999999911e+00,2.714044275795421068e+00,3.370259984954395271e+00,3.200000000000000178e+00,1.899999999999999911e+00,1.899999999999999911e+00,2.100000000000000089e+00
3.910000000000000142e+00,2.625921586205123504e+00,3.471983832650069157e+00,3.200000000000000178e+00,1.899999999999999911e+00,1.899999999999999911e+00,2.100000000000000089e+00
3.919999999999999929e+00,2.535822524222357988e+00,3.570720280495902177e+00,3.200000000000000178e+00,1.899999999999999911e+00,1.899999999999999911e+00,2.100000000000000089e+00
3.930000000000000160e+00,2.444304007341767004e+00,3.665926629262754144e+00,3.200000000000000178e+00,1.899999999999999911e+00,1.899999999999999911e+00,2.100000000000000089e+00
3.939999999999999947e+00,2.351918047494061526e+00,3.757093996792098878e+00,3.200000000000000178e+00,1.899999999999999911e+00,1.899999999999999911e+00,2.100000000000000089e+00
3.950000000000000178e+00,2.259202300202939995e+00,3.843755653028292141e+00,3.200000000000000178e+00,1.899999999999999911e+00,1.899999999999999911e+00,2.100000000000000089e+00
3.959999999999999964e+00,2.166671423942271524e+00,3.925494089699042899e+00,3.200000000000000178e+00,1.899999999999999911e+00,1.899999999999999911e+00,2.100000000000000089e+00
3.970000000000000195e+00,2.074809519078207209e+00,4.001946615131372731e+00,3.200000000000000178e+00,1.899999999999999911e+00,1.899999999999999911e+00,2.100000000000000089e+00
3.979999999999999982e+00,1.984063846260298858e+00,4.072809345409209136e+00,3.200000000000000178e+00,1.899999999999999911e+00,1.899999999999999911e+00,2.100000000000000089e+00
3.990000000000000213e+00,1.894839947839627392e+00,4.137839546420884140e+00,3.200000000000000178e+00,1.899999999999999911e+00,1.899999999999999911e+00,2.100000000000000089e+00
4.000000000000000000e+00,1.807498219208378165e+00,4.196856360843441713e+00,3.200000000000000178e+00,1.899999999999999911e+00,1.899999999999999911e+00,2.100000000000000089e+00
4.009999999999999787e+00,1.722351905593694443e+00,4.249740024275237893e+00,3.200000000000000178e+00,1.899999999999999911e+00,1.899999999999999911e+00,2.100000000000000089e+00
4.020000000000000462e+00,1.639666438338907017e+00,4.296429731518314199e+00,3.200000000000000178e+00,1.899999999999999911e+00,1.899999999999999911e+00,2.100000000000000089e+00
4.030000000000000249e+00,1.559659976117778069e+00,4.336920355068182964e+00,3.200000000000000178e+00,1.899999999999999911e+00,1.899999999999999911e+00,2.100000000000000089e+00
4.040000000000000036e+00,1.482504982333208154e+00,4.371258242505608571e+00,3.200000000000000178e+00,1.899999999999999911e+00,1.899999999999999911e+00,2.100000000000000089e+00
4.049999999999999822e+00,1.408330650182814558e+00,4.399536328487251957e+00,3.200000000000000178e+00,1.899999999999999911e+00,1.899999999999999911e+00,2.100000000000000089e+00
4.060000000000000497e+00,1.337225980378236478e+00,4.421888792317268724e+00,3.200000000000000178e+00,1.899999999999999911e+00,1.899999999999999911e+00,2.100000000000000089e+00
4.070000000000000284e+00,1.269243321292826465e+00,4.438485476303050348e+00,3.200000000000000178e+00,1.899999999999999911e+00,1.899999999999999911e+00,2.100000000000000089e+00
4.080000000000000071e+00,1.204402194917356672e+00,4.449526256248661049e+00,3.200000000000000178e+00,1.899999999999999911e+00,1.899999999999999911e+00,2.100000000000000089e+00
4.089999999999999858e+00,1.142693251813309052e+00,4.455235526510295863e+00,3.200000000000000178e+00,1.899999999999999911e+00,1.899999999999999911e+00,2.100000000000000089e+00
4.099999999999999645e+00,1.084082221775403143e+00,4.455856930755844658e+00,3.200000000000000178e+00,1.899999999999999911e+00,1.899999999999999911e+00,2.100000000000000089e+00
4.110000000000000320e+00,1.028513751962014888e+00,4.451648438226765592e+00,3.200000000000000178e+00,1.899999999999999911e+00,1.899999999999999911e+00,2.100000000000000089e+00
4.120000000000000107e+00,9.759150490494283847e-01,4.442877835666467767e+00,3.200000000000000178e+00,1.899999999999999911e+00,1.899999999999999911e+00,2.100000000000000089e+00
4.129999999999999893e+00,9.261992651896550077e-01,4.429818678394553899e+00,3.200000000000000178e+00,1.899999999999999911e+00,1.899999999999999911e+00,2.100000000000000089e+00
4.139999999999999680e+00,8.792685883141703185e-01,4.412746721017941631e+00,3.200000000000000178e+00,1.899999999999999911e+00,1.899999999999999911e+00,2.100000000000000089e+00
4.150000000000000355e+00,8.350170151256420814e-01,4.391936829306828827e+00,3.200000000000000178e+00,1.899999999999999911e+00,1.899999999999999911e+00,2.100000000000000089e+00
4.160000000000000142e+00,7.933327997710902801e-01,4.367660359824713900e+00,3.200000000000000178e+00,1.899999999999999911e+00,1.899999999999999911e+00,2.100000000000000089e+00
4.169999999999999929e+00,7.541005827477980095e-01,4.340182982747555762e+00,3.200000000000000178e+00,1.899999999999999911e+00,1.899999999999999911e+00,2.100000000000000089e+00
4.179999999999999716e+00,7.172032132798820125e-01,4.309762915542696859e+00,3.200000000000000178e+00,1.899999999999999911e+00,1.899999999999999911e+00,2.100000000000000089e+00
4.190000000000000391e+00,6.825232845442831264e-01,4.276649530323840764e+00,3.200000000000000178e+00,1.899999999999999911e+00,1.899999999999999911e+00,2.100000000000000089e+00
4.200000000000000178e+00,6.499444050968228304e-01,4.241082295245805156e+00,3.200000000000000178e+00,1.899999999999999911e+00,1.899999999999999911e+00,2.100000000000000089e+00
4.209999999999999964e+00,6.193522320402862213e-01,4.203290009755131784e+00,3.200000000000000178e+00,1.899999999999999911e+00,1.899999999999999911e+00,2.100000000000000089e+00
4.219999999999999751e+00,5.906352922594348964e-01,4.163490294411969828e+00,3.200000000000000178e+00,1.899999999999999911e+00,1.899999999999999911e+00,2.100000000000000089e+00
4.230000000000000426e+00,5.636856177606792695e-01,4.121889297941427444e+00,3.200000000000000178e+00,1.899999999999999911e+00,1.899999999999999911e+00,2.100000000000000089e+00
4.240000000000000213e+00,5.383992200915365123e-01,4.078681586817002547e+00,3.200000000000000178e+00,1.899999999999999911e+00,1.899999999999999911e+00,2.100000000000000089e+00
4.250000000000000000e+00,5.146764272244983562e-01,4.034050185745272188e+00,3.200000000000000178e+00,1.899999999999999911e+00,1.899999999999999911e+00,2.100000000000000089e+00
4.259999999999999787e+00,4.924221043726248470e-01,3.988166740689073730e+00,3.200000000000000178e+00,1.899999999999999911e+00,1.899999999999999911e+00,2.100000000000000089e+00
4.270000000000000462e+00,4.715457781181241481e-01,3.941191779368162340e+00,3.200000000000000178e+00,1.899999999999999911e+00,1.899999999999999911e+00,2.100000000000000089e+00
4.280000000000000249e+00,4.519616811003676071e-01,3.893275047389352039e+00,3.200000000000000178e+00,1.899999999999999911e+00,1.899999999999999911e+00,2.100000000000000089e+00
4.290000000000000036e+00,4.335887324137776000e-01,3.844555901197974190e+00,3.200000000000000178e+00,1.899999999999999911e+00,1.899999999999999911e+00,2.100000000000000089e+00
4.299999999999999822e+00,4.163504668695861555e-01,3.795163741855092088e+00,3.200000000000000178e+00,1.899999999999999911e+00,1.899999999999999911e+00,2.100000000000000089e+00
4.310000000000000497e+00,4.001749244179211296e-01,3.745218476200173896e+00,3.200000000000000178e+00,1.899999999999999911e+00,1.899999999999999911e+00,2.100000000000000089e+00
4.320000000000000284e+00,3.849945093306654798e-01,3.694830994244760358e+00,3.200000000000000178e+00,1.899999999999999911e+00,1.899999999999999911e+00,2.100000000000000089e+00
4.330000000000000071e+00,3.707458272210948369e-01,3.644103653660176079e+00,3.200000000000000178e+00,1.899999999999999911e+00,1.899999999999999911e+00,2.100000000000000089e+00
4.339999999999999858e+00,3.573695066242841833e-01,3.593130763981807085e+00,3.200000000000000178e+00,1.899999999999999911e+00,1.899999999999999911e+00,2.100000000000000089e+00
4.350000000000000533e+00,3.448100106771239126e-01,3.541999064670206643e+00,3.200000000000000178e+00,1.899999999999999911e+00,1.899999999999999911e+00,2.100000000000000089e+00
4.360000000000000320e+00,3.330154434087076454e-01,3.490788192465215989e+00,3.200000000000000178e+00,1.899999999999999911e+00,1.899999999999999911e+00,2.100000000000000089e+00
4.370000000000000107e+00,3.219373542684937362e-01,3.439571134565000854e+00,3.200000000000000178e+00,1.899999999999999911e+00,1.899999999999999911e+00,2.100000000000000089e+00
4.379999999999999893e+00,3.115305437673574485e-01,3.388414665079472865e+00,3.200000000000000178e+00,1.899999999999999911e+00,1.899999999999999911e+00,2.100000000000000089e+00
4.389999999999999680e+00,3.017528724714015897e-01,3.337379762968492258e+00,3.200000000000000178e+00,1.899999999999999911e+00,1.899999999999999911e+00,2.100000000000000089e+00
4.400000000000000355e+00,2.925650750564068869e-01,3.286522010299916641e+00,3.200000000000000178e+00,1.899999999999999911e+00,1.899999999999999911e+00,2.100000000000000089e+00
4.410000000000000142e+00,2.839305806889692030e-01,3.235891970169797016e+00,3.200000000000000178e+00,1.899999999999999911e+00,1.899999999999999911e+00,2.100000000000000089e+00
4.419999999999999929e+00,2.758153406365326799e-01,3.185535544033979871e+00,3.200000000000000178e+00,1.899999999999999911e+00,1.899999999999999911e+00,2.100000000000000089e+00
4.429999999999999716e+00,2.681876637115997442e-01,3.135494308522340567e+00,3.200000000000000178e+00,1.899999999999999911e+00,1.899999999999999911e+00,2.100000000000000089e+00
4.440000000000000391e+00,2.610180599154388603e-01,3.085805832057435083e+00,3.200000000000000178e+00,1.899999999999999911e+00,1.899999999999999911e+00,2.100000000000000089e+00
4.450000000000000178e+00,2.542790924548056775e-01,3.036503971790341261e+00,3.200000000000000178e+00,1.899999999999999911e+00,1.899999999999999911e+00,2.100000000000000089e+00
4.459999999999999964e+00,2.479452381538104211e-01,2.987619151508158932e+00,3.200000000000000178e+00,1.899999999999999911e+00,1.899999999999999911e+00,2.100000000000000089e+00
4.469999999999999751e+00,2.419927561653912318e-01,2.939178621268857317e+00,3.200000000000000178e+00,1.899999999999999911e+00,1.899999999999999911e+00,2.100000000000000089e+00
4.480000000000000426e+00,2.363995647970976444e-01,2.891206699587458129e+00,3.200000000000000178e+00,1.899999999999999911e+00,1.899999999999999911e+00,2.100000000000000089e+00
4.490000000000000213e+00,2.311451261990967176e-01,2.843724999039284995e+00,3.200000000000000178e+00,1.899999999999999911e+00,1.899999999999999911e+00,2.100000000000000089e+00
4.500000000000000000e+00,2.262103386142734207e-01,2.796752636166559114e+00,3.200000000000000178e+00,1.899999999999999911e+00,1.899999999999999911e+00,2.100000000000000089e+00
4.509999999999999787e+00,2.215774358574487124e-01,2.750306426578501107e+00,3.200000000000000178e+00,1.899999999999999911e+00,1.899999999999999911e+00,2.100000000000000089e+00
4.520000000000000462e+00,2.172298936700915728e-01,2.704401066125995623e+00,3.200000000000000178e+00,1.899999999999999911e+00,1.899999999999999911e+00,2.100000000000000089e+00
4.530000000000000249e+00,2.131523425859591092e-01,2.659049299012901102e+00,3.200000000000000178e+00,1.899999999999999911e+00,1.899999999999999911e+00,2.100000000000000089e+00
4.540000000000000036e+00,2.093304869397838441e-01,2.614262073679769482e+00,3.200000000000000178e+00,1.899999999999999911e+00,1.899999999999999911e+00,2.100000000000000089e+00
4.549999999999999822e+00,2.057510296537281014e-01,2.570048687264111731e+00,3.200000000000000178e+00,1.899999999999999911e+00,1.899999999999999911e+00,2.100000000000000089e+00
4.560000000000000497e+00,2.024016024434298344e-01,2.526416919406102135e+00,3.200000000000000178e+00,1.899999999999999911e+00,1.899999999999999911e+00,2.100000000000000089e+00
4.570000000000000284e+00,1.992707010959255953e-01,2.483373156131068793e+00,3.200000000000000178e+00,1.899999999999999911e+00,1.899999999999999911e+00,2.100000000000000089e+00
4.580000000000000071e+00,1.963476254846178992e-01,2.440922504501344292e+00,3.200000000000000178e+00,1.899999999999999911e+00,1.899999999999999911e+00,2.100000000000000089e+00
4.589999999999999858e+00,1.936224240010072373e-01,2.399068898690867702e+00,3.200000000000000178e+00,1.899999999999999911e+00,1.899999999999999911e+00,2.100000000000000089e+00
4.600000000000000533e+00,1.910858420985295514e-01,2.357815198096989917e+00,3.200000000000000178e+00,1.899999999999999911e+00,1.899999999999999911e+00,2.100000000000000089e+00
4.610000000000000320e+00,1.887292746600546245e-01,2.317163278065736076e+00,3.200000000000000178e+00,1.899999999999999911e+00,1.899999999999999911e+00,2.100000000000000089e+00
4.620000000000000107e+00,1.865447219170347504e-01,2.277114113769660886e+00,3.200000000000000178e+00,1.899999999999999911e+00,1.899999999999999911e+00,2.100000000000000089e+00
4.629999999999999893e+00,1.845247486646595658e-01,2.237667857741695965e+00,3.200000000000000178e+00,1.899999999999999911e+00,1.899999999999999911e+00,2.100000000000000089e+00
4.639999999999999680e+00,1.826624465334510949e-01,2.198823911534177444e+00,3.200000000000000178e+00,1.899999999999999911e+00,1.899999999999999911e+00,2.100000000000000089e+00
4.650000000000000355e+00,1.809513990933622196e-01,2.160580991939705875e+00,3.200000000000000178e+00,1.899999999999999911e+00,1.899999999999999911e+00,2.100000000000000089e+00
4.660000000000000142e+00,1.793856495815017438e-01,2.122937192179668919e+00,3.200000000000000178e+00,1.899999999999999911e+00,1.899999999999999911e+00,2.100000000000000089e+00
4.669999999999999929e+00,1.779596710590203024e-01,2.085890038437191230e+00,3.200000000000000178e+00,1.899999999999999911e+00,1.899999999999999911e+00,2.100000000000000089e+00
4.679999999999999716e+00,1.766683388164003998e-01,2.049436542083955537e+00,3.200000000000000178e+00,1.899999999999999911e+00,1.899999999999999911e+00,2.100000000000000089e+00
4.690000000000000391e+00,1.755069048593717318e-01,2.013573247924726584e+00,3.200000000000000178e+00,1.899999999999999911e+00,1.899999999999999911e+00,2.100000000000000089e+00
4.700000000000000178e+00,1.744709743199070462e-01,1.978296278759472226e+00,3.200000000000000178e+00,1.899999999999999911e+00,1.899999999999999911e+00,2.100000000000000089e+00
4.709999999999999964e+00,1.735564836482471618e-01,1.943601376540636805e+00,3.200000000000000178e+00,1.899999999999999911e+00,1.899999999999999911e+00,2.100000000000000089e+00
4.719999999999999751e+00,1.727596804526682350e-01,1.909483940382326495e+00,3.200000000000000178e+00,1.899999999999999911e+00,1.899999999999999911e+00,2.100000000000000089e+00
4.730000000000000426e+00,1.720771048637597112e-01,1.875939061658828733e+00,3.200000000000000178e+00,1.899999999999999911e+00,1.899999999999999911e+00,2.100000000000000089e+00
4.740000000000000213e+00,1.715055723093546758e-01,1.842961556411939927e+00,3.200000000000000178e+00,1.899999999999999911e+00,1.899999999999999911e+00,2.100000000000000089e+00
4.750000000000000000e+00,1.710421575949734041e-01,1.810545995269924990e+00,3.200000000000000178e+00,1.899999999999999911e+00,1.899999999999999911e+00,2.100000000000000089e+00
4.759999999999999787e+00,1.706841801927391489e-01,1.778686731065520554e+00,3.200000000000000178e+00,1.899999999999999911e+00,1.899999999999999911e+00,2.100000000000000089e+00
4.770000000000000462e+00,1.704291906492358677e-01,1.747377924326115606e+00,3.200000000000000178e+00,1.899999999999999911e+00,1.899999999999999911e+00,2.100000000000000089e+00
4.780000000000000249e+00,1.702749580297334975e-01,1.716613566796051815e+00,3.200000000000000178e+00,1.899999999999999911e+00,1.899999999999999911e+00,2.100000000000000089e+00
4.790000000000000036e+00,1.702194583226440128e-01,1.686387503138785160e+00,3.200000000000000178e+00,1.899999999999999911e+00,1.899999999999999911e+00,2.100000000000000089e+00
4.799999999999999822e+00,1.702608637340208009e-01,1.656693450955383007e+00,3.200000000000000178e+00,1.899999999999999911e+00,1.899999999999999911e+00,2.100000000000000089e+00
4.810000000000000497e+00,1.703975328074107953e-01,1.627525019245432469e+00,3.200000000000000178e+00,1.899999999999999911e+00,1.899999999999999911e+00,2.100000000000000089e+00
4.820000000000000284e+00,1.706280013094418901e-01,1.598875725426827099e+00,3.200000000000000178e+00,1.899999999999999911e+00,1.899999999999999911e+00,2.100000000000000089e+00
4.830000000000000071e+00,1.709509738262082468e-01,1.570739011022047826e+00,3.200000000000000178e+00,1.899999999999999911e+00,1.899999999999999911e+00,2.100000000000000089e+00
4.839999999999999858e+00,1.713653160198325143e-01,1.543108256110375498e+00,3.200000000000000178e+00,1.899999999999999911e+00,1.899999999999999911e+00,2.100000000000000089e+00
4.850000000000000533e+00,1.718700474985616344e-01,1.515976792637938164e+00,3.200000000000000178e+00,1.899999999999999911e+00,1.899999999999999911e+00,2.100000000000000089e+00
4.860000000000000320e+00,1.724643352574181665e-01,1.489337916670544493e+00,3.200000000000000178e+00,1.899999999999999911e+00,1.899999999999999911e+00,2.100000000000000089e+00
4.870000000000000107e+00,1.731474876498063087e-01,1.463184899667845595e+00,3.200000000000000178e+00,1.899999999999999911e+00,1.899999999999999911e+00,2.100000000000000089e+00
4.879999999999999893e+00,1.739189488535811123e-01,1.437510998851458277e+00,3.200000000000000178e+00,1.899999999999999911e+00,1.899999999999999911e+00,2.100000000000000089e+00
4.889999999999999680e+00,1.747782937979534823e-01,1.412309466734230190e+00,3.200000000000000178e+00,1.899999999999999911e+00,1.899999999999999911e+00,2.100000000000000089e+00
4.900000000000000355e+00,1.757252235202400870e-01,1.387573559872807172e+00,3.200000000000000178e+00,1.899999999999999911e+00,1.899999999999999911e+00,2.100000000000000089e+00
4.910000000000000142e+00,1.767595609238952759e-01,1.363296546901026529e+00,3.200000000000000178e+00,1.899999999999999911e+00,1.899999999999999911e+00,2.100000000000000089e+00
4.919999999999999929e+00,1.778812469114969819e-01,1.339471715897386339e+00,3.200000000000000178e+00,1.899999999999999911e+00,1.899999999999999911e+00,2.100000000000000089e+00
4.929999999999999716e+00,1.790903368684161334e-01,1.316092381135904210e+00,3.200000000000000178e+00,1.899999999999999911e+00,1.899999999999999911e+00,2.100000000000000089e+00
4.940000000000000391e+00,1.803869974747934202e-01,1.293151889266037857e+00,3.200000000000000178e+00,1.899999999999999911e+00,1.899999999999999911e+00,2.100000000000000089e+00
4.950000000000000178e+00,1.817715038251914716e-01,1.270643624963991858e+00,3.200000000000000178e+00,1.899999999999999911e+00,1.899999999999999911e+00,2.100000000000000089e+00
4.959999999999999964e+00,1.832442368368955021e-01,1.248561016094636544e+00,3.200000000000000178e+00,1.899999999999999911e+00,1.899999999999999911e+00,2.100000000000000089e+00
4.969999999999999751e+00,1.848056809293143476e-01,1.226897538420414158e+00,3.200000000000000178e+00,1.899999999999999911e+00,1.899999999999999911e+00,2.100000000000000089e+00
4.980000000000000426e+00,1.864564219582944271e-01,1.205646719890969276e+00,3.200000000000000178e+00,1.899999999999999911e+00,1.899999999999999911e+00,2.100000000000000089e+00
4.990000000000000213e+00,1.881971453904123237e-01,1.184802144544809366e+00,3.200000000000000178e+00,1.899999999999999911e+00,1.899999999999999911e+00,2.100000000000000089e+00
5.000000000000000000e+00,1.900286347034654266e-01,1.164357456052057538e+00,3.200000000000000178e+00,1.899999999999999911e+00,1.899999999999999911e+00,2.100000000000000089e+00
5.009999999999999787e+00,1.919517700004424177e-01,1.144306360925283705e+00,3.200000000000000178e+00,1.899999999999999911e+00,1.899999999999999911e+00,2.100000000000000089e+00
5.020000000000000462e+00,1.939675268252328555e-01,1.124642631423489636e+00,3.200000000000000178e+00,1.899999999999999911e+00,1.899999999999999911e+00,2.100000000000000089e+00
5.030000000000000249e+00,1.960769751692355289e-01,1.105360108172550593e+00,3.200000000000000178e+00,1.899999999999999911e+00,1.899999999999999911e+00,2.100000000000000089e+00
5.040000000000000036e+00,1.982812786588534215e-01,1.086452702523789116e+00,3.200000000000000178e+00,1.899999999999999911e+00,1.899999999999999911e+00,2.100000000000000089e+00
5.049999999999999822e+00,2.005816939146252420e-01,1.067914398670842813e+00,3.200000000000000178e+00,1.899999999999999911e+00,1.899999999999999911e+00,2.100000000000000089e+00
5.060000000000000497e+00,2.029795700734444153e-01,1.049739255543597816e+00,3.200000000000000178e+00,1.899999999999999911e+00,1.899999999999999911e+00,2.100000000000000089e+00
5.070000000000000284e+00,2.054763484659607453e-01,1.031921408496671688e+00,3.200000000000000178e+00,1.899999999999999911e+00,1.899999999999999911e+00,2.100000000000000089e+00
5.080000000000000071e+00,2.080735624418519336e-01,1.014455070808738091e+00,3.200000000000000178e+00,1.899999999999999911e+00,1.899999999999999911e+00,2.100000000000000089e+00
5.089999999999999858e+00,2.107728373361951735e-01,9.973345350078921534e-01,3.200000000000000178e+00,1.899999999999999911e+00,1.899999999999999911e+00,2.100000000000000089e+00
5.100000000000000533e+00,2.135758905706678090e-01,9.805541740372348825e-01,3.200000000000000178e+00,1.899999999999999911e+00,1.899999999999999911e+00,2.100000000000000089e+00
5.110000000000000320e+00,2.164845318837617938e-01,9.641084422739228943e-01,3.200000000000000178e+00,1.899999999999999911e+00,1.899999999999999911e+00,2.100000000000000089e+00
5.120000000000000107e+00,2.195006636846142667e-01,9.479918764140620180e-01,3.200000000000000178e+00,1.899999999999999911e+00,1.899999999999999911e+00,2.100000000000000089e+00
5.129999999999999893e+00,2.226262815254370919e-01,9.321990962350259480e-01,3.200000000000000178e+00,1.899999999999999911e+00,1.899999999999999911e+00,2.100000000000000089e+00
5.139999999999999680e+00,2.258634746878747379e-01,9.167248052460449381e-01,3.200000000000000178e+00,1.899999999999999911e+00,1.899999999999999911e+00,2.100000000000000089e+00
5.150000000000000355e+00,2.292144268789347017e-01,9.015637912372298501e-01,3.200000000000000178e+00,1.899999999999999911e+00,1.899999999999999911e+00,2.100000000000000089e+00
5.160000000000000142e+00,2.326814170324184861e-01,8.867109267365713698e-01,3.200000000000000178e+00,1.899999999999999911e+00,1.899999999999999911e+00,2.100000000000000089e+00
5.169999999999999929e+00,2.362668202120375427e-01,8.721611693838798862e-01,3.200000000000000178e+00,1.899999999999999911e+00,1.899999999999999911e+00,2.100000000000000089e+00
5.179999999999999716e+00,2.399731086126271340e-01,8.579095622300986212e-01,3.200000000000000178e+00,1.899999999999999911e+00,1.899999999999999911e+00,2.100000000000000089e+00
5.190000000000000391e+00,2.438028526560742371e-01,8.439512339699405397e-01,3.200000000000000178e+00,1.899999999999999911e+00,1.899999999999999911e+00,2.100000000000000089e+00
5.200000000000000178e+00,2.477587221787542759e-01,8.302813991153499273e-01,3.200000000000000178e+00,1.899999999999999911e+00,1.899999999999999911e+00,2.100000000000000089e+00
5.209999999999999964e+00,2.518434877074265388e-01,8.168953581168844069e-01,3.200000000000000178e+00,1.899999999999999911e+00,1.899999999999999911e+00,2.100000000000000089e+00
5.219999999999999751e+00,2.560600218206703360e-01,8.037884974397383475e-01,3.200000000000000178e+00,1.899999999999999911e+00,1.899999999999999911e+00,2.100000000000000089e+00
5.230000000000000426e+00,2.604113005930538960e-01,7.909562896007918953e-01,3.200000000000000178e+00,1.899999999999999911e+00,1.899999999999999911e+00,2.100000000000000089e+00
5.240000000000000213e+00,2.649004051193172282e-01,7.783942931727603209e-01,3.200000000000000178e+00,1.899999999999999911e+00,1.899999999999999911e+00,2.100000000000000089e+00
5.250000000000000000e+00,2.695305231159170201e-01,7.660981527612417130e-01,3.200000000000000178e+00,1.899999999999999911e+00,1.899999999999999911e+00,2.100000000000000089e+00
5.259999999999999787e+00,2.743049505973285673e-01,7.540635989602111344e-01,3.200000000000000178e+00,1.899999999999999911e+00,1.899999999999999911e+00,2.100000000000000089e+00
5.270000000000000462e+00,2.792270936245258017e-01,7.422864482912866491e-01,3.200000000000000178e+00,1.899999999999999911e+00,1.899999999999999911e+00,2.100000000000000089e+00
5.280000000000000249e+00,2.843004701230652520e-01,7.307626031318957827e-01,3.200000000000000178e+00,1.899999999999999911e+00,1.899999999999999911e+00,2.100000000000000089e+00
5.290000000000000036e+00,2.895287117681843991e-01,7.194880516372984536e-01,3.200000000000000178e+00,1.899999999999999911e+00,1.899999999999999911e+00,2.100000000000000089e+00
5.299999999999999822e+00,2.949155659342883040e-01,7.084588676612724178e-01,3.200000000000000178e+00,1.899999999999999911e+00,1.899999999999999911e+00,2.100000000000000089e+00
5.310000000000000497e+00,3.004648977061398774e-01,6.976712106801427060e-01,3.200000000000000178e+00,1.899999999999999911e+00,1.899999999999999911e+00,2.100000000000000089e+00
5.320000000000000284e+00,3.061806919489893364e-01,6.871213257247311690e-01,3.200000000000000178e+00,1.899999999999999911e+00,1.899999999999999911e+00,2.100000000000000089e+00
5.330000000000000071e+00,3.120670554347759196e-01,6.768055433247210928e-01,3.200000000000000178e+00,1.899999999999999911e+00,1.899999999999999911e+00,2.100000000000000089e+00
5.339999999999999858e+00,3.181282190214085870e-01,6.667202794698686708e-01,3.200000000000000178e+00,1.899999999999999911e+00,1.899999999999999911e+00,2.100000000000000089e+00
5.350000000000000533e+00,3.243685398819830534e-01,6.568620355924547072e-01,3.200000000000000178e+00,1.899999999999999911e+00,1.899999999999999911e+00,2.100000000000000089e+00
5.360000000000000320e+00,3.307925037806160873e-01,6.472273985753489445e-01,3.200000000000000178e+00,1.899999999999999911e+00,1.899999999999999911e+00,2.100000000000000089e+00
5.370000000000000107e+00,3.374047273913773903e-01,6.378130407900605148e-01,3.200000000000000178e+00,1.899999999999999911e+00,1.899999999999999911e+00,2.100000000000000089e+00
5.379999999999999893e+00,3.442099606565691694e-01,6.286157201691698893e-01,3.200000000000000178e+00,1.899999999999999911e+00,1.899999999999999911e+00,2.100000000000000089e+00
5.389999999999999680e+00,3.512130891803443289e-01,6.196322803175789984e-01,3.200000000000000178e+00,1.899999999999999911e+00,1.899999999999999911e+00,2.100000000000000089e+00
5.400000000000000355e+00,3.584191366533652778e-01,6.108596506670814774e-01,3.200000000000000178e+00,1.899999999999999911e+00,1.899999999999999911e+00,2.100000000000000089e+00
5.410000000000000142e+00,3.658332673038819927e-01,6.022948466788380362e-01,3.200000000000000178e+00,1.899999999999999911e+00,1.899999999999999911e+00,2.100000000000000089e+00
5.419999999999999929e+00,3.734607883702500408e-01,5.939349700984497549e-01,3.200000000000000178e+00,1.899999999999999911e+00,1.899999999999999911e+00,2.100000000000000089e+00
5.429999999999999716e+00,3.813071525895153080e-01,5.857772092684528920e-01,3.200000000000000178e+00,1.899999999999999911e+00,1.899999999999999911e+00,2.100000000000000089e+00
5.440000000000000391e+00,3.893779606962568529e-01,5.778188395032098912e-01,3.200000000000000178e+00,1.899999999999999911e+00,1.899999999999999911e+00,2.100000000000000089e+00
5.450000000000000178e+00,3.976789639254020292e-01,5.700572235313507985e-01,3.200000000000000178e+00,1.899999999999999911e+00,1.899999999999999911e+00,2.100000000000000089e+00
5.459999999999999964e+00,4.062160665122063197e-01,5.624898120111222477e-01,3.200000000000000178e+00,1.899999999999999911e+00,1.899999999999999911e+00,2.100000000000000089e+00
5.469999999999999751e+00,4.149953281820176754e-01,5.551141441242303243e-01,3.200000000000000178e+00,1.899999999999999911e+00,1.899999999999999911e+00,2.100000000000000089e+00
5.480000000000000426e+00,4.240229666218223725e-01,5.479278482540228534e-01,3.200000000000000178e+00,1.899999999999999911e+00,1.899999999999999911e+00,2.100000000000000089e+00
5.490000000000000213e+00,4.333053599248885002e-01,5.409286427541443176e-01,3.200000000000000178e+00,1.899999999999999911e+00,1.899999999999999911e+00,2.100000000000000089e+00
5.500000000000000000e+00,4.428490489990828949e-01,5.341143368141161307e-01,3.200000000000000178e+00,1.899999999999999911e+00,1.899999999999999911e+00,2.100000000000000089e+00
5.509999999999999787e+00,4.526607399286311506e-01,5.274828314286482689e-01,3.200000000000000178e+00,1.899999999999999911e+00,1.899999999999999911e+00,2.100000000000000089e+00
5.520000000000000462e+00,4.627473062782138657e-01,5.210321204778758375e-01,3.200000000000000178e+00,1.899999999999999911e+00,1.899999999999999911e+00,2.100000000000000089e+00
5.530000000000000249e+00,4.731157913273401072e-01,5.147602919261432541e-01,3.200000000000000178e+00,1.899999999999999911e+00,1.899999999999999911e+00,2.100000000000000089e+00
5.540000000000000036e+00,4.837734102219056198e-01,5.086655291474236895e-01,3.200000000000000178e+00,1.899999999999999911e+00,1.899999999999999911e+00,2.100000000000000089e+00
5.549999999999999822e+00,4.947275520287198192e-01,5.027461123859742198e-01,3.200000000000000178e+00,1.899999999999999911e+00,1.899999999999999911e+00,2.100000000000000089e+00
5.560000000000000497e+00,5.059857816775690242e-01,4.970004203613849203e-01,3.200000000000000178e+00,1.899999999999999911e+00,1.899999999999999911e+00,2.100000000000000089e+00
5.570000000000000284e+00,5.175558417740612205e-01,4.914269320277874775e-01,3.200000000000000178e+00,1.899999999999999911e+00,1.899999999999999911e+00,2.100000000000000089e+00
5.580000000000000071e+00,5.294456542650664010e-01,4.860242284976529215e-01,3.200000000000000178e+00,1.899999999999999911e+00,1.899999999999999911e+00,2.100000000000000089e+00
5.589999999999999858e+00,5.416633219370123875e-01,4.807909951413282257e-01,3.200000000000000178e+00,1.899999999999999911e+00,1.899999999999999911e+00,2.100000000000000089e+00
5.600000000000000533e+00,5.542171297256126561e-01,4.757260238742454517e-01,3.200000000000000178e+00,1.899999999999999911e+00,1.899999999999999911e+00,2.100000000000000089e+00
5.610000000000000320e+00,5.671155458137787653e-01,4.708282156445896538e-01,3.200000000000000178e+00,1.899999999999999911e+00,1.899999999999999911e+00,2.100000000000000089e+00
5.620000000000000107e+00,5.803672224924908418e-01,4.660965831351366884e-01,3.200000000000000178e+00,1.899999999999999911e+00,1.899999999999999911e+00,2.100000000000000089e+00
5.629999999999999893e+00,5.939809967572577953e-01,4.615302536939775435e-01,3.200000000000000178e+00,1.899999999999999911e+00,1.899999999999999911e+00,2.100000000000000089e+00
5.639999999999999680e+00,6.079658906104751237e-01,4.571284725099363233e-01,3.200000000000000178e+00,1.899999999999999911e+00,1.899999999999999911e+00,2.100000000000000089e+00
5.650000000000000355e+00,6.223311110374728505e-01,4.528906060496734609e-01,3.200000000000000178e+00,1.899999999999999911e+00,1.899999999999999911e+00,2.100000000000000089e+00
5.660000000000000142e+00,6.370860496213177626e-01,4.488161457747499306e-01,3.200000000000000178e+00,1.899999999999999911e+00,1.899999999999999911e+00,2.100000000000000089e+00
5.669999999999999929e+00,6.522402817584797008e-01,4.449047121583222797e-01,3.200000000000000178e+00,1.899999999999999911e+00,1.899999999999999911e+00,2.100000000000000089e+00
5.679999999999999716e+00,6.678035654342702188e-01,4.411560590226508149e-01,3.200000000000000178e+00,1.899999999999999911e+00,1.899999999999999911e+00,2.100000000000000089e+00
5.690000000000000391e+00,6.837858395134901457e-01,4.375700782202425754e-01,3.200000000000000178e+00,1.899999999999999911e+00,1.899999999999999911e+00,2.100000000000000089e+00
5.700000000000000178e+00,7.001972214979652609e-01,4.341468046832300809e-01,3.200000000000000178e+00,1.899999999999999911e+00,1.899999999999999911e+00,2.100000000000000089e+00
5.709999999999999964e+00,7.170480046985728828e-01,4.308864218675161895e-01,3.200000000000000178e+00,1.899999999999999911e+00,1.899999999999999911e+00,2.100000000000000089e+00
5.719999999999999751e+00,7.343486547649477059e-01,4.277892676203077227e-01,3.200000000000000178e+00,1.899999999999999911e+00,1.899999999999999911e+00,2.100000000000000089e+00
5.730000000000000426e+00,7.521098055112719338e-01,4.248558405019291495e-01,3.200000000000000178e+00,1.899999999999999911e+00,1.899999999999999911e+00,2.100000000000000089e+00
5.740000000000000213e+00,7.703422539713685735e-01,4.220868065952675385e-01,3.200000000000000178e+00,1.899999999999999911e+00,1.899999999999999911e+00,2.100000000000000089e+00
5.750000000000000000e+00,7.890569546106998011e-01,4.194830068388680777e-01,3.200000000000000178e+00,1.899999999999999911e+00,1.899999999999999911e+00,2.100000000000000089e+00
5.759999999999999787e+00,8.082650126167861826e-01,4.170454649225892596e-01,3.200000000000000178e+00,1.899999999999999911e+00,1.899999999999999911e+00,2.100000000000000089e+00
5.770000000000000462e+00,8.279776761829651388e-01,4.147753957878617670e-01,3.200000000000000178e+00,1.899999999999999911e+00,1.899999999999999911e+00,2.100000000000000089e+00
5.780000000000000249e+00,8.482063276932632068e-01,4.126742147779900449e-01,3.200000000000000178e+00,1.899999999999999911e+00,1.899999999999999911e+00,2.100000000000000089e+00
5.790000000000000036e+00,8.689624737084158390e-01,4.107435474876154347e-01,3.200000000000000178e+00,1.899999999999999911e+00,1.899999999999999911e+00,2.100000000000000089e+00
5.799999999999999822e+00,8.902577336446837464e-01,4.089852403644425594e-01,3.200000000000000178e+00,1.899999999999999911e+00,1.899999999999999911e+00,2.100000000000000089e+00
5.810000000000000497e+00,9.121038270280361626e-01,4.074013721206465877e-01,3.200000000000000178e+00,1.899999999999999911e+00,1.899999999999999911e+00,2.100000000000000089e+00
5.820000000000000284e+00,9.345125591964408285e-01,4.059942660160453798e-01,3.200000000000000178e+00,1.899999999999999911e+00,1.899999999999999911e+00,2.100000000000000089e+00
5.830000000000000071e+00,9.574958053123591162e-01,4.047665030801725350e-01,3.200000000000000178e+00,1.899999999999999911e+00,1.899999999999999911e+00,2.100000000000000089e+00
5.839999999999999858e+00,9.810654925360314804e-01,4.037209363458451605e-01,3.200000000000000178e+00,1.899999999999999911e+00,1.899999999999999911e+00,2.100000000000000089e+00
5.850000000000000533e+00,1.005233580197682164e+00,4.028607061727183525e-01,3.200000000000000178e+00,1.899999999999999911e+00,1.899999999999999911e+00,2.100000000000000089e+00
5.860000000000000320e+00,1.030012037793307300e+00,4.021892567456857859e-01,3.200000000000000178e+00,1.899999999999999911e+00,1.899999999999999911e+00,2.100000000000000089e+00
5.870000000000000107e+00,1.055412820614156200e+00,4.017103538398507090e-01,3.200000000000000178e+00,1.899999999999999911e+00,1.899999999999999911e+00,2.100000000000000089e+00
5.879999999999999893e+00,1.081447842804299508e+00,4.014281039511901072e-01,3.200000000000000178e+00,1.899999999999999911e+00,1.899999999999999911e+00,2.100000000000000089e+00
5.889999999999999680e+00,1.108128947623716165e+00,4.013469748999938802e-01,3.200000000000000178e+00,1.899999999999999911e+00,1.899999999999999911e+00,2.100000000000000089e+00
5.900000000000000355e+00,1.135467874676037381e+00,4.014718180227133670e-01,3.200000000000000178e+00,1.899999999999999911e+00,1.899999999999999911e+00,2.100000000000000089e+00
5.910000000000000142e+00,1.163476223840378188e+00,4.018078920770287721e-01,3.200000000000000178e+00,1.899999999999999911e+00,1.899999999999999911e+00,2.100000000000000089e+00
5.919999999999999929e+00,1.192165415625480396e+00,4.023608889947673517e-01,3.200000000000000178e+00,1.899999999999999911e+00,1.899999999999999911e+00,2.100000000000000089e+00
5.929999999999999716e+00,1.221546647641589489e+00,4.031369616277996060e-01,3.200000000000000178e+00,1.899999999999999911e+00,1.899999999999999911e+00,2.100000000000000089e+00
5.940000000000000391e+00,1.251630846861021329e+00,4.041427536432238843e-01,3.200000000000000178e+00,1.899999999999999911e+00,1.899999999999999911e+00,2.100000000000000089e+00
5.950000000000000178e+00,1.282428617312153074e+00,4.053854317360311432e-01,3.200000000000000178e+00,1.899999999999999911e+00,1.899999999999999911e+00,2.100000000000000089e+00
5.959999999999999964e+00,1.313950182823529156e+00,4.068727203400235304e-01,3.200000000000000178e+00,1.899999999999999911e+00,1.899999999999999911e+00,2.100000000000000089e+00
5.969999999999999751e+00,1.346205324404844417e+00,4.086129390310244691e-01,3.200000000000000178e+00,1.899999999999999911e+00,1.899999999999999911e+00,2.100000000000000089e+00
5.980000000000000426e+00,1.379203311819711786e+00,4.106150428303405597e-01,3.200000000000000178e+00,1.899999999999999911e+00,1.899999999999999911e+00,2.100000000000000089e+00
5.990000000000000213e+00,1.412952828871310462e+00,4.128886656309596614e-01,3.200000000000000178e+00,1.899999999999999911e+00,1.899999999999999911e+00,2.100000000000000089e+00
6.000000000000000000e+00,1.447461891886251628e+00,4.154441669840194806e-01,3.200000000000000178e+00,1.899999999999999911e+00,1.899999999999999911e+00,2.100000000000000089e+00
