0.000000000000000000e+00,5.000000000000000000e-01,5.000000000000000000e-01,5.000000000000000000e-01,1.000000000000000000e+00
5.000000000000000278e-02,5.112499999999999822e-01,4.774999999999999800e-01,4.837500000000000133e-01,1.000000000000000000e+00
1.000000000000000056e-01,5.232196406250000376e-01,4.562631875000000004e-01,4.678104375000000092e-01,1.000000000000000000e+00
1.500000000000000222e-01,5.359244919449827060e-01,4.362165044294613603e-01,4.522037087488817164e-01,1.000000000000000000e+00
2.000000000000000111e-01,5.493814874523680336e-01,4.172912761040405427e-01,4.369484617681183569e-01,1.000000000000000000e+00
2.500000000000000000e-01,5.636088742853813116e-01,3.994229931299681513e-01,4.220599221684472879e-01,1.000000000000000000e+00
3.000000000000000444e-01,5.786261666553839111e-01,3.825510955006208857e-01,4.075502041709863077e-01,1.000000000000000000e+00
3.500000000000000333e-01,5.944541016270010747e-01,3.666187609179166751e-01,3.934286055129555537e-01,1.000000000000000000e+00
4.000000000000000222e-01,6.111145964535045216e-01,3.515726989081051079e-01,3.797018854163240476e-01,1.000000000000000000e+00
4.500000000000000111e-01,6.286307067137838489e-01,3.373629519135875610e-01,3.663745252062040048e-01,1.000000000000000000e+00
5.000000000000000000e-01,6.470265845327859422e-01,3.239427042199777840e-01,3.534489714961544515e-01,1.000000000000000000e+00
5.500000000000000444e-01,6.663274361957256531e-01,3.112680993119195660e-01,3.409258621204404038e-01,1.000000000000000000e+00
6.000000000000000888e-01,6.865594784887871782e-01,2.992980660342966504e-01,3.288042351985263623e-01,1.000000000000000000e+00
6.500000000000000222e-01,7.077498931164122320e-01,2.879941537603299961e-01,3.170817218734982013e-01,1.000000000000000000e+00
7.000000000000000666e-01,7.299267785585223933e-01,2.773203766284067506e-01,3.057547233815703369e-01,1.000000000000000000e+00
7.500000000000000000e-01,7.531190987409651649e-01,2.672430667998502707e-01,2.948185731912636998e-01,1.000000000000000000e+00
8.000000000000000444e-01,7.773566278998970125e-01,2.577307366054467641e-01,2.842676850042692438e-01,1.000000000000000000e+00
8.500000000000000888e-01,8.026698910264524756e-01,2.487539493852794492e-01,2.740956874406459409e-01,1.000000000000000000e+00
9.000000000000000222e-01,8.290900992826158999e-01,2.402851987807475276e-01,2.642955462433100311e-01,1.000000000000000000e+00
9.500000000000000666e-01,8.566490797834021009e-01,2.322987962065528877e-01,2.548596748345411944e-01,1.000000000000000000e+00
1.000000000000000000e+00,8.853791991449524446e-01,2.247707662113687666e-01,2.457800340436646358e-01,1.000000000000000000e+00
1.050000000000000044e+00,9.153132802036367810e-01,2.176787494267140299e-01,2.370482218028416577e-01,1.000000000000000000e+00
1.100000000000000089e+00,9.464845113184031655e-01,2.110019128024500645e-01,2.286555535792442750e-01,1.000000000000000000e+00
1.150000000000000133e+00,9.789263476781010498e-01,2.047208668328076020e-01,2.205931342786320581e-01,1.000000000000000000e+00
1.200000000000000178e+00,1.012672404048004626e+00,1.988175894877173000e-01,2.128519223189951071e-01,1.000000000000000000e+00
1.250000000000000000e+00,1.047756338405938736e+00,1.932753565794709805e-01,2.054227865346877346e-01,1.000000000000000000e+00
1.300000000000000044e+00,1.084211725938923232e+00,1.880786783135870444e-01,1.982965565323266399e-01,1.000000000000000000e+00
1.350000000000000089e+00,1.122071922896743512e+00,1.832132417945737946e-01,1.914640670804352851e-01,1.000000000000000000e+00
1.400000000000000133e+00,1.161369919829935649e+00,1.786658592816049995e-01,1.849161970759837792e-01,1.000000000000000000e+00
1.450000000000000178e+00,1.202138183776913172e+00,1.744244220155953540e-01,1.786439035930601771e-01,1.000000000000000000e+00
1.500000000000000000e+00,1.244408489008878016e+00,1.704778594675572800e-01,1.726382514822596970e-01,1.000000000000000000e+00
1.550000000000000044e+00,1.288211735992193407e+00,1.668161038882929326e-01,1.668904389542413824e-01,1.000000000000000000e+00
1.600000000000000089e+00,1.333577758286384585e+00,1.634300600713747831e-01,1.613918195474505768e-01,1.000000000000000000e+00
1.650000000000000133e+00,1.380535117162112080e+00,1.603115802750158525e-01,1.561339208483482621e-01,1.000000000000000000e+00
1.700000000000000178e+00,1.429110883797409581e+00,1.574534442839143622e-01,1.511084603026877082e-01,1.000000000000000000e+00
1.750000000000000000e+00,1.479330408992089785e+00,1.548493446296304588e-01,1.463073584284551587e-01,1.000000000000000000e+00
1.800000000000000044e+00,1.531217080429210009e+00,1.524938770277195488e-01,1.417227497150360671e-01,1.000000000000000000e+00
1.850000000000000089e+00,1.584792067608310484e+00,1.503825361319703346e-01,1.373469914689517124e-01,1.000000000000000000e+00
1.900000000000000133e+00,1.640074054676989190e+00,1.485117167509830416e-01,1.331726708440826579e-01,1.000000000000000000e+00
1.950000000000000178e+00,1.697078961494159488e+00,1.468787207203340051e-01,1.291926102735969084e-01,1.000000000000000000e+00
2.000000000000000000e+00,1.755819653368599687e+00,1.454817696751060929e-01,1.253998715017630716e-01,1.000000000000000000e+00
2.050000000000000266e+00,1.816305640028375246e+00,1.443200240230640696e-01,1.217877583963795224e-01,1.000000000000000000e+00
2.100000000000000089e+00,1.878542764488202677e+00,1.433936084787016951e-01,1.183498187066151369e-01,1.000000000000000000e+00
2.149999999999999911e+00,1.942532882590274790e+00,1.427036445832974565e-01,1.150798449165609527e-01,1.000000000000000000e+00
2.200000000000000178e+00,2.008273534096507440e+00,1.422522907065307540e-01,1.119718743316628351e-01,1.000000000000000000e+00
2.250000000000000000e+00,2.075757606303220815e+00,1.420427901016916850e-01,1.090201885233738482e-01,1.000000000000000000e+00
2.300000000000000266e+00,2.144972991229200598e+00,1.420795276696309728e-01,1.062193122467670059e-01,1.000000000000000000e+00
2.350000000000000089e+00,2.215902237490791293e+00,1.423680961768972186e-01,1.035640119364265588e-01,1.000000000000000000e+00
2.400000000000000355e+00,2.288522198018768883e+00,1.429153727715171684e-01,1.010492938776355043e-01,1.000000000000000000e+00
2.450000000000000178e+00,2.362803674786613239e+00,1.437296067460425986e-01,9.867040214265515585e-02,1.000000000000000000e+00
2.500000000000000000e+00,2.438711061703755067e+00,1.448205196121584992e-01,9.642281637571172015e-02,1.000000000000000000e+00
2.550000000000000266e+00,2.516201986775663091e+00,1.461994186744970114e-01,9.430224950513686755e-02,1.000000000000000000e+00
2.600000000000000089e+00,2.595226954540765796e+00,1.478793254232673438e-01,9.230464545693613243e-02,1.000000000000000000e+00
2.650000000000000355e+00,2.675728989658006096e+00,1.498751202054941223e-01,9.042617694087115576e-02,1.000000000000000000e+00
2.700000000000000178e+00,2.757643282334751422e+00,1.522037047821963585e-01,8.866324337794233290e-02,1.000000000000000000e+00
2.750000000000000000e+00,2.840896836050202268e+00,1.548841845322617428e-01,8.701246903696036039e-02,1.000000000000000000e+00
2.800000000000000266e+00,2.925408117742913650e+00,1.579380722207826826e-01,8.547070144772571376e-02,1.000000000000000000e+00
2.850000000000000089e+00,3.011086710292786073e+00,1.613895154068569759e-01,8.403501015923330042e-02,1.000000000000000000e+00
2.900000000000000355e+00,3.097832966740117211e+00,1.652655497185664957e-01,8.270268591333972130e-02,1.000000000000000000e+00
2.950000000000000178e+00,3.185537665251890971e+00,1.695963803644932044e-01,8.147124030754246404e-02,1.000000000000000000e+00
3.000000000000000000e+00,3.274081663376394502e+00,1.744156943729060494e-01,8.033840602500910699e-02,1.000000000000000000e+00
3.050000000000000266e+00,3.363335549633357680e+00,1.797610061399706194e-01,7.930213771586396010e-02,1.000000000000000000e+00
3.100000000000000089e+00,3.453159289984635283e+00,1.856740389117098600e-01,7.836061362110897932e-02,1.000000000000000000e+00
3.150000000000000355e+00,3.543401866242041898e+00,1.922011448012083956e-01,7.751223803956559799e-02,1.000000000000000000e+00
3.200000000000000178e+00,3.633900903022994733e+00,1.993937658273998159e-01,7.675564474902996093e-02,1.000000000000000000e+00
3.250000000000000000e+00,3.724482279497614012e+00,2.073089382226381283e-01,7.608970150561006340e-02,1.000000000000000000e+00
3.300000000000000266e+00,3.814959721928496084e+00,2.160098418528661746e-01,7.551351576014878053e-02,1.000000000000000000e+00
3.350000000000000089e+00,3.905134372942861809e+00,2.255663959764870330e-01,7.502644174793073051e-02,1.000000000000000000e+00
3.400000000000000355e+00,3.994794333664854147e+00,2.360559016743578598e-01,7.462808912772909975e-02,1.000000000000000000e+00
3.450000000000000178e+00,4.083714175356278453e+00,2.475637300385225836e-01,7.431833336887153085e-02,1.000000000000000000e+00
3.500000000000000000e+00,4.171654418165820388e+00,2.601840535208705396e-01,7.409732811057720414e-02,1.000000000000000000e+00
3.550000000000000266e+00,4.258360976086263960e+00,2.740206156072496624e-01,7.396551974648796213e-02,1.000000000000000000e+00
3.600000000000000089e+00,4.343564569402069253e+00,2.891875310716937042e-01,7.392366451917345427e-02,1.000000000000000000e+00
3.650000000000000355e+00,4.426980108931305224e+00,3.058101053345546605e-01,7.397284844442504614e-02,1.000000000000000000e+00
3.700000000000000178e+00,4.508306060401235271e+00,3.240256567348631656e-01,7.411451042321555438e-02,1.000000000000000000e+00
3.750000000000000000e+00,4.587223802537846673e+00,3.439843196539998926e-01,7.435046893993793593e-02,1.000000000000000000e+00
3.800000000000000266e+00,4.663396999100196005e+00,3.658497992096013673e-01,7.468295278830888728e-02,1.000000000000000000e+00
3.850000000000000089e+00,4.736471013357312465e+00,3.898000394937781721e-01,7.511463631011243425e-02,1.000000000000000000e+00
3.900000000000000355e+00,4.806072403582569486e+00,4.160277568977810425e-01,7.564867967523011827e-02,1.000000000000000000e+00
3.950000000000000178e+00,4.871808550186674580e+00,4.447407778338980933e-01,7.628877477195354639e-02,1.000000000000000000e+00
4.000000000000000000e+00,4.933267479215520446e+00,4.761621061084185258e-01,7.703919731133039572e-02,1.000000000000000000e+00
4.049999999999999822e+00,4.990017963078361873e+00,5.105296294288134140e-01,7.790486577408904656e-02,1.000000000000000000e+00
4.100000000000000533e+00,5.041609997344120409e+00,5.480953573618955188e-01,7.889140783798240242e-02,1.000000000000000000e+00
4.150000000000000355e+00,5.087575771793871660e+00,5.891240651075654311e-01,8.000523490998207032e-02,1.000000000000000000e+00
4.200000000000000178e+00,5.127431273840678649e+00,6.338911997194355274e-01,8.125362534243134316e-02,1.000000000000000000e+00
4.250000000000000000e+00,5.160678681659226719e+00,6.826798894040613241e-01,8.264481682349361646e-02,1.000000000000000000e+00
4.299999999999999822e+00,5.186809721066136802e+00,7.357768844088504734e-01,8.418810828584732953e-02,1.000000000000000000e+00
4.350000000000000533e+00,5.205310171830642929e+00,7.934672526428149242e-01,8.589397145657787225e-02,1.000000000000000000e+00
4.400000000000000355e+00,5.215665712384407016e+00,8.560276582373247400e-01,8.777417185572330971e-02,1.000000000000000000e+00
4.450000000000000178e+00,5.217369282774366290e+00,9.237180711916761489e-01,8.984189861842985236e-02,1.000000000000000000e+00
4.500000000000000000e+00,5.209930119430473461e+00,9.967717961170080576e-01,9.211190194168795975e-02,1.000000000000000000e+00
4.549999999999999822e+00,5.192884566778432465e+00,1.075383773191745274e+00,9.460063621599808237e-02,1.000000000000000000e+00
4.600000000000000533e+00,5.165808694923304856e+00,1.159697199674637913e+00,9.732640597134044336e-02,1.000000000000000000e+00
4.650000000000000355e+00,5.128332645512498011e+00,1.249788649222951964e+00,1.003095106263812986e-01,1.000000000000000000e+00
4.700000000000000178e+00,5.080156487477935023e+00,1.345652029689980766e+00,1.035723826698177891e-01,1.000000000000000000e+00
4.750000000000000000e+00,5.021067192158985115e+00,1.447181914614024789e+00,1.071397123277498115e-01,1.000000000000000000e+00
4.800000000000000711e+00,4.950956139848544879e+00,1.554156999886916246e+00,1.110385500072662013e-01,1.000000000000000000e+00
4.850000000000000533e+00,4.869836360052524959e+00,1.666224658318272267e+00,1.152983759098635819e-01,1.000000000000000000e+00
4.900000000000000355e+00,4.777858505977821579e+00,1.782887766074643165e+00,1.199511242721055804e-01,1.000000000000000000e+00
4.950000000000000178e+00,4.675324397317274006e+00,1.903495123849624715e+00,1.250311478523420394e-01,1.000000000000000000e+00
5.000000000000000000e+00,4.562696866865205259e+00,2.027236854770865015e+00,1.305751067261676779e-01,1.000000000000000000e+00
5.050000000000000711e+00,4.440604649813788107e+00,2.153146093143675444e+00,1.366217644101332118e-01,1.000000000000000000e+00
5.100000000000000533e+00,4.309841189143548412e+00,2.280108053035875493e+00,1.432116740696324220e-01,1.000000000000000000e+00
5.150000000000000355e+00,4.171356513863949012e+00,2.406877169080855694e+00,1.503867383662387813e-01,1.000000000000000000e+00
5.200000000000000178e+00,4.026241777278404932e+00,2.532102443453115637e+00,1.581896286324103729e-01,1.000000000000000000e+00
5.250000000000000000e+00,3.875706593554024693e+00,2.654360452157115358e+00,1.666630527458362043e-01,1.000000000000000000e+00
5.300000000000000711e+00,3.721049930272053885e+00,2.772194729960954174e+00,1.758488664339412644e-01,1.000000000000000000e+00
5.350000000000000533e+00,3.563625928397663234e+00,2.884159559116483695e+00,1.857870297540130666e-01,1.000000000000000000e+00
5.400000000000000355e+00,3.404806544457434470e+00,2.988865634255872816e+00,1.965144189758487037e-01,1.000000000000000000e+00
5.450000000000000178e+00,3.245943262358716996e+00,3.085024756440847060e+00,2.080635136629653270e-01,1.000000000000000000e+00
5.500000000000000000e+00,3.088330245096993387e+00,3.171490685319845237e+00,2.204609888470447920e-01,1.000000000000000000e+00
5.550000000000000711e+00,2.933171165207014042e+00,3.247293566602697634e+00,2.337262521170158647e-01,1.000000000000000000e+00
5.600000000000000533e+00,2.781551584100784957e+00,3.311665918312908463e+00,2.478699744149240880e-01,1.000000000000000000e+00
5.650000000000000355e+00,2.634418199703738583e+00,3.364058923728014516e+00,2.628926705551013487e-01,1.000000000000000000e+00
5.700000000000000178e+00,2.492565631198675913e+00,3.404148632364781601e+00,2.787833902452265256e-01,1.000000000000000000e+00
5.750000000000000000e+00,2.356630751089477283e+00,3.431832496410213817e+00,2.955185821194408202e-01,1.000000000000000000e+00
5.800000000000000711e+00,2.227093991864810718e+00,3.447217367329256543e+00,3.130611916301433428e-01,1.000000000000000000e+00
5.850000000000000533e+00,2.104286608555135718e+00,3.450600576496205996e+00,3.313600484588970496e-01,1.000000000000000000e+00
5.900000000000000355e+00,1.988402600898774297e+00,3.442445994672634235e+00,3.503495905177765879e-01,1.000000000000000000e+00
5.950000000000000178e+00,1.879513891270657933e+00,3.423357016001321806e+00,3.699499599773093950e-01,1.000000000000000000e+00
6.000000000000000000e+00,1.777587394616650718e+00,3.394048279994223538e+00,3.900674926434109513e-01,1.000000000000000000e+00
6.050000000000000711e+00,1.682502767189715476e+00,3.355317683438143295e+00,4.105956061531675916e-01,1.000000000000000000e+00
6.100000000000000533e+00,1.594069839472848304e+00,3.308019900974851879e+00,4.314160757326888085e-01,1.000000000000000000e+00
6.150000000000000355e+00,1.512044985503176120e+00,3.253042280277245624e+00,4.524006695950517076e-01,1.000000000000000000e+00
6.200000000000000178e+00,1.436145923801845914e+00,3.191283645364182409e+00,4.734131003997548715e-01,1.000000000000000000e+00
6.250000000000000000e+00,1.366064662084705672e+00,3.123636255798501793e+00,4.943112354440744038e-01,1.000000000000000000e+00
6.300000000000000711e+00,1.301478476457345490e+00,3.050970943214674769e+00,5.149494971970279833e-01,1.000000000000000000e+00
6.350000000000000533e+00,1.242058951607925898e+00,2.974125282128640357e+00,5.351813780370997531e-01,1.000000000000000000e+00
6.400000000000000355e+00,1.187479203212070900e+00,2.893894544264822954e+00,5.548619890221078155e-01,1.000000000000000000e+00
6.450000000000000178e+00,1.137419462576868767e+00,2.811025125498900490e+00,5.738505623684438950e-01,1.000000000000000000e+00
6.500000000000000000e+00,1.091571233391879447e+00,2.726210111175841000e+00,5.920128309599914651e-01,1.000000000000000000e+00
6.550000000000000711e+00,1.049640238533219083e+00,2.640086648469955222e+00,6.092232153154640839e-01,1.000000000000000000e+00
6.600000000000000533e+00,1.011348367795837921e+00,2.553234814382282281e+00,6.253667584774351695e-01,1.000000000000000000e+00
6.650000000000000355e+00,9.764348207657893575e-01,2.466177697523764145e+00,6.403407615457122892e-01,1.000000000000000000e+00
6.700000000000000178e+00,9.446566171383812272e-01,2.379382445524939715e+00,6.540560862592013081e-01,1.000000000000000000e+00
6.750000000000000000e+00,9.157886228304730203e-01,2.293262063994885303e+00,6.664381052957323304e-01,1.000000000000000000e+00
6.800000000000000711e+00,8.896232164128237141e-01,2.208177785106391955e+00,6.774272949993342952e-01,1.000000000000000000e+00
6.850000000000000533e+00,8.659696980810404066e-01,2.124441852883380832e+00,6.869794783360551049e-01,1.000000000000000000e+00
6.900000000000000355e+00,8.446535233607522786e-01,2.042320597649778691e+00,6.950657374299055169e-01,1.000000000000000000e+00
6.950000000000000178e+00,8.255154263380454216e-01,1.962037693899111979e+00,7.016720246061285415e-01,1.000000000000000000e+00
7.000000000000000000e+00,8.084104824615210294e-01,1.883777514372941386e+00,7.067985082070373792e-01,1.000000000000000000e+00
7.050000000000000711e+00,7.932071487371504803e-01,1.807688508831112761e+00,7.104586944507317314e-01,1.000000000000000000e+00
7.100000000000000533e+00,7.797863091895789189e-01,1.733886549317561920e+00,7.126783693303465617e-01,1.000000000000000000e+00
7.150000000000000355e+00,7.680403455064314100e-01,1.662458195094256741e+00,7.134944051807093901e-01,1.000000000000000000e+00
7.200000000000000178e+00,7.578722465195725233e-01,1.593463840187600011e+00,7.129534753425572635e-01,1.000000000000000000e+00
7.250000000000000000e+00,7.491947653270160101e-01,1.526940714945570265e+00,7.111107176630085958e-01,1.000000000000000000e+00
7.300000000000000711e+00,7.419296291653253439e-01,1.462905720348832483e+00,7.080283837431140537e-01,1.000000000000000000e+00
7.350000000000000533e+00,7.360068043806422544e-01,1.401358080205239887e+00,7.037745062365273752e-01,1.000000000000000000e+00
7.400000000000000355e+00,7.313638168255872651e-01,1.342281801890744086e+00,6.984216114520234164e-01,1.000000000000000000e+00
7.450000000000000178e+00,7.279451265692739037e-01,1.285647941056876631e+00,6.920454993119540266e-01,1.000000000000000000e+00
7.500000000000000000e+00,7.257015548171450448e-01,1.231416669763815808e+00,6.847241076149419570e-01,1.000000000000000000e+00
7.550000000000000711e+00,7.245897602898747625e-01,1.179539150867915831e+00,6.765364727370191122e-01,1.000000000000000000e+00
7.600000000000000533e+00,7.245717619210892968e-01,1.129959224240266735e+00,6.675617945208318638e-01,1.000000000000000000e+00
7.650000000000000355e+00,7.256145045349285949e-01,1.082614912566384424e+00,6.578786092379919070e-01,1.000000000000000000e+00
7.700000000000000178e+00,7.276894641039592937e-01,1.037439756127372492e+00,6.475640712124429710e-01,1.000000000000000000e+00
7.750000000000000000e+00,7.307722892250669844e-01,9.943639871436833477e-01,6.366933409742435712e-01,1.000000000000000000e+00
7.800000000000000711e+00,7.348424755546726361e-01,9.533155550299132752e-01,6.253390756566870046e-01,1.000000000000000000e+00
7.850000000000000533e+00,7.398830700915199898e-01,9.142210143196183303e-01,6.135710157178076996e-01,1.000000000000000000e+00
7.900000000000000355e+00,7.458804023679195261e-01,8.770062871288621942e-01,6.014556609088682615e-01,1.000000000000000000e+00
7.950000000000000178e+00,7.528238397959318151e-01,8.415973118897960292e-01,5.890560276682346164e-01,1.000000000000000000e+00
8.000000000000000000e+00,7.607055646043292541e-01,8.079205897512055090e-01,5.764314797268159651e-01,1.000000000000000000e+00
8.050000000000000711e+00,7.695203699888595317e-01,7.759036395574183675e-01,5.636376236091893421e-01,1.000000000000000000e+00
8.099999999999999645e+00,7.792654732779807913e-01,7.454753717209976482e-01,5.507262608440702811e-01,1.000000000000000000e+00
8.150000000000000355e+00,7.899403440860512937e-01,7.165663906336900979e-01,5.377453890053806029e-01,1.000000000000000000e+00
8.200000000000001066e+00,8.015465455842980536e-01,6.891092345442551004e-01,5.247392441433149646e-01,1.000000000000000000e+00
8.250000000000000000e+00,8.140875871659528640e-01,6.630385610960181086e-01,5.117483776925784156e-01,1.000000000000000000e+00
8.300000000000000711e+00,8.275687869155500254e-01,6.382912859814056095e-01,4.988097615279806218e-01,1.000000000000000000e+00
8.349999999999999645e+00,8.419971424137495664e-01,6.148066814511087275e-01,4.859569154477193509e-01,1.000000000000000000e+00
8.400000000000000355e+00,8.573812085187251242e-01,5.925264407238016728e-01,4.732200519796309068e-01,1.000000000000000000e+00
8.450000000000001066e+00,8.737309808638397124e-01,5.713947136871090349e-01,4.606262340082308282e-01,1.000000000000000000e+00
8.500000000000000000e+00,8.910577838998783307e-01,5.513581186675412527e-01,4.481995412977831661e-01,1.000000000000000000e+00
8.550000000000000711e+00,9.093741623894081583e-01,5.323657344798777835e-01,4.359612425299714822e-01,1.000000000000000000e+00
8.599999999999999645e+00,9.286937753318363908e-01,5.143690764465569387e-01,4.239299699781780006e-01,1.000000000000000000e+00
8.650000000000000355e+00,9.490312913613664358e-01,4.973220596051712850e-01,4.121218944006148632e-01,1.000000000000000000e+00
8.700000000000001066e+00,9.704022847172472099e-01,4.811809518961769894e-01,4.005508981502896582e-01,1.000000000000000000e+00
8.750000000000000000e+00,9.928231309373608537e-01,4.659043197416075088e-01,3.892287448712516418e-01,1.000000000000000000e+00
8.800000000000000711e+00,1.016310901473182593e+00,4.514529680865579375e-01,3.781652444791060441e-01,1.000000000000000000e+00
8.849999999999999645e+00,1.040883256467296070e+00,4.377898766757408189e-01,3.673684124115563776e-01,1.000000000000000000e+00
8.900000000000000355e+00,1.066558334974770483e+00,4.248801340745570476e-01,3.568446223844256027e-01,1.000000000000000000e+00
8.950000000000001066e+00,1.093354641947551942e+00,4.126908707148524424e-01,3.465987521032166674e-01,1.000000000000000000e+00
9.000000000000000000e+00,1.121290931337319607e+00,4.011911920468339554e-01,3.366343215629625796e-01,1.000000000000000000e+00
9.050000000000000711e+00,1.150386084707689882e+00,3.903521127075795238e-01,3.269536237230619147e-01,1.000000000000000000e+00
9.099999999999999645e+00,1.180658984781858711e+00,3.801464924704112680e-01,3.175578474721088562e-01,1.000000000000000000e+00
9.150000000000000355e+00,1.212128383387360175e+00,3.705489746155085640e-01,3.084471929033871240e-01,1.000000000000000000e+00
9.200000000000001066e+00,1.244812763296139657e+00,3.615359272580959127e-01,2.996209790074958468e-01,1.000000000000000000e+00
9.250000000000000000e+00,1.278730193496101730e+00,3.530853880841438586e-01,2.910777439571055614e-01,1.000000000000000000e+00
9.300000000000000711e+00,1.313898177470159911e+00,3.451770128727574827e-01,2.828153382124708459e-01,1.000000000000000000e+00
9.349999999999999645e+00,1.350333494100968812e+00,3.377920281274906511e-01,2.748310107171965111e-01,1.000000000000000000e+00
9.400000000000000355e+00,1.388052030864315167e+00,3.309131880940999748e-01,2.671214884837894710e-01,1.000000000000000000e+00
9.450000000000001066e+00,1.427068609021817647e+00,3.245247364083008179e-01,2.596830498894395212e-01,1.000000000000000000e+00
9.500000000000000000e+00,1.467396800574340521e+00,3.186123725926438000e-01,2.525115920157670613e-01,1.000000000000000000e+00
9.550000000000000711e+00,1.509048736791435585e+00,3.131632236055684193e-01,2.456026923732796408e-01,1.000000000000000000e+00
9.600000000000001421e+00,1.552034908189198426e+00,3.081658206370305741e-01,2.389516653531459645e-01,1.000000000000000000e+00
9.650000000000000355e+00,1.596363955889032349e+00,3.036100813429730705e-01,2.325536137466223674e-01,1.000000000000000000e+00
9.700000000000001066e+00,1.642042454352742764e+00,2.994872977145426884e-01,2.264034756669150994e-01,1.000000000000000000e+00
9.750000000000000000e+00,1.689074685554777133e+00,2.957901297866720181e-01,2.204960672001669009e-01,1.000000000000000000e+00
9.800000000000000711e+00,1.737462404719810838e+00,2.925126054038103551e-01,2.148261211022451378e-01,1.000000000000000000e+00
9.850000000000001421e+00,1.787204597822660279e+00,2.896501262776277064e-01,2.093883218466125462e-01,1.000000000000000000e+00
9.900000000000000355e+00,1.838297231116952757e+00,2.871994805918696159e-01,2.041773373162265870e-01,1.000000000000000000e+00
9.950000000000001066e+00,1.890732993028251263e+00,2.851588624326448773e-01,1.991878474195140636e-01,1.000000000000000000e+00
1.000000000000000000e+01,1.944501028815482035e+00,2.835278983476994252e-01,1.944145698973157865e-01,1.000000000000000000e+00
0.000000000000000000e+00,5.000000000000000000e-01,5.000000000000000000e-01,5.000000000000000000e-01,1.444444444444444420e+00
5.000000000000000278e-02,5.223611111111110539e-01,4.663888888888889084e-01,4.726388888888888862e-01,1.444444444444444420e+00
1.000000000000000056e-01,5.464600958719134649e-01,4.354893294753086619e-01,4.464835779320987519e-01,1.444444444444444420e+00
1.500000000000000222e-01,5.723844901811928620e-01,4.070701783553123954e-01,4.215383671855186254e-01,1.444444444444444420e+00
2.000000000000000111e-01,6.002281830071332092e-01,3.809217464120349672e-01,3.977966422472317687e-01,1.444444444444444420e+00
2.500000000000000000e-01,6.300914087784549311e-01,3.568537897110831136e-01,3.752428071014637934e-01,1.444444444444444420e+00
3.000000000000000444e-01,6.620807402052951707e-01,3.346936764202620429e-01,3.538539808336964021e-01,1.444444444444444420e+00
3.500000000000000333e-01,6.963090744561682977e-01,3.142847209247066620e-01,3.336014762952862478e-01,1.444444444444444420e+00
4.000000000000000222e-01,7.328956055725620589e-01,2.954846748444402982e-01,3.144520798645288329e-01,1.444444444444444420e+00
4.500000000000000111e-01,7.719657758404910863e-01,2.781643639286583425e-01,2.963691516135947279e-01,1.444444444444444420e+00
5.000000000000000000e-01,8.136511985790496615e-01,2.622064595997836700e-01,2.793135647202187877e-01,1.444444444444444420e+00
5.500000000000000444e-01,8.580895444683944717e-01,2.475043740958270400e-01,2.632445020695411420e-01,1.444444444444444420e+00
6.000000000000000888e-01,9.054243831417643218e-01,2.339612685936684477e-01,2.481201268339153498e-01,1.444444444444444420e+00
6.500000000000000222e-01,9.558049713265305281e-01,2.214891642997253995e-01,2.338981425146890170e-01,1.444444444444444420e+00
7.000000000000000666e-01,1.009385978357411950e+00,2.100081472024196982e-01,2.205362565655448748e-01,1.444444444444444420e+00
7.500000000000000000e-01,1.066327139422222459e+00,1.994456579453786071e-01,2.079925603525852040e-01,1.444444444444444420e+00
8.000000000000000444e-01,1.126792826460595087e+00,1.897358590679581458e-01,1.962258368834322309e-01,1.444444444444444420e+00
8.500000000000000888e-01,1.190951526245658032e+00,1.808190726478445809e-01,1.851958064832704143e-01,1.444444444444444420e+00
9.000000000000000222e-01,1.258975214867486869e+00,1.726412821548640730e-01,1.748633194263318202e-01,1.444444444444444420e+00
9.500000000000000666e-01,1.331038617638585109e+00,1.651536930777298129e-01,1.651905034553703688e-01,1.444444444444444420e+00
1.000000000000000000e+00,1.407318343392353732e+00,1.583123476131461926e-01,1.561408731421540241e-01,1.444444444444444420e+00
1.050000000000000044e+00,1.487991882285309542e+00,1.520777894100625305e-01,1.476794071580096179e-01,1.444444444444444420e+00
1.100000000000000089e+00,1.573236456585099585e+00,1.464147750444466933e-01,1.397725987314655249e-01,1.444444444444444420e+00
1.150000000000000133e+00,1.663227714573082716e+00,1.412920295676260429e-01,1.323884838648800855e-01,1.444444444444444420e+00
1.200000000000000178e+00,1.758138258656530395e+00,1.366820441319432922e-01,1.254966512574876847e-01,1.444444444444444420e+00
1.250000000000000000e+00,1.858136000113633779e+00,1.325609143609684515e-01,1.190682373319550125e-01,1.444444444444444420e+00
1.300000000000000044e+00,1.963382334622393310e+00,1.289082188093809145e-01,1.130759092786258746e-01,1.444444444444444420e+00
1.350000000000000089e+00,2.074030134882466125e+00,1.257069375633780017e-01,1.074938386095992682e-01,1.444444444444444420e+00
1.400000000000000133e+00,2.190221559246011918e+00,1.229434117816783911e-01,1.022976673473857262e-01,1.444444444444444420e+00
1.450000000000000178e+00,2.312085678332441496e+00,1.206073457878962252e-01,9.746446865428094741e-02,1.444444444444444420e+00
1.500000000000000000e+00,2.439735925094541180e+00,1.186918542181221586e-01,9.297270343340460763e-02,1.444444444444444420e+00
1.550000000000000044e+00,2.573267377684981483e+00,1.171935577271815132e-01,8.880217419568743609e-02,1.444444444444444420e+00
1.600000000000000089e+00,2.712753888665566215e+00,1.161127318914326051e-01,8.493397728456016094e-02,1.444444444444444420e+00
1.650000000000000133e+00,2.858245078491602698e+00,1.154535152479981702e-01,8.135045437780559496e-02,1.444444444444444420e+00
1.700000000000000178e+00,3.009763215632125011e+00,1.152241839183500843e-01,7.803514404056063891e-02,1.444444444444444420e+00
1.750000000000000000e+00,3.167300009947704442e+00,1.154375020229064519e-01,7.497273398184410576e-02,1.444444444444444420e+00
1.800000000000000044e+00,3.330813349785720856e+00,1.161111591547067390e-01,7.214901456673211699e-02,1.444444444444444420e+00
1.850000000000000089e+00,3.500224016362527113e+00,1.172683086043472961e-01,6.955083405533712959e-02,1.444444444444444420e+00
1.900000000000000133e+00,3.675412411029873372e+00,1.189382228840033529e-01,6.716605597642930081e-02,1.444444444444444420e+00
1.950000000000000178e+00,3.856215331575089333e+00,1.211570864634617939e-01,6.498351899666546250e-02,1.444444444444444420e+00
2.000000000000000000e+00,4.042422832356371565e+00,1.239689495923882306e-01,6.299299961519719271e-02,1.444444444444444420e+00
2.050000000000000266e+00,4.233775199386752952e+00,1.274268717347494251e-01,6.118517799762419884e-02,1.444444444444444420e+00
2.100000000000000089e+00,4.429960065019523441e+00,1.315942885819586516e-01,5.955160726305689517e-02,1.444444444444444420e+00
2.149999999999999911e+00,4.630609677252949474e+00,1.365466429380100544e-01,5.808468655423693755e-02,1.444444444444444420e+00
2.200000000000000178e+00,4.835298325526456331e+00,1.423733270683451568e-01,5.677763825466844438e-02,1.444444444444444420e+00
2.250000000000000000e+00,5.043539907990338911e+00,1.491799924327069926e-01,5.562448977072328993e-02,1.444444444444444420e+00
2.300000000000000266e+00,5.254785604511200248e+00,1.570912920863779261e-01,5.462006037378355772e-02,1.444444444444444420e+00
2.350000000000000089e+00,5.468421595242970668e+00,1.662541313485092764e-01,5.375995370182271027e-02,1.444444444444444420e+00
2.400000000000000355e+00,5.683766736834137134e+00,1.768415133669479777e-01,5.304055665683720527e-02,1.444444444444444420e+00
2.450000000000000178e+00,5.900070077992442208e+00,1.890570774899725803e-01,5.245904561119522913e-02,1.444444444444444420e+00
2.500000000000000000e+00,6.116508064384238885e+00,2.031404390673225424e-01,5.201340106108347933e-02,1.444444444444444420e+00
2.550000000000000266e+00,6.332181251505724084e+00,2.193734481016944293e-01,5.170243214980135837e-02,1.444444444444444420e+00
2.600000000000000089e+00,6.546110315827158743e+00,2.380874889496923663e-01,5.152581284120986982e-02,1.444444444444444420e+00
2.650000000000000355e+00,6.757231132851760691e+00,2.596719408305790955e-01,5.148413197060999758e-02,1.444444444444444420e+00
2.700000000000000178e+00,6.964388680863891068e+00,2.845839045206862150e-01,5.157895995627657937e-02,1.444444444444444420e+00
2.750000000000000000e+00,7.166329538117192754e+00,3.133592674852913595e-01,5.181293564261234968e-02,1.444444444444444420e+00
2.800000000000000266e+00,7.361692778647942248e+00,3.466251182457526503e-01,5.218987759114886854e-02,1.444444444444444420e+00
2.850000000000000089e+00,7.548999150731470209e+00,3.851134178378285422e-01,5.271492516610472995e-02,1.444444444444444420e+00
2.900000000000000355e+00,7.726638559324671363e+00,4.296756742237851645e-01,5.339471600447307648e-02,1.444444444444444420e+00
2.950000000000000178e+00,7.892856091654652850e+00,4.812981218490567370e-01,5.423760794012933567e-02,1.444444444444444420e+00
3.000000000000000000e+00,8.045737150677172878e+00,5.411165553786652094e-01,5.525395517982505805e-02,1.444444444444444420e+00
3.050000000000000266e+00,8.183192726316814714e+00,6.104294721309292404e-01,5.645645049674157673e-02,1.444444444444444420e+00
3.100000000000000089e+00,8.302946473120671911e+00,6.907075093313496117e-01,5.786054736555182321e-02,1.444444444444444420e+00
3.150000000000000355e+00,8.402526105068016449e+00,7.835962943474894526e-01,5.948497819661914543e-02,1.444444444444444420e+00
3.200000000000000178e+00,8.479262677893368405e+00,8.909087534945856479e-01,6.135238691608911610e-02,1.444444444444444420e+00
3.250000000000000000e+00,8.530302584805891541e+00,1.014601686414585258e+00,6.349009570392750990e-02,1.444444444444444420e+00
3.300000000000000266e+00,8.552638454875220120e+00,1.156730125283001120e+00,6.593102613231187348e-02,1.444444444444444420e+00
3.350000000000000089e+00,8.543166417728574658e+00,1.319371902847102929e+00,6.871479330928248475e-02,1.444444444444444420e+00
3.400000000000000355e+00,8.498778027838691074e+00,1.504514369894340398e+00,7.188898657301097395e-02,1.444444444444444420e+00
3.450000000000000178e+00,8.416494968126331244e+00,1.713895970270900904e+00,7.551063993811349406e-02,1.444444444444444420e+00
3.500000000000000000e+00,8.293652707035182203e+00,1.948798254159612942e+00,7.964787746871490604e-02,1.444444444444444420e+00
3.550000000000000266e+00,8.128134665985694340e+00,2.209789846814948167e+00,8.438169022238495298e-02,1.444444444444444420e+00
3.600000000000000089e+00,7.918650368344898105e+00,2.496433662860205960e+00,8.980775951213024189e-02,1.444444444444444420e+00
3.650000000000000355e+00,7.665039236869702677e+00,2.806982322986512290e+00,9.603818387757827313e-02,1.444444444444444420e+00
3.700000000000000178e+00,7.368567119199433080e+00,3.138102900687071539e+00,1.032028944082488825e-01,1.444444444444444420e+00
3.750000000000000000e+00,7.032168021565630589e+00,3.484687262369600358e+00,1.114504591352938195e-01,1.444444444444444420e+00
3.800000000000000266e+00,6.660573770547681960e+00,3.839812512891600527e+00,1.209478927394061903e-01,1.444444444444444420e+00
3.850000000000000089e+00,6.260275573037900720e+00,4.194910324494308895e+00,1.318790215712184188e-01,1.444444444444444420e+00
3.900000000000000355e+00,5.839278994072952145e+00,4.540178634686692583e+00,1.444409324715698051e-01,1.444444444444444420e+00
3.950000000000000178e+00,5.406648787504075848e+00,4.865224273141660838e+00,1.588380872668196941e-01,1.444444444444444420e+00
4.000000000000000000e+00,4.971886205424422833e+00,5.159869193693744194e+00,1.752738380919370009e-01,1.444444444444444420e+00
4.049999999999999822e+00,4.544225512525201793e+00,5.415003184632739774e+00,1.939393397261065521e-01,1.444444444444444420e+00
4.100000000000000533e+00,4.131962156838289602e+00,5.623341779714849054e+00,2.150002041454942281e-01,1.444444444444444420e+00
4.150000000000000355e+00,3.741920886215780229e+00,5.779962131328233887e+00,2.385816294617565669e-01,1.444444444444444420e+00
4.200000000000000178e+00,3.379138003326948247e+00,5.882539555609458404e+00,2.647530894121215561e-01,1.444444444444444420e+00
4.250000000000000000e+00,3.046780236036024547e+00,5.931275992990019397e+00,2.935139182373019406e-01,1.444444444444444420e+00
4.299999999999999822e+00,2.746271954396698245e+00,5.928574741058145747e+00,3.247812162811550274e-01,1.444444444444444420e+00
4.350000000000000533e+00,2.477568367369753055e+00,5.878554516442988209e+00,3.583814134415366226e-01,1.444444444444444420e+00
4.400000000000000355e+00,2.239501256263879636e+00,5.786503793556998509e+00,3.940465728085071895e-01,1.444444444444444420e+00
4.450000000000000178e+00,2.030132426529734690e+00,5.658359413739240118e+00,4.314161313194014302e-01,1.444444444444444420e+00
4.500000000000000000e+00,1.847069643325083499e+00,5.500263982998405687e+00,4.700443065854479907e-01,1.444444444444444420e+00
4.549999999999999822e+00,1.687721406154202297e+00,5.318226444620295368e+00,5.094129021661961687e-01,1.444444444444444420e+00
4.600000000000000533e+00,1.549484587051765505e+00,5.117886830329889669e+00,5.489487701269281095e-01,1.444444444444444420e+00
4.650000000000000355e+00,1.429870434293569526e+00,4.904371974191028549e+00,5.880447886750923558e-01,1.444444444444444420e+00
4.700000000000000178e+00,1.326580098702754063e+00,4.682222888010200812e+00,6.260829253731295951e-01,1.444444444444444420e+00
4.750000000000000000e+00,1.237542266348909292e+00,4.455374041576858346e+00,6.624578117710296921e-01,1.444444444444444420e+00
4.800000000000000711e+00,1.160924433848933068e+00,4.227167409611035431e+00,6.965992653489632147e-01,1.444444444444444420e+00
4.850000000000000533e+00,1.095127222599736383e+00,4.000387908197623688e+00,7.279923522855951123e-01,1.444444444444444420e+00
4.900000000000000355e+00,1.038768777512084407e+00,3.777310569147180441e+00,7.561938643546612937e-01,1.444444444444444420e+00
4.950000000000000178e+00,9.906641926775404672e-01,3.559752926732529854e+00,7.808444457043141051e-01,1.444444444444444420e+00
5.000000000000000000e+00,9.498032246428439462e-01,3.349128454270390520e+00,8.016760034727425932e-01,1.444444444444444420e+00
5.050000000000000711e+00,9.153283069020149432e-01,3.146498541220489997e+00,8.185144233902914568e-01,1.444444444444444420e+00
5.100000000000000533e+00,8.865140066487590120e-01,2.952621587327208807e+00,8.312779480046079694e-01,1.444444444444444420e+00
5.150000000000000355e+00,8.627484843745514276e-01,2.767998466531397028e+00,8.399718331173162689e-01,1.444444444444444420e+00
5.200000000000000178e+00,8.435171497062247115e-01,2.592914017024597673e+00,8.446800636348603675e-01,1.444444444444444420e+00
5.250000000000000000e+00,8.283884878121992035e-01,2.427474449057279049e+00,8.455549829917536897e-01,1.444444444444444420e+00
5.300000000000000711e+00,8.170019102871055594e-01,2.271640700412847380e+00,8.428056811583806152e-01,1.444444444444444420e+00
5.350000000000000533e+00,8.090574271200156042e-01,2.125257855413788644e+00,8.366859126751446940e-01,1.444444444444444420e+00
5.400000000000000355e+00,8.043069177030215400e-01,1.988080801985859125e+00,8.274821989885553508e-01,1.444444444444444420e+00
5.450000000000000178e+00,8.025467825861050120e-01,1.859796344951934799e+00,8.155026291423516094e-01,1.444444444444444420e+00
5.500000000000000000e+00,8.036117733676896302e-01,1.740042027226739396e+00,8.010667273741541861e-01,1.444444444444444420e+00
5.550000000000000711e+00,8.073698192176445021e-01,1.628421935157553291e+00,7.844966190147200091e-01,1.444444444444444420e+00
5.600000000000000533e+00,8.137176911700547688e-01,1.524519779833110711e+00,7.661096063598772377e-01,1.444444444444444420e+00
5.650000000000000355e+00,8.225773672967955363e-01,1.427909552670315607e+00,7.462121687338734155e-01,1.444444444444444420e+00
5.700000000000000178e+00,8.338929820423447437e-01,1.338164051397654486e+00,7.250953271720169679e-01,1.444444444444444420e+00
5.750000000000000000e+00,8.476282608754036607e-01,1.254861562680000153e+00,7.030312628835594380e-01,1.444444444444444420e+00
5.800000000000000711e+00,8.637643568831877561e-01,1.177590971505021678e+00,6.802710471822777105e-01,1.444444444444444420e+00
5.850000000000000533e+00,8.822980190988026772e-01,1.105955546728368821e+00,6.570433253605448831e-01,1.444444444444444420e+00
5.900000000000000355e+00,9.032400334149177645e-01,1.039575628515047478e+00,6.335537943040884246e-01,1.444444444444444420e+00
5.950000000000000178e+00,9.266138861440345043e-01,9.780904183328825718e-01,6.099853199832943051e-01,1.444444444444444420e+00
6.000000000000000000e+00,9.524546078890459011e-01,9.211590469229200551e-01,5.864985532495572418e-01,1.444444444444444420e+00
6.050000000000000711e+00,9.808077616260623133e-01,8.684610712800574506e-01,5.632329181077097013e-01,1.444444444444444420e+00
6.100000000000000533e+00,1.011728543990547902e+00,8.196965288316588882e-01,5.403078638960977509e-01,1.444444444444444420e+00
6.150000000000000355e+00,1.045280972887692394e+00,7.745856561542774354e-01,5.178242901792440289e-01,1.444444444444444420e+00
6.200000000000000178e+00,1.081537137883011868e+00,7.328683609578855451e-01,4.958660696896163844e-01,1.444444444444444420e+00
6.250000000000000000e+00,1.120576492510163780e+00,6.943035197658136148e-01,4.745016097535884603e-01,1.444444444444444420e+00
6.300000000000000711e+00,1.162485169779780669e+00,6.586681596777349545e-01,4.537854059893051684e-01,1.444444444444444420e+00
6.350000000000000533e+00,1.207355303887949871e+00,6.257565706908012615e-01,4.337595535602846164e-01,1.444444444444444420e+00
6.400000000000000355e+00,1.255284342493158345e+00,5.953793850884074867e-01,4.144551909365790654e-01,1.444444444444444420e+00
6.450000000000000178e+00,1.306374335031423417e+00,5.673626521797417999e-01,3.958938590722438922e-01,1.444444444444444420e+00
6.500000000000000000e+00,1.360731183436539204e+00,5.415469299720280238e-01,3.780887653214229926e-01,1.444444444444444420e+00
6.550000000000000711e+00,1.418463842383838713e+00,5.177864099727566005e-01,3.610459464763706161e-01,1.444444444444444420e+00
6.600000000000000533e+00,1.479683456833418065e+00,4.959480870567415378e-01,3.447653292142118797e-01,1.444444444444444420e+00
6.650000000000000355e+00,1.544502425259403733e+00,4.759109830166853849e-01,3.292416891721473560e-01,1.444444444444444420e+00
6.700000000000000178e+00,1.613033377558595216e+00,4.575654298910196704e-01,3.144655120047653019e-01,1.444444444444444420e+00
6.750000000000000000e+00,1.685388057274255669e+00,4.408124172952074815e-01,3.004237612647386313e-01,1.444444444444444420e+00
6.800000000000000711e+00,1.761676098485269293e+00,4.255630066589460858e-01,2.871005589218115772e-01,1.444444444444444420e+00
6.850000000000000533e+00,1.842003688530155614e+00,4.117378143972080240e-01,2.744777849070852427e-01,1.444444444444444420e+00
6.900000000000000355e+00,1.926472108688404017e+00,3.992665655403223601e-01,2.625356023341025580e-01,1.444444444444444420e+00
6.950000000000000178e+00,2.015176146052249262e+00,3.880877191549568228e-01,2.512529150823275548e-01,1.444444444444444420e+00
7.000000000000000000e+00,2.108202371108343964e+00,3.781481669546744584e-01,2.406077642949039086e-01,1.444444444444444420e+00
7.050000000000000711e+00,2.205627277021269705e+00,3.694030067877032142e-01,2.305776700911207344e-01,1.444444444444444420e+00
7.100000000000000533e+00,2.307515278270753090e+00,3.618153931720939909e-01,2.211399244643115214e-01,1.444444444444444420e+00
7.150000000000000355e+00,2.413916568132052021e+00,3.553564677037104325e-01,2.122718409587175115e-01,1.444444444444444420e+00
7.200000000000000178e+00,2.524864836481551578e+00,3.500053729757400256e-01,2.039509663177595522e-01,1.444444444444444420e+00
7.250000000000000000e+00,2.640374851519786681e+00,3.457493546093436398e-01,1.961552588890130566e-01,1.444444444444444420e+00
7.300000000000000711e+00,2.760439911178434791e+00,3.425839570960888536e-01,1.888632381712148922e-01,1.444444444444444420e+00
7.350000000000000533e+00,2.885029172146028387e+00,3.405133203871238412e-01,1.820541095054940273e-01,1.444444444444444420e+00
7.400000000000000355e+00,3.014084866522345418e+00,3.395505855232596737e-01,1.757078675535895529e-01,1.444444444444444420e+00
7.450000000000000178e+00,3.147519417991798019e+00,3.397184190713916085e-01,1.698053818748849197e-01,1.444444444444444420e+00
7.500000000000000000e+00,3.285212470978399413e+00,3.410496676949473227e-01,1.643284676149035506e-01,1.444444444444444420e+00
7.550000000000000711e+00,3.427007847390263873e+00,3.435881558051365747e-01,1.592599440526573096e-01,1.444444444444444420e+00
7.600000000000000533e+00,3.572710446164962139e+00,3.473896408619580600e-01,1.545836835243885599e-01,1.444444444444444420e+00
7.650000000000000355e+00,3.722083100789580268e+00,3.525229424373132470e-01,1.502846530478693099e-01,1.444444444444444420e+00
7.700000000000000178e+00,3.874843409225865454e+00,3.590712624959034316e-01,1.463489508154216523e-01,1.444444444444444420e+00
7.750000000000000000e+00,4.030660549212210064e+00,3.671337153174132895e-01,1.427638396061398640e-01,1.444444444444444420e+00
7.800000000000000711e+00,4.189152089815626923e+00,3.768270858271653978e-01,1.395177790895423542e-01,1.444444444444444420e+00
7.850000000000000533e+00,4.349880807562660046e+00,3.882878344757726419e-01,1.366004589554651871e-01,1.444444444444444420e+00
7.900000000000000355e+00,4.512351512843848944e+00,4.016743647370404902e-01,1.340028348101776901e-01,1.444444444444444420e+00
7.950000000000000178e+00,4.676007890127595878e+00,4.171695651376463032e-01,1.317171688285535269e-01,1.444444444444444420e+00
8.000000000000000000e+00,4.840229354668269757e+00,4.349836306419251897e-01,1.297370772490458735e-01,1.444444444444444420e+00
8.050000000000000711e+00,5.004327930010609826e+00,4.553571570791457579e-01,1.280575869446671788e-01,1.444444444444444420e+00
8.099999999999999645e+00,5.167545156231828862e+00,4.785644856916281831e-01,1.266752035014159505e-01,1.444444444444444420e+00
8.150000000000000355e+00,5.329049050533877896e+00,5.049172510036495920e-01,1.255879934871141357e-01,1.444444444444444420e+00
8.200000000000001066e+00,5.487931162016923992e+00,5.347680518578511455e-01,1.247956838983188405e-01,1.444444444444444420e+00
8.250000000000000000e+00,5.643203794275371443e+00,5.685141200138945639e-01,1.242997821279125392e-01,1.444444444444444420e+00
8.300000000000000711e+00,5.793797516399861181e+00,6.066008001620027956e-01,1.241037201935742407e-01,1.444444444444444420e+00
8.349999999999999645e+00,5.938559148953188149e+00,6.495245763685567608e-01,1.242130273927971595e-01,1.444444444444444420e+00
8.400000000000000355e+00,6.076250500517965669e+00,6.978352797519066231e-01,1.246355359778853339e-01,1.444444444444444420e+00
8.450000000000001066e+00,6.205548246075549557e+00,7.521369881882058461e-01,1.253816248332881578e-01,1.444444444444444420e+00
8.500000000000000000e+00,6.325045483094127619e+00,8.130869803170771570e-01,1.264645064246445738e-01,1.444444444444444420e+00
8.550000000000000711e+00,6.433255674540014901e+00,8.813919353893593378e-01,1.279005623809021108e-01,1.444444444444444420e+00
8.599999999999999645e+00,6.528619885395229083e+00,9.578003850495151461e-01,1.297097328347766587e-01,1.444444444444444420e+00
8.650000000000000355e+00,6.609518428993074401e+00,1.043090238316968676e+00,1.319159638980880733e-01,1.444444444444444420e+00
8.700000000000001066e+00,6.674288239744650575e+00,1.138050043345575357e+00,1.345477161389164178e-01,1.444444444444444420e+00
8.750000000000000000e+00,6.721247444133365612e+00,1.243452560215859037e+00,1.376385343341423872e-01,1.444444444444444420e+00
8.800000000000000711e+00,6.748728659893773241e+00,1.360019256826924261e+00,1.412276746897508650e-01,1.444444444444444420e+00
8.849999999999999645e+00,6.755122443454139258e+00,1.488374581890126613e+00,1.453607796712424738e-01,1.444444444444444420e+00
8.900000000000000355e+00,6.738931941384619151e+00,1.628989406301771359e+00,1.500905820326427498e-01,1.444444444444444420e+00
8.950000000000001066e+00,6.698839089051037199e+00,1.782113950438050765e+00,1.554776080401474581e-01,1.444444444444444420e+00
9.000000000000000000e+00,6.633781556902672349e+00,1.947701903278594715e+00,1.615908348205344625e-01,1.444444444444444420e+00
9.050000000000000711e+00,6.543038032352697542e+00,2.125329306057222034e+00,1.685082380503293842e-01,1.444444444444444420e+00
9.099999999999999645e+00,6.426317388391300511e+00,2.314114030190303595e+00,1.763171441548746499e-01,1.444444444444444420e+00
9.150000000000000355e+00,6.283845005997370947e+00,2.512644083571864417e+00,1.851142769079704153e-01,1.444444444444444420e+00
9.200000000000001066e+00,6.116437331111302278e+00,2.718925099222970321e+00,1.950053640259240273e-01,1.444444444444444420e+00
9.250000000000000000e+00,5.925554172478109116e+00,2.930358586254885545e+00,2.061041486419994406e-01,1.444444444444444420e+00
9.300000000000000711e+00,5.713317905318016976e+00,3.143762155014043103e+00,2.185306385382574379e-01,1.444444444444444420e+00
9.349999999999999645e+00,5.482490222757856024e+00,3.355440356031164306e+00,2.324084290782860163e-01,1.444444444444444420e+00
9.400000000000000355e+00,5.236400707616451378e+00,3.561309731279002744e+00,2.478609608184358104e-01,1.444444444444444420e+00
9.450000000000001066e+00,4.978827138624626336e+00,3.757074503610673410e+00,2.650066258263661934e-01,1.444444444444444420e+00
9.500000000000000000e+00,4.713834333230101592e+00,3.938441101858042970e+00,2.839527211408729990e-01,1.444444444444444420e+00
9.550000000000000711e+00,4.445585129075917408e+00,4.101352139505208605e+00,3.047883621714529978e-01,1.444444444444444420e+00
9.600000000000001421e+00,4.178142213204718125e+00,4.242215459867155758e+00,3.275766054840117403e-01,1.444444444444444420e+00
9.650000000000000355e+00,3.915281538488728508e+00,4.358102961368473416e+00,3.523461750241317914e-01,1.444444444444444420e+00
9.700000000000001066e+00,3.660336360653168697e+00,4.446897668880177790e+00,3.790833187346680511e-01,1.444444444444444420e+00
9.750000000000000000e+00,3.416085833215055878e+00,4.507375197080591533e+00,4.077244217609050647e-01,1.444444444444444420e+00
9.800000000000000711e+00,3.184694876873106928e+00,4.539215553663066061e+00,4.381500478246224684e-01,1.444444444444444420e+00
9.850000000000001421e+00,2.967704442402143261e+00,4.542950869522325519e+00,4.701810576281366671e-01,1.444444444444444420e+00
9.900000000000000355e+00,2.766064956580108536e+00,4.519862107537678142e+00,5.035773570486182793e-01,1.444444444444444420e+00
9.950000000000001066e+00,2.580201741222893475e+00,4.471841923384077155e+00,5.380396634228182817e-01,1.444444444444444420e+00
1.000000000000000000e+01,2.410099809788618153e+00,4.401241495330446618e+00,5.732144601342716861e-01,1.444444444444444420e+00
0.000000000000000000e+00,5.000000000000000000e-01,5.000000000000000000e-01,5.000000000000000000e-01,1.888888888888888840e+00
5.000000000000000278e-02,5.334722222222222365e-01,4.552777777777777812e-01,4.615277777777777590e-01,1.888888888888888840e+00
1.000000000000000056e-01,5.702054893904321409e-01,4.151994220679012249e-01,4.256542492283950652e-01,1.888888888888888840e+00
1.500000000000000222e-01,6.104460740757480242e-01,3.792538970842095347e-01,3.922989589865355509e-01,1.888888888888888840e+00
2.000000000000000111e-01,6.544613070600938665e-01,3.469916111492596378e-01,3.613627980681347052e-01,1.888888888888888840e+00
2.500000000000000000e-01,7.025401797906204449e-01,3.180166478990099077e-01,3.327338155409420573e-01,1.888888888888888840e+00
3.000000000000000444e-01,7.549939245601461346e-01,2.919800056989732551e-01,3.062919162467475087e-01,1.888888888888888840e+00
3.500000000000000333e-01,8.121565355359476879e-01,2.685737277999729056e-01,2.819126096243628199e-01,1.888888888888888840e+00
4.000000000000000222e-01,8.743851902289356826e-01,2.475258141859715266e-01,2.594699595220864019e-01,1.888888888888888840e+00
4.500000000000000111e-01,9.420605265451242882e-01,2.285958161377953934e-01,2.388388680688422472e-01,1.888888888888888840e+00
5.000000000000000000e-01,1.015586725311117933e+00,2.115710251636821748e-01,2.198968097097548369e-01,1.888888888888888840e+00
5.500000000000000444e-01,1.095391342247733490e+00,1.962631784450664107e-01,2.025251153269191362e-01,1.888888888888888840e+00
6.000000000000000888e-01,1.181924826942529094e+00,1.825056129109547121e-01,1.866098914742148895e-01,1.888888888888888840e+00
6.500000000000000222e-01,1.275659659649440503e+00,1.701508092762010482e-01,1.720426463984275622e-01,1.888888888888888840e+00
7.000000000000000666e-01,1.377089029988932234e+00,1.590682757758758170e-01,1.587206827639419393e-01,1.888888888888888840e+00
7.500000000000000000e-01,1.486724975177776686e+00,1.491427289011844071e-01,1.465473068025550663e-01,1.888888888888888840e+00
8.000000000000000444e-01,1.605095889716236623e+00,1.402725352465278574e-01,1.354318948686834834e-01,1.888888888888888840e+00
8.500000000000000888e-01,1.732743314035765980e+00,1.323683846997656677e-01,1.252898509568161067e-01,1.888888888888888840e+00
9.000000000000000222e-01,1.870217907104516408e+00,1.253521707563872156e-01,1.160424824840526753e-01,1.888888888888888840e+00
9.500000000000000666e-01,2.018074508151542990e+00,1.191560588342805149e-01,1.076168164081409140e-01,1.888888888888888840e+00
1.000000000000000000e+00,2.176866196352481353e+00,1.137217282405067337e-01,9.994537340069836739e-02,1.888888888888888840e+00
1.050000000000000044e+00,2.347137265441888054e+00,1.089997780366169927e-01,9.296591419827417158e-02,1.888888888888888840e+00
1.100000000000000089e+00,2.529415043732637702e+00,1.049492916190581521e-01,8.662116929616928140e-02,1.888888888888888840e+00
1.150000000000000133e+00,2.724200509845737805e+00,1.015375595481637361e-01,8.085856073102001829e-02,1.888888888888888840e+00
1.200000000000000178e+00,2.931957681367710844e+00,9.873996521975463014e-02,7.562992273101995511e-02,1.888888888888888840e+00
1.250000000000000000e+00,3.153101788183037435e+00,9.654004360811163643e-02,7.089122642273795738e-02,1.888888888888888840e+00
1.300000000000000044e+00,3.387986284488252675e+00,9.492972979484697038e-02,6.660231250751447174e-02,1.888888888888888840e+00
1.350000000000000089e+00,3.636888802997096271e+00,9.390982167353860433e-02,6.272663480518485268e-02,1.888888888888888840e+00
1.400000000000000133e+00,3.899996210307834055e+00,9.349069050477203102e-02,5.923101676408466798e-02,1.888888888888888840e+00
1.450000000000000178e+00,4.177388981534211787e+00,9.369328441616456282e-02,5.608542241746156815e-02,1.888888888888888840e+00
1.500000000000000000e+00,4.469025171618455694e+00,9.455048415888810120e-02,5.326274279798037803e-02,1.888888888888888840e+00
1.550000000000000044e+00,4.774724315438191979e+00,9.610888828113055282e-02,5.073859848055341237e-02,1.888888888888888840e+00
1.600000000000000089e+00,5.094151632700398835e+00,9.843112741199354365e-02,4.849115869145406710e-02,1.888888888888888840e+00
1.650000000000000133e+00,5.426802939190977781e+00,1.015988358865934776e-01,4.650097728605618458e-02,1.888888888888888840e+00
1.700000000000000178e+00,5.771990664652814296e+00,1.057164451278777700e-01,4.475084585125940762e-02,1.888888888888888840e+00
1.750000000000000000e+00,6.128831340178593656e+00,1.109160090534956483e-01,4.322566422980262529e-02,1.888888888888888840e+00
1.800000000000000044e+00,6.496234835262527874e+00,1.173633297363323585e-01,4.191232889631973935e-02,1.888888888888888840e+00
1.850000000000000089e+00,6.872895488034681755e+00,1.252657244794792846e-01,4.079963985027341977e-02,1.888888888888888840e+00
1.900000000000000133e+00,7.257285074849089135e+00,1.348818665909290448e-01,3.987822704859343009e-02,1.888888888888888840e+00
1.950000000000000178e+00,7.647647303148799480e+00,1.465342448215626869e-01,3.914049791178789151e-02,1.888888888888888840e+00
2.000000000000000000e+00,8.041993183996757111e+00,1.606249236834665917e-01,3.858060814680609740e-02,1.888888888888888840e+00
2.050000000000000266e+00,8.438096252398251451e+00,1.776554504297226111e-01,3.819445910254389703e-02,1.888888888888888840e+00
2.100000000000000089e+00,8.833486165483448005e+00,1.982519430660523441e-01,3.797972619979817638e-02,1.888888888888888840e+00
2.149999999999999911e+00,9.225438740153556694e+00,2.231966000342586465e-01,3.793592478115945937e-02,1.888888888888888840e+00
2.200000000000000178e+00,9.610960024213328623e+00,2.534670776163447936e-01,3.806452217767097163e-02,1.888888888888888840e+00
2.250000000000000000e+00,9.986761577557405900e+00,2.902853474985753746e-01,3.836910811739229626e-02,1.888888888888888840e+00
2.300000000000000266e+00,1.034922385027308955e+01,3.351777031486307123e-01,3.885564011161224407e-02,1.888888888888888840e+00
2.350000000000000089e+00,1.069434450580636131e+01,3.900474050091277123e-01,3.953278654651950358e-02,1.888888888888888840e+00
2.400000000000000355e+00,1.101766894527622753e+01,4.572608326930495126e-01,4.041239838995376588e-02,1.888888888888888840e+00
2.450000000000000178e+00,1.131420145037216507e+01,5.397466141854007082e-01,4.151015131627110860e-02,1.888888888888888840e+00
2.500000000000000000e+00,1.157829774490513230e+01,6.411045187397296230e-01,4.284641436936031250e-02,1.888888888888888840e+00
2.550000000000000266e+00,1.180354406102561704e+01,7.657161982778906140e-01,4.444741974310976312e-02,1.888888888888888840e+00
2.600000000000000089e+00,1.198263491129306679e+01,9.188421678057415720e-01,4.634683138357358068e-02,1.888888888888888840e+00
2.650000000000000355e+00,1.210727282644200109e+01,1.106677604337840126e+00,4.858783781492309606e-02,1.888888888888888840e+00
2.700000000000000178e+00,1.216812935842553856e+01,1.336322678903536065e+00,5.122592534928217811e-02,1.888888888888888840e+00
2.750000000000000000e+00,1.215492794250200781e+01,1.615601290946498514e+00,5.433251729486942433e-02,1.888888888888888840e+00
2.800000000000000266e+00,1.205673386515873879e+01,1.952637961184797488e+00,5.799968333727523184e-02,1.888888888888888840e+00
2.850000000000000089e+00,1.186255816491004111e+01,2.355084273813532469e+00,6.234611251466919135e-02,1.888888888888888840e+00
2.900000000000000355e+00,1.156238673521952798e+01,2.828890297251063668e+00,6.752447114348099355e-02,1.888888888888888840e+00
2.950000000000000178e+00,1.114870929936077104e+01,3.376570126122408588e+00,7.373008350557105905e-02,1.888888888888888840e+00
3.000000000000000000e+00,1.061851450938659625e+01,3.995047483598765492e+00,8.121050934029251656e-02,1.888888888888888840e+00
3.050000000000000266e+00,9.975514845069955783e+00,4.673407587623426451e+00,9.027497364458668405e-02,1.888888888888888840e+00
3.100000000000000089e+00,9.232087667860591651e+00,5.391192997330835013e+00,1.013016909788634762e-01,1.888888888888888840e+00
3.150000000000000355e+00,8.410170033235429443e+00,6.118131874942658754e+00,1.147399941488513597e-01,1.888888888888888840e+00
3.200000000000000178e+00,7.540321264407269908e+00,6.816141626593490876e+00,1.311031281382676050e-01,1.888888888888888840e+00
3.250000000000000000e+00,6.658569059475839325e+00,7.443888096284380751e+00,1.509472003126296757e-01,1.888888888888888840e+00
3.300000000000000266e+00,5.801482822550560137e+00,7.963140783513561693e+00,1.748328511041868372e-01,1.888888888888888840e+00
3.350000000000000089e+00,5.000806773688483808e+00,8.345133708805482442e+00,2.032692226091410426e-01,1.888888888888888840e+00
3.400000000000000355e+00,4.279342067173745434e+00,8.574847588697632972e+00,2.366443958991841789e-01,1.888888888888888840e+00
3.450000000000000178e+00,3.649253600550060206e+00,8.651930677721905383e+00,2.751512112697906964e-01,1.888888888888888840e+00
3.500000000000000000e+00,3.112890427140056815e+00,8.588422282840307176e+00,3.187204036123553741e-01,1.888888888888888840e+00
3.550000000000000266e+00,2.665261220045101354e+00,8.404604368149712457e+00,3.669730845029737787e-01,1.888888888888888840e+00
3.600000000000000089e+00,2.296998617836771395e+00,8.124583876295632834e+00,4.192018964454640173e-01,1.888888888888888840e+00
3.650000000000000355e+00,1.996929760159307676e+00,7.772728399583749948e+00,4.743856922122466901e-01,1.888888888888888840e+00
3.700000000000000178e+00,1.753867350483665932e+00,7.371368133403397138e+00,5.312375266799500562e-01,1.888888888888888840e+00
3.750000000000000000e+00,1.557627073339692414e+00,6.939654202056381394e+00,5.882809795244935414e-01,1.888888888888888840e+00
3.800000000000000266e+00,1.399462395305463680e+00,6.493240249351871718e+00,6.439459973291254968e-01,1.888888888888888840e+00
3.850000000000000089e+00,1.272135774758574200e+00,6.044446479149826246e+00,6.966730591445111642e-01,1.888888888888888840e+00
3.900000000000000355e+00,1.169799800951741853e+00,5.602650959278873799e+00,7.450138618192929663e-01,1.888888888888888840e+00
3.950000000000000178e+00,1.087801309286591911e+00,5.174750412023840340e+00,7.877179278989326905e-01,1.888888888888888840e+00
4.000000000000000000e+00,1.022472019496979190e+00,4.765607835978056706e+00,8.237972435515980019e-01,1.888888888888888840e+00
4.049999999999999822e+00,9.709363186987554073e-01,4.378451749186696773e+00,8.525646318403705681e-01,1.888888888888888840e+00
4.100000000000000533e+00,9.309476785331692872e-01,4.015217555228196566e+00,8.736453260735475013e-01,1.888888888888888840e+00
4.150000000000000355e+00,9.007553081878771906e-01,3.676833359692818437e+00,8.869644607500802858e-01,1.888888888888888840e+00
4.200000000000000178e+00,8.789982144174172118e-01,3.363456747101251754e+00,8.927154874282151598e-01,1.888888888888888840e+00
4.250000000000000000e+00,8.646223282808740418e-01,3.074669606141177791e+00,8.913156706012330677e-01,1.888888888888888840e+00
4.299999999999999822e+00,8.568162592791968013e-01,2.809637325149736853e+00,8.833549016170306745e-01,1.888888888888888840e+00
4.350000000000000533e+00,8.549617297348253153e-01,2.567237658913187559e+00,8.695433396841574236e-01,1.888888888888888840e+00
4.400000000000000355e+00,8.585954118423221315e-01,2.346163707082480787e+00,8.506621750174357954e-01,1.888888888888888840e+00
4.450000000000000178e+00,8.673795472393914796e-01,2.145004823219450962e+00,8.275204229433329450e-01,1.888888888888888840e+00
4.500000000000000000e+00,8.810793002516851269e-01,1.962308837691705277e+00,8.009193416930088238e-01,1.888888888888888840e+00
4.549999999999999822e+00,8.995452628405948836e-01,1.796628645590029993e+00,7.716249715154319677e-01,1.888888888888888840e+00
4.600000000000000533e+00,9.226998976667007968e-01,1.646555918052752254e+00,7.403484838262892609e-01,1.888888888888888840e+00
4.650000000000000355e+00,9.505269902011576066e-01,1.510744405890808828e+00,7.077335067153097681e-01,1.888888888888888840e+00
4.700000000000000178e+00,9.830633975972205008e-01,1.387925006564290076e+00,6.743493177621809886e-01,1.888888888888888840e+00
4.750000000000000000e+00,1.020392545717233812e+00,1.276914462983629095e+00,6.406887094315507625e-01,1.888888888888888840e+00
4.800000000000000711e+00,1.062639248506569656e+00,1.176619265722587571e+00,6.071693770233379528e-01,1.888888888888888840e+00
4.850000000000000533e+00,1.109965515543749337e+00,1.086036050357995997e+00,5.741378022959131577e-01,1.888888888888888840e+00
4.900000000000000355e+00,1.162567081626957322e+00,1.004249527781164053e+00,5.418747669198735739e-01,1.888888888888888840e+00
4.950000000000000178e+00,1.220670442456123217e+00,9.304287629327840925e-01,5.106018002334118400e-01,1.888888888888888840e+00
5.000000000000000000e+00,1.284530217219893800e+00,8.638224285454058071e-01,4.804880271656928326e-01,1.888888888888888840e+00
5.050000000000000711e+00,1.354426685520434548e+00,8.037535044595564004e-01,4.516570246397204058e-01,1.888888888888888840e+00
5.100000000000000533e+00,1.430663365095508288e+00,7.496137673905938215e-01,4.241934140461380287e-01,1.888888888888888840e+00
5.150000000000000355e+00,1.513564510173652344e+00,7.008583171078248686e-01,3.981490130715994447e-01,1.888888888888888840e+00
5.200000000000000178e+00,1.603472419551037698e+00,6.570003088912763634e-01,3.735484440668943584e-01,1.888888888888888840e+00
5.250000000000000000e+00,1.700744449836941730e+00,6.176060049447361644e-01,3.503941511466296954e-01,1.888888888888888840e+00
5.300000000000000711e+00,1.805749633802666176e+00,5.822902155718858719e-01,3.286708175793249254e-01,1.888888888888888840e+00
5.350000000000000533e+00,1.918864807272493200e+00,5.507121712268516767e-01,3.083492019233104453e-01,1.888888888888888840e+00
5.400000000000000355e+00,2.040470151310769698e+00,5.225718463968248573e-01,2.893894286341688882e-01,1.888888888888888840e+00
5.450000000000000178e+00,2.170944060321811531e+00,4.976067435230349112e-01,2.717437789322755815e-01,1.888888888888888840e+00
5.500000000000000000e+00,2.310657251777892718e+00,4.755891381312710164e-01,2.553590325504854763e-01,1.888888888888888840e+00
5.550000000000000711e+00,2.459966040266124310e+00,4.563237837358256610e-01,2.401784121461997545e-01,1.888888888888888840e+00
5.600000000000000533e+00,2.619204707973930901e+00,4.396460759509723815e-01,2.261431808634054574e-01,1.888888888888888840e+00
5.650000000000000355e+00,2.788676916094271263e+00,4.254206789238840214e-01,2.131939406735396114e-01,1.888888888888888840e+00
5.700000000000000178e+00,2.968646117259264638e+00,4.135406232565871920e-01,2.012716753723749197e-01,1.888888888888888840e+00
5.750000000000000000e+00,3.159324948129177635e+00,4.039268927657397867e-01,1.903185779374478026e-01,1.888888888888888840e+00
5.800000000000000711e+00,3.360863603512720399e+00,3.965285276433583306e-01,1.802786976859379886e-01,1.888888888888888840e+00
5.850000000000000533e+00,3.573337218346640753e+00,3.913232838531010560e-01,1.710984385372067151e-01,1.888888888888888840e+00
5.900000000000000355e+00,3.796732310540341437e+00,3.883189030339093684e-01,1.627269358192711957e-01,1.888888888888888840e+00
5.950000000000000178e+00,4.030932364600023909e+00,3.875550639399852337e-01,1.551163355501611052e-01,1.888888888888888840e+00
6.000000000000000000e+00,4.275702661039213481e+00,3.891061056719159472e-01,1.482219970208981108e-01,1.888888888888888840e+00
6.050000000000000711e+00,4.530674477279235113e+00,3.930846347174552502e-01,1.420026368295742025e-01,1.888888888888888840e+00
6.100000000000000533e+00,4.795328799041270962e+00,3.996461520006369117e-01,1.364204302741366115e-01,1.888888888888888840e+00
6.150000000000000355e+00,5.068979683935949332e+00,4.089948622532437739e-01,1.314410842070686536e-01,1.888888888888888840e+00
6.200000000000000178e+00,5.350757408077778443e+00,4.213908549750556287e-01,1.270338940900002378e-01,1.888888888888888840e+00
6.250000000000000000e+00,5.639591499919357709e+00,4.371588719381963029e-01,1.231717970668810280e-01,1.888888888888888840e+00
6.300000000000000711e+00,5.934193722641410318e+00,4.566988969435526458e-01,1.198314324158663013e-01,1.888888888888888840e+00
6.350000000000000533e+00,6.233041009777878116e+00,4.804988132827680003e-01,1.169932207696287446e-01,1.888888888888888840e+00
6.400000000000000355e+00,6.534358295216319945e+00,5.091493634584605132e-01,1.146414740530542348e-01,1.888888888888888840e+00
6.450000000000000178e+00,6.836101121718328066e+00,5.433615993497553642e-01,1.127645492338666539e-01,1.888888888888888840e+00
6.500000000000000000e+00,7.135937884085235439e+00,5.839869070497361037e-01,1.113550607890645971e-01,1.888888888888888840e+00
6.550000000000000711e+00,7.431231598442733954e+00,6.320394969332255863e-01,1.104101693438205856e-01,1.888888888888888840e+00
6.600000000000000533e+00,7.719021237439909200e+00,6.887209209869461501e-01,1.099319673285080595e-01,1.888888888888888840e+00
6.650000000000000355e+00,7.996003000388304471e+00,7.554456549344872318e-01,1.099279867969152613e-01,1.888888888888888840e+00
6.700000000000000178e+00,8.258512485731463570e+00,8.338659835336704740e-01,1.104118597770678140e-01,1.888888888888888840e+00
6.750000000000000000e+00,8.502509708024433621e+00,9.258932594780000525e-01,1.114041675969318634e-01,1.888888888888888840e+00
6.800000000000000711e+00,8.723570371011714286e+00,1.033710970136560103e+00,1.129335222409107164e-01,1.888888888888888840e+00
6.850000000000000533e+00,8.916888880189267397e+00,1.159772862315162856e+00,1.150379292797763658e-01,1.888888888888888840e+00
6.900000000000000355e+00,9.077301305845416834e+00,1.306776634112413848e+00,1.177664869957473631e-01,1.888888888888888840e+00
6.950000000000000178e+00,9.199339811408597356e+00,1.477600554670295052e+00,1.211814777563620105e-01,1.888888888888888840e+00
7.000000000000000000e+00,9.277333604307225201e+00,1.675187264090874262e+00,1.253609018087140370e-01,1.888888888888888840e+00
7.050000000000000711e+00,9.305574478321906540e+00,1.902356866267973068e+00,1.304014848056204989e-01,1.888888888888888840e+00
7.100000000000000533e+00,9.278566102496785817e+00,2.161531864083439558e+00,1.364221503076354092e-01,1.888888888888888840e+00
7.150000000000000355e+00,9.191373223120500313e+00,2.454361882747046142e+00,1.435678761280741178e-01,1.888888888888888840e+00
7.200000000000000178e+00,9.040077101694359740e+00,2.781249427647265904e+00,1.520137352194203262e-01,1.888888888888888840e+00
7.250000000000000000e+00,8.822324062479065532e+00,3.140801780504952845e+00,1.619687441695367991e-01,1.888888888888888840e+00
7.300000000000000711e+00,8.537923751134711026e+00,3.529269103524581563e+00,1.736788966014905511e-01,1.888888888888888840e+00
7.350000000000000533e+00,8.189415314631375509e+00,3.940070612869822853e+00,1.874284505566330417e-01,1.888888888888888840e+00
7.400000000000000355e+00,7.782482377340184776e+00,4.363547478258770873e+00,2.035382021559378751e-01,1.888888888888888840e+00
7.450000000000000178e+00,7.326077846507950575e+00,4.787093215542364000e+00,2.223591896627118703e-01,1.888888888888888840e+00
7.500000000000000000e+00,6.832137158389951281e+00,5.195777482661814162e+00,2.442601610676513602e-01,1.888888888888888840e+00
7.550000000000000711e+00,6.314826982707966607e+00,5.573484953333554870e+00,2.696073712028189684e-01,1.888888888888888840e+00
7.600000000000000533e+00,5.789389182909022047e+00,5.904450303171585368e+00,2.987360075031950113e-01,1.888888888888888840e+00
7.650000000000000355e+00,5.270763199240873220e+00,6.174928713792792401e+00,3.319138390946113626e-01,1.888888888888888840e+00
7.700000000000000178e+00,4.772252121103703892e+00,6.374662513066497560e+00,3.692994208303473358e-01,1.888888888888888840e+00
7.750000000000000000e+00,4.304495703801224593e+00,6.497836083370686744e+00,4.108990209917796621e-01,1.888888888888888840e+00
7.800000000000000711e+00,3.874922478454289276e+00,6.543349934729188355e+00,4.565278840675492389e-01,1.888888888888888840e+00
7.850000000000000533e+00,3.487712660464816317e+00,6.514432903493729832e+00,5.057820057939232949e-01,1.888888888888888840e+00
7.900000000000000355e+00,3.144174736596778263e+00,6.417769415776161779e+00,5.580260018106217856e-01,1.888888888888888840e+00
7.950000000000000178e+00,2.843367405968552752e+00,6.262392227175886283e+00,6.124009138473353042e-01,1.888888888888888840e+00
8.000000000000000000e+00,2.582794901451032299e+00,6.058574700098726673e+00,6.678532258097663599e-01,1.888888888888888840e+00
8.050000000000000711e+00,2.359046789717353931e+00,5.816883794700560273e+00,7.231834444248830263e-01,1.888888888888888840e+00
8.099999999999999645e+00,2.168312028785417844e+00,5.547468851486293318e+00,7.771098730759986584e-01,1.888888888888888840e+00
8.150000000000000355e+00,2.006747665318666218e+00,5.259592431508490762e+00,8.283411500726184373e-01,1.888888888888888840e+00
8.200000000000001066e+00,1.870714990212239082e+00,4.961368964467467002e+00,8.756500681242184170e-01,1.888888888888888840e+00
8.250000000000000000e+00,1.756910780243119197e+00,4.659661565203625067e+00,9.179412777918231070e-01,1.888888888888888840e+00
8.300000000000000711e+00,1.662423801303629212e+00,4.360088222915000422e+00,9.543066253249884445e-01,1.888888888888888840e+00
8.349999999999999645e+00,1.584742817042279261e+00,4.067097057740028276e+00,9.840638136965683680e-01,1.888888888888888840e+00
8.400000000000000355e+00,1.521736150285971423e+00,3.784080661212112950e+00,1.006776410149627043e+00,1.888888888888888840e+00
8.450000000000001066e+00,1.471616761126713246e+00,3.513508726717905262e+00,1.022255530594365469e+00,1.888888888888888840e+00
8.500000000000000000e+00,1.432901841468808168e+00,3.257065249372217419e+00,1.030545451848865035e+00,1.888888888888888840e+00
8.550000000000000711e+00,1.404372289661301121e+00,3.015781594529457266e+00,1.031896708408853724e+00,1.888888888888888840e+00
8.599999999999999645e+00,1.385034961558946343e+00,2.790160153333911097e+00,1.026730846006823406e+00,1.888888888888888840e+00
8.650000000000000355e+00,1.374089022852146069e+00,2.580285609338261565e+00,1.015600990208215260e+00,1.888888888888888840e+00
8.700000000000001066e+00,1.370896786422564073e+00,2.385922412448731933e+00,9.991518961298001544e-01,1.888888888888888840e+00
8.750000000000000000e+00,1.374958894526001396e+00,2.206598146378200287e+00,9.780823641801499324e-01,1.888888888888888840e+00
8.800000000000000711e+00,1.385893443789880886e+00,2.041673233054475567e+00,9.531120174314602345e-01,1.888888888888888840e+00
8.849999999999999645e+00,1.403418545854937749e+00,1.890397928111454462e+00,9.249535817656874270e-01,1.888888888888888840e+00
8.900000000000000355e+00,1.427337799615432390e+00,1.751957878777436584e+00,8.942910830702053282e-01,1.888888888888888840e+00
8.950000000000001066e+00,1.457528179902656706e+00,1.625509678185483198e+00,8.617638209479019373e-01,1.888888888888888840e+00
9.000000000000000000e+00,1.493929896736833740e+00,1.510207892287769749e+00,8.279556019522000820e-01,1.888888888888888840e+00
9.050000000000000711e+00,1.536537834503675759e+00,1.405224988651470053e+00,7.933884984837323850e-01,1.888888888888888840e+00
9.099999999999999645e+00,1.585394233906106454e+00,1.309765489148485562e+00,7.585203105640777599e-01,1.888888888888888840e+00
9.150000000000000355e+00,1.640582327644926064e+00,1.223075525646055928e+00,7.237449116395910931e-01,1.888888888888888840e+00
9.200000000000001066e+00,1.702220682163100518e+00,1.144448819108007331e+00,6.893947238638161723e-01,1.888888888888888840e+00
9.250000000000000000e+00,1.770458032390471281e+00,1.073229942766942280e+00,6.557446661775487851e-01,1.888888888888888840e+00
9.300000000000000711e+00,1.845468424844390221e+00,1.008815579222246184e+00,6.230170298611015234e-01,1.888888888888888840e+00
9.349999999999999645e+00,1.927446507565725442e+00,9.506543454566749318e-01,5.913868473100482026e-01,1.888888888888888840e+00
9.400000000000000355e+00,2.016602824183500786e+00,8.982456417490202183e-01,5.609874221048103404e-01,1.888888888888888840e+00
9.450000000000001066e+00,2.113158984883345415e+00,8.511378809837054638e-01,5.319157775558218670e-01,1.888888888888888840e+00
9.500000000000000000e+00,2.217342600128508590e+00,8.089263731664000368e-01,5.042378551930271069e-01,1.888888888888888840e+00
9.550000000000000711e+00,2.329381874496266214e+00,7.712510744547552699e-01,4.779933543459952139e-01,1.888888888888888840e+00
9.600000000000001421e+00,2.449499768714268111e+00,7.377943587168882544e-01,4.532001503071230730e-01,1.888888888888888840e+00
9.650000000000000355e+00,2.577907648592768997e+00,7.082789304555257015e-01,4.298582633794698626e-01,1.888888888888888840e+00
9.700000000000001066e+00,2.714798350641453251e+00,6.824659688954002323e-01,4.079533763303565541e-01,1.888888888888888840e+00
9.750000000000000000e+00,2.860338606225091063e+00,6.601535723353667562e-01,3.874599152816394776e-01,1.888888888888888840e+00
9.800000000000000711e+00,3.014660779525882184e+00,6.411755579646951642e-01,3.683437205590696095e-01,1.888888888888888840e+00
9.850000000000001421e+00,3.177853889580080526e+00,6.254006639277488455e-01,3.505643409476156269e-01,1.888888888888888840e+00
9.900000000000000355e+00,3.349953903318561466e+00,6.127321964044544211e-01,3.340769883585206768e-01,1.888888888888888840e+00
9.950000000000001066e+00,3.530933304755320190e+00,6.031081639449864529e-01,3.188341910740599694e-01,1.888888888888888840e+00
1.000000000000000000e+01,3.720689964920138593e+00,5.965019434686494870e-01,3.047871832572967565e-01,1.888888888888888840e+00
0.000000000000000000e+00,5.000000000000000000e-01,5.000000000000000000e-01,5.000000000000000000e-01,2.333333333333333037e+00
5.000000000000000278e-02,5.445833333333333082e-01,4.441666666666666541e-01,4.504166666666666874e-01,2.333333333333333037e+00
1.000000000000000056e-01,5.944558211805555104e-01,3.953934652777777448e-01,4.053224513888888936e-01,2.333333333333333037e+00
1.500000000000000222e-01,6.501423557572491019e-01,3.527363986101721416e-01,3.644508411822565686e-01,2.333333333333333037e+00
2.000000000000000111e-01,7.122220268085713846e-01,3.153887144433262235e-01,3.275149025918263623e-01,2.333333333333333037e+00
2.500000000000000000e-01,7.813310425963646555e-01,2.826596165994305632e-01,2.942198265023562853e-01,2.333333333333333037e+00
3.000000000000000444e-01,8.581655944903719968e-01,2.539564687026084622e-01,2.642721124988951509e-01,2.333333333333333037e+00
3.500000000000000333e-01,9.434845244480296600e-01,2.287699274321067511e-01,2.373860986976590870e-01,2.333333333333333037e+00
4.000000000000000222e-01,1.038111628811811293e+00,2.066615227112230946e-01,2.132884249683135724e-01,2.333333333333333037e+00
4.500000000000000111e-01,1.142937400298691841e+00,1.872532773168995301e-01,1.917209100981983605e-01,2.333333333333333037e+00
5.000000000000000000e-01,1.258919973181585217e+00,1.702190254480865916e-01,1.724422297910988833e-01,2.333333333333333037e+00
5.500000000000000444e-01,1.387084995101990348e+00,1.552771481950953048e-01,1.552287030293722503e-01,2.333333333333333037e+00
6.000000000000000888e-01,1.528524103767582965e+00,1.421844939093922788e-01,1.398744284818679573e-01,2.333333333333333037e+00
6.500000000000000222e-01,1.684391639655864692e+00,1.307312939839906374e-01,1.261909588839498775e-01,2.333333333333333037e+00
7.000000000000000666e-01,1.855899179267694876e+00,1.207369205413993812e-01,1.140066579925313600e-01,2.333333333333333037e+00
7.500000000000000000e-01,2.044307430995739416e+00,1.120463630796298959e-01,1.031658501769108227e-01,2.333333333333333037e+00
8.000000000000000444e-01,2.250915002079752369e+00,1.045273273289046428e-01,9.352784542201293683e-02,2.333333333333333037e+00
8.500000000000000888e-01,2.477043526599838064e+00,9.806788246847217283e-02,8.496590115265732768e-02,2.333333333333333037e+00
9.000000000000000222e-01,2.724018648651440166e+00,9.257460345959316050e-02,7.736616568936809102e-02,2.333333333333333037e+00
9.500000000000000666e-01,2.993146390728238959e+00,8.797117457971181942e-02,7.062663535948050797e-02,2.333333333333333037e+00
1.000000000000000000e+00,3.285684514838297154e+00,8.419743934974234512e-02,6.465614752309252478e-02,2.333333333333333037e+00
1.050000000000000044e+00,3.602808613113368974e+00,8.120890209455625119e-02,5.937342439061391031e-02,2.333333333333333037e+00
1.100000000000000089e+00,3.945572854711835387e+00,7.897670872259304753e-02,5.470617699142991258e-02,2.333333333333333037e+00
1.150000000000000133e+00,4.314865572877034872e+00,7.748816061679884848e-02,5.059027459012702815e-02,2.333333333333333037e+00
1.200000000000000178e+00,4.711360201051800090e+00,7.674784791543412532e-02,4.696898191253608829e-02,2.333333333333333037e+00
1.250000000000000000e+00,5.135462452747940887e+00,7.677952970572046731e-02,4.379226448375413833e-02,2.333333333333333037e+00
1.300000000000000044e+00,5.587255067835934952e+00,7.762894246322689373e-02,4.101616099721603487e-02,2.333333333333333037e+00
1.350000000000000089e+00,6.066441885061919947e+00,7.936778944586224405e-02,3.860222077820908010e-02,2.333333333333333037e+00
1.400000000000000133e+00,6.572293397314863839e+00,8.209925947202749430e-02,3.651700396720972824e-02,2.333333333333333037e+00
1.450000000000000178e+00,7.103596235707591688e+00,8.596555277267776962e-02,3.473164195293218515e-02,2.333333333333333037e+00
1.500000000000000000e+00,7.658609129020849338e+00,9.115806683745714123e-02,3.322145578877102462e-02,2.333333333333333037e+00
1.550000000000000044e+00,8.235027704764794620e+00,9.793113305607639707e-02,3.196563081809427470e-02,2.333333333333333037e+00
1.600000000000000089e+00,8.829959944264558658e+00,1.066205175897560475e-01,3.094694653764454642e-02,2.333333333333333037e+00
1.650000000000000133e+00,9.439913094728533238e+00,1.176683360012770324e-01,3.015156191127465329e-02,2.333333333333333037e+00
1.700000000000000178e+00,1.006079131818423988e+01,1.316566168523599367e-01,2.956885803236868754e-02,2.333333333333333037e+00
1.750000000000000000e+00,1.068790129911571718e+01,1.493525278776369758e-01,2.919134242571734886e-02,2.333333333333333037e+00
1.800000000000000044e+00,1.131596046486357743e+01,1.717692961984016442e-01,2.901462269531678712e-02,2.333333333333333037e+00
1.850000000000000089e+00,1.193909947401467520e+01,2.002481517769210961e-01,2.903746214709046480e-02,2.333333333333333037e+00
1.900000000000000133e+00,1.255084733758265081e+01,2.365682120198445149e-01,2.926193717358157795e-02,2.333333333333333037e+00
1.950000000000000178e+00,1.314408417533776152e+01,2.830930384714839820e-01,2.969372666994074539e-02,2.333333333333333037e+00
2.000000000000000000e+00,1.371094352916991532e+01,3.429643941849124245e-01,3.034257916940277106e-02,2.333333333333333037e+00
2.050000000000000266e+00,1.424264397450498087e+01,4.203549211953959697e-01,3.122302610192065342e-02,2.333333333333333037e+00
2.100000000000000089e+00,1.472922963635570959e+01,5.207907795703795584e-01,3.235544298604042801e-02,2.333333333333333037e+00
2.149999999999999911e+00,1.515920328883180623e+01,6.515502736612486245e-01,3.376760921101087942e-02,2.333333333333333037e+00
2.200000000000000178e+00,1.551904795650322733e+01,8.221306319252230654e-01,3.549698770469304765e-02,2.333333333333333037e+00
2.250000000000000000e+00,1.579266020010090976e+01,1.044744761703896518e+00,3.759404604081175577e-02,2.333333333333333037e+00
2.300000000000000266e+00,1.596077141716439662e+01,1.334751205533982077e+00,4.012707851622177024e-02,2.333333333333333037e+00
2.350000000000000089e+00,1.600052734422500222e+01,1.710818308816468791e+00,4.318916896162489777e-02,2.333333333333333037e+00
2.400000000000000355e+00,1.588554504266403811e+01,2.194464385419983010e+00,4.690814789726988759e-02,2.333333333333333037e+00
2.450000000000000178e+00,1.558697031607727190e+01,2.808406037532899635e+00,5.146060210415297209e-02,2.333333333333333037e+00
2.500000000000000000e+00,1.507626555761585685e+01,3.572954371065666379e+00,5.709107060756028751e-02,2.333333333333333037e+00
2.550000000000000266e+00,1.433050606356363943e+01,4.499720160672955771e+00,6.413724187472921723e-02,2.333333333333333037e+00
2.600000000000000089e+00,1.334052176294565761e+01,5.582505490161322470e+00,7.306074599971328076e-02,2.333333333333333037e+00
2.650000000000000355e+00,1.212086325270234255e+01,6.786933652322472810e+00,8.448022741147596937e-02,2.333333333333333037e+00
2.700000000000000178e+00,1.071820063583966487e+01,8.043111668366671907e+00,9.919797617962411440e-02,2.333333333333333037e+00
2.750000000000000000e+00,9.212485542102568203e+00,9.247972849345657664e+00,1.182036270645098752e-01,2.333333333333333037e+00
2.800000000000000266e+00,7.705781938354544280e+00,1.028256592879071185e+01,1.426312943052117088e-01,2.333333333333333037e+00
2.850000000000000089e+00,6.299537043117306112e+00,1.104181427214081346e+01,1.736472253313349201e-01,2.333333333333333037e+00
2.900000000000000355e+00,5.069756817718413799e+00,1.146379985165731163e+01,2.122618639346349756e-01,2.333333333333333037e+00
2.950000000000000178e+00,4.052846438330136358e+00,1.154282355913880487e+01,2.590923282343292611e-01,2.333333333333333037e+00
3.000000000000000000e+00,3.247766882298257940e+00,1.132083323886580395e+01,3.141319298955393413e-01,2.333333333333333037e+00
3.050000000000000266e+00,2.629241706162699810e+00,1.086591151492811136e+01,3.765913573606936016e-01,2.333333333333333037e+00
3.100000000000000089e+00,2.162440576297663064e+00,1.025106940595404126e+01,4.448574051906767912e-01,2.333333333333333037e+00
3.150000000000000355e+00,1.813111910530728954e+00,9.540890557394268612e+00,5.165837550306621173e-01,2.333333333333333037e+00
3.200000000000000178e+00,1.552321597782576390e+00,8.786324180641516435e+00,5.888986186292957115e-01,2.333333333333333037e+00
3.250000000000000000e+00,1.357543251592539635e+00,8.024619233409433505e+00,6.586917345554612613e-01,2.333333333333333037e+00
3.300000000000000266e+00,1.212009424060941365e+00,7.281471592921175962e+00,7.229301497652856900e-01,2.333333333333333037e+00
3.350000000000000089e+00,1.103530430662009731e+00,6.573636948300618954e+00,7.789501642334233367e-01,2.333333333333333037e+00
3.400000000000000355e+00,1.023341659946226168e+00,5.911259814272549207e+00,8.246819866871064608e-01,2.333333333333333037e+00
3.450000000000000178e+00,9.651661329109977316e-01,5.299720154396659666e+00,8.587811397585672912e-01,2.333333333333333037e+00
3.500000000000000000e+00,9.245116981315095739e-01,4.741027734171373353e+00,8.806611643683665003e-01,2.333333333333333037e+00
3.550000000000000266e+00,8.981648580980415852e-01,4.234857636816392379e+00,8.904401524611624819e-01,2.333333333333333037e+00
3.600000000000000089e+00,8.838331986074513535e-01,3.779317611035390101e+00,8.888252705336137094e-01,2.333333333333333037e+00
3.650000000000000355e+00,8.798947747991737733e-01,3.371517087428218762e+00,8.769635467414719221e-01,2.333333333333333037e+00
3.700000000000000178e+00,8.852226933477814752e-01,3.007987470194257718e+00,8.562849289519017804e-01,2.333333333333333037e+00
3.750000000000000000e+00,8.990620376292250970e-01,2.684988652861585390e+00,8.283574075150665905e-01,2.333333333333333037e+00
3.800000000000000266e+00,9.209431442499668163e-01,2.398727307330350556e+00,7.947664129507946429e-01,2.333333333333333037e+00
3.850000000000000089e+00,9.506201760069684648e-01,2.145506656391675371e+00,7.570237090084251941e-01,2.333333333333333037e+00
3.900000000000000355e+00,9.880273714420685360e-01,1.921823603261534341e+00,7.165056815738632956e-01,2.333333333333333037e+00
3.950000000000000178e+00,1.033247702302685811e+00,1.724426244664539531e+00,6.744175625767909743e-01,2.333333333333333037e+00
4.000000000000000000e+00,1.086490267199385240e+00,1.550342418992710414e+00,6.317785011980018295e-01,2.333333333333333037e+00
4.049999999999999822e+00,1.148073830994734257e+00,1.396887840356219046e+00,5.894220465627152405e-01,2.333333333333333037e+00
4.100000000000000533e+00,1.218414650301601787e+00,1.261660504328133259e+00,5.480070536431319583e-01,2.333333333333333037e+00
4.150000000000000355e+00,1.298017218249581273e+00,1.142526437042570508e+00,5.080348670029098956e-01,2.333333333333333037e+00
4.200000000000000178e+00,1.387466892073649261e+00,1.037600511746582299e+00,4.698695942299019879e-01,2.333333333333333037e+00
4.250000000000000000e+00,1.487423586028410849e+00,9.452249736692509563e-01,4.337591832446184292e-01,2.333333333333333037e+00
4.299999999999999822e+00,1.598615854116527624e+00,8.639474745512220055e-01,3.998557819115873824e-01,2.333333333333333037e+00
4.350000000000000533e+00,1.721834775794987005e+00,7.924997898742758284e-01,3.682344584359896200e-01,2.333333333333333037e+00
4.400000000000000355e+00,1.857927109807128829e+00,7.297779375419791714e-01,3.389098038536434432e-01,2.333333333333333037e+00
4.450000000000000178e+00,2.007787208724742367e+00,6.748241000545049939e-01,3.118502463027027494e-01,2.333333333333333037e+00
4.500000000000000000e+00,2.172347199070214341e+00,6.268105406933333068e-01,2.869901084683546544e-01,2.333333333333333037e+00
4.549999999999999822e+00,2.352564936843991372e+00,5.850255709637419699e-01,2.642395613565347023e-01,2.333333333333333037e+00
4.600000000000000533e+00,2.549409252922596902e+00,5.488615503159923747e-01,2.434926923076952410e-01,2.333333333333333037e+00
4.650000000000000355e+00,2.763842013792363606e+00,5.178048640039931705e-01,2.246339311811122730e-01,2.333333333333333037e+00
4.700000000000000178e+00,2.996796546978737652e+00,4.914278193560788210e-01,2.075430797318474629e-01,2.333333333333333037e+00
4.750000000000000000e+00,3.249152023652372101e+00,4.693824169215000119e-01,1.920991753540725877e-01,2.333333333333333037e+00
4.800000000000000711e+00,3.521703459027353045e+00,4.513959860642635102e-01,1.781833985199418602e-01,2.333333333333333037e+00
4.850000000000000533e+00,3.815127088903355279e+00,4.372687220981443801e-01,1.656812080402510490e-01,2.333333333333333037e+00
4.900000000000000355e+00,4.129941010459908135e+00,4.268732233717988933e-01,1.544838626709403029e-01,2.333333333333333037e+00
4.950000000000000178e+00,4.466461136146603117e+00,4.201562027322567894e-01,1.444894633687520968e-01,2.333333333333333037e+00
5.000000000000000000e+00,4.824752695210156261e+00,4.171426406815665899e-01,1.356036286428523585e-01,2.333333333333333037e+00
5.050000000000000711e+00,5.204577715484393963e+00,4.179427604305326893e-01,1.277398964223870892e-01,2.333333333333333037e+00
5.100000000000000533e+00,5.605339108085413358e+00,4.227623416718385707e-01,1.208199298126214072e-01,2.333333333333333037e+00
5.150000000000000355e+00,6.026022130658541975e+00,4.319170539100407047e-01,1.147735910218357358e-01,2.333333333333333037e+00
5.200000000000000178e+00,6.465134084181518581e+00,4.458516840211254606e-01,1.095389375136029270e-01,2.333333333333333037e+00
5.250000000000000000e+00,6.920643062770827747e+00,4.651653553936836438e-01,1.050621869822329496e-01,2.333333333333333037e+00
5.300000000000000711e+00,7.389916385949081956e+00,4.906440793340623996e-01,1.012976930279377019e-01,2.333333333333333037e+00
5.350000000000000533e+00,7.869658971608905595e+00,5.233022214168986386e-01,9.820797149036386564e-02,2.333333333333333037e+00
5.400000000000000355e+00,8.355851358343846513e+00,5.644346593812099577e-01,9.576381849675849600e-02,2.333333333333333037e+00
5.450000000000000178e+00,8.843686415166448711e+00,6.156814657281256542e-01,9.394456579098987847e-02,2.333333333333333037e+00
5.500000000000000000e+00,9.327503130850351099e+00,6.791067078369665833e-01,9.273852745043732748e-02,2.333333333333333037e+00
5.550000000000000711e+00,9.800715534952562535e+00,7.572921501699256819e-01,9.214370553432656152e-02,2.333333333333333037e+00
5.600000000000000533e+00,1.025573524270473236e+01,8.534448272601374841e-01,9.216884164032335125e-02,2.333333333333333037e+00
5.650000000000000355e+00,1.068388807509152727e+01,9.715139535786968539e-01,9.283492801883064249e-02,2.333333333333333037e+00
5.700000000000000178e+00,1.107532975375086970e+01,1.116306461160880614e+00,9.417732691950157775e-02,2.333333333333333037e+00
5.750000000000000000e+00,1.141897423471954731e+01,1.293580300070737543e+00,9.624869058520668652e-02,2.333333333333333037e+00
5.800000000000000711e+00,1.170246249669671990e+01,1.510079020171302133e+00,9.912292511399461992e-02,2.333333333333333037e+00
5.850000000000000533e+00,1.191222101018722235e+01,1.773448960255240348e+00,1.029004932286056023e-01,2.333333333333333037e+00
5.900000000000000355e+00,1.203368784650857926e+01,2.091952149089084223e+00,1.077153891773830752e-01,2.333333333333333037e+00
5.950000000000000178e+00,1.205181706629195659e+01,2.473858512229767825e+00,1.137441134666030557e-01,2.333333333333333037e+00
6.000000000000000000e+00,1.195199808056711888e+01,2.926383139085289464e+00,1.212168704570545374e-01,2.333333333333333037e+00
6.050000000000000711e+00,1.172152382943422211e+01,3.454054009304283301e+00,1.304309154143707961e-01,2.333333333333333037e+00
6.100000000000000533e+00,1.135167370191480707e+01,4.056492719612577957e+00,1.417653517720447454e-01,2.333333333333333037e+00
6.150000000000000355e+00,1.084030176106143628e+01,4.725808727078302240e+00,1.556955538214224721e-01,2.333333333333333037e+00
6.200000000000000178e+00,1.019451843550925574e+01,5.444157381145245722e+00,1.728036255804687449e-01,2.333333333333333037e+00
6.250000000000000000e+00,9.432682575627262977e+00,6.182408204370386962e+00,1.937789534054242258e-01,2.333333333333333037e+00
6.300000000000000711e+00,8.584670969035476773e+00,6.901074291942811634e+00,2.194004771987644320e-01,2.333333333333333037e+00
6.350000000000000533e+00,7.689559711279963850e+00,7.554323776220233988e+00,2.504910387518256565e-01,2.333333333333333037e+00
6.400000000000000355e+00,6.790638629282339522e+00,8.096837240070964725e+00,2.878360024713318976e-01,2.333333333333333037e+00
6.450000000000000178e+00,5.928883787363161240e+00,8.491815203207648821e+00,3.320650698852194438e-01,2.333333333333333037e+00
6.500000000000000000e+00,5.136934563749226079e+00,8.717480538456053196e+00,3.835077773798360457e-01,2.333333333333333037e+00
6.550000000000000711e+00,4.435523576528047407e+00,8.769820995688171195e+00,4.420462865644612105e-01,2.333333333333333037e+00
6.600000000000000533e+00,3.833145617276332739e+00,8.660993905490839140e+00,5.069979571828158171e-01,2.333333333333333037e+00
6.650000000000000355e+00,3.328324716984865983e+00,8.414649294010288827e+00,5.770598209183377403e-01,2.333333333333333037e+00
6.700000000000000178e+00,2.913057347812428421e+00,8.060271000239048078e+00,6.503365001632501752e-01,2.333333333333333037e+00
6.750000000000000000e+00,2.576122043258401106e+00,7.628278515286361916e+00,7.244557944976194319e-01,2.333333333333333037e+00
6.800000000000000711e+00,2.305546016640190654e+00,7.146701840799931205e+00,7.967575815329690503e-01,2.333333333333333037e+00
6.850000000000000533e+00,2.090098392336420474e+00,6.639433375283362970e+00,8.645268649027590957e-01,2.333333333333333037e+00
6.900000000000000355e+00,1.920000267473197297e+00,6.125660012616283900e+00,9.252340724520313753e-01,2.333333333333333037e+00
6.950000000000000178e+00,1.787125330311509108e+00,5.620016358978936033e+00,9.767463279966980272e-01,2.333333333333333037e+00
7.000000000000000000e+00,1.684923158384614261e+00,5.133099668433423801e+00,1.017481529318784439e+00,2.333333333333333037e+00
7.050000000000000711e+00,1.608221279174073537e+00,4.672117491578770654e+00,1.046489985337622386e+00,2.333333333333333037e+00
7.100000000000000533e+00,1.552995560873251302e+00,4.241542224301338315e+00,1.063462465808306279e+00,2.333333333333333037e+00
7.150000000000000355e+00,1.516153181894202451e+00,3.843712223315809862e+00,1.068675393500032156e+00,2.333333333333333037e+00
7.200000000000000178e+00,1.495345814528694417e+00,3.479355333445985909e+00,1.062891370393188817e+00,2.333333333333333037e+00
7.250000000000000000e+00,1.488816790769999621e+00,3.148028879045349004e+00,1.047235697762092688e+00,2.333333333333333037e+00
7.300000000000000711e+00,1.495279697252268170e+00,2.848478876184680431e+00,1.023067826090124921e+00,2.333333333333333037e+00
7.350000000000000533e+00,1.513823558878071296e+00,2.578925350047245324e+00,9.918623158269703755e-01,2.333333333333333037e+00
7.400000000000000355e+00,1.543839436267984144e+00,2.337282591611660632e+00,9.551085628068479716e-01,2.333333333333333037e+00
7.450000000000000178e+00,1.584963753545755250e+00,2.121323969301903034e+00,9.142335385548587823e-01,2.333333333333333037e+00
7.500000000000000000e+00,1.637034425415241135e+00,1.928800930121989055e+00,8.705478672375481786e-01,2.333333333333333037e+00
7.550000000000000711e+00,1.700056607746488258e+00,1.757525289960003789e+00,8.252129560706518152e-01,2.333333333333333037e+00
7.600000000000000533e+00,1.774175552438099546e+00,1.605422995261502672e+00,7.792255145808223427e-01,2.333333333333333037e+00
7.650000000000000355e+00,1.859654578585194340e+00,1.470566403158162005e+00,7.334153637811758886e-01,2.333333333333333037e+00
7.700000000000000178e+00,1.956856584061693605e+00,1.351190921505326381e+00,6.884526302377247386e-01,2.333333333333333037e+00
7.750000000000000000e+00,2.066227832581779111e+00,1.245700687781885252e+00,6.448609609295349321e-01,2.333333333333333037e+00
7.800000000000000711e+00,2.188282981657827975e+00,1.152666920539724416e+00,6.030340723744431752e-01,2.333333333333333037e+00
7.850000000000000533e+00,2.323590485720329113e+00,1.070821686879082968e+00,5.632536249230690739e-01,2.333333333333333037e+00
7.900000000000000355e+00,2.472757632474701595e+00,9.990491042131909305e-01,5.257070145740869727e-01,2.333333333333333037e+00
7.950000000000000178e+00,2.636414563125430544e+00,9.363754259999906848e-01,4.905041679174999558e-01,2.333333333333333037e+00
8.000000000000000000e+00,2.815196699882667186e+00,8.819590308036429072e-01,4.576928062058854829e-01,2.333333333333333037e+00
8.050000000000000711e+00,3.009725066810302607e+00,8.350810198104640092e-01,4.272719225186192293e-01,2.333333333333333037e+00
8.099999999999999645e+00,3.220584050707000046e+00,7.951369076942047531e-01,3.992034085334295046e-01,2.333333333333333037e+00
8.150000000000000355e+00,3.448296214145498251e+00,7.616297457490580625e-01,3.734218929380255236e-01,2.333333333333333037e+00
8.200000000000001066e+00,3.693293848513080846e+00,7.341649279788786675e-01,3.498429289599496173e-01,2.333333333333333037e+00
8.250000000000000000e+00,3.955887044837983701e+00,7.124468872243134854e-01,3.283697081746196900e-01,2.333333333333333037e+00
8.300000000000000711e+00,4.236228166366720949e+00,6.962778793507390374e-01,3.088984930436269316e-01,2.333333333333333037e+00
8.349999999999999645e+00,4.534272728865994750e+00,6.855590713811792192e-01,2.913229601814433245e-01,2.333333333333333037e+00
8.400000000000000355e+00,4.849736829125831150e+00,6.802941882839910193e-01,2.755376364813907908e-01,2.333333333333333037e+00
8.450000000000001066e+00,5.182051402556233199e+00,6.805960276819434940e-01,2.614405954452310166e-01,2.333333333333333037e+00
8.500000000000000000e+00,5.530313727390730349e+00,6.866962163202797731e-01,2.489355644547790181e-01,2.333333333333333037e+00
8.550000000000000711e+00,5.893236713944400407e+00,6.989586488878836157e-01,2.379335773839212909e-01,2.333333333333333037e+00
8.599999999999999645e+00,6.269096610783150503e+00,7.178971064865735663e-01,2.283542922539875397e-01,2.333333333333333037e+00
8.650000000000000355e+00,6.655679817878022320e+00,7.441975787073462634e-01,2.201270814955347543e-01,2.333333333333333037e+00
8.700000000000001066e+00,7.050229522970053786e+00,7.787457773702068931e-01,2.131919934175935394e-01,2.333333333333333037e+00
8.750000000000000000e+00,7.449392895103168932e+00,8.226601796366288522e-01,2.075006781621537288e-01,2.333333333333333037e+00
8.800000000000000711e+00,7.849169635964646119e+00,8.773305929331831621e-01,2.030173701154948385e-01,2.333333333333333037e+00
8.849999999999999645e+00,8.244862912927159115e+00,9.444615731143410908e-01,1.997200217820055690e-01,2.333333333333333037e+00
8.900000000000000355e+00,8.631034253901816555e+00,1.026118876216396636e+00,1.976016917285661201e-01,2.333333333333333037e+00
8.950000000000001066e+00,9.001465135251800476e+00,1.124775244166632993e+00,1.966723013726564551e-01,2.333333333333333037e+00
9.000000000000000000e+00,9.349130094561175497e+00,1.243348912277574048e+00,1.969608915795346415e-01,2.333333333333333037e+00
9.050000000000000711e+00,9.666189677983197726e+00,1.385223940869278580e+00,1.985185286420997619e-01,2.333333333333333037e+00
9.099999999999999645e+00,9.944016814843129382e+00,1.554235525795624184e+00,2.014220266228710643e-01,2.333333333333333037e+00
9.150000000000000355e+00,1.017327755227985087e+01,1.754595793812765425e+00,2.057786621160876683e-01,2.333333333333333037e+00
9.200000000000001066e+00,1.034409621643646560e+01,1.990726825639197894e+00,2.117320453514478229e-01,2.333333333333333037e+00
9.250000000000000000e+00,1.044634464715612943e+01,2.266959598336354631e+00,2.194692564491761422e-01,2.333333333333333037e+00
9.300000000000000711e+00,1.047010195461208859e+01,2.587054091103743403e+00,2.292292232228508586e-01,2.333333333333333037e+00
9.349999999999999645e+00,1.040632933876516475e+01,2.953503690211030985e+00,2.413120572215296522e-01,2.333333333333333037e+00
9.400000000000000355e+00,1.024778502230880051e+01,3.366615821503823547e+00,2.560886125750447828e-01,2.333333333333333037e+00
9.450000000000001066e+00,9.990157046265750296e+00,3.823420575826547374e+00,2.740088176279794618e-01,2.333333333333333037e+00
9.500000000000000000e+00,9.633310101119917590e+00,4.316554377871741899e+00,2.956063072216176257e-01,2.333333333333333037e+00
9.550000000000000711e+00,9.182433609169761368e+00,4.833384028886210437e+00,3.214955944546559197e-01,2.333333333333333037e+00
9.600000000000001421e+00,8.648773597690777137e+00,5.355736249263963522e+00,3.523566864086774553e-01,2.333333333333333037e+00
9.650000000000000355e+00,8.049590673487198700e+00,5.860607168066199080e+00,3.889011753432141116e-01,2.333333333333333037e+00
9.700000000000001066e+00,7.407080433465856650e+00,6.322068929912802560e+00,4.318142496898271787e-01,2.333333333333333037e+00
9.750000000000000000e+00,6.746251715892322309e+00,6.714246656395599366e+00,4.816697356434815891e-01,2.333333333333333037e+00
9.800000000000000711e+00,6.092118272328575834e+00,7.014807089301472232e+00,5.388208212583044388e-01,2.333333333333333037e+00
9.850000000000001421e+00,5.466856013472735754e+00,7.208092928270415811e+00,6.032770967391402062e-01,2.333333333333333037e+00
9.900000000000000355e+00,4.887632428483902558e+00,7.287061746948276131e+00,6.745869933970505272e-01,2.333333333333333037e+00
9.950000000000001066e+00,4.365571143839440893e+00,7.253580169587780624e+00,7.517504370126492086e-01,2.333333333333333037e+00
1.000000000000000000e+01,3.905900712901019478e+00,7.117186425813591732e+00,8.331864710729320889e-01,2.333333333333333037e+00
0.000000000000000000e+00,5.000000000000000000e-01,5.000000000000000000e-01,5.000000000000000000e-01,2.777777777777777679e+00
5.000000000000000278e-02,5.556944444444444908e-01,4.330555555555555269e-01,4.393055555555555602e-01,2.777777777777777679e+00
1.000000000000000056e-01,6.192110912422840174e-01,3.760714591049382216e-01,3.854881844135802371e-01,2.777777777777777679e+00
1.500000000000000222e-01,6.915063653672842703e-01,3.274864359117644064e-01,3.379594219934036192e-01,2.777777777777777679e+00
2.000000000000000111e-01,7.736540096823051327e-01,2.860035256780366075e-01,2.961245524634370518e-01,2.777777777777777679e+00
2.500000000000000000e-01,8.668541097929565176e-01,2.505421181482459514e-01,2.594044385239673289e-01,2.777777777777777679e+00
3.000000000000000444e-01,9.724421019818905165e-01,2.201993122963205596e-01,2.272494957579790642e-01,2.777777777777777679e+00
3.500000000000000333e-01,1.091897335340555664e+00,1.942187487897132914e-01,1.991479401320250253e-01,2.777777777777777679e+00
4.000000000000000222e-01,1.226850643085990455e+00,1.719654219694890518e-01,1.746299516481765457e-01,2.777777777777777679e+00
4.500000000000000111e-01,1.379090234309283458e+00,1.529052780982779747e-01,1.532689982149495755e-01,2.777777777777777679e+00
5.000000000000000000e-01,1.550565046396674029e+00,1.365886537310150861e-01,1.346812461082657064e-01,2.777777777777777679e+00
5.500000000000000444e-01,1.743384502404363046e+00,1.226368082333963300e-01,1.185237360605425339e-01,2.777777777777777679e+00
6.000000000000000888e-01,1.959813402345458533e+00,1.107309653830857166e-01,1.044918148155430659e-01,2.777777777777777679e+00
6.500000000000000222e-01,2.202260453138624730e+00,1.006034081928081497e-01,9.231616933716665918e-02,2.777777777777777679e+00
7.000000000000000666e-01,2.473258726095935778e+00,9.203027547432392208e-02,8.175970467227955396e-02,2.777777777777777679e+00
7.500000000000000000e-01,2.775436149244459916e+00,8.482579429444847552e-02,7.261442836829259950e-02,2.777777777777777679e+00
8.000000000000000444e-01,3.111474030969333171e+00,7.883775472415108232e-02,6.469844760350888790e-02,2.777777777777777679e+00
8.500000000000000888e-01,3.484051619559151547e+00,7.394409702497414805e-02,5.785314450722499335e-02,2.777777777777777679e+00
9.000000000000000222e-01,3.895774889572150013e+00,7.005054134624116857e-02,5.194056642932411150e-02,2.777777777777777679e+00
9.500000000000000666e-01,4.349088178034376639e+00,6.708925102009404007e-02,4.684104803405602507e-02,2.777777777777777679e+00
1.000000000000000000e+00,4.846168039941373351e+00,6.501858823919820507e-02,4.245106867147147023e-02,2.777777777777777679e+00
1.050000000000000044e+00,5.388799810606330176e+00,6.382410224139058175e-02,3.868133974797190178e-02,2.777777777777777679e+00
1.100000000000000089e+00,5.978238879092684144e+00,6.352099432177249483e-02,3.545511145729388774e-02,2.777777777777777679e+00
1.150000000000000133e+00,6.615060563953006678e+00,6.415844378762688982e-02,3.270668527766312783e-02,2.777777777777777679e+00
1.200000000000000178e+00,7.299004626906764770e+00,6.582637245029331063e-02,3.038011739051049709e-02,2.777777777777777679e+00
1.250000000000000000e+00,8.028822636452510153e+00,6.866549845442890265e-02,2.842809813888233506e-02,2.777777777777777679e+00
1.300000000000000044e+00,8.802138245222723256e+00,7.288192093451463516e-02,2.681099349185664046e-02,2.777777777777777679e+00
1.350000000000000089e+00,9.615331487136787203e+00,7.876803995628905986e-02,2.549603602553256188e-02,2.777777777777777679e+00
1.400000000000000133e+00,1.046345785432681197e+01,8.673243068433254821e-02,2.445665511041968804e-02,2.777777777777777679e+00
1.450000000000000178e+00,1.134021058047675012e+01,9.734247030551188007e-02,2.367193888485493586e-02,2.777777777777777679e+00
1.500000000000000000e+00,1.223792972563013493e+01,1.113852212801678260e-01,2.312622443851538104e-02,2.777777777777777679e+00
1.550000000000000044e+00,1.314765402717594611e+01,1.299545256260368209e-01,2.280881790769339820e-02,2.777777777777777679e+00
1.600000000000000089e+00,1.405920106469395670e+01,1.545757528740072106e-01,2.271385372559907301e-02,2.777777777777777679e+00
1.650000000000000133e+00,1.496124845070071707e+01,1.873845228771210958e-01,2.284031346009593455e-02,2.777777777777777679e+00
1.700000000000000178e+00,1.584137419821745141e+01,2.313823559456574253e-01,2.319224177643516502e-02,2.777777777777777679e+00
1.750000000000000000e+00,1.668599909004433002e+01,2.908007855717508749e-01,2.377922377857134492e-02,2.777777777777777679e+00
1.800000000000000044e+00,1.748015909175265747e+01,3.716156034072082281e-01,2.461723029651471939e-02,2.777777777777777679e+00
1.850000000000000089e+00,1.820702383197935248e+01,4.822625996662358028e-01,2.573000522519514402e-02,2.777777777777777679e+00
1.900000000000000133e+00,1.884707272129197619e+01,6.346097198926721195e-01,2.715127705191651072e-02,2.777777777777777679e+00
1.950000000000000178e+00,1.937685451871373132e+01,8.452244125652182971e-01,2.892824888911173231e-02,2.777777777777777679e+00
2.000000000000000000e+00,1.976731363407886732e+01,1.136910132058201572e+00,3.112709279980236873e-02,2.777777777777777679e+00
2.050000000000000266e+00,1.998181646549288359e+01,1.540316595296246316e+00,3.384159320504447760e-02,2.777777777777777679e+00
2.100000000000000089e+00,1.997434030580654252e+01,2.095059920973121326e+00,3.720670616042164730e-02,2.777777777777777679e+00
2.149999999999999911e+00,1.968891740308072968e+01,2.849096117774831516e+00,4.141965915935249404e-02,2.777777777777777679e+00
2.200000000000000178e+00,1.906244376248407235e+01,3.854008648195446973e+00,4.677222595383771081e-02,2.777777777777777679e+00
2.250000000000000000e+00,1.803416118409197111e+01,5.152696338738415704e+00,5.369852681219748625e-02,2.777777777777777679e+00
2.300000000000000266e+00,1.656542684009037103e+01,6.756007594068907274e+00,6.284178202959712911e-02,2.777777777777777679e+00
2.350000000000000089e+00,1.467018497407487665e+01,8.609208550920616432e+00,7.513775509025014121e-02,2.777777777777777679e+00
2.400000000000000355e+00,1.244661486184816468e+01,1.056124904007604570e+01,9.189671851976591310e-02,2.777777777777777679e+00
2.450000000000000178e+00,1.008583020473295555e+01,1.236614571521449868e+01,1.148349192731780155e-01,2.777777777777777679e+00
2.500000000000000000e+00,7.830993814096720129e+00,1.374539564608234343e+01,1.459693135264912844e-01,2.777777777777777679e+00
2.550000000000000266e+00,5.892429696548852291e+00,1.449721953488023729e+01,1.872867948368785729e-01,2.777777777777777679e+00
2.600000000000000089e+00,4.374033541904942979e+00,1.457858592760932304e+01,2.401889272334635506e-01,2.777777777777777679e+00
2.650000000000000355e+00,3.265431896748806295e+00,1.409543869885713718e+01,3.048756711110607309e-01,2.777777777777777679e+00
2.700000000000000178e+00,2.490067730596453810e+00,1.322397091272553027e+01,3.799212436340508869e-01,2.777777777777777679e+00
2.750000000000000000e+00,1.958042962715653479e+00,1.213516185483704746e+01,4.622163874034249109e-01,2.777777777777777679e+00
2.800000000000000266e+00,1.594168517587581047e+00,1.095961585501740032e+01,5.472968292042639238e-01,2.777777777777777679e+00
2.850000000000000089e+00,1.344274996989245796e+00,9.784261405186827076e+00,6.299622896212961898e-01,2.777777777777777679e+00
2.900000000000000355e+00,1.171954968194956370e+00,8.661698923541006678e+00,7.050288456503533974e-01,2.777777777777777679e+00
2.950000000000000178e+00,1.053424520697145983e+00,7.620861997420105283e+00,7.680394830630423719e-01,2.777777777777777679e+00
3.000000000000000000e+00,9.732581027697144727e-01,6.675312171011253071e+00,8.157861216056745413e-01,2.777777777777777679e+00
3.050000000000000266e+00,9.214273797941286981e-01,5.828921116669427249e+00,8.465628737970950501e-01,2.777777777777777679e+00
3.100000000000000089e+00,8.913839196295335610e-01,5.079603703968249562e+00,8.601488642787763483e-01,2.777777777777777679e+00
3.150000000000000355e+00,8.788494171915910425e-01,4.421761885669094561e+00,8.575813568249783803e-01,2.777777777777777679e+00
3.200000000000000178e+00,8.810562614599817266e-01,3.847899553479746437e+00,8.408101977368583890e-01,2.777777777777777679e+00
3.250000000000000000e+00,8.962684588715211786e-01,3.349694162050959712e+00,8.123228441117157361e-01,2.777777777777777679e+00
3.300000000000000266e+00,9.234765893207418364e-01,2.918698996044588156e+00,7.748066475254999919e-01,2.777777777777777679e+00
3.350000000000000089e+00,9.622015318122576488e-01,2.546786479571947481e+00,7.308854557558909226e-01,2.777777777777777679e+00
3.400000000000000355e+00,1.012366950589977277e+00,2.226408043530503367e+00,6.829414078728544002e-01,2.777777777777777679e+00
3.450000000000000178e+00,1.074215806484071667e+00,1.950725658539993468e+00,6.330149637560831266e-01,2.777777777777777679e+00
3.500000000000000000e+00,1.148255372870889079e+00,1.713656469730689080e+00,5.827671288890066137e-01,2.777777777777777679e+00
3.550000000000000266e+00,1.235220815375425163e+00,1.509861568016612976e+00,5.334854712646136532e-01,2.777777777777777679e+00
3.600000000000000089e+00,1.336050789742763811e+00,1.334701545235122522e+00,4.861172207643121856e-01,2.777777777777777679e+00
3.650000000000000355e+00,1.451870582108097718e+00,1.184174735872897122e+00,4.413162482126876118e-01,2.777777777777777679e+00
3.700000000000000178e+00,1.583979569599706094e+00,1.054848800859498947e+00,3.994945544232694212e-01,2.777777777777777679e+00
3.750000000000000000e+00,1.733840521610788610e+00,9.437924014265519634e-01,3.608722705580699186e-01,2.777777777777777679e+00
3.800000000000000266e+00,1.903068678510920098e+00,8.485109335876109826e-01,3.255227841985981474e-01,2.777777777777777679e+00
3.850000000000000089e+00,2.093418750877034995e+00,7.668884127158041020e-01,2.934114495788472943e-01,2.777777777777777679e+00
3.900000000000000355e+00,2.306768054500895282e+00,6.971363901345797309e-01,2.644275356832707646e-01,2.777777777777777679e+00
3.950000000000000178e+00,2.545093988567652232e+00,6.377500594994137684e-01,2.384097704230003778e-01,2.777777777777777679e+00
4.000000000000000000e+00,2.810444019800387938e+00,5.874713207336452747e-01,2.151662011757012327e-01,2.777777777777777679e+00
4.049999999999999822e+00,3.104896293464789458e+00,5.452584036611349827e-01,1.944892315110873793e-01,2.777777777777777679e+00
4.100000000000000533e+00,3.430508992549847314e+00,5.102616364134651139e-01,1.761666993836099038e-01,2.777777777777777679e+00
4.150000000000000355e+00,3.789256650641287916e+00,4.818050263714769299e-01,1.599897944189564158e-01,2.777777777777777679e+00
4.200000000000000178e+00,4.182951834415860937e+00,4.593734758031358112e-01,1.457585107418932491e-01,2.777777777777777679e+00
4.250000000000000000e+00,4.613150987898848143e+00,4.426056683405184544e-01,1.332852212804325753e-01,2.777777777777777679e+00
4.299999999999999822e+00,5.081043802039618029e+00,4.312929363359759849e-01,1.223968533548235454e-01,2.777777777777777679e+00
4.350000000000000533e+00,5.587326247655423295e+00,4.253847636742551508e-01,1.129360505771947604e-01,2.777777777777777679e+00
4.400000000000000355e+00,6.132058358685154253e+00,4.250020137552456556e-01,1.047616254736209174e-01,2.777777777777777679e+00
4.450000000000000178e+00,6.714508893351635699e+00,4.304595265350278366e-01,9.774854126970944357e-02,2.777777777777777679e+00
4.500000000000000000e+00,7.332989980368941119e+00,4.423004372997083600e-01,9.178760924878714977e-02,2.777777777777777679e+00
4.549999999999999822e+00,7.984685543365408478e+00,4.613454723882297603e-01,8.678504886862518919e-02,2.777777777777777679e+00
4.600000000000000533e+00,8.665477384254536730e+00,4.887616070906956045e-01,8.266203034407292038e-02,2.777777777777777679e+00
4.650000000000000355e+00,9.369771953184823587e+00,5.261558364617840988e-01,7.935430301102500139e-02,2.777777777777777679e+00
4.700000000000000178e+00,1.009032873857645995e+01,5.757013509951419694e-01,7.681200750638404740e-02,2.777777777777777679e+00
4.750000000000000000e+00,1.081808775799843403e+01,6.403049155457727348e-01,7.499977661094341108e-02,2.777777777777777679e+00
4.800000000000000711e+00,1.154198910957406454e+01,7.238252055973928289e-01,7.389725076332979981e-02,2.777777777777777679e+00
4.850000000000000533e+00,1.224877299194837832e+01,8.313511626573045765e-01,7.350017366641672933e-02,2.777777777777777679e+00
4.900000000000000355e+00,1.292274629875863923e+01,9.695449482763911497e-01,7.382229700466218236e-02,2.777777777777777679e+00
4.950000000000000178e+00,1.354550605889578385e+01,1.147041901950954124e+00,7.489841923056343720e-02,2.777777777777777679e+00
5.000000000000000000e+00,1.409562767229128610e+01,1.374873428118377872e+00,7.678902155017305886e-02,2.777777777777777679e+00
5.050000000000000711e+00,1.454836780559862319e+01,1.666827756026735496e+00,7.958715387162605681e-02,2.777777777777777679e+00
5.100000000000000533e+00,1.487551225497063712e+01,2.039574611448015329e+00,8.342846629922869017e-02,2.777777777777777679e+00
5.150000000000000355e+00,1.504563234196841393e+01,2.512240909320022197e+00,8.850555558509934362e-02,2.777777777777777679e+00
5.200000000000000178e+00,1.502520135958579495e+01,3.104939678543744641e+00,9.508801974101623034e-02,2.777777777777777679e+00
5.250000000000000000e+00,1.478122498919548455e+01,3.835578015029243559e+00,1.035495809036729442e-01,2.777777777777777679e+00
5.300000000000000711e+00,1.428612156203960915e+01,4.714264798929464817e+00,1.144029035952831008e-01,2.777777777777777679e+00
5.350000000000000533e+00,1.352526542137194632e+01,5.735129915187195948e+00,1.283404888402607802e-01,2.777777777777777679e+00
5.400000000000000355e+00,1.250648564646004779e+01,6.866772211204185794e+00,1.462750471264498420e-01,2.777777777777777679e+00
5.450000000000000178e+00,1.126872225381971226e+01,8.044966989528326451e+00,1.693638718521217057e-01,2.777777777777777679e+00
5.500000000000000000e+00,9.884776736234671901e+00,9.173585025484483069e+00,1.989894251467167197e-01,2.777777777777777679e+00
5.550000000000000711e+00,8.452973191213343895e+00,1.013906529420035341e+01,2.366578256608124209e-01,2.777777777777777679e+00
5.600000000000000533e+00,7.077090732400700190e+00,1.083750062181152529e+01,2.837805344349002556e-01,2.777777777777777679e+00
5.650000000000000355e+00,5.841936039534173730e+00,1.120360950666476541e+01,3.413367701816973354e-01,2.777777777777777679e+00
5.700000000000000178e+00,4.796554018345108972e+00,1.122645882623468871e+01,4.094746583122136352e-01,2.777777777777777679e+00
5.750000000000000000e+00,3.952397836381587037e+00,1.094448208269221290e+01,4.871676109666668308e-01,2.777777777777777679e+00
5.800000000000000711e+00,3.293674049151065208e+00,1.042586185151909284e+01,5.720551746295667872e-01,2.777777777777777679e+00
5.850000000000000533e+00,2.791298486896006015e+00,9.746847725430097142e+00,6.605489054290891726e-01,2.777777777777777679e+00
5.900000000000000355e+00,2.413768334377393465e+00,8.976703863429634112e+00,7.482006334101429790e-01,2.777777777777777679e+00
5.950000000000000178e+00,2.133040885281134447e+00,8.170885893520736687e+00,8.302530966505436982e-01,2.777777777777777679e+00
6.000000000000000000e+00,1.926552309697661336e+00,7.370002922795802824e+00,9.022473874499050694e-01,2.777777777777777679e+00
6.050000000000000711e+00,1.777147926827858493e+00,6.601615321336739228e+00,9.605566652509548442e-01,2.777777777777777679e+00
6.100000000000000533e+00,1.672205297300028759e+00,5.882907095060136982e+00,1.002747170120268150e+00,2.777777777777777679e+00
6.150000000000000355e+00,1.602618991814272142e+00,5.223286348762981035e+00,1.027721432164363735e+00,2.777777777777777679e+00
6.200000000000000178e+00,1.561913430042644935e+00,4.626582109085754624e+00,1.035654886392450846e+00,2.777777777777777679e+00
6.250000000000000000e+00,1.545549882884120096e+00,4.092786143357465711e+00,1.027778521922775301e+00,2.777777777777777679e+00
6.300000000000000711e+00,1.550413763669721279e+00,3.619386586665614303e+00,1.006078277055090897e+00,2.777777777777777679e+00
6.350000000000000533e+00,1.574445484728884903e+00,3.202361881367844720e+00,9.729782146281361621e-01,2.777777777777777679e+00
6.400000000000000355e+00,1.616377941763383452e+00,2.836900577770323117e+00,9.310570717011099617e-01,2.777777777777777679e+00
6.450000000000000178e+00,1.675550399113707067e+00,2.517904451387959597e+00,8.828258992687556539e-01,2.777777777777777679e+00
6.500000000000000000e+00,1.751776009216069685e+00,2.240324326094089713e+00,8.305751654548952922e-01,2.777777777777777679e+00
6.550000000000000711e+00,1.845246435385743178e+00,1.999370463657728969e+00,7.762862637685610245e-01,2.777777777777777679e+00
6.600000000000000533e+00,1.956461723432687538e+00,1.790632144603212295e+00,7.215952174226690774e-01,2.777777777777777679e+00
6.650000000000000355e+00,2.086176889118510402e+00,1.610134143046518584e+00,6.677941834670181320e-01,2.777777777777777679e+00
6.700000000000000178e+00,2.235358973464374621e+00,1.454351443666909827e+00,6.158573146243906393e-01,2.777777777777777679e+00
6.750000000000000000e+00,2.405149855735635445e+00,1.320198031737101374e+00,5.664800225937274281e-01,2.777777777777777679e+00
6.800000000000000711e+00,2.596831131412469240e+00,1.205001059472511793e+00,5.201235803952818371e-01,2.777777777777777679e+00
6.850000000000000533e+00,2.811788028001673378e+00,1.106468165846527185e+00,4.770596619226160628e-01,2.777777777777777679e+00
6.900000000000000355e+00,3.051469768726618792e+00,1.022653110316578795e+00,4.374115652330123338e-01,2.777777777777777679e+00
6.950000000000000178e+00,3.317344095190200903e+00,9.519230278914653232e-01,4.011904480704983622e-01,2.777777777777777679e+00
7.000000000000000000e+00,3.610843896413700183e+00,8.929293657398300610e-01,3.683259807968952138e-01,2.777777777777777679e+00
7.050000000000000711e+00,3.933304120669952830e+00,8.445837757649432564e-01,3.386914978820766420e-01,2.777777777777777679e+00
7.100000000000000533e+00,4.285887415380427612e+00,8.060397945505378692e-01,3.121241123101942683e-01,2.777777777777777679e+00
7.150000000000000355e+00,4.669497286300229533e+00,7.766809515487731463e-01,2.884404405898905455e-01,2.777777777777777679e+00
7.200000000000000178e+00,5.084678015276028695e+00,7.561159441185134611e-01,2.674486417282390116e-01,2.777777777777777679e+00
7.250000000000000000e+00,5.531501133908568235e+00,7.441816609865435916e-01,2.489574538879605337e-01,2.777777777777777679e+00
7.300000000000000711e+00,6.009438902811167438e+00,7.409550959269205483e-01,2.327828534103504321e-01,2.777777777777777679e+00
7.350000000000000533e+00,6.517225947387898621e+00,7.467755507823737871e-01,2.187528859366874578e-01,2.777777777777777679e+00
7.400000000000000355e+00,7.052710873093751331e+00,7.622789595924571726e-01,2.067111431826438306e-01,2.777777777777777679e+00
7.450000000000000178e+00,7.612700220770999060e+00,7.884466362100689407e-01,1.965192903352289688e-01,2.777777777777777679e+00
7.500000000000000000e+00,8.192797414459866090e+00,8.266711813960060384e-01,1.880589932399236719e-01,2.777777777777777679e+00
7.550000000000000711e+00,8.787239328095765245e+00,8.788425332224848452e-01,1.812335547119321155e-01,2.777777777777777679e+00
7.600000000000000533e+00,9.388732802462786964e+00,9.474569257083964580e-01,1.759695477721598122e-01,2.777777777777777679e+00
7.650000000000000355e+00,9.988293176723253453e+00,1.035750330458391488e+00,1.722187326265971485e-01,2.777777777777777679e+00
7.700000000000000178e+00,1.057508738625132061e+01,1.147854932718949339e+00,1.699605663569461744e-01,2.777777777777777679e+00
7.750000000000000000e+00,1.113628680555431139e+01,1.288970940897139261e+00,1.692056624166315415e-01,2.777777777777777679e+00
7.800000000000000711e+00,1.165694206555664891e+01,1.465534433423909100e+00,1.700006333750885001e-01,2.777777777777777679e+00
7.850000000000000533e+00,1.211990686728868383e+01,1.685342107246051491e+00,1.724348541867051776e-01,2.777777777777777679e+00
7.900000000000000355e+00,1.250586445934547619e+01,1.957562373248778576e+00,1.766498056301120112e-01,2.777777777777777679e+00
7.950000000000000178e+00,1.279355264340781773e+01,2.292516907870508103e+00,1.828517709820870474e-01,2.777777777777777679e+00
8.000000000000000000e+00,1.296034102117541309e+01,2.701059813796820919e+00,1.913286986742787354e-01,2.777777777777777679e+00
8.050000000000000711e+00,1.298337765111785025e+01,3.193327171182908319e+00,2.024718766027931716e-01,2.777777777777777679e+00
8.099999999999999645e+00,1.284156053433100375e+01,3.776615440020362868e+00,2.168024446307312836e-01,2.777777777777777679e+00
8.150000000000000355e+00,1.251853928614352718e+01,4.452244720595679439e+00,2.350012976504034790e-01,2.777777777777777679e+00
8.200000000000001066e+00,1.200671933323347673e+01,5.211573160146319772e+00,2.579380404715332920e-01,2.777777777777777679e+00
8.250000000000000000e+00,1.131174054799691575e+01,6.031927015502146716e+00,2.866897834188784078e-01,2.777777777777777679e+00
8.300000000000000711e+00,1.045617440669137466e+01,6.874009831810431237e+00,3.225336586638117842e-01,2.777777777777777679e+00
8.349999999999999645e+00,9.480555089405983793e+00,7.682925892815838154e+00,3.668894875715184023e-01,2.777777777777777679e+00
8.400000000000000355e+00,8.439976273474425028e+00,8.394531135355599361e+00,4.211853928807823833e-01,2.777777777777777679e+00
8.450000000000001066e+00,7.395918244562031951e+00,8.946830315042046067e+00,4.866267162311861960e-01,2.777777777777777679e+00
8.500000000000000000e+00,6.405404154288944163e+00,9.293159132605634198e+00,5.638743528210070632e-01,2.777777777777777679e+00
8.550000000000000711e+00,5.511440527350572438e+00,9.412000977898507870e+00,6.526812539943386282e-01,2.777777777777777679e+00
8.599999999999999645e+00,4.738266056244887281e+00,9.309475161670613730e+00,7.515791339967906604e-01,2.777777777777777679e+00
8.650000000000000355e+00,4.092303936477923010e+00,9.014309645127847048e+00,8.577251441552180555e-01,2.777777777777777679e+00
8.700000000000001066e+00,3.566960554937652184e+00,8.568577564952930103e+00,9.669923727455390638e-01,2.777777777777777679e+00
8.750000000000000000e+00,3.148430659205538440e+00,8.018305564992306955e+00,1.074323841800670642e+00,2.777777777777777679e+00
8.800000000000000711e+00,2.820461787198658588e+00,7.406565138601721721e+00,1.174292959303395945e+00,2.777777777777777679e+00
8.849999999999999645e+00,2.567368008348121844e+00,6.769661725290516685e+00,1.261754131514668309e+00,2.777777777777777679e+00
8.900000000000000355e+00,2.375500002632488616e+00,6.135811523869888262e+00,1.332445590325199936e+00,2.777777777777777679e+00
8.950000000000001066e+00,2.233694437380369546e+00,5.525371461044889188e+00,1.383426823014459295e+00,2.777777777777777679e+00
9.000000000000000000e+00,2.133179214305340743e+00,4.951849339251971571e+00,1.413284413855999677e+00,2.777777777777777679e+00
9.050000000000000711e+00,2.067252561919278975e+00,4.423196466285766348e+00,1.422102088560147193e+00,2.777777777777777679e+00
9.099999999999999645e+00,2.030910597205940693e+00,3.943106675423862839e+00,1.411242274772748662e+00,2.777777777777777679e+00
9.150000000000000355e+00,2.020503423613006611e+00,3.512185216315225400e+00,1.383014443044563002e+00,2.777777777777777679e+00
9.200000000000001066e+00,2.033447536915511833e+00,3.128930227185246160e+00,1.340308029923884536e+00,2.777777777777777679e+00
9.250000000000000000e+00,2.067997223359437697e+00,2.790513516483367873e+00,1.286251855214667339e+00,2.777777777777777679e+00
9.300000000000000711e+00,2.123067510634039756e+00,2.493372002031756463e+00,1.223937996553337237e+00,2.777777777777777679e+00
9.349999999999999645e+00,2.198098417824774664e+00,2.233634271326421672e+00,1.156224956419003913e+00,2.777777777777777679e+00
9.400000000000000355e+00,2.292950576343764979e+00,2.007412232822491482e+00,1.085617711590415535e+00,2.777777777777777679e+00
9.450000000000001066e+00,2.407823702599259263e+00,1.810988170052828083e+00,1.014212208304710927e+00,2.777777777777777679e+00
9.500000000000000000e+00,2.543190975489564742e+00,1.640924646680325338e+00,9.436880013210141582e-01,2.777777777777777679e+00
9.550000000000000711e+00,2.699743753580172267e+00,1.494120251072735384e+00,8.753330339497397139e-01,2.777777777777777679e+00
9.600000000000001421e+00,2.878342164483678634e+00,1.367829302721278228e+00,8.100870706752333339e-01,2.777777777777777679e+00
9.650000000000000355e+00,3.079967928264969235e+00,1.259659117077251977e+00,7.485935760758020141e-01,2.777777777777777679e+00
9.700000000000001066e+00,3.305676392270320729e+00,1.167554613109905937e+00,6.912530061986942309e-01,2.777777777777777679e+00
9.750000000000000000e+00,3.556545219743894037e+00,1.089777058665867049e+00,6.382731225687569010e-01,2.777777777777777679e+00
9.800000000000000711e+00,3.833617548808107678e+00,1.024881537473702586e+00,5.897139351506313076e-01,2.777777777777777679e+00
9.850000000000001421e+00,4.137837774582394879e+00,9.716961718110567192e-01,5.455262719541384975e-01,2.777777777777777679e+00
9.900000000000000355e+00,4.469978449746415450e+00,9.293051114478516617e-01,5.055838710859246188e-01,2.777777777777777679e+00
9.950000000000001066e+00,4.830557182540372807e+00,8.970366774803855137e-01,4.697094209652353802e-01,2.777777777777777679e+00
1.000000000000000000e+01,5.219742859304796312e+00,8.744577255122215620e-01,4.376952480173327276e-01,2.777777777777777679e+00
0.000000000000000000e+00,5.000000000000000000e-01,5.000000000000000000e-01,5.000000000000000000e-01,3.222222222222222321e+00
5.000000000000000278e-02,5.668055555555555625e-01,4.219444444444444553e-01,4.281944444444444331e-01,3.222222222222222321e+00
1.000000000000000056e-01,6.444712995756173290e-01,3.572334035493827109e-01,3.661514483024691513e-01,3.222222222222222321e+00
1.500000000000000222e-01,7.345710510604264165e-01,3.034727769520956242e-01,3.127901608310963422e-01,3.222222222222222321e+00
2.000000000000000111e-01,8.389034132931236787e-01,2.587291491030567214e-01,2.670669389147735107e-01,3.222222222222222321e+00
2.500000000000000000e-01,9.595139763161499857e-01,2.214347575438707361e-01,2.280073713579790495e-01,3.222222222222222321e+00
3.000000000000000444e-01,1.098717853707689818e+00,1.903135699800732328e-01,1.947228319370539196e-01,3.222222222222222321e+00
3.500000000000000333e-01,1.259121444078027841e+00,1.643235862300217176e-01,1.664167345772749051e-01,3.222222222222222321e+00
4.000000000000000222e-01,1.443641909143837054e+00,1.426116215309746749e-01,1.423841932195048510e-01,3.222222222222222321e+00
4.500000000000000111e-01,1.655522353810774394e+00,1.244777229579577538e-01,1.220076765474497338e-01,3.222222222222222321e+00
5.000000000000000000e-01,1.898340076163445023e+00,1.093470614599289376e-01,1.047504295174136735e-01,3.222222222222222321e+00
5.500000000000000444e-01,2.176004533693839615e+00,9.674767034107116526e-02,9.014884460333930094e-02,3.222222222222222321e+00
6.000000000000000888e-01,2.492740871650523271e+00,8.629280454668221412e-02,7.780454929703650713e-02,3.222222222222222321e+00
6.500000000000000222e-01,2.853054033406835277e+00,7.766700535436393826e-02,6.737668702975574408e-02,3.222222222222222321e+00
7.000000000000000666e-01,3.261667714911934191e+00,7.061519771458771300e-02,5.857467104409203734e-02,3.222222222222222321e+00
7.500000000000000000e-01,3.723431882523543290e+00,6.493434358400185236e-02,5.115155839319270037e-02,3.222222222222222321e+00
8.000000000000000444e-01,4.243192456631148524e+00,6.046734207618451734e-02,4.489810474070934920e-02,3.222222222222222321e+00
8.500000000000000888e-01,4.825617350129145500e+00,5.709902261674089374e-02,3.963750591912697241e-02,3.222222222222222321e+00
9.000000000000000222e-01,5.474974672393821962e+00,5.475423755226412753e-02,3.522079923278872288e-02,3.222222222222222321e+00
9.500000000000000666e-01,6.194861910662966764e+00,5.339824577717956072e-02,3.152287917178193954e-02,3.222222222222222321e+00
1.000000000000000000e+00,6.987889559749939750e+00,5.303981504342140940e-02,2.843907357919235601e-02,3.222222222222222321e+00
1.050000000000000044e+00,7.855329071668025520e+00,5.373779470543306458e-02,2.588222396947418430e-02,3.222222222222222321e+00
1.100000000000000089e+00,8.796742856242316222e+00,5.561237761212999703e-02,2.378021531254869217e-02,3.222222222222222321e+00
1.150000000000000133e+00,9.809622541959775788e+00,5.886296318575803127e-02,2.207390465062966309e-02,3.222222222222222321e+00
1.200000000000000178e+00,1.088906925411680504e+01,6.379558201589489996e-02,2.071540345822526705e-02,3.222222222222222321e+00
1.250000000000000000e+00,1.202755400516960904e+01,7.086444441197357891e-02,1.966667519929928692e-02,3.222222222222222321e+00
1.300000000000000044e+00,1.321479461989819626e+01,8.073463831960131509e-02,1.889841698698159142e-02,3.222222222222222321e+00
1.350000000000000089e+00,1.443777512090393955e+01,9.437679628450515446e-02,1.838920294071588399e-02,3.222222222222222321e+00
1.400000000000000133e+00,1.568091210694372251e+01,1.132103870957811842e-01,1.812487764109090710e-02,3.222222222222222321e+00
1.450000000000000178e+00,1.692633983862860347e+01,1.393212102163042254e-01,1.809820270831766567e-02,3.222222222222222321e+00
1.500000000000000000e+00,1.815424299340160630e+01,1.757921470557043397e-01,1.830878104356178926e-02,3.222222222222222321e+00
1.550000000000000044e+00,1.934311667478331387e+01,2.272061346695337936e-01,1.876331708456207073e-02,3.222222222222222321e+00
1.600000000000000089e+00,2.046978148604531356e+01,3.004086240539221020e-01,1.947632705537362743e-02,3.222222222222222321e+00
1.650000000000000133e+00,2.150893157878446971e+01,4.056541662687327410e-01,2.047150736816971683e-02,3.222222222222222321e+00
1.700000000000000178e+00,2.243195105699565417e+01,5.583039002035961040e-01,2.178413138927251871e-02,3.222222222222222321e+00
1.750000000000000000e+00,2.320471281672504205e+01,7.812686501287915419e-01,2.346512560591908908e-02,3.222222222222222321e+00
1.800000000000000044e+00,2.378411599311236913e+01,1.108350467798881578e+00,2.558796233130599188e-02,3.222222222222222321e+00
1.850000000000000089e+00,2.411333740090752897e+01,1.588385888159709047e+00,2.826033868068982338e-02,3.222222222222222321e+00
1.900000000000000133e+00,2.411643038097215808e+01,2.289338069098644901e+00,3.164400301105703417e-02,3.222222222222222321e+00
1.950000000000000178e+00,2.369449914014500180e+01,3.299680165814085520e+00,3.598830200065371993e-02,3.222222222222222321e+00
2.000000000000000000e+00,2.272887493526224034e+01,4.720890500984673999e+00,4.168618174424597311e-02,3.222222222222222321e+00
2.050000000000000266e+00,2.110154020649031992e+01,6.639863892944566359e+00,4.936477228485486313e-02,3.222222222222222321e+00
2.100000000000000089e+00,1.874603210913946683e+01,9.067975285554382481e+00,6.002267047076691175e-02,3.222222222222222321e+00
2.149999999999999911e+00,1.573131400258788126e+01,1.184857334708173227e+01,7.521132272862574020e-02,3.222222222222222321e+00
2.200000000000000178e+00,1.233901226104174853e+01,1.458611002208458984e+01,9.720434414664928802e-02,3.222222222222222321e+00
2.250000000000000000e+00,9.036268218599673219e+00,1.671431289084755534e+01,1.289835316575660973e-01,3.222222222222222321e+00
2.300000000000000266e+00,6.278827111025499619e+00,1.776498866223838746e+01,1.737549270828580572e-01,3.222222222222222321e+00
2.350000000000000089e+00,4.277440834247514090e+00,1.764513259633242015e+01,2.338397069288055685e-01,3.222222222222222321e+00
2.400000000000000355e+00,2.963195424203981077e+00,1.662731395584032867e+01,3.093212029106237604e-01,3.222222222222222321e+00
2.450000000000000178e+00,2.142032500731150257e+00,1.510307073408043799e+01,3.972314308000363670e-01,3.222222222222222321e+00
2.500000000000000000e+00,1.634142445580930358e+00,1.338858872029648417e+01,4.917272198957653995e-01,3.222222222222222321e+00
2.550000000000000266e+00,1.317008507141512963e+00,1.167975684057000407e+01,5.851283620955526343e-01,3.222222222222222321e+00
2.600000000000000089e+00,1.116696700254837360e+00,1.008006436164058783e+01,6.694177965871361824e-01,3.222222222222222321e+00
2.650000000000000355e+00,9.902761074166767097e-01,8.636246740423780821e+00,7.377368798874870404e-01,3.222222222222222321e+00
2.700000000000000178e+00,9.128465572820236851e-01,7.363088986501033162e+00,7.854668466237647584e-01,3.222222222222222321e+00
2.750000000000000000e+00,8.697903077367667990e-01,6.258095865168526117e+00,8.106760744821944753e-01,3.222222222222222321e+00
2.800000000000000266e+00,8.524317817350028914e-01,5.309828536256031128e+00,8.139505480368630641e-01,3.222222222222222321e+00
2.850000000000000089e+00,8.556322156298103998e-01,4.502683758261028402e+00,7.978008901889029891e-01,3.222222222222222321e+00
2.900000000000000355e+00,8.764419045586477885e-01,3.819683730335975191e+00,7.658986715226669961e-01,3.222222222222222321e+00
2.950000000000000178e+00,9.133307672212077621e-01,3.244101152113679998e+00,7.223538098263355689e-01,3.222222222222222321e+00
3.000000000000000000e+00,9.657405026499896739e-01,2.760363013394519172e+00,6.711567851704919319e-01,3.222222222222222321e+00
3.050000000000000266e+00,1.033819813106650054e+00,2.354493174848213854e+00,6.158235118419226328e-01,3.222222222222222321e+00
3.100000000000000089e+00,1.118266448807545332e+00,2.014261921861308924e+00,5.592228134684865681e-01,3.222222222222222321e+00
3.150000000000000355e+00,1.220232958739620344e+00,1.729157665434548186e+00,5.035399362041358406e-01,3.222222222222222321e+00
3.200000000000000178e+00,1.341270924158126210e+00,1.490260032917508415e+00,4.503259163689439237e-01,3.222222222222222321e+00
3.250000000000000000e+00,1.483298246850115909e+00,1.290067103735093479e+00,4.005910660746090923e-01,3.222222222222222321e+00
3.300000000000000266e+00,1.648579449581219158e+00,1.122309975730775955e+00,3.549130884880927761e-01,3.222222222222222321e+00
3.350000000000000089e+00,1.839711855797320217e+00,9.817739600850362569e-01,3.135417331877788927e-01,3.222222222222222321e+00
3.400000000000000355e+00,2.059611987499446517e+00,8.641363897321632237e-01,2.764906183386125482e-01,3.222222222222222321e+00
3.450000000000000178e+00,2.311497129090784419e+00,7.658251734381524845e-01,2.436126816440424836e-01,3.222222222222222321e+00
3.500000000000000000e+00,2.598857087399318200e+00,6.838988252107891519e-01,2.146591900702110867e-01,3.222222222222222321e+00
3.550000000000000266e+00,2.925410952904267781e+00,6.159469307989278164e-01,1.893240242204247692e-01,3.222222222222222321e+00
3.600000000000000089e+00,3.295043303969695359e+00,5.600092805619315550e-01,1.672756648503954668e-01,3.222222222222222321e+00
3.650000000000000355e+00,3.711713955219830829e+00,5.145117950190509770e-01,1.481794003365318746e-01,3.222222222222222321e+00
3.700000000000000178e+00,4.179335208299980842e+00,4.782176425474148895e-01,1.317120492168870616e-01,3.222222222222222321e+00
3.750000000000000000e+00,4.701610817613845583e+00,4.501924571868065050e-01,1.175711383091175150e-01,3.222222222222222321e+00
3.800000000000000266e+00,5.281831752489339671e+00,4.297832487687954783e-01,1.054800999299114611e-01,3.222222222222222321e+00
3.850000000000000089e+00,5.922625527749306507e+00,4.166114585731629516e-01,9.519070474145630012e-02,3.222222222222222321e+00
3.900000000000000355e+00,6.625658527570177370e+00,4.105817019981030658e-01,8.648365197079616040e-02,3.222222222222222321e+00
3.950000000000000178e+00,7.391294347637907158e+00,4.119091525896800832e-01,7.916800129612125425e-02,3.222222222222222321e+00
4.000000000000000000e+00,8.218215437073748575e+00,4.211704057561395098e-01,7.307994725594799124e-02,3.222222222222222321e+00
4.049999999999999822e+00,9.103019535617821845e+00,4.393852153076669986e-01,6.808130103635511021e-02,3.222222222222222321e+00
4.100000000000000533e+00,1.003980536383937228e+01,4.681399712721230899e-01,6.405794904179720750e-02,3.222222222222222321e+00
4.150000000000000355e+00,1.101976201425314095e+01,5.097684539137218307e-01,6.091849726064262061e-02,3.222222222222222321e+00
4.200000000000000178e+00,1.203077148263106722e+01,5.676114530844138528e-01,5.859328210462607517e-02,3.222222222222222321e+00
4.250000000000000000e+00,1.305702197962516209e+01,6.463841600032144141e-01,5.703393264519370648e-02,3.222222222222222321e+00
4.299999999999999822e+00,1.407861054626829223e+01,7.526878069318940767e-01,5.621371127313141286e-02,3.222222222222222321e+00
4.350000000000000533e+00,1.507108952358335685e+01,8.957067298294189017e-01,5.612895165042780521e-02,3.222222222222222321e+00
4.400000000000000355e+00,1.600489078606048565e+01,1.088126204964309673e+00,5.680207542969929746e-02,3.222222222222222321e+00
4.450000000000000178e+00,1.684456257630660048e+01,1.347273392449428009e+00,5.828693574982774656e-02,3.222222222222222321e+00
4.500000000000000000e+00,1.754781110464229243e+01,1.696390526819198996e+00,6.067765307568121630e-02,3.222222222222222321e+00
4.549999999999999822e+00,1.806451256348874423e+01,2.165737682335184822e+00,6.412273381017458140e-02,3.222222222222222321e+00
4.600000000000000533e+00,1.833623964593372691e+01,2.792805071939478356e+00,6.884713374640286099e-02,3.222222222222222321e+00
4.650000000000000355e+00,1.829752465145487861e+01,3.620207571404367108e+00,7.518598657268779628e-02,3.222222222222222321e+00
4.700000000000000178e+00,1.788104826868290687e+01,4.688890005983617826e+00,8.363458510990287587e-02,3.222222222222222321e+00
4.750000000000000000e+00,1.702978082272649374e+01,6.023632139776115224e+00,9.491869896525430284e-02,3.222222222222222321e+00
4.800000000000000711e+00,1.571846106529226361e+01,7.609110120353848927e+00,1.100845714471284653e-01,3.222222222222222321e+00
4.850000000000000533e+00,1.398218317071058614e+01,9.360720779104024558e+00,1.305934649942308845e-01,3.222222222222222321e+00
4.900000000000000355e+00,1.193962864871242857e+01,1.110635073274363904e+01,1.583744482642988061e-01,3.222222222222222321e+00
4.950000000000000178e+00,9.788045937938901986e+00,1.260575237804154369e+01,1.957419401682345128e-01,3.222222222222222321e+00
5.000000000000000000e+00,7.753439316668296222e+00,1.362245557357119630e+01,2.450519104141200000e-01,3.222222222222222321e+00
5.050000000000000711e+00,6.014003489959920401e+00,1.401817555445121855e+01,3.080264950865733153e-01,3.222222222222222321e+00
5.100000000000000533e+00,4.648139356472431594e+00,1.380255609055329025e+01,3.848739654646692876e-01,3.222222222222222321e+00
5.150000000000000355e+00,3.640351455142626591e+00,1.310303237979949387e+01,4.735620839154905948e-01,3.222222222222222321e+00
5.200000000000000178e+00,2.925002344034155932e+00,1.209140285913888135e+01,5.696327775933439641e-01,3.222222222222222321e+00
5.250000000000000000e+00,2.427635555237533271e+00,1.092421316131724218e+01,6.667118648582486262e-01,3.222222222222222321e+00
5.300000000000000711e+00,2.085824002178520153e+00,9.717951710034622437e+00,7.575650730245323539e-01,3.222222222222222321e+00
5.350000000000000533e+00,1.853868007378188576e+00,8.548600423573953222e+00,8.353639164173782827e-01,3.222222222222222321e+00
5.400000000000000355e+00,1.700446827149135531e+00,7.460407446769263373e+00,8.947938602959882859e-01,3.222222222222222321e+00
5.450000000000000178e+00,1.604760718976903089e+00,6.475470666300989997e+00,9.327362905221198153e-01,3.222222222222222321e+00
5.500000000000000000e+00,1.553219228593852419e+00,5.601391319009950465e+00,9.484279582011458931e-01,3.222222222222222321e+00
5.550000000000000711e+00,1.537065023321908308e+00,4.836761915448635207e+00,9.431697447570128734e-01,3.222222222222222321e+00
5.600000000000000533e+00,1.550787162847403255e+00,4.174937955711427229e+00,9.197589390011452481e-01,3.222222222222222321e+00
5.650000000000000355e+00,1.591091738055364857e+00,3.606571019963738411e+00,8.818374705529841151e-01,3.222222222222222321e+00
5.700000000000000178e+00,1.656239689601665788e+00,3.121265847466384802e+00,8.333047356301890307e-01,3.222222222222222321e+00
5.750000000000000000e+00,1.745619737836259233e+00,2.708619863989393917e+00,7.778757478418588667e-01,3.222222222222222321e+00
5.800000000000000711e+00,1.859470143133624243e+00,2.358832070011516180e+00,7.188043169488409490e-01,3.222222222222222321e+00
5.850000000000000533e+00,1.998693973581431749e+00,2.063019379335526260e+00,6.587513733070103905e-01,3.222222222222222321e+00
5.900000000000000355e+00,2.164732222416643204e+00,1.813342392169071449e+00,5.997610528391260631e-01,3.222222222222222321e+00
5.950000000000000178e+00,2.359471238468522802e+00,1.603014220072616514e+00,5.433054075404870620e-01,3.222222222222222321e+00
6.000000000000000000e+00,2.585168262959255170e+00,1.426243572215794675e+00,4.903651618401698720e-01,3.222222222222222321e+00
6.050000000000000711e+00,2.844383217679943066e+00,1.278146173632878968e+00,4.415231543052486329e-01,3.222222222222222321e+00
6.100000000000000533e+00,3.139907414452405732e+00,1.154646094633366982e+00,3.970557570932163882e-01,3.222222222222222321e+00
6.150000000000000355e+00,3.474681290192787042e+00,1.052379942037884986e+00,3.570143180333292809e-01,3.222222222222222321e+00
6.200000000000000178e+00,3.851694106621293301e+00,9.686112420246656418e-01,3.212933219673827501e-01,3.222222222222222321e+00
6.250000000000000000e+00,4.273859141163460329e+00,9.011589390455209125e-01,2.896848419109496198e-01,3.222222222222222321e+00
6.300000000000000711e+00,4.743858511862690364e+00,8.483420990482980484e-01,2.619204193750570009e-01,3.222222222222222321e+00
6.350000000000000533e+00,5.263952652299311197e+00,8.089421612814939877e-01,2.377022166545896265e-01,3.222222222222222321e+00
6.400000000000000355e+00,5.835750764088018627e+00,7.821841115654407650e-01,2.167254641760072986e-01,3.222222222222222321e+00
6.450000000000000178e+00,6.459940435957785887e+00,7.677385602060617931e-01,1.986941221344170616e-01,3.222222222222222321e+00
6.500000000000000000e+00,7.135977026043867966e+00,7.657478048726639175e-01,1.833314417669489882e-01,3.222222222222222321e+00
6.550000000000000711e+00,7.861736180494146353e+00,7.768805090451482709e-01,1.703868402757078848e-01,3.222222222222222321e+00
6.600000000000000533e+00,8.633135603118613943e+00,8.024216139512228008e-01,1.596402463691329321e-01,3.222222222222222321e+00
6.650000000000000355e+00,9.443734258332419529e+00,8.444064594886788733e-01,1.509048574483275451e-01,3.222222222222222321e+00
6.700000000000000178e+00,1.028431780448381438e+01,9.058105762608551492e-01,1.440290878230387206e-01,3.222222222222222321e+00
6.750000000000000000e+00,1.114247759073608890e+01,9.908085777209146849e-01,1.388983873501523636e-01,3.222222222222222321e+00
6.800000000000000711e+00,1.200218713804988546e+01,1.105115540510716254e+00,1.354375783574656711e-01,3.222222222222222321e+00
6.850000000000000533e+00,1.284337659595705361e+01,1.256419123443118124e+00,1.336144055471015224e-01,3.222222222222222321e+00
6.900000000000000355e+00,1.364150755547653304e+01,1.454894506148051603e+00,1.334451338572425205e-01,3.222222222222222321e+00
6.950000000000000178e+00,1.436716867304448009e+01,1.713756466782270005e+00,1.350032828897100856e-01,3.222222222222222321e+00
7.000000000000000000e+00,1.498576542409404944e+01,2.049726522578330989e+00,1.384329720738401992e-01,3.222222222222222321e+00
7.050000000000000711e+00,1.545749179325640910e+01,2.483154580307507686e+00,1.439688659546750904e-01,3.222222222222222321e+00
7.100000000000000533e+00,1.573797673060415470e+01,3.037311871242024175e+00,1.519652813580247286e-01,3.222222222222222321e+00
7.150000000000000355e+00,1.578030085007073602e+01,3.736072280408841539e+00,1.629373954739778696e-01,3.222222222222222321e+00
7.200000000000000178e+00,1.553940453653033593e+01,4.598926950382199230e+00,1.776170290174865496e-01,3.222222222222222321e+00
7.250000000000000000e+00,1.497999357110557739e+01,5.632350661261878777e+00,1.970227743249019503e-01,3.222222222222222321e+00
7.300000000000000711e+00,1.408833652811528658e+01,6.817585285157668373e+00,2.225367489980202562e-01,3.222222222222222321e+00
7.350000000000000533e+00,1.288612773881543383e+01,8.097649990951220289e+00,2.559644138358563303e-01,3.222222222222222321e+00
7.400000000000000355e+00,1.144082109870798192e+01,9.370621754209841114e+00,2.995273598851997954e-01,3.222222222222222321e+00
7.450000000000000178e+00,9.863741410576288615e+00,1.049899928450872366e+01,3.557075033750988768e-01,3.222222222222222321e+00
7.500000000000000000e+00,8.289732254790495247e+00,1.134046060218080676e+01,4.268494611724527599e-01,3.222222222222222321e+00
7.550000000000000711e+00,6.843005680285330961e+00,1.179101090254132878e+01,5.144806851051997310e-01,3.222222222222222321e+00
7.600000000000000533e+00,5.606192574249445393e+00,1.181750318896124874e+01,6.184542569689736036e-01,3.222222222222222321e+00
7.650000000000000355e+00,4.609306205915382648e+00,1.146022330792233213e+01,7.362007699355674895e-01,3.222222222222222321e+00
7.700000000000000178e+00,3.840261801901144079e+00,1.080789057921718488e+01,8.624500242401785810e-01,3.222222222222222321e+00
7.750000000000000000e+00,3.264803513361458354e+00,9.964428570614103364e+00,9.896517186991978798e-01,3.222222222222222321e+00
7.800000000000000711e+00,2.843431929699456351e+00,9.024426239253214632e+00,1.109050861287773859e+00,3.222222222222222321e+00
7.850000000000000533e+00,2.540768572904061884e+00,8.061871228205541584e+00,1.212119243385223255e+00,3.222222222222222321e+00
7.900000000000000355e+00,2.328760507664804358e+00,7.128518684579227660e+00,1.291929241421365004e+00,3.222222222222222321e+00
7.950000000000000178e+00,2.186603908383105477e+00,6.256907312450923797e+00,1.344109567235889813e+00,3.222222222222222321e+00
8.000000000000000000e+00,2.099473579941595780e+00,5.464734938118017915e+00,1.367198158232909133e+00,3.222222222222222321e+00
8.050000000000000711e+00,2.057096578697110711e+00,4.759061452769788758e+00,1.362415696534138077e+00,3.222222222222222321e+00
8.099999999999999645e+00,2.052547719973289553e+00,4.139812699715178290e+00,1.333037097151943851e+00,3.222222222222222321e+00
8.150000000000000355e+00,2.081339068725029051e+00,3.602494095260382778e+00,1.283594329420981284e+00,3.222222222222222321e+00
8.200000000000001066e+00,2.140765888802916628e+00,3.140180446547950144e+00,1.219112495865443346e+00,3.222222222222222321e+00
8.250000000000000000e+00,2.229447026062961967e+00,2.744898767006734630e+00,1.144504102086216557e+00,3.222222222222222321e+00
8.300000000000000711e+00,2.347003101893722299e+00,2.408532018110677964e+00,1.064166584661276671e+00,3.222222222222222321e+00
8.349999999999999645e+00,2.493828401803356076e+00,2.123365362087680008e+00,9.817705288445031098e-01,3.222222222222222321e+00
8.400000000000000355e+00,2.670924064143494814e+00,1.882380467474376484e+00,9.001964987367543358e-01,3.222222222222222321e+00
8.450000000000001066e+00,2.879769136544336305e+00,1.679382756445338298e+00,8.215712131690533493e-01,3.222222222222222321e+00
8.500000000000000000e+00,3.122212339137173664e+00,1.509025412406170608e+00,7.473596296047585463e-01,3.222222222222222321e+00
8.550000000000000711e+00,3.400371558266805927e+00,1.366775325486461856e+00,6.784804606847981701e-01,3.222222222222222321e+00
8.599999999999999645e+00,3.716530824421508061e+00,1.248851277453882913e+00,6.154238352224320474e-01,3.222222222222222321e+00
8.650000000000000355e+00,4.073026330141789941e+00,1.152153724583249161e+00,5.583589549321908985e-01,3.222222222222222321e+00
8.700000000000001066e+00,4.472114330802908988e+00,1.074198039016106332e+00,5.072261142948077950e-01,3.222222222222222321e+00
8.750000000000000000e+00,4.915814866238134684e+00,1.013058291047253867e+00,4.618116156159837726e-01,3.222222222222222321e+00
8.800000000000000711e+00,5.405726397035079955e+00,9.673258880521791170e-01,4.218064893070828103e-01,3.222222222222222321e+00
8.849999999999999645e+00,5.942807854794379452e+00,9.360860515581996832e-01,3.868510902992002842e-01,3.222222222222222321e+00
8.900000000000000355e+00,6.527126374454376823e+00,9.189147875502460261e-01,3.565680460286889675e-01,3.222222222222222321e+00
8.950000000000001066e+00,7.157571122384448259e+00,9.158993940000241807e-01,3.305860101780957461e-01,3.222222222222222321e+00
9.000000000000000000e+00,7.831536038573174707e+00,9.276864484084815787e-01,3.085564477193390442e-01,3.222222222222222321e+00
9.050000000000000711e+00,8.544576708000679588e+00,9.555624457460707433e-01,2.901653758672173566e-01,3.222222222222222321e+00
9.099999999999999645e+00,9.290048576579616579e+00,1.001573566756403855e+00,2.751416912821723071e-01,3.222222222222222321e+00
9.150000000000000355e+00,1.005873494311154204e+01,1.068691994084875363e+00,2.632634705887695881e-01,3.222222222222222321e+00
9.200000000000001066e+00,1.083847348851000625e+01,1.161035863640140997e+00,2.543634641196367840e-01,3.222222222222222321e+00
9.250000000000000000e+00,1.161379025494702155e+01,1.284146619727414507e+00,2.483349280183793639e-01,3.222222222222222321e+00
9.300000000000000711e+00,1.236555230507601344e+01,1.445318091570762631e+00,2.451389709668450323e-01,3.222222222222222321e+00
9.349999999999999645e+00,1.307065987674416974e+01,1.653950642553267958e+00,2.448147413949580686e-01,3.222222222222222321e+00
9.400000000000000355e+00,1.370182475139112199e+01,1.921862801869430148e+00,2.474940560392203948e-01,3.222222222222222321e+00
9.450000000000001066e+00,1.422753726649097672e+01,2.263420288843160932e+00,2.534224560055888809e-01,3.222222222222222321e+00
9.500000000000000000e+00,1.461242567186730490e+01,2.695226520998830644e+00,2.629890951221614537e-01,3.222222222222222321e+00
9.550000000000000711e+00,1.481836724251300907e+01,3.234958283919496580e+00,2.767680954444349251e-01,3.222222222222222321e+00
9.600000000000001421e+00,1.480689953652097657e+01,3.898760558386113573e+00,2.955735239374061574e-01,3.222222222222222321e+00
9.650000000000000355e+00,1.454360711904808490e+01,4.696555254534235502e+00,3.205278797575493721e-01,3.222222222222222321e+00
9.700000000000001066e+00,1.400499913167670485e+01,5.624928726484166752e+00,3.531380148941757335e-01,3.222222222222222321e+00
9.750000000000000000e+00,1.318758961144723152e+01,6.658322615227470820e+00,3.953599369683487019e-01,3.222222222222222321e+00
9.800000000000000711e+00,1.211716745913048143e+01,7.741287004165814167e+00,4.496123544468030309e-01,3.222222222222222321e+00
9.850000000000001421e+00,1.085398655659750133e+01,8.786932753815476005e+00,5.186695472676400298e-01,3.222222222222222321e+00
9.900000000000000355e+00,9.488567212937018880e+00,9.687228787681245734e+00,6.053403039737651481e-01,3.222222222222222321e+00
9.950000000000001066e+00,8.125572940194476956e+00,1.033649558030069926e+01,7.118531270847213710e-01,3.222222222222222321e+00
1.000000000000000000e+01,6.860214264707393816e+00,1.066054901142762645e+01,8.389594914488686106e-01,3.222222222222222321e+00
0.000000000000000000e+00,5.000000000000000000e-01,5.000000000000000000e-01,5.000000000000000000e-01,3.666666666666666519e+00
5.000000000000000278e-02,5.779166666666666341e-01,4.108333333333333282e-01,4.170833333333333615e-01,3.666666666666666519e+00
1.000000000000000056e-01,6.702364461805555562e-01,3.388792986111111016e-01,3.473122430555555806e-01,3.666666666666666519e+00
1.500000000000000222e-01,7.793692790042348051e-01,2.806642046788200284e-01,2.889085682968521862e-01,3.666666666666666519e+00
2.000000000000000111e-01,9.081188764210376130e-01,2.334613325555847663e-01,2.402208194067942393e-01,3.666666666666666519e+00
2.500000000000000000e-01,1.059729945039147525e+00,1.951191202398363800e-01,1.997638832701659761e-01,3.666666666666666519e+00
3.000000000000000444e-01,1.237936896924097585e+00,1.639319545960054025e-01,1.662319061900067452e-01,3.666666666666666519e+00
3.500000000000000333e-01,1.447011505257237207e+00,1.385424374800838798e-01,1.384951708554738870e-01,3.666666666666666519e+00
4.000000000000000222e-01,1.691805821239733998e+00,1.178669912554936722e-01,1.155881170522131685e-01,3.666666666666666519e+00
4.500000000000000111e-01,1.977785169335620319e+00,1.010388840533771038e-01,9.669308934180396997e-02,3.666666666666666519e+00
5.000000000000000000e-01,2.311044162054819662e+00,8.736437237612451612e-02,8.112264858931711453e-02,3.666666666666666519e+00
5.500000000000000444e-01,2.698296442515426996e+00,7.628883540342824843e-02,6.830212398092400106e-02,3.666666666666666519e+00
6.000000000000000888e-01,3.146826373401630850e+00,6.737063589970634925e-02,5.775332893664648221e-02,3.666666666666666519e+00
6.500000000000000222e-01,3.664388375924625851e+00,6.026108182004091818e-02,4.907988758048508621e-02,3.666666666666666519e+00
7.000000000000000666e-01,4.259037506230659353e+00,5.468935290643200942e-02,4.195432606417580368e-02,3.666666666666666519e+00
7.500000000000000000e-01,4.938873820305317963e+00,5.045165484659114297e-02,3.610691147523834021e-02,3.666666666666666519e+00
8.000000000000000444e-01,5.711684101701888672e+00,4.740421892267561443e-02,3.131612717216580161e-02,3.666666666666666519e+00
8.500000000000000888e-01,6.584468866893971928e+00,4.546012579465028014e-02,2.740062836127040227e-02,3.666666666666666519e+00
9.000000000000000222e-01,7.562851607011768174e+00,4.459035443328102089e-02,2.421250657245589341e-02,3.666666666666666519e+00
9.500000000000000666e-01,8.650382133784082939e+00,4.483001729884016767e-02,2.163169408282972217e-02,3.666666666666666519e+00
1.000000000000000000e+00,9.847766989657460002e+00,4.629155407323171795e-02,1.956135143165194795e-02,3.666666666666666519e+00
1.050000000000000044e+00,1.115208576262329032e+01,4.918789723200061442e-02,1.792409811213812806e-02,3.666666666666666519e+00
1.100000000000000089e+00,1.255607876662523736e+01,5.387058255272104967e-02,1.665896546928642696e-02,3.666666666666666519e+00
1.150000000000000133e+00,1.404761160652957486e+01,6.089092960550267219e-02,1.571897033030965687e-02,3.666666666666666519e+00
1.200000000000000178e+00,1.560942545549930571e+01,7.109753860688856897e-02,1.506922757153008642e-02,3.666666666666666519e+00
1.250000000000000000e+00,1.721925729758514478e+01,8.579171231129946451e-02,1.468554031930651219e-02,3.666666666666666519e+00
1.300000000000000044e+00,1.885035343443353639e+01,1.069760724633581350e-01,1.455342967514422839e-02,3.666666666666666519e+00
1.350000000000000089e+00,2.047230058936384722e+01,1.377538588545765552e-01,1.466759555065217172e-02,3.666666666666666519e+00
1.400000000000000133e+00,2.205196979453625161e+01,1.829721371083215253e-01,1.503184356390812465e-02,3.666666666666666519e+00
1.450000000000000178e+00,2.355422461941432033e+01,2.502583901958670420e-01,1.565958339300575416e-02,3.666666666666666519e+00
1.500000000000000000e+00,2.494190435385819882e+01,3.516849595838208442e-01,1.657512677108456678e-02,3.666666666666666519e+00
1.550000000000000044e+00,2.617446615846695934e+01,5.064142609340452905e-01,1.781623636520835927e-02,3.666666666666666519e+00
1.600000000000000089e+00,2.720456855884568270e+01,7.448143838614782464e-01,1.943879102733193920e-02,3.666666666666666519e+00
1.650000000000000133e+00,2.797185059495492965e+01,1.114606755020459916e+00,2.152520918341320130e-02,3.666666666666666519e+00
1.700000000000000178e+00,2.839340823652601031e+01,1.689342641702318959e+00,2.419972377513315842e-02,3.666666666666666519e+00
1.750000000000000000e+00,2.835160555895273760e+01,2.578171481608163340e+00,2.765627474554602921e-02,3.666666666666666519e+00
1.800000000000000044e+00,2.768334720500742918e+01,3.931819693444838393e+00,3.220952110793223050e-02,3.666666666666666519e+00
1.850000000000000089e+00,2.618334903662906399e+01,5.930234695566806380e+00,3.838716653473857321e-02,3.666666666666666519e+00
1.900000000000000133e+00,2.364882812239817866e+01,8.721445450355661322e+00,4.709168780698602674e-02,3.666666666666666519e+00
1.950000000000000178e+00,2.000397056205901336e+01,1.227265228151983223e+01,5.986253367779423989e-02,3.666666666666666519e+00
2.000000000000000000e+00,1.550308939088029803e+01,1.614919032294781687e+01,7.922942096443240378e-02,3.666666666666666519e+00
2.050000000000000266e+00,1.085382749350193343e+01,1.942837159460738761e+01,1.089743100352352084e-01,3.666666666666666519e+00
2.100000000000000089e+00,6.953293457770440611e+00,2.110655041227295214e+01,1.537534048929963815e-01,3.666666666666666519e+00
2.149999999999999911e+00,4.290594189426190752e+00,2.085733908259540925e+01,2.173863058919538183e-01,3.666666666666666519e+00
2.200000000000000178e+00,2.724579774272724464e+00,1.920274153257795646e+01,3.002118113685029455e-01,3.666666666666666519e+00
2.250000000000000000e+00,1.858535586003315698e+00,1.690375060074716984e+01,3.974747350452116912e-01,3.666666666666666519e+00
2.300000000000000266e+00,1.378122763280912544e+00,1.448935300111766011e+01,4.999619211323351742e-01,3.666666666666666519e+00
2.350000000000000089e+00,1.104854588953906980e+00,1.222351242604469412e+01,5.962954436943521674e-01,3.666666666666666519e+00
2.400000000000000355e+00,9.472071564220791995e-01,1.021083287137888895e+01,6.757834290635613694e-01,3.666666666666666519e+00
2.450000000000000178e+00,8.585787730552323360e-01,8.477136519408192683e+00,7.307986606892968862e-01,3.666666666666666519e+00
2.500000000000000000e+00,8.146556516684810845e-01,7.012025860756779139e+00,7.579703887756386038e-01,3.666666666666666519e+00
2.550000000000000266e+00,8.024440847006134581e-01,5.789573829195739485e+00,7.580566986381387373e-01,3.666666666666666519e+00
2.600000000000000089e+00,8.149865663704012331e-01,4.778464813962015612e+00,7.348832489450923822e-01,3.666666666666666519e+00
2.650000000000000355e+00,8.487471395133144858e-01,3.947098340971816555e+00,6.939341967489229823e-01,3.666666666666666519e+00
2.700000000000000178e+00,9.022723459537945745e-01,3.266130458032953765e+00,6.410783369082471150e-01,3.666666666666666519e+00
2.750000000000000000e+00,9.754843046420530461e-01,2.709605671591841958e+00,5.816777180789205470e-01,3.666666666666666519e+00
2.800000000000000266e+00,1.069300363464591452e+00,2.255282318250998674e+00,5.201139090398760878e-01,3.666666666666666519e+00
2.850000000000000089e+00,1.185428442231562629e+00,1.884508192765831369e+00,4.596463648657097556e-01,3.666666666666666519e+00
2.900000000000000355e+00,1.326260099875678611e+00,1.581870654269704080e+00,4.024818268922427666e-01,3.666666666666666519e+00
2.950000000000000178e+00,1.494818767593915299e+00,1.334760219755746435e+00,3.499483026122632290e-01,3.666666666666666519e+00
3.000000000000000000e+00,1.694738111317350304e+00,1.132928339035941256e+00,3.026996335367868052e-01,3.666666666666666519e+00
3.050000000000000266e+00,1.930254076092633886e+00,9.680811761558328898e-01,2.609080916003155837e-01,3.666666666666666519e+00
3.100000000000000089e+00,2.206198047462578860e+00,8.335269899177387698e-01,2.244256358511868277e-01,3.666666666666666519e+00
3.150000000000000355e+00,2.527979814942263648e+00,7.238808765037456627e-01,1.929088305590756225e-01,3.666666666666666519e+00
3.200000000000000178e+00,2.901548724441193272e+00,6.348236433834072434e-01,1.659099832547800968e-01,3.666666666666666519e+00
3.250000000000000000e+00,3.333320208095817083e+00,5.629087483800696567e-01,1.429402014953403965e-01,3.666666666666666519e+00
3.300000000000000266e+00,3.830053280652811143e+00,5.054107544855330758e-01,1.235107097577218122e-01,3.666666666666666519e+00
3.350000000000000089e+00,4.398663106841016912e+00,4.602095145054631575e-01,1.071581966516483575e-01,3.666666666666666519e+00
3.400000000000000355e+00,5.045952005314124911e+00,4.257057071764264733e-01,9.345893586899342576e-02,3.666666666666666519e+00
3.450000000000000178e+00,5.778243051297132560e+00,4.007651349949712394e-01,8.203534073462299958e-02,3.666666666666666519e+00
3.500000000000000000e+00,6.600903684551101769e+00,3.846913322586730244e-01,7.255765225231181059e-02,3.666666666666666519e+00
3.550000000000000266e+00,7.517753300123140470e+00,3.772286643256207439e-01,6.474268424476385675e-02,3.666666666666666519e+00
3.600000000000000089e+00,8.530359209297948553e+00,3.786015348247604995e-01,5.835095732218555098e-02,3.666666666666666519e+00
3.650000000000000355e+00,9.637239213585683473e+00,3.896000542413793344e-01,5.318312212478160800e-02,3.666666666666666519e+00
3.700000000000000178e+00,1.083300431968389077e+01,4.117292984302449166e-01,4.907627145060378115e-02,3.666666666666666519e+00
3.750000000000000000e+00,1.210748748044814782e+01,4.474491333467059406e-01,4.590054309452502174e-02,3.666666666666666519e+00
3.800000000000000266e+00,1.344490662730938091e+01,5.005458393630417557e-01,4.355629999151746506e-02,3.666666666666666519e+00
3.850000000000000089e+00,1.482309354308056193e+01,5.766968750985095316e-01,4.197213030904627801e-02,3.666666666666666519e+00
3.900000000000000355e+00,1.621277546822672733e+01,6.843168298576123298e-01,4.110393779988275043e-02,3.666666666666666519e+00
3.950000000000000178e+00,1.757682009483546537e+01,8.358037004278230375e-01,4.093550792424581475e-02,3.666666666666666519e+00
4.000000000000000000e+00,1.886925690560858726e+01,1.049329093206465835e+00,4.148117661260197764e-02,3.666666666666666519e+00
4.049999999999999822e+00,2.003380691037523675e+01,1.351300687659732436e+00,4.279166915212701677e-02,3.666666666666666519e+00
4.100000000000000533e+00,2.100167998670973546e+01,1.779487288436986558e+00,4.496494047801855021e-02,3.666666666666666519e+00
4.150000000000000355e+00,2.168872112638456073e+01,2.386353298427735581e+00,4.816512446260544367e-02,3.666666666666666519e+00
4.200000000000000178e+00,2.199294376695347708e+01,3.241054888627203923e+00,5.265472626009466001e-02,3.666666666666666519e+00
4.250000000000000000e+00,2.179557632125746736e+01,4.426310087289258455e+00,5.884810556496838929e-02,3.666666666666666519e+00
4.299999999999999822e+00,2.097228105164418466e+01,6.022762188396980854e+00,6.739756905541977039e-02,3.666666666666666519e+00
4.350000000000000533e+00,1.942490282983222727e+01,8.070276860623675219e+00,7.932414392862616181e-02,3.666666666666666519e+00
4.400000000000000355e+00,1.714187057517606050e+01,1.050023218148058746e+01,9.619421716800927169e-02,3.666666666666666519e+00
4.450000000000000178e+00,1.427426396608590764e+01,1.305987921726008594e+01,1.202996392644481022e-01,3.666666666666666519e+00
4.500000000000000000e+00,1.116900549804444331e+01,1.530250562885821353e+01,1.546940624249970031e-01,3.666666666666666519e+00
4.549999999999999822e+00,8.276884378534695941e+00,1.673438239971673624e+01,2.027914416763803018e-01,3.666666666666666519e+00
4.600000000000000533e+00,5.947103366579068684e+00,1.707822215683200184e+01,2.672375621695549097e-01,3.666666666666666519e+00
4.650000000000000355e+00,4.281684410944622599e+00,1.641790443668409338e+01,3.482354645462324982e-01,3.666666666666666519e+00
4.700000000000000178e+00,3.180312783139476629e+00,1.507960297845613162e+01,4.422350541045549366e-01,3.666666666666666519e+00
4.750000000000000000e+00,2.478690681902714132e+00,1.341392451641302053e+01,5.419413114522496633e-01,3.666666666666666519e+00
4.800000000000000711e+00,2.037590904800101299e+00,1.167688586673958895e+01,6.377574492446778098e-01,3.666666666666666519e+00
4.850000000000000533e+00,1.763085223457493633e+00,1.001923605461637123e+01,7.200056616343082361e-01,3.666666666666666519e+00
4.900000000000000355e+00,1.597420207372333367e+00,8.515786686957088847e+00,7.810466042107097051e-01,3.666666666666666519e+00
4.950000000000000178e+00,1.506248088032238641e+00,7.194872976956601995e+00,8.166119799075020058e-01,3.666666666666666519e+00
5.000000000000000000e+00,1.469367556860255108e+00,6.058613230807185168e+00,8.260854725975134150e-01,3.666666666666666519e+00
5.050000000000000711e+00,1.475052581027016307e+00,5.095351729237823868e+00,8.118980105656754542e-01,3.666666666666666519e+00
5.100000000000000533e+00,1.516762387577955673e+00,4.287048116215698812e+00,7.784486128246383974e-01,3.666666666666666519e+00
5.150000000000000355e+00,1.591253778440202993e+00,3.613591428432100905e+00,7.309714160522492454e-01,3.666666666666666519e+00
5.200000000000000178e+00,1.697490643834989710e+00,3.055231711256546134e+00,6.746274011401348636e-01,3.666666666666666519e+00
5.250000000000000000e+00,1.836004865788966711e+00,2.593844433202638911e+00,6.139260236773593782e-01,3.666666666666666519e+00
5.300000000000000711e+00,2.008514134335129153e+00,2.213477633143273948e+00,5.524553459764149910e-01,3.666666666666666519e+00
5.350000000000000533e+00,2.217685693411143522e+00,1.900475714930975446e+00,4.928391983812958621e-01,3.666666666666666519e+00
5.400000000000000355e+00,2.466980248619047078e+00,1.643372178367227932e+00,4.368306929359916380e-01,3.666666666666666519e+00
5.450000000000000178e+00,2.760534518214848188e+00,1.432673315517534629e+00,3.854684779980602771e-01,3.666666666666666519e+00
5.500000000000000000e+00,3.103053679589403924e+00,1.260606388490258523e+00,3.392465074837475725e-01,3.666666666666666519e+00
5.550000000000000711e+00,3.499691408097380219e+00,1.120873604855904260e+00,2.982697235435889938e-01,3.666666666666666519e+00
5.600000000000000533e+00,3.955898206990886123e+00,1.008433063840540322e+00,2.623835272879337377e-01,3.666666666666666519e+00
5.650000000000000355e+00,4.477220031629028263e+00,9.193161891661720819e-01,2.312744114780085070e-01,3.666666666666666519e+00
5.700000000000000178e+00,5.069030025901043679e+00,8.504851945982575545e-01,2.045441247510561278e-01,3.666666666666666519e+00
5.750000000000000000e+00,5.736177487849112744e+00,7.997318573758394056e-01,1.817618153901141564e-01,3.666666666666666519e+00
5.800000000000000711e+00,6.482540818672921645e+00,7.656190363918159436e-01,1.624990140933886551e-01,3.666666666666666519e+00
5.850000000000000533e+00,7.310475879430383905e+00,7.474682776819521202e-01,1.463519015594323958e-01,3.666666666666666519e+00
5.900000000000000355e+00,8.220158231218313460e+00,7.454002460825147613e-01,1.329545751643124718e-01,3.666666666666666519e+00
5.950000000000000178e+00,9.208826843198613332e+00,7.604396679147247262e-01,1.219862554978042857e-01,3.666666666666666519e+00
6.000000000000000000e+00,1.026994661704522471e+01,7.947032116458654372e-01,1.131746913883575900e-01,3.666666666666666519e+00
6.050000000000000711e+00,1.139231470594481088e+01,8.516975074832088266e-01,1.062974856248326411e-01,3.666666666666666519e+00
6.100000000000000533e+00,1.255913705236643807e+01,9.367651158791820976e-01,1.011826899361274179e-01,3.666666666666666519e+00
6.150000000000000355e+00,1.374709267580539596e+01,1.057727115325785006e+00,9.770981317342787575e-02,3.666666666666666519e+00
6.200000000000000178e+00,1.492538275108897494e+01,1.225777039736050122e+00,9.581236396594731974e-02,3.666666666666666519e+00
6.250000000000000000e+00,1.605473697853853920e+01,1.456669367318623731e+00,9.548324084711502791e-02,3.666666666666666519e+00
6.300000000000000711e+00,1.708634748048733698e+01,1.772188092887894362e+00,9.678475100259020802e-02,3.666666666666666519e+00
6.350000000000000533e+00,1.796078018139921539e+01,2.201719669672233426e+00,9.986587843237343387e-02,3.666666666666666519e+00
6.400000000000000355e+00,1.860718495524488958e+01,2.783387988733699636e+00,1.049907416764082474e-01,3.666666666666666519e+00
6.450000000000000178e+00,1.894375060580792081e+01,3.563492118973908607e+00,1.125840097581049942e-01,3.666666666666666519e+00
6.500000000000000000e+00,1.888147638036422293e+01,4.591814996713019958e+00,1.233010477871001598e-01,3.666666666666666519e+00
6.550000000000000711e+00,1.833482082629710064e+01,5.908995773396522821e+00,1.381313039159422773e-01,3.666666666666666519e+00
6.600000000000000533e+00,1.724355158388013720e+01,7.521946091456267247e+00,1.585387908846951355e-01,3.666666666666666519e+00
6.650000000000000355e+00,1.560719808668203612e+01,9.367661473759154589e+00,1.866240700368133332e-01,3.666666666666666519e+00
6.700000000000000178e+00,1.352270389885376289e+01,1.127910710932071581e+01,2.252422232588042195e-01,3.666666666666666519e+00
6.750000000000000000e+00,1.119830093729369302e+01,1.298626348059009850e+01,2.779199336097795681e-01,3.666666666666666519e+00
6.800000000000000711e+00,8.910905117394824160e+00,1.418691354954898287e+01,3.483187934207875869e-01,3.666666666666666519e+00
6.850000000000000533e+00,6.909497998840506305e+00,1.467231188336702807e+01,4.390379203966888744e-01,3.666666666666666519e+00
6.900000000000000355e+00,5.327237454925920268e+00,1.442022025854500278e+01,5.499254837317165689e-01,3.666666666666666519e+00
6.950000000000000178e+00,4.168262332890935618e+00,1.357806094886717396e+01,6.766528130877302871e-01,3.666666666666666519e+00
7.000000000000000000e+00,3.360137045206153417e+00,1.236585827801978787e+01,8.104952901205532134e-01,3.666666666666666519e+00
7.050000000000000711e+00,2.812850721721714908e+00,1.098722167438691422e+01,9.396999867406092832e-01,3.666666666666666519e+00
7.100000000000000533e+00,2.450263119730054839e+00,9.590662680236142990e+00,1.051971315240654237e+00,3.666666666666666519e+00
7.150000000000000355e+00,2.217527738836798878e+00,8.268529168165338561e+00,1.137113523457952136e+00,3.666666666666666519e+00
7.200000000000000178e+00,2.078055505337768949e+00,7.069990628702978341e+00,1.188914927034422364e+00,3.666666666666666519e+00
7.250000000000000000e+00,2.008379170612583753e+00,6.015037242937122386e+00,1.205793937317927611e+00,3.666666666666666519e+00
7.300000000000000711e+00,1.993859910670118696e+00,5.105498871190536470e+00,1.190271015760788309e+00,3.666666666666666519e+00
7.350000000000000533e+00,2.025701427966176915e+00,4.332828072975901001e+00,1.147710182667328827e+00,3.666666666666666519e+00
7.400000000000000355e+00,2.099014337454994550e+00,3.683309196474446878e+00,1.084866603215056458e+00,3.666666666666666519e+00
7.450000000000000178e+00,2.211592592534513457e+00,3.141380327055907085e+00,1.008643376583624685e+00,3.666666666666666519e+00
7.500000000000000000e+00,2.363141483477110505e+00,2.691618950067027338e+00,9.252458179169495978e-01,3.666666666666666519e+00
7.550000000000000711e+00,2.554782821092851819e+00,2.319816248198852016e+00,8.397425151372295282e-01,3.666666666666666519e+00
7.600000000000000533e+00,2.788725434041675832e+00,2.013461545206710834e+00,7.559445264865110037e-01,3.666666666666666519e+00
7.650000000000000355e+00,3.068028987150619891e+00,1.761870735609199379e+00,6.764875447677780596e-01,3.666666666666666519e+00
7.700000000000000178e+00,3.396413111666868545e+00,1.556119608837090995e+00,6.030167523982193911e-01,3.666666666666666519e+00
7.750000000000000000e+00,3.778077762500873682e+00,1.388886147060067744e+00,5.364037759908166780e-01,3.666666666666666519e+00
7.800000000000000711e+00,4.217508618279043553e+00,1.254264960164819032e+00,4.769539298463665866e-01,3.666666666666666519e+00
7.850000000000000533e+00,4.719245872185170221e+00,1.147589817084827768e+00,4.245836141831706434e-01,3.666666666666666519e+00
7.900000000000000355e+00,5.287597716345000087e+00,1.065283595818193429e+00,3.789616254060119149e-01,3.666666666666666519e+00
7.950000000000000178e+00,5.926282489619083549e+00,1.004745856919382119e+00,3.396158337404425187e-01,3.666666666666666519e+00
8.000000000000000000e+00,6.637986813305285949e+00,9.642842302485378214e-01,3.060102146223350195e-01,3.666666666666666519e+00
8.050000000000000711e+00,7.423831773391485811e+00,9.430952257891773716e-01,2.775982802419535989e-01,3.666666666666666519e+00
8.099999999999999645e+00,8.282745626624009816e+00,9.413019177664305737e-01,2.538587318481727584e-01,3.666666666666666519e+00
8.150000000000000355e+00,9.210749324835571628e+00,9.600596424101124349e-01,2.343183801308930947e-01,3.666666666666666519e+00
8.200000000000001066e+00,1.020016927131268147e+01,1.001746031242950252e+00,2.185664795620657908e-01,3.666666666666666519e+00
8.250000000000000000e+00,1.123879818421672283e+01,1.070257847768376402e+00,2.062638117813012095e-01,3.666666666666666519e+00
8.300000000000000711e+00,1.230902736212551751e+01,1.171442875965370556e+00,1.971492397363079907e-01,3.666666666666666519e+00
8.349999999999999645e+00,1.338697066051339135e+01,1.313697172954805259e+00,1.910460931244599425e-01,3.666666666666666519e+00
8.400000000000000355e+00,1.444159484874840871e+01,1.508748678338433402e+00,1.878706782973124101e-01,3.666666666666666519e+00
8.450000000000001066e+00,1.543387502811502721e+01,1.772611437941400414e+00,1.876454837482555427e-01,3.666666666666666519e+00
8.500000000000000000e+00,1.631603728254319563e+01,2.126599921522128511e+00,1.905203444546048064e-01,3.666666666666666519e+00
8.550000000000000711e+00,1.703108990512076559e+01,2.598087951114800731e+00,1.968059988091085954e-01,3.666666666666666519e+00
8.599999999999999645e+00,1.751316401753390295e+01,3.220308774251737560e+00,2.070260879786153529e-01,3.666666666666666519e+00
8.650000000000000355e+00,1.768976924492525882e+01,4.029863407155693800e+00,2.219953217197284945e-01,3.666666666666666519e+00
8.700000000000001066e+00,1.748789393240568657e+01,5.059819797519258699e+00,2.429319101401465897e-01,3.666666666666666519e+00
8.750000000000000000e+00,1.684652666372226548e+01,6.325888091050997808e+00,2.716078602638027362e-01,3.666666666666666519e+00
8.800000000000000711e+00,1.573740696247320869e+01,7.804600587035146475e+00,3.105235996991784209e-01,3.666666666666666519e+00
8.849999999999999645e+00,1.419149305247294102e+01,9.408008846494432476e+00,3.630504523993551835e-01,3.666666666666666519e+00
8.900000000000000355e+00,1.231962639957889927e+01,1.096981580118440824e+01,4.334030292194562817e-01,3.666666666666666519e+00
8.950000000000001066e+00,1.030727370612855687e+01,1.226596844189713842e+01,5.261982261555036011e-01,3.666666666666666519e+00
9.000000000000000000e+00,8.369432017436050586e+00,1.308110994837380403e+01,6.453235136721104936e-01,3.666666666666666519e+00
9.050000000000000711e+00,6.681529633265592238e+00,1.329331975095739438e+01,7.920628114669350239e-01,3.666666666666666519e+00
9.099999999999999645e+00,5.330465016828570768e+00,1.291876671272587096e+01,9.630018128853763404e-01,3.666666666666666519e+00
9.150000000000000355e+00,4.315740612665242004e+00,1.208529006282602047e+01,1.148803849385293896e+00,3.666666666666666519e+00
9.200000000000001066e+00,3.585958725589256879e+00,1.096532356363067962e+01,1.334859898246915533e+00,3.666666666666666519e+00
9.250000000000000000e+00,3.076390236752422513e+00,9.718486625983606686e+00,1.503932375973705327e+00,3.666666666666666519e+00
9.300000000000000711e+00,2.729960722787279970e+00,8.464971311956972500e+00,1.639876936217445014e+00,3.666666666666666519e+00
9.349999999999999645e+00,2.503544123544091171e+00,7.282563216490643754e+00,1.731038608010544655e+00,3.666666666666666519e+00
9.400000000000000355e+00,2.367039799975440673e+00,6.214136114029939151e+00,1.772178797547974582e+00,3.666666666666666519e+00
9.450000000000001066e+00,2.300384578293209525e+00,5.277417110071707995e+00,1.764541535454558163e+00,3.666666666666666519e+00
9.500000000000000000e+00,2.290682578211372888e+00,4.473709537863035379e+00,1.714439037579732927e+00,3.666666666666666519e+00
9.550000000000000711e+00,2.330027814184095547e+00,3.794677134262923968e+00,1.631145127233971648e+00,3.666666666666666519e+00
9.600000000000001421e+00,2.413996512440813369e+00,3.227183871277059524e+00,1.524849716986482084e+00,3.666666666666666519e+00
9.650000000000000355e+00,2.540640831184502346e+00,2.756479203941264444e+00,1.405128014846481754e+00,3.666666666666666519e+00
9.700000000000001066e+00,2.709821973817810203e+00,2.368107181337808509e+00,1.280050621995218796e+00,3.666666666666666519e+00
9.750000000000000000e+00,2.922760538883144132e+00,2.048913463944825430e+00,1.155844194420816873e+00,3.666666666666666519e+00
9.800000000000000711e+00,3.181718844659592094e+00,1.787468043405812779e+00,1.036927601753452333e+00,3.666666666666666519e+00
9.850000000000001421e+00,3.489756470923764731e+00,1.574143963457794948e+00,9.261532027956123070e-01,3.666666666666666519e+00
9.900000000000000355e+00,3.850517450748887072e+00,1.401016903455325924e+00,8.251264021104229851e-01,3.666666666666666519e+00
9.950000000000001066e+00,4.268018135711522554e+00,1.261689564824578946e+00,7.345252654152765182e-01,3.666666666666666519e+00
1.000000000000000000e+01,4.746411205768822583e+00,1.151101516944021297e+00,6.543805431903111369e-01,3.666666666666666519e+00
0.000000000000000000e+00,5.000000000000000000e-01,5.000000000000000000e-01,5.000000000000000000e-01,4.111111111111110716e+00
5.000000000000000278e-02,5.890277777777778168e-01,3.997222222222222010e-01,4.059722222222222343e-01,4.111111111111110716e+00
1.000000000000000056e-01,6.965065310570988100e-01,3.210091442901234493e-01,3.289705686728395251e-01,4.111111111111110716e+00
1.500000000000000222e-01,8.259338333792545228e-01,2.590295170241371236e-01,2.662802061825865207e-01,4.111111111111110716e+00
2.000000000000000111e-01,9.814515110310659818e-01,2.100984752977980152e-01,2.154684896117451676e-01,4.111111111111110716e+00
2.500000000000000000e-01,1.167936252770485961e+00,1.713875591206104332e-01,1.744242033005304060e-01,4.111111111111110716e+00
3.000000000000000444e-01,1.391094510260366457e+00,1.407137257027043509e-01,1.413548562540885845e-01,4.111111111111110716e+00
3.500000000000000333e-01,1.657556394067911443e+00,1.163845313981305418e-01,1.147622241033828400e-01,4.111111111111110716e+00
4.000000000000000222e-01,1.974960383953887622e+00,9.708354427813684073e-02,9.340837364648296726e-02,4.111111111111110716e+00
4.500000000000000111e-01,2.352016770502692644e+00,8.178486000613802154e-02,7.627925228232433630e-02,4.111111111111110716e+00
5.000000000000000000e-01,2.798532733922800553e+00,6.968893440969503583e-02,6.254969120739517496e-02,4.111111111111110716e+00
5.500000000000000444e-01,3.325375904408562899e+00,6.017427056456028239e-02,5.155170379803467040e-02,4.111111111111110716e+00
6.000000000000000888e-01,3.944346499766169245e+00,5.276113539094443028e-02,4.274680477471630435e-02,4.111111111111110716e+00
6.500000000000000222e-01,4.667921579040819502e+00,4.708466533717724223e-02,3.570242791777424735e-02,4.111111111111110716e+00
7.000000000000000666e-01,5.508830241693175367e+00,4.287562337682599561e-02,3.007218277122509012e-02,4.111111111111110716e+00
7.500000000000000000e-01,6.479418422312356540e+00,3.994782360731513604e-02,2.557953812332165733e-02,4.111111111111110716e+00
8.000000000000000444e-01,7.590770080461595626e+00,3.819196543463758420e-02,2.200447343095535482e-02,4.111111111111110716e+00
8.500000000000000888e-01,8.851572656195930477e+00,3.757644956401360453e-02,1.917265050792500702e-02,4.111111111111110716e+00
9.000000000000000222e-01,1.026675292907956027e+01,3.815686183299889234e-02,1.694669777449396564e-02,4.111111111111110716e+00
9.500000000000000666e-01,1.183596658683424430e+01,4.009748423328826639e-02,1.521925130890855460e-02,4.111111111111110716e+00
1.000000000000000000e+00,1.355209657306541260e+01,4.371088187002637043e-02,1.390745149289002690e-02,4.111111111111110716e+00
1.050000000000000044e+00,1.539998747500312426e+01,4.952610096878134333e-02,1.294864650630873221e-02,4.111111111111110716e+00
1.100000000000000089e+00,1.735568962660921244e+01,5.840364969515306898e-02,1.229710261952292501e-02,4.111111111111110716e+00
1.150000000000000133e+00,1.938647172994217627e+01,7.172857252974615405e-02,1.192156671439464216e-02,4.111111111111110716e+00
1.200000000000000178e+00,2.145175023948171855e+01,9.173563778917187550e-02,1.180357153024548869e-02,4.111111111111110716e+00
1.250000000000000000e+00,2.350486130445404598e+01,1.220598754245595802e-01,1.193642471487590083e-02,4.111111111111110716e+00
1.300000000000000044e+00,2.549528449218708559e+01,1.686729466102469543e-01,1.232489033804748564e-02,4.111111111111110716e+00
1.350000000000000089e+00,2.737056941970108426e+01,2.414792212281288153e-01,1.298567840173328776e-02,4.111111111111110716e+00
1.400000000000000133e+00,2.907688044084135015e+01,3.570303838818407183e-01,1.394904847285400110e-02,4.111111111111110716e+00
1.450000000000000178e+00,3.055679675781133398e+01,5.430993461078292839e-01,1.526219806490812514e-02,4.111111111111110716e+00
1.500000000000000000e+00,3.174278344530389262e+01,8.462223334078665671e-01,1.699582955087609523e-02,4.111111111111110716e+00
1.550000000000000044e+00,3.254464374668442161e+01,1.343597204681224344e+00,1.925674799800441289e-02,4.111111111111110716e+00
1.600000000000000089e+00,3.282976698018109118e+01,2.160197544273150250e+00,2.221228931776284346e-02,4.111111111111110716e+00
1.650000000000000133e+00,3.239793981338556961e+01,3.488406744198956133e+00,2.613824599179746799e-02,4.111111111111110716e+00
1.700000000000000178e+00,3.096278338323182666e+01,5.595407438966555347e+00,3.151315836038591500e-02,4.111111111111110716e+00
1.750000000000000000e+00,2.817825765969169538e+01,8.773830131720506742e+00,3.920102856452355178e-02,4.111111111111110716e+00
1.800000000000000044e+00,2.379198747390226032e+01,1.314594261001009556e+01,5.078778533410082535e-02,4.111111111111110716e+00
1.850000000000000089e+00,1.800285823051708789e+01,1.825290882158860128e+01,6.912283021156512275e-02,4.111111111111110716e+00
1.900000000000000133e+00,1.183670777527831675e+01,2.269710986274228759e+01,9.890065150730982524e-02,4.111111111111110716e+00
1.950000000000000178e+00,6.823527690704132453e+00,2.471439787082614004e+01,1.463966280676400056e-01,4.111111111111110716e+00
2.000000000000000000e+00,3.752381073383839638e+00,2.379592897433880339e+01,2.167460151334639762e-01,4.111111111111110716e+00
2.050000000000000266e+00,2.200684352184629322e+00,2.105946332000662125e+01,3.092676235671055207e-01,4.111111111111110716e+00
2.100000000000000089e+00,1.453186393371452390e+00,1.779150926978577729e+01,4.153272039520641279e-01,4.111111111111110716e+00
2.149999999999999911e+00,1.079890000567923058e+00,1.466988571038640465e+01,5.207223131998475196e-01,4.111111111111110716e+00
2.200000000000000178e+00,8.859319348264773630e-01,1.193587172313208811e+01,6.102815975480949673e-01,4.111111111111110716e+00
2.250000000000000000e+00,7.862398417579194998e-01,9.637482585331868634e+00,6.723475758668666646e-01,4.111111111111110716e+00
2.300000000000000266e+00,7.421149629242451695e-01,7.748682747112280111e+00,7.014225122423562997e-01,4.111111111111110716e+00
2.350000000000000089e+00,7.351334045419503083e-01,6.218131787659763710e+00,6.983240924520873749e-01,4.111111111111110716e+00
2.400000000000000355e+00,7.564291103448802511e-01,4.989105094743047530e+00,6.684700902799736166e-01,4.111111111111110716e+00
2.450000000000000178e+00,8.020675272674251399e-01,4.007888420477439873e+00,6.194955401845066989e-01,4.111111111111110716e+00
2.500000000000000000e+00,8.709335415603401964e-01,3.227166583445280512e+00,5.591952878694538276e-01,4.111111111111110716e+00
2.550000000000000266e+00,9.637244045233398504e-01,2.607001508858505900e+00,4.942352177980885441e-01,4.111111111111110716e+00
2.600000000000000089e+00,1.082461048316136543e+00,2.114601560410867442e+00,4.296172874014164700e-01,4.111111111111110716e+00
2.650000000000000355e+00,1.230257875835686798e+00,1.723530766633521338e+00,3.686692416642632364e-01,4.111111111111110716e+00
2.700000000000000178e+00,1.411227906323614389e+00,1.412727933167678529e+00,3.133081327770737001e-01,4.111111111111110716e+00
2.750000000000000000e+00,1.630460065015979287e+00,1.165536597836830612e+00,2.643928760581095716e-01,4.111111111111110716e+00
2.800000000000000266e+00,1.894032116799051479e+00,9.688407032765413707e-01,2.220602611252549818e-01,4.111111111111110716e+00
2.850000000000000089e+00,2.209034035647814864e+00,8.123383841780200676e-01,1.859989589361607520e-01,4.111111111111110716e+00
2.900000000000000355e+00,2.583580067983344275e+00,6.879533833905998597e-01,1.556519722521585158e-01,4.111111111111110716e+00
2.950000000000000178e+00,3.026786824789450492e+00,5.893690901830280771e-01,1.303552704766351988e-01,4.111111111111110716e+00
3.000000000000000000e+00,3.548691174385569802e+00,5.116659538433661059e-01,1.094262807654556163e-01,4.111111111111110716e+00
3.050000000000000266e+00,4.160076701689789047e+00,4.510439402733170677e-01,9.221604415640100028e-02,4.111111111111110716e+00
3.100000000000000089e+00,4.872172308334985047e+00,4.046148849160124406e-01,7.813661933468479814e-02,4.111111111111110716e+00
3.150000000000000355e+00,5.696182866156212832e+00,3.702536548181554754e-01,6.667253484900007021e-02,4.111111111111110716e+00
3.200000000000000178e+00,6.642612116647607756e+00,3.465014859776495149e-01,5.738255815691332279e-02,4.111111111111110716e+00
3.250000000000000000e+00,7.720345335831781064e+00,3.325198076314180851e-01,4.989603383850774870e-02,4.111111111111110716e+00
3.300000000000000266e+00,8.935476990945913300e+00,3.280988361948847243e-01,4.390655849336955185e-02,4.111111111111110716e+00
3.350000000000000089e+00,1.028989904157644908e+01,3.337332023219571342e-01,3.916472416999865203e-02,4.111111111111110716e+00
3.400000000000000355e+00,1.177970779383870870e+01,3.507884539469766083e-01,3.547097233244198011e-02,4.111111111111110716e+00
3.450000000000000178e+00,1.339353401578752667e+01,3.817999334239597919e-01,3.266916398955850565e-02,4.111111111111110716e+00
3.500000000000000000e+00,1.511093542522715794e+01,4.309729996168606414e-01,3.064121854366993331e-02,4.111111111111110716e+00
3.550000000000000266e+00,1.690098473834716231e+01,5.049961513638281385e-01,2.930305903735539244e-02,4.111111111111110716e+00
3.600000000000000089e+00,1.872110505002732594e+01,6.143427241143660789e-01,2.860210629415314496e-02,4.111111111111110716e+00
3.650000000000000355e+00,2.051601738494256821e+01,7.753269585907068828e-01,2.851670220805229902e-02,4.111111111111110716e+00
3.700000000000000178e+00,2.221637212660246519e+01,1.013288082397054701e+00,2.905817142548023507e-02,4.111111111111110716e+00
3.750000000000000000e+00,2.373630608268451425e+01,1.367349050949688838e+00,3.027688182180007445e-02,4.111111111111110716e+00
3.800000000000000266e+00,2.496901261085897517e+01,1.897057261039242437e+00,3.227489054056404544e-02,4.111111111111110716e+00
3.850000000000000089e+00,2.577993594536829391e+01,2.690379358954142930e+00,3.523001186044862065e-02,4.111111111111110716e+00
3.900000000000000355e+00,2.599946863927625529e+01,3.869880392282719406e+00,3.944011410954111757e-02,4.111111111111110716e+00
3.950000000000000178e+00,2.542293561427775472e+01,5.587486397872181598e+00,4.540291274833245516e-02,4.111111111111110716e+00
4.000000000000000000e+00,2.383701843542870691e+01,7.986399878306309930e+00,5.395504900465095816e-02,4.111111111111110716e+00
4.049999999999999822e+00,2.110438054751389814e+01,1.109758644377749093e+01,6.649822882967483528e-02,4.111111111111110716e+00
4.100000000000000533e+00,1.732525153925834260e+01,1.466053853606936563e+01,8.531243379858706455e-02,4.111111111111110716e+00
4.150000000000000355e+00,1.299884210972299492e+01,1.797816044515414546e+01,1.138247384059417194e-01,4.111111111111110716e+00
4.200000000000000178e+00,8.946605368884881671e+00,2.009433602208387626e+01,1.563823143363791690e-01,4.111111111111110716e+00
4.250000000000000000e+00,5.856041432879705688e+00,2.041109999944542963e+01,2.167879386689648691e-01,4.111111111111110716e+00
4.299999999999999822e+00,3.868373015693690409e+00,1.913731797732182116e+01,2.955431723792096843e-01,4.111111111111110716e+00
4.350000000000000533e+00,2.709378138857347906e+00,1.696945450506794018e+01,3.876229353663766530e-01,4.111111111111110716e+00
4.400000000000000355e+00,2.053930063614486823e+00,1.453203933691080074e+01,4.828908027835951411e-01,4.111111111111110716e+00
4.450000000000000178e+00,1.684043244957183383e+00,1.218583190752739576e+01,5.689828584546376966e-01,4.111111111111110716e+00
4.500000000000000000e+00,1.479036190316203481e+00,1.009000021549947768e+01,6.349454250609929407e-01,4.111111111111110716e+00
4.549999999999999822e+00,1.375557987303024365e+00,8.292932510486920705e+00,6.739849249829269473e-01,4.111111111111110716e+00
4.600000000000000533e+00,1.340487902203631121e+00,6.789619727493648504e+00,6.844474201600380114e-01,4.111111111111110716e+00
4.650000000000000355e+00,1.356575683784644104e+00,5.551803684434180042e+00,6.691088279834330743e-01,4.111111111111110716e+00
4.700000000000000178e+00,1.415247398056540984e+00,4.543164227883878858e+00,6.335157801907980168e-01,4.111111111111110716e+00
4.750000000000000000e+00,1.512987664424103595e+00,3.726861621397045354e+00,5.842130633949647045e-01,4.111111111111110716e+00
4.800000000000000711e+00,1.649479955507471507e+00,3.069092683166548596e+00,5.273959252862570057e-01,4.111111111111110716e+00
4.850000000000000533e+00,1.826627406775111595e+00,2.540504398557286159e+00,4.681517273257617129e-01,4.111111111111110716e+00
4.900000000000000355e+00,2.048025636324368293e+00,2.116463356719497924e+00,4.102054647492274775e-01,4.111111111111110716e+00
4.950000000000000178e+00,2.318669575734098931e+00,1.776754063415594498e+00,3.559911865021386790e-01,4.111111111111110716e+00
5.000000000000000000e+00,2.644775557422319512e+00,1.505037402777335664e+00,3.068821994004754528e-01,4.111111111111110716e+00
5.050000000000000711e+00,3.033646660805969564e+00,1.288252718889182358e+00,2.634639335210309241e-01,4.111111111111110716e+00
5.100000000000000533e+00,3.493530524186569064e+00,1.116056682604955386e+00,2.257852263361449507e-01,4.111111111111110716e+00
5.150000000000000355e+00,4.033427212630951608e+00,9.803396467053848706e-01,1.935614222686869446e-01,4.111111111111110716e+00
5.200000000000000178e+00,4.662806795804828930e+00,8.748322621649451403e-01,1.663248540671311559e-01,4.111111111111110716e+00
5.250000000000000000e+00,5.391195939163004880e+00,7.948023807029398480e-01,1.435289215936650375e-01,4.111111111111110716e+00
5.300000000000000711e+00,6.227593049610998577e+00,7.368385630340027470e-01,1.246156079842308390e-01,4.111111111111110716e+00
5.350000000000000533e+00,7.179675172540099126e+00,6.987182469179081812e-01,1.090562700336631247e-01,4.111111111111110716e+00
5.400000000000000355e+00,8.252769647314870838e+00,6.793640866586250215e-01,9.637402394911519232e-02,4.111111111111110716e+00
5.450000000000000178e+00,9.448581564445273528e+00,6.789008114859539367e-01,8.615416038044412805e-02,4.111111111111110716e+00
5.500000000000000000e+00,1.076369442166282475e+01,6.988378683602416430e-01,7.804729342960813054e-02,4.111111111111110716e+00
5.550000000000000711e+00,1.218789215826753214e+01,7.424216576565142445e-01,7.176857094250996272e-02,4.111111111111110716e+00
5.600000000000000533e+00,1.370237595804161579e+01,8.152274007263466959e-01,6.709528203616629827e-02,4.111111111111110716e+00
5.650000000000000355e+00,1.527795199816236682e+01,9.260962191815371725e-01,6.386456966615294828e-02,4.111111111111110716e+00
5.700000000000000178e+00,1.687322648730302532e+01,1.088566164860544028e+00,6.197266927822521476e-02,4.111111111111110716e+00
5.750000000000000000e+00,1.843275051318466495e+01,1.322984007972489051e+00,6.137716543608033593e-02,4.111111111111110716e+00
5.800000000000000711e+00,1.988493372469324783e+01,1.659475133894939392e+00,6.210427308150430481e-02,4.111111111111110716e+00
5.850000000000000533e+00,2.113950206724267389e+01,2.141778719745157655e+00,6.426430069050582949e-02,4.111111111111110716e+00
5.900000000000000355e+00,2.208458514581462140e+01,2.831362998296730105e+00,6.808056762410390206e-02,4.111111111111110716e+00
5.950000000000000178e+00,2.258472460168626128e+01,3.809706122566121511e+00,7.394055965014094400e-02,4.111111111111110716e+00
6.000000000000000000e+00,2.248401401838236779e+01,5.173403576784410873e+00,8.248323366922510891e-02,4.111111111111110716e+00
6.050000000000000711e+00,2.162373776102401735e+01,7.011552908183310784e+00,9.474186497156034115e-02,4.111111111111110716e+00
6.100000000000000533e+00,1.988907065021036047e+01,9.350724475454029516e+00,1.123610706860168756e-01,4.111111111111110716e+00
6.150000000000000355e+00,1.729420453564865312e+01,1.206230174292277724e+01,1.378786364542092802e-01,4.111111111111110716e+00
6.200000000000000178e+00,1.407886643294223816e+01,1.477307943894578202e+01,1.749602730583118271e-01,4.111111111111110716e+00
6.250000000000000000e+00,1.072049688048445404e+01,1.689732566302274819e+01,2.282461903980017581e-01,4.111111111111110716e+00
6.300000000000000711e+00,7.759643314983913243e+00,1.789482842227360493e+01,3.022167989112271025e-01,4.111111111111110716e+00
6.350000000000000533e+00,5.523556278053840529e+00,1.760676240141111748e+01,3.987483466174109870e-01,4.111111111111110716e+00
6.400000000000000355e+00,4.020044289351462297e+00,1.631358313846457975e+01,5.143251829560386845e-01,4.111111111111110716e+00
6.450000000000000178e+00,3.074359527433881301e+00,1.447391136221648011e+01,6.390410501924016495e-01,4.111111111111110716e+00
6.500000000000000000e+00,2.497486544634847760e+00,1.247242730072625960e+01,7.585646194406643339e-01,4.111111111111110716e+00
6.550000000000000711e+00,2.153565976286896166e+00,1.054547643082854691e+01,8.581110486915602964e-01,4.111111111111110716e+00
6.600000000000000533e+00,1.959094744809345201e+00,8.809816798035605245e+00,9.264312889080468238e-01,4.111111111111110716e+00
6.650000000000000355e+00,1.865751480836617793e+00,7.307966307598128708e+00,9.581901056089681123e-01,4.111111111111110716e+00
6.700000000000000178e+00,1.846297080848162908e+00,6.041608142145182825e+00,9.541667774089153120e-01,4.111111111111110716e+00
6.750000000000000000e+00,1.885862668162677114e+00,4.992116584378968547e+00,9.197667930276487436e-01,4.111111111111110716e+00
6.800000000000000711e+00,1.977004822602924650e+00,4.132446698100233462e+00,8.628387340200238675e-01,4.111111111111110716e+00
6.850000000000000533e+00,2.116953822166608212e+00,3.433761471389950692e+00,7.916766790113983765e-01,4.111111111111110716e+00
6.900000000000000355e+00,2.306071537671074534e+00,2.868884153102003065e+00,7.136632911070488472e-01,4.111111111111110716e+00
6.950000000000000178e+00,2.546967256727454831e+00,2.413854119847579582e+00,6.346088555176504498e-01,4.111111111111110716e+00
7.000000000000000000e+00,2.843966930591637521e+00,2.048395382350709504e+00,5.586210894291478990e-01,4.111111111111110716e+00
7.050000000000000711e+00,3.202762677648295586e+00,1.755811396837669625e+00,4.882873415989251731e-01,4.111111111111110716e+00
7.100000000000000533e+00,3.630137003207646540e+00,1.522620682789792346e+00,4.249893625449982504e-01,4.111111111111110716e+00
7.150000000000000355e+00,4.133690075999767899e+00,1.338114120599020129e+00,3.692355739657185998e-01,4.111111111111110716e+00
7.200000000000000178e+00,4.721514705627204656e+00,1.193929865634172804e+00,3.209521880901778923e-01,4.111111111111110716e+00
7.250000000000000000e+00,5.401771331080103877e+00,1.083691968219329560e+00,2.797123475892777655e-01,4.111111111111110716e+00
7.300000000000000711e+00,6.182119811812807342e+00,1.002732638414721489e+00,2.449033925987406934e-01,4.111111111111110716e+00
7.350000000000000533e+00,7.068969971771458027e+00,9.479071172238110465e-01,2.158416764547459454e-01,4.111111111111110716e+00
7.400000000000000355e+00,8.066521707285472687e+00,9.175087489003200814e-01,1.918469505668265740e-01,4.111111111111110716e+00
7.450000000000000178e+00,9.175580150185632888e+00,9.112970154498276631e-01,1.722876513635344109e-01,4.111111111111110716e+00
7.500000000000000000e+00,1.039215232104271003e+01,9.306617429727431778e-01,1.566064895740359453e-01,4.111111111111110716e+00
7.550000000000000711e+00,1.170585638833240694e+01,9.789623011419582577e-01,1.443336322609067301e-01,4.111111111111110716e+00
7.600000000000000533e+00,1.309819631061801815e+01,1.062101506360202841e+00,1.350929696279482006e-01,4.111111111111110716e+00
7.650000000000000355e+00,1.454076239035338958e+01,1.189418755268557337e+00,1.286056627316506662e-01,4.111111111111110716e+00
7.700000000000000178e+00,1.599340103006960945e+01,1.375009020006579652e+00,1.246944478017735919e-01,4.111111111111110716e+00
7.750000000000000000e+00,1.740235510681407760e+01,1.639573204071350432e+00,1.232920941701597245e-01,4.111111111111110716e+00
7.800000000000000711e+00,1.869834586431505130e+01,2.012828505047997929e+00,1.244581076504043676e-01,4.111111111111110716e+00
7.850000000000000533e+00,1.979466093873138988e+01,2.536236819876844351e+00,1.284094802826631632e-01,4.111111111111110716e+00
7.900000000000000355e+00,2.058577620579692180e+01,3.265112796312604537e+00,1.355743407575539794e-01,4.111111111111110716e+00
7.950000000000000178e+00,2.094828135160460647e+01,4.267682771581503332e+00,1.466819500763697492e-01,4.111111111111110716e+00
8.000000000000000000e+00,2.074833065039067748e+01,5.616062473527677845e+00,1.629078087135399922e-01,4.111111111111110716e+00
8.050000000000000711e+00,1.986319950432432790e+01,7.361024154129657937e+00,1.860943651752997585e-01,4.111111111111110716e+00
8.099999999999999645e+00,1.822570902001022120e+01,9.482714351155321353e+00,2.190520575020784011e-01,4.111111111111110716e+00
8.150000000000000355e+00,1.589068312799442850e+01,1.182306142528987181e+01,2.658786829624519288e-01,4.111111111111110716e+00
8.200000000000001066e+00,1.309199435981647319e+01,1.404252603344423811e+01,3.320632815986798714e-01,4.111111111111110716e+00
8.250000000000000000e+00,1.022132389626091609e+01,1.568217847477295024e+01,4.238547172829926768e-01,4.111111111111110716e+00
8.300000000000000711e+00,7.684371948810410302e+00,1.636623072595315875e+01,5.462267219952778863e-01,4.111111111111110716e+00
8.349999999999999645e+00,5.719649092643722454e+00,1.601207109577345378e+01,6.994126917195551130e-01,4.111111111111110716e+00
8.400000000000000355e+00,4.342187233703414861e+00,1.484230093776737647e+01,8.756246226138029165e-01,4.111111111111110716e+00
8.450000000000001066e+00,3.434220600276182811e+00,1.320764050169050741e+01,1.058563481366425529e+00,4.111111111111110716e+00
8.500000000000000000e+00,2.856342077850574146e+00,1.141696850943456276e+01,1.226851429760056122e+00,4.111111111111110716e+00
8.550000000000000711e+00,2.499808737264168190e+00,9.675312531502401114e+00,1.359881479635681290e+00,4.111111111111110716e+00
8.599999999999999645e+00,2.292766232259419557e+00,8.093799884146919865e+00,1.443276680675756207e+00,4.111111111111110716e+00
8.650000000000000355e+00,2.191116006354124846e+00,6.718780239568859614e+00,1.471733916902816075e+00,4.111111111111110716e+00
8.700000000000001066e+00,2.168847960847532175e+00,5.557414456539123471e+00,1.448664650377851970e+00,4.111111111111110716e+00
8.750000000000000000e+00,2.211269191354383601e+00,4.595624267703678711e+00,1.383573663852153857e+00,4.111111111111110716e+00
8.800000000000000711e+00,2.310818896906470687e+00,3.809646456600278341e+00,1.288726566539310836e+00,4.111111111111110716e+00
8.849999999999999645e+00,2.464585721043127897e+00,3.172993649338525124e+00,1.176341613167741773e+00,4.111111111111110716e+00
8.900000000000000355e+00,2.672841354664531544e+00,2.660282180981993427e+00,1.056843118479595667e+00,4.111111111111110716e+00
8.950000000000001066e+00,2.938156184176670571e+00,2.249036691303069713e+00,9.381384069547231697e-01,4.111111111111110716e+00
9.000000000000000000e+00,3.264836246486018556e+00,1.920286615850820722e+00,8.256105096142625221e-01,4.111111111111110716e+00
9.050000000000000711e+00,3.658523084740017861e+00,1.658515435207730260e+00,7.224917340986329872e-01,4.111111111111110716e+00
9.099999999999999645e+00,4.125854631782728710e+00,1.451317343286580464e+00,6.303686635093432855e-01,4.111111111111110716e+00
9.150000000000000355e+00,4.674115244220867993e+00,1.288966135464300722e+00,5.496726017279616183e-01,4.111111111111110716e+00
9.200000000000001066e+00,5.310818599642955995e+00,1.164003751434794065e+00,4.800894098072724381e-01,4.111111111111110716e+00
9.250000000000000000e+00,6.043175882849019409e+00,1.070899244858619426e+00,4.208716889799550276e-01,4.111111111111110716e+00
9.300000000000000711e+00,6.877408531760033306e+00,1.005800100266286856e+00,3.710609708880265312e-01,4.111111111111110716e+00
9.349999999999999645e+00,7.817873420779732463e+00,9.663865592227670609e-01,3.296370347851412252e-01,4.111111111111110716e+00
9.400000000000000355e+00,8.865981300727003855e+00,9.518392760513945117e-01,2.956128370916697445e-01,4.111111111111110716e+00
9.450000000000001066e+00,1.001890771270193525e+01,9.629375167995496421e-01,2.680913527142544939e-01,4.111111111111110716e+00
9.500000000000000000e+00,1.126811817898476420e+01,1.002317585094486097e+00,2.462973915180633189e-01,4.111111111111110716e+00
9.550000000000000711e+00,1.259775150694078505e+01,1.074938438990046485e+00,2.295943806877322191e-01,4.111111111111110716e+00
9.600000000000001421e+00,1.398291809417395370e+01,1.188822057089151230e+00,2.174937053954058008e-01,4.111111111111110716e+00
9.650000000000000355e+00,1.538796464613363923e+01,1.356154695294335522e+00,2.096626654947431334e-01,4.111111111111110716e+00
9.700000000000001066e+00,1.676473043333247759e+01,1.594836051007188171e+00,2.059365318581506399e-01,4.111111111111110716e+00
9.750000000000000000e+00,1.805079630569691318e+01,1.930507027456375813e+00,2.063407132033061586e-01,4.111111111111110716e+00
9.800000000000000711e+00,1.916778644961238953e+01,2.398885177953623327e+00,2.111309300253556287e-01,4.111111111111110716e+00
9.850000000000001421e+00,2.002010547044825373e+01,3.047716789809584270e+00,2.208628916715079937e-01,4.111111111111110716e+00
9.900000000000000355e+00,2.049539350842231045e+01,3.936535048157479899e+00,2.365084697099112121e-01,4.111111111111110716e+00
9.950000000000001066e+00,2.046982550638880838e+01,5.130413912958659672e+00,2.596417783778691701e-01,4.111111111111110716e+00
1.000000000000000000e+01,1.982410559238539705e+01,6.681314723313192872e+00,2.927209321579871126e-01,4.111111111111110716e+00
0.000000000000000000e+00,5.000000000000000000e-01,5.000000000000000000e-01,5.000000000000000000e-01,4.555555555555555358e+00
5.000000000000000278e-02,6.001388888888888884e-01,3.886111111111111294e-01,3.948611111111111072e-01,4.555555555555555358e+00
1.000000000000000056e-01,7.232815542052468682e-01,3.036229405864197539e-01,3.111264251543209847e-01,4.555555555555555358e+00
1.500000000000000222e-01,8.742974163790162567e-01,2.385375269047911861e-01,2.448706874706124137e-01,4.555555555555555358e+00
2.000000000000000111e-01,1.059054895315125755e+00,1.885416349738577024e-01,1.926957557346825889e-01,4.555555555555555358e+00
2.500000000000000000e-01,1.284582296435551552e+00,1.500429712855868847e-01,1.517529778613682379e-01,4.555555555555555358e+00
3.000000000000000444e-01,1.559238795573484326e+00,1.203435383149359661e-01,1.197056503733602562e-01,4.555555555555555358e+00
3.500000000000000333e-01,1.892885265149785834e+00,9.740697540824248823e-02,9.466600532304314530e-02,4.555555555555555358e+00
4.000000000000000222e-01,2.297038088422306501e+00,7.969101978273764042e-02,7.512564009663934284e-02,4.555555555555555358e+00
4.500000000000000111e-01,2.784979905664108912e+00,6.602570649836785044e-02,5.988902428026288138e-02,4.555555555555555358e+00
5.000000000000000000e-01,3.371789124481140654e+00,5.552421121524857284e-02,4.801438808681890436e-02,4.555555555555555358e+00
5.500000000000000444e-01,4.074235190813618956e+00,4.751743864441695941e-02,3.876337040837860015e-02,4.555555555555555358e+00
6.000000000000000888e-01,4.910470259057476028e+00,4.150632354073456598e-02,3.155929531778062236e-02,4.555555555555555358e+00
6.500000000000000222e-01,5.899433007974907994e+00,3.712784592880778028e-02,2.595324673066609633e-02,4.555555555555555358e+00
7.000000000000000666e-01,7.059872632597024023e+00,3.413232486196408899e-02,2.159685797215589453e-02,4.555555555555555358e+00
7.500000000000000000e-01,8.408909700983471680e+00,3.237092914442944724e-02,1.822071309606060688e-02,4.555555555555555358e+00
8.000000000000000444e-01,9.960088140630396936e+00,3.179380902093154049e-02,1.561734840395131302e-02,4.555555555555555358e+00
8.500000000000000888e-01,1.172095262225832712e+01,3.246116633453535738e-02,1.362797853079505787e-02,4.555555555555555358e+00
9.000000000000000222e-01,1.369031629504465108e+01,3.457249311837010813e-02,1.213221627436061011e-02,4.555555555555555358e+00
9.500000000000000666e-01,1.585555726041163105e+01,3.852406499664394468e-02,1.104019181751760698e-02,4.555555555555555358e+00
1.000000000000000000e+00,1.819046065562587344e+01,4.501327234618709983e-02,1.028659822104766204e-02,4.555555555555555358e+00
1.050000000000000044e+00,2.065423081320370713e+01,5.522360768881532517e-02,9.826295175747564586e-03,4.555555555555555358e+00
1.100000000000000089e+00,2.319223046441555525e+01,7.115178588510293056e-02,9.631195269558388145e-03,4.555555555555555358e+00
1.150000000000000133e+00,2.573866897382384877e+01,9.618892646517079870e-02,9.688243935699334883e-03,4.555555555555555358e+00
1.200000000000000178e+00,2.822084195689804176e+01,1.361596214522143855e-01,9.998399842030615201e-03,4.555555555555555358e+00
1.250000000000000000e+00,3.056372546058512185e+01,2.011885437275514332e-01,1.057665362075787055e-02,4.555555555555555358e+00
1.300000000000000044e+00,3.269294802261068611e+01,3.090571312074456012e-01,1.145334387674860205e-02,4.555555555555555358e+00
1.350000000000000089e+00,3.453357001259397663e+01,4.912074067551741030e-01,1.267745586088637848e-02,4.555555555555555358e+00
1.400000000000000133e+00,3.600168898018633712e+01,8.033065006103436989e-01,1.432347273799468995e-02,4.555555555555555358e+00
1.450000000000000178e+00,3.698556414517541668e+01,1.343168308713836634e+00,1.650524952301195974e-02,4.555555555555555358e+00
1.500000000000000000e+00,3.731318664021980425e+01,2.278837817244721453e+00,1.940451331681551303e-02,4.555555555555555358e+00
1.550000000000000044e+00,3.670706326307973910e+01,3.884873427176268379e+00,2.333053213447135871e-02,4.555555555555555358e+00
1.600000000000000089e+00,3.474460684540770217e+01,6.563683415031569268e+00,2.884621266899923403e-02,4.555555555555555358e+00
1.650000000000000133e+00,3.089634640742851701e+01,1.076709712442846545e+01,3.703162482363298036e-02,4.555555555555555358e+00
1.700000000000000178e+00,2.481572381524215132e+01,1.662520988576061143e+01,5.000614022840071948e-02,4.555555555555555358e+00
1.750000000000000000e+00,1.704390461094212483e+01,2.314005150662652710e+01,7.180930280352276762e-02,4.555555555555555358e+00
1.800000000000000044e+00,9.583135368984681435e+00,2.770425769658164583e+01,1.092336225969912644e-01,4.555555555555555358e+00
1.850000000000000089e+00,4.643266920079979876e+00,2.798579119211744981e+01,1.704765474441023998e-01,4.555555555555555358e+00
1.900000000000000133e+00,2.324673637608787313e+00,2.478832351099078934e+01,2.588344859361171313e-01,4.555555555555555358e+00
1.950000000000000178e+00,1.371500397922981174e+00,2.048647222688584435e+01,3.662966233065687027e-01,4.555555555555555358e+00
2.000000000000000000e+00,9.595031246798302327e-01,1.640997734481734227e+01,4.754892920928249223e-01,4.555555555555555358e+00
2.050000000000000266e+00,7.684119329640759499e-01,1.294874325762391010e+01,5.668149451716035792e-01,4.555555555555555358e+00
2.100000000000000089e+00,6.808489058864876098e-01,1.013796339629434229e+01,6.255511002159868106e-01,4.555555555555555358e+00
2.149999999999999911e+00,6.504052037974488165e-01,7.906193942503550787e+00,6.458688724564600747e-01,4.555555555555555358e+00
2.200000000000000178e+00,6.573802671765841543e-01,6.157298929154865874e+00,6.306141748853248963e-01,4.555555555555555358e+00
2.250000000000000000e+00,6.934001362630280996e-01,4.797752032580858028e+00,5.881918122357754353e-01,4.555555555555555358e+00
2.300000000000000266e+00,7.555719047694592350e-01,3.745769807158944253e+00,5.288432727326977112e-01,4.555555555555555358e+00
2.350000000000000089e+00,8.440755109996302963e-01,2.933607767661940979e+00,4.619034475589797184e-01,4.555555555555555358e+00
2.400000000000000355e+00,9.611231412281074915e-01,2.306976118236287121e+00,3.944670091531307099e-01,4.555555555555555358e+00
2.450000000000000178e+00,1.110516358433682127e+00,1.823280038432233408e+00,3.311581533497746088e-01,4.555555555555555358e+00
2.500000000000000000e+00,1.297487602451627309e+00,1.449540009970171850e+00,2.745001018161746797e-01,4.555555555555555358e+00
2.550000000000000266e+00,1.528686058060394704e+00,1.160417529299184514e+00,2.254841554225804068e-01,4.555555555555555358e+00
2.600000000000000089e+00,1.812237151382806832e+00,9.365232191472769863e-01,1.841122145866957993e-01,4.555555555555555358e+00
2.650000000000000355e+00,2.157832055912635383e+00,7.630477152660664064e-01,1.498227275365932587e-01,4.555555555555555358e+00
2.700000000000000178e+00,2.576811522909079777e+00,6.286907945000257403e-01,1.217874096880730284e-01,4.555555555555555358e+00
2.750000000000000000e+00,3.082206115120396106e+00,5.248409451594742148e-01,9.909934173822906867e-02,4.555555555555555358e+00
2.800000000000000266e+00,3.688686387801517697e+00,4.449553693674245247e-01,8.088144467351876532e-02,4.555555555555555358e+00
2.850000000000000089e+00,4.412363962342380930e+00,3.840971149803975027e-01,6.634162760949958992e-02,4.555555555555555358e+00
2.900000000000000355e+00,5.270370149874428201e+00,3.385955099672678381e-01,5.479475386131766462e-02,4.555555555555555358e+00
2.950000000000000178e+00,6.280126535502387419e+00,3.058057699923070749e-01,4.566544438479056695e-02,4.555555555555555358e+00
3.000000000000000000e+00,7.458217762915897886e+00,2.839530131970658400e-01,3.848083754150588565e-02,4.555555555555555358e+00
3.050000000000000266e+00,8.818789423316664156e+00,2.720555107826765351e-01,3.285891128436982389e-02,4.555555555555555358e+00
3.100000000000000089e+00,1.037143404437735583e+01,2.699332259121337563e-01,2.849562588211272673e-02,4.555555555555555358e+00
3.150000000000000355e+00,1.211860464385699032e+01,2.783229230455426251e-01,2.515265849166260434e-02,4.555555555555555358e+00
3.200000000000000178e+00,1.405270807203878292e+01,2.991442744008960819e-01,2.264660711109660329e-02,4.555555555555555358e+00
3.250000000000000000e+00,1.615315883470459468e+01,3.359989162895772319e-01,2.084003992596586072e-02,4.555555555555555358e+00
3.300000000000000266e+00,1.838376484801511168e+01,3.950468929167912924e-01,1.963452246405021293e-02,4.555555555555555358e+00
3.350000000000000089e+00,2.069077876166955221e+01,4.865088707568213655e-01,1.896569293561588959e-02,4.555555555555555358e+00
3.400000000000000355e+00,2.300167018049721435e+01,6.272107418993350114e-01,1.880055355698215594e-02,4.555555555555555358e+00
3.450000000000000178e+00,2.522407187515232252e+01,8.448415597448210024e-01,1.913744429668026020e-02,4.555555555555555358e+00
3.500000000000000000e+00,2.724345919115307524e+01,1.184921510720475801e+00,2.000980517412671508e-02,4.555555555555555358e+00
3.550000000000000266e+00,2.891722101287545854e+01,1.721701091989654708e+00,2.149613053904401647e-02,4.555555555555555358e+00
3.600000000000000089e+00,3.006268251533733604e+01,2.573650969466685368e+00,2.374112105679672749e-02,4.555555555555555358e+00
3.650000000000000355e+00,3.043935478799848937e+01,3.920785250486757079e+00,2.699817309001433310e-02,4.555555555555555358e+00
3.700000000000000178e+00,2.973579227263909530e+01,6.009784020582323194e+00,3.171300988369388230e-02,4.555555555555555358e+00
3.750000000000000000e+00,2.759664072871214202e+01,9.105672177335573991e+00,3.868431420924792891e-02,4.555555555555555358e+00
3.800000000000000266e+00,2.376583131067111054e+01,1.330846779513921874e+01,4.935462538436181934e-02,4.555555555555555358e+00
3.850000000000000089e+00,1.841859200611933289e+01,1.817441207406769621e+01,6.626313656584177647e-02,4.555555555555555358e+00
3.900000000000000355e+00,1.251852644010947202e+01,2.238529749976347460e+01,9.348194207650478704e-02,4.555555555555555358e+00
3.950000000000000178e+00,7.551371182929787373e+00,2.426080832962196965e+01,1.362069217894980866e-01,4.555555555555555358e+00
4.000000000000000000e+00,4.380516748465594468e+00,2.326522719323979160e+01,1.980797526350731030e-01,4.555555555555555358e+00
4.049999999999999822e+00,2.712821257761636851e+00,2.044464282137807487e+01,2.768477646824756833e-01,4.555555555555555358e+00
4.100000000000000533e+00,1.888602155620763945e+00,1.708947324842118576e+01,3.627997226930539387e-01,4.555555555555555358e+00
4.150000000000000355e+00,1.476939658380096665e+00,1.391075056655535391e+01,4.420152553504425041e-01,4.555555555555555358e+00
4.200000000000000178e+00,1.272492711659928943e+00,1.116359273556700415e+01,5.015814004400094284e-01,4.555555555555555358e+00
4.250000000000000000e+00,1.183145858546287066e+00,8.891922392868412572e+00,5.337011523929496848e-01,4.555555555555555358e+00
4.299999999999999822e+00,1.166843835835156273e+00,7.058366660468378129e+00,5.370910836865591120e-01,4.555555555555555358e+00
4.350000000000000533e+00,1.204249482861414089e+00,5.599663091546013050e+00,5.157953293511940984e-01,4.555555555555555358e+00
4.400000000000000355e+00,1.287186228852116532e+00,4.449444859775836036e+00,4.767270797437497265e-01,4.555555555555555358e+00
4.450000000000000178e+00,1.413571888669793664e+00,3.547324238192620882e+00,4.273048815949436752e-01,4.555555555555555358e+00
4.500000000000000000e+00,1.585100624987446416e+00,2.841945717283812733e+00,3.739093110062851055e-01,4.555555555555555358e+00
4.549999999999999822e+00,1.806152257564284325e+00,2.291293436076004664e+00,3.212336670071717082e-01,4.555555555555555358e+00
4.600000000000000533e+00,2.083277132103531937e+00,1.861807720387673726e+00,2.722667601340820198e-01,4.555555555555555358e+00
4.650000000000000355e+00,2.424954435616691217e+00,1.527092206054356804e+00,2.285952226007423871e-01,4.555555555555555358e+00
4.700000000000000178e+00,2.841466597657900106e+00,1.266596472622588010e+00,1.907967903455647651e-01,4.555555555555555358e+00
4.750000000000000000e+00,3.344791525864780013e+00,1.064443793864561894e+00,1.588005120415771354e-01,4.555555555555555358e+00
4.800000000000000711e+00,3.948435125287288017e+00,9.084602031731060512e-01,1.321666858561992841e-01,4.555555555555555358e+00
4.850000000000000533e+00,4.667129010107892384e+00,7.894070386838607511e-01,1.102822720610358020e-01,4.555555555555555358e+00
4.900000000000000355e+00,5.516312666590977187e+00,7.003984058988295125e-01,9.248587716023122518e-02,4.555555555555555358e+00
4.950000000000000178e+00,6.511312639792027568e+00,6.364819739831244494e-01,7.814088376472234920e-02,4.555555555555555358e+00
5.000000000000000000e+00,7.666130680676188192e+00,5.943678234493271484e-01,6.667350574730372681e-02,4.555555555555555358e+00
5.050000000000000711e+00,8.991766362834898274e+00,5.723021478178238475e-01,5.758875551382447444e-02,4.555555555555555358e+00
5.100000000000000533e+00,1.049403581571852762e+01,5.701002438965316887e-01,5.047351731673301728e-02,4.555555555555555358e+00
5.150000000000000355e+00,1.217091195332370823e+01,5.893787622132236059e-01,4.499285480368487439e-02,4.555555555555555358e+00
5.200000000000000178e+00,1.400949771529297649e+01,6.340655355421900286e-01,4.088346889088245728e-02,4.555555555555555358e+00
5.250000000000000000e+00,1.598282742810265944e+01,7.113241467000648299e-01,3.794676180419902928e-02,4.555555555555555358e+00
5.300000000000000711e+00,1.804671978861101067e+01,8.331197036193819239e-01,3.604310937930428616e-02,4.555555555555555358e+00
5.350000000000000533e+00,2.013680259917414617e+01,1.018780071576765200e+00,3.508859458856077029e-02,4.555555555555555358e+00
5.400000000000000355e+00,2.216552601977262782e+01,1.299062727247973115e+00,3.505560253761757367e-02,4.555555555555555358e+00
5.450000000000000178e+00,2.401850169735790885e+01,1.722342231695216164e+00,3.597945966074767021e-02,4.555555555555555358e+00
5.500000000000000000e+00,2.554913420739559271e+01,2.363303406829221132e+00,3.797508899407625593e-02,4.555555555555555358e+00
5.550000000000000711e+00,2.657110326358674612e+01,3.333158106595969450e+00,4.127118049442525527e-02,4.555555555555555358e+00
5.600000000000000533e+00,2.685173474877568367e+01,4.786017515651616705e+00,4.627581494825898367e-02,4.555555555555555358e+00
5.650000000000000355e+00,2.611899845569846690e+01,6.905368749449358745e+00,5.369799325956518821e-02,4.555555555555555358e+00
5.700000000000000178e+00,2.411321914242685338e+01,9.835950026867637419e+00,6.476227282805083196e-02,4.555555555555555358e+00
5.750000000000000000e+00,2.072998679298683200e+01,1.351539467202247380e+01,8.155209698716041344e-02,4.555555555555555358e+00
5.800000000000000711e+00,1.625654218220614666e+01,1.742470380250865247e+01,1.074372999249625787e-01,4.555555555555555358e+00
5.850000000000000533e+00,1.151274563180797372e+01,2.050929835445747429e+01,1.472326386926788300e-01,4.555555555555555358e+00
5.900000000000000355e+00,7.527042014036058326e+00,2.169539975582395286e+01,2.061377874761437246e-01,4.555555555555555358e+00
5.950000000000000178e+00,4.836908278317642917e+00,2.076914082271555273e+01,2.865063008008340573e-01,4.555555555555555358e+00
6.000000000000000000e+00,3.275564241876696592e+00,1.846059546361820480e+01,3.838668219646212965e-01,4.555555555555555358e+00
6.050000000000000711e+00,2.424862209845187966e+00,1.566110756038729335e+01,4.861645474564442182e-01,4.555555555555555358e+00
6.100000000000000533e+00,1.968919403577421567e+00,1.292904785088468245e+01,5.775627693354722370e-01,4.555555555555555358e+00
6.150000000000000355e+00,1.733176578691007608e+00,1.050849434198789467e+01,6.440619676830391382e-01,4.555555555555555358e+00
6.200000000000000178e+00,1.629702448305764939e+00,8.468697936601248699e+00,6.777247336913225784e-01,4.555555555555555358e+00
6.250000000000000000e+00,1.614984114594407938e+00,6.798661493155059965e+00,6.778851478287014620e-01,4.555555555555555358e+00
6.300000000000000711e+00,1.667938137480848848e+00,5.455440069409734249e+00,6.496435040034657105e-01,4.555555555555555358e+00
6.350000000000000533e+00,1.779374748639633186e+00,4.387134099273897192e+00,6.011070821390344099e-01,4.555555555555555358e+00
6.400000000000000355e+00,1.946947142279916498e+00,3.543444273546264789e+00,5.408126288289673012e-01,4.555555555555555358e+00
6.450000000000000178e+00,2.172669612314658938e+00,2.880053787603447546e+00,4.760653513793590697e-01,4.555555555555555358e+00
6.500000000000000000e+00,2.461659550517230954e+00,2.359910262360802591e+00,4.122489162490222681e-01,4.555555555555555358e+00
6.550000000000000711e+00,2.821469250926753602e+00,1.953014481216341025e+00,3.528177002358502401e-01,4.555555555555555358e+00
6.600000000000000533e+00,3.261687938357436867e+00,1.635584569184376669e+00,2.996347633841950908e-01,4.555555555555555358e+00
6.650000000000000355e+00,3.793632888847067175e+00,1.389052742254004880e+00,2.534097236565610589e-01,4.555555555555555358e+00
6.700000000000000178e+00,4.430007414762253681e+00,1.199116307517824831e+00,2.141020413439349845e-01,4.555555555555555358e+00
6.750000000000000000e+00,5.184425636658243519e+00,1.054935614292252133e+00,1.812374216868304355e-01,4.555555555555555358e+00
6.800000000000000711e+00,6.070710061843312744e+00,9.485076983024430808e-01,1.541315291474791294e-01,4.555555555555555358e+00
6.850000000000000533e+00,7.101870229671765955e+00,8.742186791442970728e-01,1.320355437498922924e-01,4.555555555555555358e+00
6.900000000000000355e+00,8.288678472130722952e+00,8.285743623280744652e-01,1.142234724474483626e-01,4.555555555555555358e+00
6.950000000000000178e+00,9.637780578238466234e+00,8.101185577303595675e-01,1.000395861153302451e-01,4.555555555555555358e+00
7.000000000000000000e+00,1.114932113664105806e+01,8.195695165798099202e-01,8.892048543183747600e-02,4.555555555555555358e+00
7.050000000000000711e+00,1.281412575028982204e+01,8.602377389237112482e-01,8.040231831979328947e-02,4.555555555555555358e+00
7.100000000000000533e+00,1.461055274465268106e+01,9.388370858061889646e-01,7.412043881326697836e-02,4.555555555555555358e+00
7.150000000000000355e+00,1.650117398987465478e+01,1.066870274474462033e+00,6.980653119920075811e-02,4.555555555555555358e+00
7.200000000000000178e+00,1.842941847327529103e+01,1.262859117074202953e+00,6.728691464526298516e-02,4.555555555555555358e+00
7.250000000000000000e+00,2.031616768631104719e+01,1.555777243870127169e+00,6.648538517206215026e-02,4.555555555555555358e+00
7.300000000000000711e+00,2.205605187749670648e+01,1.990039998029952795e+00,6.743468545383200785e-02,4.555555555555555358e+00
7.350000000000000533e+00,2.351308902970129822e+01,2.632050779641233795e+00,7.030293489583099020e-02,4.555555555555555358e+00
7.400000000000000355e+00,2.451600433199305584e+01,3.576943596447207607e+00,7.544590265164347054e-02,4.555555555555555358e+00
7.450000000000000178e+00,2.485648305714246220e+01,4.950456464381354671e+00,8.350396682480112909e-02,4.555555555555555358e+00
7.500000000000000000e+00,2.430084997720426898e+01,6.892925181453808392e+00,9.557433700090027517e-02,4.555555555555555358e+00
7.550000000000000711e+00,2.263772507595677297e+01,9.500586718385623186e+00,1.134996720129036324e-01,4.555555555555555358e+00
7.600000000000000533e+00,1.979073669057098428e+01,1.269718124071717469e+01,1.402985495673645111e-01,4.555555555555555358e+00
7.650000000000000355e+00,1.598868086325561855e+01,1.606048883817720707e+01,1.806426770386963809e-01,4.555555555555555358e+00
7.700000000000000178e+00,1.186050076477712523e+01,1.877839899865558237e+01,2.409089130825128600e-01,4.555555555555555358e+00
7.750000000000000000e+00,8.219238979535765210e+00,2.000126914125554123e+01,3.277053119971825579e-01,4.555555555555555358e+00
7.800000000000000711e+00,5.576402041301271595e+00,1.945698694551082752e+01,4.438592606130418727e-01,4.555555555555555358e+00
7.850000000000000533e+00,3.916723222446898411e+00,1.760807478223322775e+01,5.834134574386471428e-01,4.555555555555555358e+00
7.900000000000000355e+00,2.950886519240383699e+00,1.516740370563196194e+01,7.301952216365253934e-01,4.555555555555555358e+00
7.950000000000000178e+00,2.406693977751012792e+00,1.266541088741806220e+01,8.622993518297300541e-01,4.555555555555555358e+00
8.000000000000000000e+00,2.111998035142624630e+00,1.037873530956861501e+01,9.596740182333531877e-01,4.555555555555555358e+00
8.050000000000000711e+00,1.972094120207199097e+00,8.413283719857465925e+00,1.010354964845804560e+00,4.555555555555555358e+00
8.099999999999999645e+00,1.937239999355327091e+00,6.784213289568307381e+00,1.012653781466787306e+00,4.555555555555555358e+00
8.150000000000000355e+00,1.982125658363556031e+00,5.464435607588335131e+00,9.733627686245425181e-01,4.555555555555555358e+00
8.200000000000001066e+00,2.094952591852636381e+00,4.410755386159419089e+00,9.039175877008017723e-01,4.555555555555555358e+00
8.250000000000000000e+00,2.271842407928134744e+00,3.577287021156295932e+00,8.166358774267018505e-01,4.555555555555555358e+00
8.300000000000000711e+00,2.513953773980833084e+00,2.921816228123936376e+00,7.222105753278059703e-01,4.555555555555555358e+00
8.349999999999999645e+00,2.825953886790061986e+00,2.408271695259350142e+00,6.286172598844577131e-01,4.555555555555555358e+00
8.400000000000000355e+00,3.215160602710795512e+00,2.007154321857701706e+00,5.410436800972389104e-01,4.555555555555555358e+00
8.450000000000001066e+00,3.690994805894005637e+00,1.695012885835517125e+00,4.623503302304461937e-01,4.555555555555555358e+00
8.500000000000000000e+00,4.264533776661023623e+00,1.453578364821098701e+00,3.936947703173458435e-01,4.555555555555555358e+00
8.550000000000000711e+00,4.948024594917821872e+00,1.268872372894227052e+00,3.351157518807720836e-01,4.555555555555555358e+00
8.599999999999999645e+00,5.754245587294863462e+00,1.130433449445825689e+00,2.859959184256247733e-01,4.555555555555555358e+00
8.650000000000000355e+00,6.695616087567230146e+00,1.030716132321591871e+00,2.453917950038039253e-01,4.555555555555555358e+00
8.700000000000001066e+00,7.782964047694187038e+00,9.646799508861152450e-01,2.122507218030265097e-01,4.555555555555555358e+00
8.750000000000000000e+00,9.023877428359602604e+00,9.295777195501835344e-01,1.855429718250169169e-01,4.555555555555555358e+00
8.800000000000000711e+00,1.042059654580017636e+01,9.249633081637658183e-01,1.643354916905466201e-01,4.555555555555555358e+00
8.849999999999999645e+00,1.196745412549196175e+01,9.529638931546803304e-01,1.478283646549544694e-01,4.555555555555555358e+00
8.900000000000000355e+00,1.364793241944940760e+01,1.018900560725414906e+00,1.353695173333794854e-01,4.555555555555555358e+00
8.950000000000001066e+00,1.543146284010511771e+01,1.132395883943095871e+00,1.264586916664291460e-01,4.555555555555555358e+00
9.000000000000000000e+00,1.727010773664152410e+01,1.309176371488753432e+00,1.207486704588501825e-01,4.555555555555555358e+00
9.050000000000000711e+00,1.909519740445659153e+01,1.573844291824974650e+00,1.180502647672529715e-01,4.555555555555555358e+00
9.099999999999999645e+00,2.081384970225452236e+01,1.963892331341432929e+00,1.183477872700896133e-01,4.555555555555555358e+00
9.150000000000000355e+00,2.230521461547489537e+01,2.534978961034668465e+00,1.218340796454056990e-01,4.555555555555555358e+00
9.200000000000001066e+00,2.341671421159316679e+01,3.366515628436996366e+00,1.289795073818238991e-01,4.555555555555555358e+00
9.250000000000000000e+00,2.396248354964293625e+01,4.564003365826501124e+00,1.406588926303673492e-01,4.555555555555555358e+00
9.300000000000000711e+00,2.373121691391015275e+01,6.248916695850579295e+00,1.583744781349615549e-01,4.555555555555555358e+00
9.349999999999999645e+00,2.251948706843691994e+01,8.518067243196687954e+00,1.846262054065002933e-01,4.555555555555555358e+00
9.400000000000000355e+00,2.021378448604364308e+01,1.134981356737313085e+01,2.234657938836470681e-01,4.555555555555555358e+00
9.450000000000001066e+00,1.692655561038195700e+01,1.446210096350720775e+01,2.811435234007605422e-01,4.555555555555555358e+00
9.500000000000000000e+00,1.311069871646234830e+01,1.722680575877588893e+01,3.663413417537863537e-01,4.555555555555555358e+00
9.550000000000000711e+00,9.471111153306676300e+00,1.885464536155369686e+01,4.886991130072094180e-01,4.555555555555555358e+00
9.600000000000001421e+00,6.599835932620074175e+00,1.888612346273339071e+01,6.540257628490124819e-01,4.555555555555555358e+00
9.650000000000000355e+00,4.661298248668760635e+00,1.751513696641178086e+01,8.570181379073211758e-01,4.555555555555555358e+00
9.700000000000001066e+00,3.473447538193929596e+00,1.534149807137512589e+01,1.077026374096237804e+00,4.555555555555555358e+00
9.750000000000000000e+00,2.778575427771023953e+00,1.293139497998559406e+01,1.282193597098723714e+00,4.555555555555555358e+00
9.800000000000000711e+00,2.385532558039246354e+00,1.063547369865912096e+01,1.440278901218422281e+00,4.555555555555555358e+00
9.850000000000001421e+00,2.180272510252763141e+00,8.617460127832945460e+00,1.529524905149860725e+00,4.555555555555555358e+00
9.900000000000000355e+00,2.100042383259329348e+00,6.926595197179542751e+00,1.543996429359921096e+00,4.555555555555555358e+00
9.950000000000001066e+00,2.111619444824498704e+00,5.552104748962694458e+00,1.492098889497733394e+00,4.555555555555555358e+00
1.000000000000000000e+01,2.198437811673250142e+00,4.456292635990291906e+00,1.390846603767452505e+00,4.555555555555555358e+00
0.000000000000000000e+00,5.000000000000000000e-01,5.000000000000000000e-01,5.000000000000000000e-01,5.000000000000000000e+00
5.000000000000000278e-02,6.112500000000000711e-01,3.775000000000000022e-01,3.837499999999999800e-01,5.000000000000000000e+00
1.000000000000000056e-01,7.505615156250000641e-01,2.867206875000000155e-01,2.937798124999999594e-01,5.000000000000000000e+00
1.500000000000000222e-01,9.244926482100368492e-01,2.191570622220717357e-01,2.246456763336407980e-01,5.000000000000000000e+00
2.000000000000000111e-01,1.141085067753318194e+00,1.686945336902516135e-01,1.717919071741111081e-01,5.000000000000000000e+00
2.500000000000000000e-01,1.410132859196329802e+00,1.308985652677401579e-01,1.315287310727681347e-01,5.000000000000000000e+00
3.000000000000000444e-01,1.743472266749491073e+00,1.025302793206138430e-01,1.009317012154399701e-01,5.000000000000000000e+00
3.500000000000000333e-01,2.155273597702177302e+00,8.121144862013074395e-02,7.771720601857773358e-02,5.000000000000000000e+00
4.000000000000000222e-01,2.662302607391432652e+00,6.518973583789874904e-02,6.012071110821046172e-02,5.000000000000000000e+00
4.500000000000000111e-01,3.284098625131724347e+00,5.317238317170101120e-02,4.678910992246227557e-02,5.000000000000000000e+00
5.000000000000000000e-01,4.042989677465778975e+00,4.420755281328887093e-02,3.669063016954816209e-02,5.000000000000000000e+00
5.500000000000000444e-01,4.963831506203615795e+00,3.759960155765580680e-02,2.904192109178742667e-02,5.000000000000000000e+00
6.000000000000000888e-01,6.073321334400904270e+00,3.284927386913391589e-02,2.325033196453950984e-02,5.000000000000000000e+00
6.500000000000000222e-01,7.398707734522655954e+00,2.961310394924139555e-02,1.886891025798232910e-02,5.000000000000000000e+00
7.000000000000000666e-01,8.965712681111387639e+00,2.767891398772976200e-02,1.556170739118618862e-02,5.000000000000000000e+00
7.500000000000000000e-01,1.079552875730212591e+01,2.695675427687108106e-02,1.307726679536824060e-02,5.000000000000000000e+00
8.000000000000000444e-01,1.290088903023507605e+01,2.748758829762629544e-02,1.122852321077967737e-02,5.000000000000000000e+00
8.500000000000000888e-01,1.528145979248534303e+01,2.947641970628322658e-02,9.877687852821838768e-03,5.000000000000000000e+00
9.000000000000000222e-01,1.791917496835160861e+01,3.336401546081900482e-02,8.924999759094493293e-03,5.000000000000000000e+00
9.500000000000000666e-01,2.077453994613339461e+01,3.996493575539510068e-02,8.300480487826727635e-03,5.000000000000000000e+00
1.000000000000000000e+00,2.378520008735524272e+01,5.072505475138255893e-02,7.958040204770490053e-03,5.000000000000000000e+00
1.050000000000000044e+00,2.686792666433450094e+01,6.820037540075250815e-02,7.871457739942220450e-03,5.000000000000000000e+00
1.100000000000000089e+00,2.992438360336669945e+01,9.695229612365968697e-02,8.031911707258802824e-03,5.000000000000000000e+00
1.150000000000000133e+00,3.284959614131546601e+01,1.452334839193004101e-01,8.446901657464976274e-03,5.000000000000000000e+00
1.200000000000000178e+00,3.554030687838073277e+01,2.281782436687660731e-01,9.140618647930993240e-03,5.000000000000000000e+00
1.250000000000000000e+00,3.789895690305944242e+01,3.738405174708846479e-01,1.015621016173368779e-02,5.000000000000000000e+00
1.300000000000000044e+00,3.982821457133790943e+01,6.345275775663898887e-01,1.156117540503999973e-02,5.000000000000000000e+00
1.350000000000000089e+00,4.121052079733286178e+01,1.107588157674074703e+00,1.345888841665758041e-02,5.000000000000000000e+00
1.400000000000000133e+00,4.186664255953628810e+01,1.971574634841846141e+00,1.601331695817334935e-02,5.000000000000000000e+00
1.450000000000000178e+00,4.148888354503917952e+01,3.541787667297664477e+00,1.950351212979449175e-02,5.000000000000000000e+00
1.500000000000000000e+00,3.956061726689883074e+01,6.328924992736513211e+00,2.444635600032631084e-02,5.000000000000000000e+00
1.550000000000000044e+00,3.534197708388679615e+01,1.100377744096429922e+01,3.187387517003237303e-02,5.000000000000000000e+00
1.600000000000000089e+00,2.818165123585398035e+01,1.796995333916371251e+01,4.393858974966666220e-02,5.000000000000000000e+00
1.650000000000000133e+00,1.856450621939588075e+01,2.612619533148096451e+01,6.507592262320791021e-02,5.000000000000000000e+00
1.700000000000000178e+00,9.326727866127372479e+00,3.169464159763401767e+01,1.033926223158773972e-01,5.000000000000000000e+00
1.750000000000000000e+00,3.809180273033269337e+00,3.111200874149271911e+01,1.691124179574945985e-01,5.000000000000000000e+00
1.800000000000000044e+00,1.710040328555723743e+00,2.621786639954602904e+01,2.648117859769209548e-01,5.000000000000000000e+00
1.850000000000000089e+00,9.907680284330406817e-01,2.068009802107074435e+01,3.767072284618669942e-01,5.000000000000000000e+00
1.900000000000000133e+00,7.119916935560270943e-01,1.590544787825895412e+01,4.810212763727291230e-01,5.000000000000000000e+00
1.950000000000000178e+00,5.957792079663246643e-01,1.209743669538923250e+01,5.554622598035587888e-01,5.000000000000000000e+00
2.000000000000000000e+00,5.544908926846134900e-01,9.152467509992197492e+00,5.878977616209635215e-01,5.000000000000000000e+00
2.050000000000000266e+00,5.565527192421412250e-01,6.910513902054715274e+00,5.787010398230327812e-01,5.000000000000000000e+00
2.100000000000000089e+00,5.899385708839239850e-01,5.219050235417307171e+00,5.372245957614568690e-01,5.000000000000000000e+00
2.149999999999999911e+00,6.507868623298046495e-01,3.949203620199605247e+00,4.761827957482847040e-01,5.000000000000000000e+00
2.200000000000000178e+00,7.393663767055588254e-01,2.997946818654295686e+00,4.072496024077655319e-01,5.000000000000000000e+00
2.250000000000000000e+00,8.585324641916501909e-01,2.285560951163282617e+00,3.389710846837089009e-01,5.000000000000000000e+00
2.300000000000000266e+00,1.013149041377066739e+00,1.751605334138124359e+00,2.765069671871775991e-01,5.000000000000000000e+00
2.350000000000000089e+00,1.209934445973797956e+00,1.350804966052646883e+00,2.222899300440662751e-01,5.000000000000000000e+00
2.400000000000000355e+00,1.457514808110153215e+00,1.049459305873869042e+00,1.769137685017594108e-01,5.000000000000000000e+00
2.450000000000000178e+00,1.766585340154138262e+00,8.225495843655351580e-01,1.399054657671030821e-01,5.000000000000000000e+00
2.500000000000000000e+00,2.150121081819394320e+00,6.515136014656441876e-01,1.102776283415732583e-01,5.000000000000000000e+00
2.550000000000000266e+00,2.623587664362981187e+00,5.225783187172885480e-01,8.687550816173025825e-02,5.000000000000000000e+00
2.600000000000000089e+00,3.205094630735773276e+00,4.255285009493290360e-01,6.857086766160318259e-02,5.000000000000000000e+00
2.650000000000000355e+00,3.915414249625239318e+00,3.528051706745676253e-01,5.435538340699428567e-02,5.000000000000000000e+00
2.700000000000000178e+00,4.777760412417300984e+00,2.988506849161425838e-01,4.337419749060125729e-02,5.000000000000000000e+00
2.750000000000000000e+00,5.817188830346639250e+00,2.596395018480941452e-01,3.492702357055443851e-02,5.000000000000000000e+00
2.800000000000000266e+00,7.059448880957265970e+00,2.323529001127446481e-01,2.845374946685704648e-02,5.000000000000000000e+00
2.850000000000000089e+00,8.529103228419314675e+00,2.151725909336451581e-01,2.351427277866385140e-02,5.000000000000000000e+00
2.900000000000000355e+00,1.024675640362223206e+01,2.071842797952558324e-01,1.976775185764487186e-02,5.000000000000000000e+00
2.950000000000000178e+00,1.222532736596056324e+01,2.084009474780123550e-01,1.695375645835396974e-02,5.000000000000000000e+00
3.000000000000000000e+00,1.446549018569915290e+01,2.199419580822471465e-01,1.487629904435774225e-02,5.000000000000000000e+00
3.050000000000000266e+00,1.695069167071395100e+01,2.444465956281278718e-01,1.339095192004596119e-02,5.000000000000000000e+00
3.100000000000000089e+00,1.964247172857382751e+01,2.868743179431619827e-01,1.239490722700189139e-02,5.000000000000000000e+00
3.150000000000000355e+00,2.247699650031224650e+01,3.559754187453322283e-01,1.181974108201609350e-02,5.000000000000000000e+00
3.200000000000000178e+00,2.536349550400828434e+01,4.669499070331826762e-01,1.162671703289109779e-02,5.000000000000000000e+00
3.250000000000000000e+00,2.818437545778052922e+01,6.462180405491533275e-01,1.180470698750966246e-02,5.000000000000000000e+00
3.300000000000000266e+00,3.079502521809161308e+01,9.398804012532986363e-01,1.237132354515095914e-02,5.000000000000000000e+00
3.350000000000000089e+00,3.301899823472153628e+01,1.428326903936544046e+00,1.337893397784543394e-02,5.000000000000000000e+00
3.400000000000000355e+00,3.463238450835212490e+01,2.250006623574360543e+00,1.492952774101710331e-02,5.000000000000000000e+00
3.450000000000000178e+00,3.533246685978787838e+01,3.635078457985367439e+00,1.720738566591610910e-02,5.000000000000000000e+00
3.500000000000000000e+00,3.469756078941276911e+01,5.936277819272159917e+00,2.054908801109322711e-02,5.000000000000000000e+00
3.550000000000000266e+00,3.218516326990422982e+01,9.599737600449582686e+00,2.559147569680202822e-02,5.000000000000000000e+00
3.600000000000000089e+00,2.730721071777012909e+01,1.492034617903243543e+01,3.357205129623466733e-02,5.000000000000000000e+00
3.650000000000000355e+00,2.019684970699193016e+01,2.136857196218800325e+01,4.686929494391807449e-02,5.000000000000000000e+00
3.700000000000000178e+00,1.239338723132561881e+01,2.680085193244742925e+01,6.965633981214164328e-02,5.000000000000000000e+00
3.750000000000000000e+00,6.398338450812818934e+00,2.837646961379971344e+01,1.075462660197292614e-01,5.000000000000000000e+00
3.800000000000000266e+00,3.236970037924983501e+00,2.577563187581039728e+01,1.638354573506124179e-01,5.000000000000000000e+00
3.850000000000000089e+00,1.894690708344707541e+00,2.135425317256924060e+01,2.337539586007564840e-01,5.000000000000000000e+00
3.900000000000000355e+00,1.327849207951768529e+00,1.695230788798885158e+01,3.045354137858344301e-01,5.000000000000000000e+00
3.950000000000000178e+00,1.078133449594187443e+00,1.319954495958274876e+01,3.615097838516024287e-01,5.000000000000000000e+00
4.000000000000000000e+00,9.763392850502026210e-01,1.018385402351660041e+01,3.943240119239183050e-01,5.000000000000000000e+00
4.049999999999999822e+00,9.574606448086977473e-01,7.826226863915836773e+00,3.999864035667530793e-01,5.000000000000000000e+00
4.100000000000000533e+00,9.953352650936411194e-01,6.010046988373550114e+00,3.820791234936822822e-01,5.000000000000000000e+00
4.150000000000000355e+00,1.080157906465672335e+00,4.622640831808008777e+00,3.477701480137952994e-01,5.000000000000000000e+00
4.200000000000000178e+00,1.210142959611631097e+00,3.567695927642331011e+00,3.047744899177569633e-01,5.000000000000000000e+00
4.250000000000000000e+00,1.388200399298184617e+00,2.767397357855601925e+00,2.594526421339710121e-01,5.000000000000000000e+00
4.299999999999999822e+00,1.620568137914641715e+00,2.160820442976545408e+00,2.161414181228268894e-01,5.000000000000000000e+00
4.350000000000000533e+00,1.916278250516783244e+00,1.701153609350662732e+00,1.772848524183991969e-01,5.000000000000000000e+00
4.400000000000000355e+00,2.286996932248404502e+00,1.352838467074045647e+00,1.439006295465229401e-01,5.000000000000000000e+00
4.450000000000000178e+00,2.747018447411250452e+00,1.089057171299883109e+00,1.160833328202750259e-01,5.000000000000000000e+00
4.500000000000000000e+00,3.313278927598460211e+00,8.896880611799249383e-01,9.341186483405680696e-02,5.000000000000000000e+00
4.549999999999999822e+00,4.005277466523091690e+00,7.397140522022969122e-01,7.523157978185149308e-02,5.000000000000000000e+00
4.600000000000000533e+00,4.844783510828988504e+00,6.280197919246210958e-01,6.082816476745080136e-02,5.000000000000000000e+00
4.650000000000000355e+00,5.855186771650983779e+00,5.465073228825261253e-01,4.952314875669171917e-02,5.000000000000000000e+00
4.700000000000000178e+00,7.060320660583075281e+00,4.894720818989826139e-01,4.071865350861895994e-02,5.000000000000000000e+00
4.750000000000000000e+00,8.482577271496362314e+00,4.532008480779121107e-01,3.391212374046915362e-02,5.000000000000000000e+00
4.800000000000000711e+00,1.014015166795097755e+01,4.357778813430588372e-01,2.869493998702521420e-02,5.000000000000000000e+00
4.850000000000000533e+00,1.204333058434527359e+01,4.371171869639259855e-01,2.474353092980108304e-02,5.000000000000000000e+00
4.900000000000000355e+00,1.418989563987453195e+01,4.592843225510511718e-01,2.180798899135621624e-02,5.000000000000000000e+00
4.950000000000000178e+00,1.655993761614219295e+01,5.072429160522842206e-01,1.970092430879833226e-02,5.000000000000000000e+00
5.000000000000000000e+00,1.911061042283538569e+01,5.902800658761803154e-01,1.828798286432214981e-02,5.000000000000000000e+00
5.050000000000000711e+00,2.177143320249568959e+01,7.245634334143190580e-01,1.748080810088447484e-02,5.000000000000000000e+00
5.100000000000000533e+00,2.444043081872983336e+01,9.376021955344623349e-01,1.723307739301471742e-02,5.000000000000000000e+00
5.150000000000000355e+00,2.698045059460502060e+01,1.275844319969084761e+00,1.754059068292661977e-02,5.000000000000000000e+00
5.200000000000000178e+00,2.921343697977530951e+01,1.817118920065271315e+00,1.844744999019673828e-02,5.000000000000000000e+00
5.250000000000000000e+00,3.090909166201736014e+01,2.689443598294995574e+00,2.006275193001285512e-02,5.000000000000000000e+00
5.300000000000000711e+00,3.176579533721867321e+01,4.094479801613257308e+00,2.259721932503931316e-02,5.000000000000000000e+00
5.350000000000000533e+00,3.139235975362572617e+01,6.321082178099018734e+00,2.643919738894885685e-02,5.000000000000000000e+00
5.400000000000000355e+00,2.933145657344816826e+01,9.699146912660898678e+00,3.230739448748485426e-02,5.000000000000000000e+00
5.450000000000000178e+00,2.522670575804438187e+01,1.438191253371835820e+01,4.154062938720801124e-02,5.000000000000000000e+00
5.500000000000000000e+00,1.925504355652576294e+01,1.984767978796322296e+01,5.657064684701759022e-02,5.000000000000000000e+00
5.550000000000000711e+00,1.263359070678198037e+01,2.442311637004235081e+01,8.139058992630371359e-02,5.000000000000000000e+00
5.600000000000000533e+00,7.254452527651675808e+00,2.600131149987436174e+01,1.210207926797651212e-01,5.000000000000000000e+00
5.650000000000000355e+00,4.067349763987929023e+00,2.416941513329240010e+01,1.782124736740723359e-01,5.000000000000000000e+00
5.700000000000000178e+00,2.525712599450320894e+00,2.052008860454998285e+01,2.485901613369236318e-01,5.000000000000000000e+00
5.750000000000000000e+00,1.813851787814368066e+00,1.660924622961841379e+01,3.202485974498995303e-01,5.000000000000000000e+00
5.800000000000000711e+00,1.483174581755374311e+00,1.313031612926384106e+01,3.789724782411033055e-01,5.000000000000000000e+00
5.850000000000000533e+00,1.342053355988171992e+00,1.025996044862735523e+01,4.142508932398541455e-01,5.000000000000000000e+00
5.900000000000000355e+00,1.310427130086621927e+00,7.975452728573430683e+00,4.225025824560634802e-01,5.000000000000000000e+00
5.950000000000000178e+00,1.354325104371240096e+00,6.192326046575044707e+00,4.066547596598317771e-01,5.000000000000000000e+00
6.000000000000000000e+00,1.460306263793702763e+00,4.816133017511416980e+00,3.734519687481997474e-01,5.000000000000000000e+00
6.050000000000000711e+00,1.625260771273635996e+00,3.760946578094809922e+00,3.305073779816118384e-01,5.000000000000000000e+00
6.100000000000000533e+00,1.852126610911756677e+00,2.954877598093114788e+00,2.843276550530848823e-01,5.000000000000000000e+00
6.150000000000000355e+00,2.148020942536527755e+00,2.340376083078697267e+00,2.395156849121009013e-01,5.000000000000000000e+00
6.200000000000000178e+00,2.523414669644736819e+00,1.872553131598281739e+00,1.987955302689097536e-01,5.000000000000000000e+00
6.250000000000000000e+00,2.991758439098413103e+00,1.516961721856526779e+00,1.634194630939057313e-01,5.000000000000000000e+00
6.300000000000000711e+00,3.569262591308992150e+00,1.247462351169436268e+00,1.336512396516655599e-01,5.000000000000000000e+00
6.350000000000000533e+00,4.274641135055996521e+00,1.044408907634674311e+00,1.091769156797712109e-01,5.000000000000000000e+00
6.400000000000000355e+00,5.128659499323497073e+00,8.932081325371972191e-01,8.940024168856212927e-02,5.000000000000000000e+00
6.450000000000000178e+00,6.153322038539672079e+00,7.832323134042401547e-01,7.363154082737556616e-02,5.000000000000000000e+00
6.500000000000000000e+00,7.370521706667913620e+00,7.070461924064219694e-01,6.119620650112251453e-02,5.000000000000000000e+00
6.550000000000000711e+00,8.799970500264310047e+00,6.599180988515822577e-01,5.148934817957283305e-02,5.000000000000000000e+00
6.600000000000000533e+00,1.045625660761421472e+01,6.396103879093708588e-01,4.399752740430468156e-02,5.000000000000000000e+00
6.650000000000000355e+00,1.234495475375848983e+01,6.464839304203775505e-01,3.830217180888100675e-02,5.000000000000000000e+00
6.700000000000000178e+00,1.445786256663581959e+01,6.840118934884513724e-01,3.407405810054000422e-02,5.000000000000000000e+00
6.750000000000000000e+00,1.676762955833849134e+01,7.598930629513449553e-01,3.106460059146136377e-02,5.000000000000000000e+00
6.800000000000000711e+00,1.922220781542941381e+01,8.881058451841001844e-01,2.909739195686983707e-02,5.000000000000000000e+00
6.850000000000000533e+00,2.173952662195627994e+01,1.092475638385586478e+00,2.806224421538466504e-02,5.000000000000000000e+00
6.900000000000000355e+00,2.420237411046876375e+01,1.412644449629787413e+00,2.791371516755379936e-02,5.000000000000000000e+00
6.950000000000000178e+00,2.645256988436262091e+01,1.913625591275774696e+00,2.867687201864717664e-02,5.000000000000000000e+00
7.000000000000000000e+00,2.828254779684619891e+01,2.699903908657421248e+00,3.046534352968284509e-02,5.000000000000000000e+00
7.050000000000000711e+00,2.942312722470277464e+01,3.932698162579335133e+00,3.352172049437762008e-02,5.000000000000000000e+00
7.100000000000000533e+00,2.953284214695264964e+01,5.840353119153744998e+00,3.830019905462163365e-02,5.000000000000000000e+00
7.150000000000000355e+00,2.821477534522401953e+01,8.688965207820867676e+00,4.562845379505800492e-02,5.000000000000000000e+00
7.200000000000000178e+00,2.512698649526494421e+01,1.263970697818131050e+01,5.700690726586649104e-02,5.000000000000000000e+00
7.250000000000000000e+00,2.027615190906819365e+01,1.740891563820408550e+01,7.509306342878505069e-02,5.000000000000000000e+00
7.300000000000000711e+00,1.442686779479273618e+01,2.186172284786884745e+01,1.042280013417328649e-01,5.000000000000000000e+00
7.350000000000000533e+00,9.070415449436874056e+00,2.424701771304192022e+01,1.501729289230329112e-01,5.000000000000000000e+00
7.400000000000000355e+00,5.394340756625785716e+00,2.362890770144582220e+01,2.172821469285854401e-01,5.000000000000000000e+00
7.450000000000000178e+00,3.381569540056208467e+00,2.083122817537160643e+01,3.030360444787676411e-01,5.000000000000000000e+00
7.500000000000000000e+00,2.383112258865435429e+00,1.728978810370514907e+01,3.953397326320426397e-01,5.000000000000000000e+00
7.550000000000000711e+00,1.896853079730582703e+00,1.389489862426424693e+01,4.768096942611386724e-01,5.000000000000000000e+00
7.600000000000000533e+00,1.671550612008198655e+00,1.098071016392530730e+01,5.322822091865242466e-01,5.000000000000000000e+00
7.650000000000000355e+00,1.594354121584703243e+00,8.606730392846463573e+00,5.542299400274384169e-01,5.000000000000000000e+00
7.700000000000000178e+00,1.615087455046021470e+00,6.726550581473031087e+00,5.437615346489533819e-01,5.000000000000000000e+00
7.750000000000000000e+00,1.712262034044848891e+00,5.261647530595379152e+00,5.080443619950856249e-01,5.000000000000000000e+00
7.800000000000000711e+00,1.878687726794428414e+00,4.131371375084777142e+00,4.565610812909701166e-01,5.000000000000000000e+00
7.850000000000000533e+00,2.115230010690122064e+00,3.264274098010273573e+00,3.981537525233426744e-01,5.000000000000000000e+00
7.900000000000000355e+00,2.427994590836131117e+00,2.601327592167636205e+00,3.395292565892581438e-01,5.000000000000000000e+00
7.950000000000000178e+00,2.827007836849388056e+00,2.095647524842414899e+00,2.849713650140819898e-01,5.000000000000000000e+00
8.000000000000000000e+00,3.325549223059296011e+00,1.710887949995758550e+00,2.367146749758543833e-01,5.000000000000000000e+00
8.050000000000000711e+00,3.939718930741603842e+00,1.419332130543016213e+00,1.955328763915014367e-01,5.000000000000000000e+00
8.099999999999999645e+00,4.687988881200483959e+00,1.200130448089416157e+00,1.612912553916444891e-01,5.000000000000000000e+00
8.150000000000000355e+00,5.590541657535702313e+00,1.037849232783804254e+00,1.333690213279943027e-01,5.000000000000000000e+00
8.200000000000001066e+00,6.668212680804461279e+00,9.213641547939005472e-01,1.109432401031445609e-01,5.000000000000000000e+00
8.250000000000000000e+00,7.940849417694852086e+00,8.430861327415937190e-01,9.316083939860490826e-02,5.000000000000000000e+00
8.300000000000000711e+00,9.424911419157590231e+00,7.985069610352145686e-01,7.923195681714570449e-02,5.000000000000000000e+00
8.349999999999999645e+00,1.113017920890450796e+01,7.860776461240274182e-01,6.847319108491375927e-02,5.000000000000000000e+00
8.400000000000000355e+00,1.305553696598761171e+01,8.074804827568172749e-01,6.032171331325759250e-02,5.000000000000000000e+00
8.450000000000001066e+00,1.518394538888421685e+01,8.684320152734380516e-01,5.433432371974530189e-02,5.000000000000000000e+00
8.500000000000000000e+00,1.747688990579285218e+01,9.802718338081453098e-01,5.018047848699611069e-02,5.000000000000000000e+00
8.550000000000000711e+00,1.986867643796624705e+01,1.162768590641457322e+00,4.763510858631490874e-02,5.000000000000000000e+00
8.599999999999999645e+00,2.226079604399298262e+01,1.448812436352082234e+00,4.657551223752402075e-02,5.000000000000000000e+00
8.650000000000000355e+00,2.451606669917500270e+01,1.891890093334530398e+00,4.698669349776306986e-02,5.000000000000000000e+00
8.700000000000001066e+00,2.645155492629019989e+01,2.577126757994137485e+00,4.898165073964492328e-02,5.000000000000000000e+00
8.750000000000000000e+00,2.782940359736965874e+01,3.635176839431378149e+00,5.284844437323105854e-02,5.000000000000000000e+00
8.800000000000000711e+00,2.834848737127806118e+01,5.252621013267411598e+00,5.914657618411983675e-02,5.000000000000000000e+00
8.849999999999999645e+00,2.765291112218174518e+01,7.657402153234670550e+00,6.889395554137668631e-02,5.000000000000000000e+00
8.900000000000000355e+00,2.540135694507969788e+01,1.102887491332842984e+01,8.391036903812960912e-02,5.000000000000000000e+00
8.950000000000001066e+00,2.146855586780734626e+01,1.526148433993779108e+01,1.073830732332251015e-01,5.000000000000000000e+00
9.000000000000000000e+00,1.628251566239871551e+01,1.961258160803603090e+01,1.445615272576436794e-01,5.000000000000000000e+00
9.050000000000000711e+00,1.098514318290028413e+01,2.265046201508917179e+01,2.028400175288329332e-01,5.000000000000000000e+00
9.099999999999999645e+00,6.851892249121878997e+00,2.313939441949919384e+01,2.892727823088083738e-01,5.000000000000000000e+00
9.150000000000000355e+00,4.316855594251360451e+00,2.121785779136286720e+01,4.041151711981788575e-01,5.000000000000000000e+00
9.200000000000001066e+00,2.969419908151521348e+00,1.807463717263178893e+01,5.348929026191016067e-01,5.000000000000000000e+00
9.250000000000000000e+00,2.286199885064906567e+00,1.475273763868370835e+01,6.587527718283905376e-01,5.000000000000000000e+00
9.300000000000000711e+00,1.950772616628987377e+00,1.176196980418846749e+01,7.520851542721933569e-01,5.000000000000000000e+00
9.349999999999999645e+00,1.809136308378405333e+00,9.262410525311127074e+00,7.998854088156179820e-01,5.000000000000000000e+00
9.400000000000000355e+00,1.789953891559614041e+00,7.254598968149663207e+00,7.996067497094322407e-01,5.000000000000000000e+00
9.450000000000001066e+00,1.861006268077380899e+00,5.678571772960330222e+00,7.590383119498602671e-01,5.000000000000000000e+00
9.500000000000000000e+00,2.009430295461208882e+00,4.458471468307900309e+00,6.911608228457392089e-01,5.000000000000000000e+00
9.550000000000000711e+00,2.232903140356688354e+00,3.521605480097559138e+00,6.092970323156741141e-01,5.000000000000000000e+00
9.600000000000001421e+00,2.535602013462915583e+00,2.805603651943197718e+00,5.242203810056837998e-01,5.000000000000000000e+00
9.650000000000000355e+00,2.926278415914698616e+00,2.259988776447961367e+00,4.432262936743409654e-01,5.000000000000000000e+00
9.700000000000001066e+00,3.417273495224276481e+00,1.845300195017239853e+00,3.704319168494726311e-01,5.000000000000000000e+00
9.750000000000000000e+00,4.023909012864548274e+00,1.531369161116000743e+00,3.075715615595262520e-01,5.000000000000000000e+00
9.800000000000000711e+00,4.763933793659179905e+00,1.295514041009809603e+00,2.548302110614604210e-01,5.000000000000000000e+00
9.850000000000001421e+00,5.656798481765945574e+00,1.120977067012967954e+00,2.115160037498956258e-01,5.000000000000000000e+00
9.900000000000000355e+00,6.722560137399509195e+00,9.957047656864129737e-01,1.765296516389843751e-01,5.000000000000000000e+00
9.950000000000001066e+00,7.980225688604635437e+00,9.114841321940362340e-01,1.486588361065583341e-01,5.000000000000000000e+00
1.000000000000000000e+01,9.445357596819818014e+00,8.634268237544625579e-01,1.267449419628140228e-01,5.000000000000000000e+00
