0.000000000000000000e+00,5.000000000000000000e-01,5.000000000000000000e-01,2.000000000000000000e+00,5.999999999999999778e-01,5.999999999999999778e-01,8.000000000000000444e-01
2.000000000000000042e-02,5.170000000000000151e-01,4.949999999999999956e-01,2.000000000000000000e+00,5.999999999999999778e-01,5.999999999999999778e-01,8.000000000000000444e-01
4.000000000000000083e-02,5.346090199999999903e-01,4.901509800000000139e-01,2.000000000000000000e+00,5.999999999999999778e-01,5.999999999999999778e-01,8.000000000000000444e-01
5.999999999999999778e-02,5.528489111791619059e-01,4.854530339408381079e-01,2.000000000000000000e+00,5.999999999999999778e-01,5.999999999999999778e-01,8.000000000000000444e-01
8.000000000000000167e-02,5.717422814514145912e-01,4.809063715726984434e-01,2.000000000000000000e+00,5.999999999999999778e-01,5.999999999999999778e-01,8.000000000000000444e-01
1.000000000000000056e-01,5.913125186369012631e-01,4.765113237001052382e-01,2.000000000000000000e+00,5.999999999999999778e-01,5.999999999999999778e-01,8.000000000000000444e-01
1.199999999999999956e-01,6.115838140506639764e-01,4.722683478526168988e-01,2.000000000000000000e+00,5.999999999999999778e-01,5.999999999999999778e-01,8.000000000000000444e-01
1.400000000000000133e-01,6.325811864834691711e-01,4.681780344161963203e-01,2.000000000000000000e+00,5.999999999999999778e-01,5.999999999999999778e-01,8.000000000000000444e-01
1.600000000000000033e-01,6.543305065448500324e-01,4.642411132634951532e-01,2.000000000000000000e+00,5.999999999999999778e-01,5.999999999999999778e-01,8.000000000000000444e-01
1.799999999999999933e-01,6.768585213330362560e-01,4.604584609248870142e-01,2.000000000000000000e+00,5.999999999999999778e-01,5.999999999999999778e-01,8.000000000000000444e-01
2.000000000000000111e-01,7.001928793903948733e-01,4.568311083460516731e-01,2.000000000000000000e+00,5.999999999999999778e-01,5.999999999999999778e-01,8.000000000000000444e-01
2.200000000000000011e-01,7.243621558962355378e-01,4.533602492822899621e-01,2.000000000000000000e+00,5.999999999999999778e-01,5.999999999999999778e-01,8.000000000000000444e-01
2.399999999999999911e-01,7.493958780412717235e-01,4.500472493845866229e-01,2.000000000000000000e+00,5.999999999999999778e-01,5.999999999999999778e-01,8.000000000000000444e-01
2.600000000000000089e-01,7.753245505195711651e-01,4.468936560377846923e-01,2.000000000000000000e+00,5.999999999999999778e-01,5.999999999999999778e-01,8.000000000000000444e-01
2.800000000000000266e-01,8.021796810643835318e-01,4.439012090171506331e-01,2.000000000000000000e+00,5.999999999999999778e-01,5.999999999999999778e-01,8.000000000000000444e-01
2.999999999999999889e-01,8.299938059436772209e-01,4.410718520361578965e-01,2.000000000000000000e+00,5.999999999999999778e-01,5.999999999999999778e-01,8.000000000000000444e-01
3.200000000000000067e-01,8.588005153194309127e-01,4.384077452655728013e-01,2.000000000000000000e+00,5.999999999999999778e-01,5.999999999999999778e-01,8.000000000000000444e-01
3.400000000000000244e-01,8.886344783615589549e-01,4.359112789119728992e-01,2.000000000000000000e+00,5.999999999999999778e-01,5.999999999999999778e-01,8.000000000000000444e-01
3.599999999999999867e-01,9.195314679926469559e-01,4.335850879527556878e-01,2.000000000000000000e+00,5.999999999999999778e-01,5.999999999999999778e-01,8.000000000000000444e-01
3.800000000000000044e-01,9.515283851232537726e-01,4.314320681346106023e-01,2.000000000000000000e+00,5.999999999999999778e-01,5.999999999999999778e-01,8.000000000000000444e-01
4.000000000000000222e-01,9.846632822191937473e-01,4.294553933534469570e-01,2.000000000000000000e+00,5.999999999999999778e-01,5.999999999999999778e-01,8.000000000000000444e-01
4.199999999999999845e-01,1.018975386021727880e+00,4.276585345460254817e-01,2.000000000000000000e+00,5.999999999999999778e-01,5.999999999999999778e-01,8.000000000000000444e-01
4.400000000000000022e-01,1.054505119218702713e+00,4.260452802371833547e-01,2.000000000000000000e+00,5.999999999999999778e-01,5.999999999999999778e-01,8.000000000000000444e-01
4.600000000000000200e-01,1.091294120839101822e+00,4.246197589017373653e-01,2.000000000000000000e+00,5.999999999999999778e-01,5.999999999999999778e-01,8.000000000000000444e-01
4.799999999999999822e-01,1.129385265114886794e+00,4.233864633170885683e-01,2.000000000000000000e+00,5.999999999999999778e-01,5.999999999999999778e-01,8.000000000000000444e-01
5.000000000000000000e-01,1.168822678522049241e+00,4.223502771014482349e-01,2.000000000000000000e+00,5.999999999999999778e-01,5.999999999999999778e-01,8.000000000000000444e-01
5.200000000000000178e-01,1.209651754677056212e+00,4.215165036536999699e-01,2.000000000000000000e+00,5.999999999999999778e-01,5.999999999999999778e-01,8.000000000000000444e-01
5.400000000000000355e-01,1.251919166724898114e+00,4.208908977344811841e-01,2.000000000000000000e+00,5.999999999999999778e-01,5.999999999999999778e-01,8.000000000000000444e-01
5.600000000000000533e-01,1.295672876810207930e+00,4.204796999544156422e-01,2.000000000000000000e+00,5.999999999999999778e-01,5.999999999999999778e-01,8.000000000000000444e-01
5.799999999999999600e-01,1.340962142172853477e+00,4.202896744649077809e-01,2.000000000000000000e+00,5.999999999999999778e-01,5.999999999999999778e-01,8.000000000000000444e-01
5.999999999999999778e-01,1.387837517353324390e+00,4.203281501799123743e-01,2.000000000000000000e+00,5.999999999999999778e-01,5.999999999999999778e-01,8.000000000000000444e-01
6.199999999999999956e-01,1.436350851930424444e+00,4.206030658940666522e-01,2.000000000000000000e+00,5.999999999999999778e-01,5.999999999999999778e-01,8.000000000000000444e-01
6.400000000000000133e-01,1.486555283143383477e+00,4.211230197040194967e-01,2.000000000000000000e+00,5.999999999999999778e-01,5.999999999999999778e-01,8.000000000000000444e-01
6.600000000000000311e-01,1.538505222671587180e+00,4.218973231862868656e-01,2.000000000000000000e+00,5.999999999999999778e-01,5.999999999999999778e-01,8.000000000000000444e-01
6.800000000000000488e-01,1.592256336756611379e+00,4.229360608371454666e-01,2.000000000000000000e+00,5.999999999999999778e-01,5.999999999999999778e-01,8.000000000000000444e-01
7.000000000000000666e-01,1.647865518751945979e+00,4.242501553386810453e-01,2.000000000000000000e+00,5.999999999999999778e-01,5.999999999999999778e-01,8.000000000000000444e-01
7.199999999999999734e-01,1.705390853074330693e+00,4.258514392809553684e-01,2.000000000000000000e+00,5.999999999999999778e-01,5.999999999999999778e-01,8.000000000000000444e-01
7.399999999999999911e-01,1.764891569405484528e+00,4.277527340442794368e-01,2.000000000000000000e+00,5.999999999999999778e-01,5.999999999999999778e-01,8.000000000000000444e-01
7.600000000000000089e-01,1.826427985852445257e+00,4.299679366288297055e-01,2.000000000000000000e+00,5.999999999999999778e-01,5.999999999999999778e-01,8.000000000000000444e-01
7.800000000000000266e-01,1.890061439616805616e+00,4.325121153125059403e-01,2.000000000000000000e+00,5.999999999999999778e-01,5.999999999999999778e-01,8.000000000000000444e-01
8.000000000000000444e-01,1.955854203545646763e+00,4.354016151233370269e-01,2.000000000000000000e+00,5.999999999999999778e-01,5.999999999999999778e-01,8.000000000000000444e-01
8.200000000000000622e-01,2.023869386737437992e+00,4.386541742313981307e-01,2.000000000000000000e+00,5.999999999999999778e-01,5.999999999999999778e-01,8.000000000000000444e-01
8.399999999999999689e-01,2.094170817151837394e+00,4.422890524987939664e-01,2.000000000000000000e+00,5.999999999999999778e-01,5.999999999999999778e-01,8.000000000000000444e-01
8.599999999999999867e-01,2.166822903920046173e+00,4.463271735766777826e-01,2.000000000000000000e+00,5.999999999999999778e-01,5.999999999999999778e-01,8.000000000000000444e-01
8.800000000000000044e-01,2.241890476768674034e+00,4.507912821076250354e-01,2.000000000000000000e+00,5.999999999999999778e-01,5.999999999999999778e-01,8.000000000000000444e-01
9.000000000000000222e-01,2.319438599651011845e+00,4.557061177823121256e-01,2.000000000000000000e+00,5.999999999999999778e-01,5.999999999999999778e-01,8.000000000000000444e-01
9.200000000000000400e-01,2.399532355320875610e+00,4.610986082139719722e-01,2.000000000000000000e+00,5.999999999999999778e-01,5.999999999999999778e-01,8.000000000000000444e-01
9.400000000000000577e-01,2.482236597180876636e+00,4.669980828353826330e-01,2.000000000000000000e+00,5.999999999999999778e-01,5.999999999999999778e-01,8.000000000000000444e-01
9.599999999999999645e-01,2.567615664283784405e+00,4.734365102943440262e-01,2.000000000000000000e+00,5.999999999999999778e-01,5.999999999999999778e-01,8.000000000000000444e-01
9.799999999999999822e-01,2.655733054856628694e+00,4.804487621281418042e-01,2.000000000000000000e+00,5.999999999999999778e-01,5.999999999999999778e-01,8.000000000000000444e-01
1.000000000000000000e+00,2.746651053145909849e+00,4.880729058390754216e-01,2.000000000000000000e+00,5.999999999999999778e-01,5.999999999999999778e-01,8.000000000000000444e-01
1.020000000000000018e+00,2.840430303741727780e+00,4.963505308756687717e-01,2.000000000000000000e+00,5.999999999999999778e-01,5.999999999999999778e-01,8.000000000000000444e-01
1.040000000000000036e+00,2.937129326821266595e+00,5.053271114517885465e-01,2.000000000000000000e+00,5.999999999999999778e-01,5.999999999999999778e-01,8.000000000000000444e-01
1.060000000000000053e+00,3.036803966949922273e+00,5.150524106127550850e-01,2.000000000000000000e+00,5.999999999999999778e-01,5.999999999999999778e-01,8.000000000000000444e-01
1.080000000000000071e+00,3.139506767183088076e+00,5.255809304877822052e-01,2.000000000000000000e+00,5.999999999999999778e-01,5.999999999999999778e-01,8.000000000000000444e-01
1.100000000000000089e+00,3.245286259214786195e+00,5.369724142556030477e-01,2.000000000000000000e+00,5.999999999999999778e-01,5.999999999999999778e-01,8.000000000000000444e-01
1.120000000000000107e+00,3.354186159212644291e+00,5.492924059982465801e-01,2.000000000000000000e+00,5.999999999999999778e-01,5.999999999999999778e-01,8.000000000000000444e-01
1.140000000000000124e+00,3.466244457754430908e+00,5.626128753289938444e-01,2.000000000000000000e+00,5.999999999999999778e-01,5.999999999999999778e-01,8.000000000000000444e-01
1.159999999999999920e+00,3.581492390932963232e+00,5.770129144553748368e-01,2.000000000000000000e+00,5.999999999999999778e-01,5.999999999999999778e-01,8.000000000000000444e-01
1.179999999999999938e+00,3.699953278219178188e+00,5.925795161751925555e-01,2.000000000000000000e+00,5.999999999999999778e-01,5.999999999999999778e-01,8.000000000000000444e-01
1.199999999999999956e+00,3.821641211066209909e+00,6.094084421981247335e-01,2.000000000000000000e+00,5.999999999999999778e-01,5.999999999999999778e-01,8.000000000000000444e-01
1.219999999999999973e+00,3.946559574503946344e+00,6.276051921278669177e-01,2.000000000000000000e+00,5.999999999999999778e-01,5.999999999999999778e-01,8.000000000000000444e-01
1.239999999999999991e+00,4.074699382124096658e+00,6.472860844138285108e-01,2.000000000000000000e+00,5.999999999999999778e-01,5.999999999999999778e-01,8.000000000000000444e-01
1.260000000000000009e+00,4.206037402910437706e+00,6.685794615618299019e-01,2.000000000000000000e+00,5.999999999999999778e-01,5.999999999999999778e-01,8.000000000000000444e-01
1.280000000000000027e+00,4.340534056361093462e+00,6.916270328426019631e-01,2.000000000000000000e+00,5.999999999999999778e-01,5.999999999999999778e-01,8.000000000000000444e-01
1.300000000000000044e+00,4.478131050331297658e+00,7.165853686013597956e-01,2.000000000000000000e+00,5.999999999999999778e-01,5.999999999999999778e-01,8.000000000000000444e-01
1.320000000000000062e+00,4.618748734072386952e+00,7.436275609759002148e-01,2.000000000000000000e+00,5.999999999999999778e-01,5.999999999999999778e-01,8.000000000000000444e-01
1.340000000000000080e+00,4.762283137164737390e+00,7.729450662708311492e-01,2.000000000000000000e+00,5.999999999999999778e-01,5.999999999999999778e-01,8.000000000000000444e-01
1.360000000000000098e+00,4.908602663590651893e+00,8.047497442711729621e-01,2.000000000000000000e+00,5.999999999999999778e-01,5.999999999999999778e-01,8.000000000000000444e-01
1.380000000000000115e+00,5.057544409275237740e+00,8.392761092218746777e-01,2.000000000000000000e+00,5.999999999999999778e-01,5.999999999999999778e-01,8.000000000000000444e-01
1.400000000000000133e+00,5.208910071317847112e+00,8.767838058027250803e-01,2.000000000000000000e+00,5.999999999999999778e-01,5.999999999999999778e-01,8.000000000000000444e-01
1.419999999999999929e+00,5.362461418213590569e+00,9.175603208668519084e-01,2.000000000000000000e+00,5.999999999999999778e-01,5.999999999999999778e-01,8.000000000000000444e-01
1.439999999999999947e+00,5.517915293107748198e+00,9.619239375673683812e-01,2.000000000000000000e+00,5.999999999999999778e-01,5.999999999999999778e-01,8.000000000000000444e-01
1.459999999999999964e+00,5.674938127161145651e+00,1.010226932237203279e+00,2.000000000000000000e+00,5.999999999999999778e-01,5.999999999999999778e-01,8.000000000000000444e-01
1.479999999999999982e+00,5.833139948229535854e+00,1.062859005339463314e+00,2.000000000000000000e+00,5.999999999999999778e-01,5.999999999999999778e-01,8.000000000000000444e-01
1.500000000000000000e+00,5.992067882278143465e+00,1.120250925134605557e+00,2.000000000000000000e+00,5.999999999999999778e-01,5.999999999999999778e-01,8.000000000000000444e-01
1.520000000000000018e+00,6.151199162506172158e+00,1.182878345395549147e+00,2.000000000000000000e+00,5.999999999999999778e-01,5.999999999999999778e-01,8.000000000000000444e-01
1.540000000000000036e+00,6.309933685555893845e+00,1.251265735319745831e+00,2.000000000000000000e+00,5.999999999999999778e-01,5.999999999999999778e-01,8.000000000000000444e-01
1.560000000000000053e+00,6.467586187223618666e+00,1.325990329309141069e+00,2.000000000000000000e+00,5.999999999999999778e-01,5.999999999999999778e-01,8.000000000000000444e-01
1.580000000000000071e+00,6.623378153853781036e+00,1.407685964898977460e+00,2.000000000000000000e+00,5.999999999999999778e-01,5.999999999999999778e-01,8.000000000000000444e-01
1.600000000000000089e+00,6.776429642399151021e+00,1.497046627069375413e+00,2.000000000000000000e+00,5.999999999999999778e-01,5.999999999999999778e-01,8.000000000000000444e-01
1.620000000000000107e+00,6.925751254418398339e+00,1.594829454712984429e+00,2.000000000000000000e+00,5.999999999999999778e-01,5.999999999999999778e-01,8.000000000000000444e-01
1.640000000000000124e+00,7.070236599436391600e+00,1.701856888596319006e+00,2.000000000000000000e+00,5.999999999999999778e-01,5.999999999999999778e-01,8.000000000000000444e-01
1.660000000000000142e+00,7.208655693084767613e+00,1.819017548707857479e+00,2.000000000000000000e+00,5.999999999999999778e-01,5.999999999999999778e-01,8.000000000000000444e-01
1.679999999999999938e+00,7.339649866308390003e+00,1.947265322428299639e+00,2.000000000000000000e+00,5.999999999999999778e-01,5.999999999999999778e-01,8.000000000000000444e-01
1.699999999999999956e+00,7.461728912999591401e+00,2.087616025230580874e+00,2.000000000000000000e+00,5.999999999999999778e-01,5.999999999999999778e-01,8.000000000000000444e-01
1.719999999999999973e+00,7.573271371263123442e+00,2.241140867083343480e+00,2.000000000000000000e+00,5.999999999999999778e-01,5.999999999999999778e-01,8.000000000000000444e-01
1.739999999999999991e+00,7.672529010501847324e+00,2.408955828821810918e+00,2.000000000000000000e+00,5.999999999999999778e-01,5.999999999999999778e-01,8.000000000000000444e-01
1.760000000000000009e+00,7.757636769142086663e+00,2.592205937340496202e+00,2.000000000000000000e+00,5.999999999999999778e-01,5.999999999999999778e-01,8.000000000000000444e-01
1.780000000000000027e+00,7.826629534795357834e+00,2.792043347455460900e+00,2.000000000000000000e+00,5.999999999999999778e-01,5.999999999999999778e-01,8.000000000000000444e-01
1.800000000000000044e+00,7.877467249079686873e+00,3.009598121003659088e+00,2.000000000000000000e+00,5.999999999999999778e-01,5.999999999999999778e-01,8.000000000000000444e-01
1.820000000000000062e+00,7.908069811469697008e+00,3.245940678640777399e+00,2.000000000000000000e+00,5.999999999999999778e-01,5.999999999999999778e-01,8.000000000000000444e-01
1.840000000000000080e+00,7.916363098041517610e+00,3.502035133669492151e+00,2.000000000000000000e+00,5.999999999999999778e-01,5.999999999999999778e-01,8.000000000000000444e-01
1.860000000000000098e+00,7.900337041560465678e+00,3.778683151933492912e+00,2.000000000000000000e+00,5.999999999999999778e-01,5.999999999999999778e-01,8.000000000000000444e-01
1.880000000000000115e+00,7.858116077540397093e+00,4.076458667185044682e+00,2.000000000000000000e+00,5.999999999999999778e-01,5.999999999999999778e-01,8.000000000000000444e-01
1.900000000000000133e+00,7.788041295937584430e+00,4.395634753214512358e+00,2.000000000000000000e+00,5.999999999999999778e-01,5.999999999999999778e-01,8.000000000000000444e-01
1.919999999999999929e+00,7.688762328016371050e+00,4.736105216921796313e+00,2.000000000000000000e+00,5.999999999999999778e-01,5.999999999999999778e-01,8.000000000000000444e-01
1.939999999999999947e+00,7.559335372656344809e+00,5.097304981931729095e+00,2.000000000000000000e+00,5.999999999999999778e-01,5.999999999999999778e-01,8.000000000000000444e-01
1.959999999999999964e+00,7.399321933300991638e+00,5.478134956482428208e+00,2.000000000000000000e+00,5.999999999999999778e-01,5.999999999999999778e-01,8.000000000000000444e-01
1.979999999999999982e+00,7.208881000988031751e+00,5.876898606823709237e+00,2.000000000000000000e+00,5.999999999999999778e-01,5.999999999999999778e-01,8.000000000000000444e-01
2.000000000000000000e+00,6.988845888489979785e+00,6.291258581652103388e+00,2.000000000000000000e+00,5.999999999999999778e-01,5.999999999999999778e-01,8.000000000000000444e-01
2.020000000000000018e+00,6.740776083967899623e+00,6.718222084407348582e+00,2.000000000000000000e+00,5.999999999999999778e-01,5.999999999999999778e-01,8.000000000000000444e-01
2.040000000000000036e+00,6.466974758286319513e+00,7.154162900097126965e+00,2.000000000000000000e+00,5.999999999999999778e-01,5.999999999999999778e-01,8.000000000000000444e-01
2.060000000000000053e+00,6.170464257918613526e+00,7.594885784394731942e+00,2.000000000000000000e+00,5.999999999999999778e-01,5.999999999999999778e-01,8.000000000000000444e-01
2.080000000000000071e+00,5.854915172928375711e+00,8.035735267151398631e+00,2.000000000000000000e+00,5.999999999999999778e-01,5.999999999999999778e-01,8.000000000000000444e-01
2.100000000000000089e+00,5.524529199750146446e+00,8.471746082972341441e+00,2.000000000000000000e+00,5.999999999999999778e-01,5.999999999999999778e-01,8.000000000000000444e-01
2.120000000000000107e+00,5.183881464441157050e+00,8.897827048943780071e+00,2.000000000000000000e+00,5.999999999999999778e-01,5.999999999999999778e-01,8.000000000000000444e-01
2.140000000000000124e+00,4.837733354464929469e+00,9.308965184714553587e+00,2.000000000000000000e+00,5.999999999999999778e-01,5.999999999999999778e-01,8.000000000000000444e-01
2.160000000000000142e+00,4.490831192207769718e+00,9.700433238194877461e+00,2.000000000000000000e+00,5.999999999999999778e-01,5.999999999999999778e-01,8.000000000000000444e-01
2.180000000000000160e+00,4.147708341927905273e+00,1.006798240435193392e+01,2.000000000000000000e+00,5.999999999999999778e-01,5.999999999999999778e-01,8.000000000000000444e-01
2.200000000000000178e+00,3.812508020346054849e+00,1.040800334114126890e+01,2.000000000000000000e+00,5.999999999999999778e-01,5.999999999999999778e-01,8.000000000000000444e-01
2.220000000000000195e+00,3.488841186593221622e+00,1.071764244224968365e+01,2.000000000000000000e+00,5.999999999999999778e-01,5.999999999999999778e-01,8.000000000000000444e-01
2.240000000000000213e+00,3.179689005548547165e+00,1.099486599168209189e+01,2.000000000000000000e+00,5.999999999999999778e-01,5.999999999999999778e-01,8.000000000000000444e-01
2.260000000000000231e+00,2.887353511635715186e+00,1.123847118994995320e+01,2.000000000000000000e+00,5.999999999999999778e-01,5.999999999999999778e-01,8.000000000000000444e-01
2.280000000000000249e+00,2.613454381032517926e+00,1.144804892197937995e+01,2.000000000000000000e+00,5.999999999999999778e-01,5.999999999999999778e-01,8.000000000000000444e-01
2.300000000000000266e+00,2.358965112960759392e+00,1.162390758254076850e+01,2.000000000000000000e+00,5.999999999999999778e-01,5.999999999999999778e-01,8.000000000000000444e-01
2.319999999999999840e+00,2.124279007917265094e+00,1.176696977078204043e+01,2.000000000000000000e+00,5.999999999999999778e-01,5.999999999999999778e-01,8.000000000000000444e-01
2.339999999999999858e+00,1.909294245783523802e+00,1.187865417689996050e+01,2.000000000000000000e+00,5.999999999999999778e-01,5.999999999999999778e-01,8.000000000000000444e-01
2.359999999999999876e+00,1.713507862803574699e+00,1.196075386288085163e+01,2.000000000000000000e+00,5.999999999999999778e-01,5.999999999999999778e-01,8.000000000000000444e-01
2.379999999999999893e+00,1.536110027846462778e+00,1.201531995054401314e+01,2.000000000000000000e+00,5.999999999999999778e-01,5.999999999999999778e-01,8.000000000000000444e-01
2.399999999999999911e+00,1.376072187394549395e+00,1.204455707290108002e+01,2.000000000000000000e+00,5.999999999999999778e-01,5.999999999999999778e-01,8.000000000000000444e-01
2.419999999999999929e+00,1.232224914920265535e+00,1.205073431970472875e+01,2.000000000000000000e+00,5.999999999999999778e-01,5.999999999999999778e-01,8.000000000000000444e-01
2.439999999999999947e+00,1.103323330655177514e+00,1.203611315145135130e+01,2.000000000000000000e+00,5.999999999999999778e-01,5.999999999999999778e-01,8.000000000000000444e-01
2.459999999999999964e+00,9.880995704765619392e-01,1.200289203443295172e+01,2.000000000000000000e+00,5.999999999999999778e-01,5.999999999999999778e-01,8.000000000000000444e-01
2.479999999999999982e+00,8.853029237312274313e-01,1.195316639144642146e+01,2.000000000000000000e+00,5.999999999999999778e-01,5.999999999999999778e-01,8.000000000000000444e-01
2.500000000000000000e+00,7.937289628301561484e-01,1.188890180703359967e+01,2.000000000000000000e+00,5.999999999999999778e-01,5.999999999999999778e-01,8.000000000000000444e-01
2.520000000000000018e+00,7.122393329375262816e-01,1.181191816652689752e+01,2.000000000000000000e+00,5.999999999999999778e-01,5.999999999999999778e-01,8.000000000000000444e-01
2.540000000000000036e+00,6.397739536673501259e-01,1.172388242845014439e+01,2.000000000000000000e+00,5.999999999999999778e-01,5.999999999999999778e-01,8.000000000000000444e-01
2.560000000000000053e+00,5.753572964510754728e-01,1.162630792495790999e+01,2.000000000000000000e+00,5.999999999999999778e-01,5.999999999999999778e-01,8.000000000000000444e-01
2.580000000000000071e+00,5.181002151641804776e-01,1.152055837130352067e+01,2.000000000000000000e+00,5.999999999999999778e-01,5.999999999999999778e-01,8.000000000000000444e-01
2.600000000000000089e+00,4.671985785189414209e-01,1.140785508261447134e+01,2.000000000000000000e+00,5.999999999999999778e-01,5.999999999999999778e-01,8.000000000000000444e-01
2.620000000000000107e+00,4.219297175171283221e-01,1.128928620543521077e+01,2.000000000000000000e+00,5.999999999999999778e-01,5.999999999999999778e-01,8.000000000000000444e-01
2.640000000000000124e+00,3.816474821422619623e-01,1.116581705022379900e+01,2.000000000000000000e+00,5.999999999999999778e-01,5.999999999999999778e-01,8.000000000000000444e-01
2.660000000000000142e+00,3.457765098686038097e-01,1.103830084897956709e+01,2.000000000000000000e+00,5.999999999999999778e-01,5.999999999999999778e-01,8.000000000000000444e-01
2.680000000000000160e+00,3.138061485540703521e-01,1.090748945710517148e+01,2.000000000000000000e+00,5.999999999999999778e-01,5.999999999999999778e-01,8.000000000000000444e-01
2.700000000000000178e+00,2.852843474130935530e-01,1.077404367287462783e+01,2.000000000000000000e+00,5.999999999999999778e-01,5.999999999999999778e-01,8.000000000000000444e-01
2.720000000000000195e+00,2.598117290910227917e-01,1.063854296632722907e+01,2.000000000000000000e+00,5.999999999999999778e-01,5.999999999999999778e-01,8.000000000000000444e-01
2.740000000000000213e+00,2.370359793375763080e-01,1.050149449778308153e+01,2.000000000000000000e+00,5.999999999999999778e-01,5.999999999999999778e-01,8.000000000000000444e-01
2.760000000000000231e+00,2.166466341175971866e-01,1.036334137021203361e+01,2.000000000000000000e+00,5.999999999999999778e-01,5.999999999999999778e-01,8.000000000000000444e-01
2.780000000000000249e+00,1.983703031694840635e-01,1.022447010460145833e+01,2.000000000000000000e+00,5.999999999999999778e-01,5.999999999999999778e-01,8.000000000000000444e-01
2.800000000000000266e+00,1.819663404834980236e-01,1.008521735774059991e+01,2.000000000000000000e+00,5.999999999999999778e-01,5.999999999999999778e-01,8.000000000000000444e-01
2.819999999999999840e+00,1.672229529560134154e-01,9.945875921163574773e+00,2.000000000000000000e+00,5.999999999999999778e-01,5.999999999999999778e-01,8.000000000000000444e-01
2.839999999999999858e+00,1.539537261790009659e-01,9.806700051320211386e+00,2.000000000000000000e+00,5.999999999999999778e-01,5.999999999999999778e-01,8.000000000000000444e-01
2.859999999999999876e+00,1.419945390531144325e-01,9.667910186672134643e+00,2.000000000000000000e+00,5.999999999999999778e-01,5.999999999999999778e-01,8.000000000000000444e-01
2.879999999999999893e+00,1.312008352084779728e-01,9.529697109092142071e+00,2.000000000000000000e+00,5.999999999999999778e-01,5.999999999999999778e-01,8.000000000000000444e-01
2.899999999999999911e+00,1.214452179768566037e-01,9.392225605986627812e+00,2.000000000000000000e+00,5.999999999999999778e-01,5.999999999999999778e-01,8.000000000000000444e-01
2.919999999999999929e+00,1.126153360638485479e-01,9.255637686922923990e+00,2.000000000000000000e+00,5.999999999999999778e-01,5.999999999999999778e-01,8.000000000000000444e-01
2.939999999999999947e+00,1.046120285232259306e-01,9.120055404915333952e+00,2.000000000000000000e+00,5.999999999999999778e-01,5.999999999999999778e-01,8.000000000000000444e-01
2.959999999999999964e+00,9.734769971032612712e-02,8.985583328390516655e+00,2.000000000000000000e+00,5.999999999999999778e-01,5.999999999999999778e-01,8.000000000000000444e-01
2.979999999999999982e+00,9.074489728784790321e-02,8.852310705547159486e+00,2.000000000000000000e+00,5.999999999999999778e-01,5.999999999999999778e-01,8.000000000000000444e-01
3.000000000000000000e+00,8.473506887054189918e-02,8.720313358567224782e+00,2.000000000000000000e+00,5.999999999999999778e-01,5.999999999999999778e-01,8.000000000000000444e-01
3.020000000000000018e+00,7.925747538923277880e-02,8.589655341066279703e+00,2.000000000000000000e+00,5.999999999999999778e-01,5.999999999999999778e-01,8.000000000000000444e-01
3.040000000000000036e+00,7.425824164324346111e-02,8.460390388370777615e+00,2.000000000000000000e+00,5.999999999999999778e-01,5.999999999999999778e-01,8.000000000000000444e-01
3.060000000000000053e+00,6.968952674270345593e-02,8.332563186723115578e+00,2.000000000000000000e+00,5.999999999999999778e-01,5.999999999999999778e-01,8.000000000000000444e-01
3.080000000000000071e+00,6.550879919197470647e-02,8.206210484355983326e+00,2.000000000000000000e+00,5.999999999999999778e-01,5.999999999999999778e-01,8.000000000000000444e-01
3.100000000000000089e+00,6.167820322269264993e-02,8.081362064543249346e+00,2.000000000000000000e+00,5.999999999999999778e-01,5.999999999999999778e-01,8.000000000000000444e-01
3.120000000000000107e+00,5.816400465080366622e-02,7.958041598211353929e+00,2.000000000000000000e+00,5.999999999999999778e-01,5.999999999999999778e-01,8.000000000000000444e-01
3.140000000000000124e+00,5.493610601447996428e-02,7.836267391462327758e+00,2.000000000000000000e+00,5.999999999999999778e-01,5.999999999999999778e-01,8.000000000000000444e-01
3.160000000000000142e+00,5.196762206095691811e-02,7.716053041393032608e+00,2.000000000000000000e+00,5.999999999999999778e-01,5.999999999999999778e-01,8.000000000000000444e-01
3.180000000000000160e+00,4.923450780430627116e-02,7.597408011869832833e+00,2.000000000000000000e+00,5.999999999999999778e-01,5.999999999999999778e-01,8.000000000000000444e-01
3.200000000000000178e+00,4.671523238784366927e-02,7.480338139408550191e+00,2.000000000000000000e+00,5.999999999999999778e-01,5.999999999999999778e-01,8.000000000000000444e-01
3.220000000000000195e+00,4.439049286909196868e-02,7.364846077992278417e+00,2.000000000000000000e+00,5.999999999999999778e-01,5.999999999999999778e-01,8.000000000000000444e-01
3.240000000000000213e+00,4.224296281617073018e-02,7.250931690512087080e+00,2.000000000000000000e+00,5.999999999999999778e-01,5.999999999999999778e-01,8.000000000000000444e-01
3.260000000000000231e+00,4.025707127539880636e-02,7.138592393517312118e+00,2.000000000000000000e+00,5.999999999999999778e-01,5.999999999999999778e-01,8.000000000000000444e-01
3.280000000000000249e+00,3.841880825291260626e-02,7.027823461094537372e+00,2.000000000000000000e+00,5.999999999999999778e-01,5.999999999999999778e-01,8.000000000000000444e-01
3.300000000000000266e+00,3.671555335918377100e-02,6.918618292940870163e+00,2.000000000000000000e+00,5.999999999999999778e-01,5.999999999999999778e-01,8.000000000000000444e-01
3.320000000000000284e+00,3.513592470427557429e-02,6.810968651043092237e+00,2.000000000000000000e+00,5.999999999999999778e-01,5.999999999999999778e-01,8.000000000000000444e-01
3.339999999999999858e+00,3.366964551221181962e-02,6.704864868806637901e+00,2.000000000000000000e+00,5.999999999999999778e-01,5.999999999999999778e-01,8.000000000000000444e-01
3.359999999999999876e+00,3.230742625262026518e-02,6.600296035985811827e+00,2.000000000000000000e+00,5.999999999999999778e-01,5.999999999999999778e-01,8.000000000000000444e-01
3.379999999999999893e+00,3.104086037358819508e-02,6.497250162339176072e+00,2.000000000000000000e+00,5.999999999999999778e-01,5.999999999999999778e-01,8.000000000000000444e-01
3.399999999999999911e+00,2.986233196731440109e-02,6.395714322562966458e+00,2.000000000000000000e+00,5.999999999999999778e-01,5.999999999999999778e-01,8.000000000000000444e-01
3.419999999999999929e+00,2.876493391478518458e-02,6.295674784733180651e+00,2.000000000000000000e+00,5.999999999999999778e-01,5.999999999999999778e-01,8.000000000000000444e-01
3.439999999999999947e+00,2.774239524179463942e-02,6.197117124207031758e+00,2.000000000000000000e+00,5.999999999999999778e-01,5.999999999999999778e-01,8.000000000000000444e-01
3.459999999999999964e+00,2.678901658003308289e-02,6.100026324691152801e+00,2.000000000000000000e+00,5.999999999999999778e-01,5.999999999999999778e-01,8.000000000000000444e-01
3.479999999999999982e+00,2.589961276702493209e-02,6.004386867972304032e+00,2.000000000000000000e+00,5.999999999999999778e-01,5.999999999999999778e-01,8.000000000000000444e-01
3.500000000000000000e+00,2.506946174029922245e-02,5.910182813622153475e+00,2.000000000000000000e+00,5.999999999999999778e-01,5.999999999999999778e-01,8.000000000000000444e-01
3.520000000000000018e+00,2.429425898681989576e-02,5.817397869827289902e+00,2.000000000000000000e+00,5.999999999999999778e-01,5.999999999999999778e-01,8.000000000000000444e-01
3.540000000000000036e+00,2.357007690054518934e-02,5.726015456355800559e+00,2.000000000000000000e+00,5.999999999999999778e-01,5.999999999999999778e-01,8.000000000000000444e-01
3.560000000000000053e+00,2.289332848088679664e-02,5.636018760549787565e+00,2.000000000000000000e+00,5.999999999999999778e-01,5.999999999999999778e-01,8.000000000000000444e-01
3.580000000000000071e+00,2.226073487440578813e-02,5.547390787126707856e+00,2.000000000000000000e+00,5.999999999999999778e-01,5.999999999999999778e-01,8.000000000000000444e-01
3.600000000000000089e+00,2.166929632269863279e-02,5.460114402479363527e+00,2.000000000000000000e+00,5.999999999999999778e-01,5.999999999999999778e-01,8.000000000000000444e-01
3.620000000000000107e+00,2.111626613228866078e-02,5.374172374083011405e+00,2.000000000000000000e+00,5.999999999999999778e-01,5.999999999999999778e-01,8.000000000000000444e-01
3.640000000000000124e+00,2.059912732847704250e-02,5.289547405546786152e+00,2.000000000000000000e+00,5.999999999999999778e-01,5.999999999999999778e-01,8.000000000000000444e-01
3.660000000000000142e+00,2.011557169541364209e-02,5.206222167784240185e+00,2.000000000000000000e+00,5.999999999999999778e-01,5.999999999999999778e-01,8.000000000000000444e-01
3.680000000000000160e+00,1.966348093989039869e-02,5.124179326723032446e+00,2.000000000000000000e+00,5.999999999999999778e-01,5.999999999999999778e-01,8.000000000000000444e-01
3.700000000000000178e+00,1.924090974720282787e-02,5.043401567925746676e+00,2.000000000000000000e+00,5.999999999999999778e-01,5.999999999999999778e-01,8.000000000000000444e-01
3.720000000000000195e+00,1.884607052444261382e-02,4.963871618451583423e+00,2.000000000000000000e+00,5.999999999999999778e-01,5.999999999999999778e-01,8.000000000000000444e-01
3.740000000000000213e+00,1.847731965027290743e-02,4.885572266251505091e+00,2.000000000000000000e+00,5.999999999999999778e-01,5.999999999999999778e-01,8.000000000000000444e-01
3.760000000000000231e+00,1.813314507102737477e-02,4.808486377356737229e+00,2.000000000000000000e+00,5.999999999999999778e-01,5.999999999999999778e-01,8.000000000000000444e-01
3.780000000000000249e+00,1.781215510123644596e-02,4.732596911091661696e+00,2.000000000000000000e+00,5.999999999999999778e-01,5.999999999999999778e-01,8.000000000000000444e-01
3.800000000000000266e+00,1.751306830274193885e-02,4.657886933516738992e+00,2.000000000000000000e+00,5.999999999999999778e-01,5.999999999999999778e-01,8.000000000000000444e-01
3.820000000000000284e+00,1.723470433069408322e-02,4.584339629284628792e+00,2.000000000000000000e+00,5.999999999999999778e-01,5.999999999999999778e-01,8.000000000000000444e-01
3.839999999999999858e+00,1.697597564717539392e-02,4.511938312072821589e+00,2.000000000000000000e+00,5.999999999999999778e-01,5.999999999999999778e-01,8.000000000000000444e-01
3.859999999999999876e+00,1.673588001417473936e-02,4.440666433738543972e+00,2.000000000000000000e+00,5.999999999999999778e-01,5.999999999999999778e-01,8.000000000000000444e-01
3.879999999999999893e+00,1.651349368732547146e-02,4.370507592326143609e+00,2.000000000000000000e+00,5.999999999999999778e-01,5.999999999999999778e-01,8.000000000000000444e-01
3.899999999999999911e+00,1.630796524038306133e-02,4.301445539043360355e+00,2.000000000000000000e+00,5.999999999999999778e-01,5.999999999999999778e-01,8.000000000000000444e-01
3.919999999999999929e+00,1.611850995798894473e-02,4.233464184310675726e+00,2.000000000000000000e+00,5.999999999999999778e-01,5.999999999999999778e-01,8.000000000000000444e-01
3.939999999999999947e+00,1.594440474096928823e-02,4.166547602977043852e+00,2.000000000000000000e+00,5.999999999999999778e-01,5.999999999999999778e-01,8.000000000000000444e-01
3.959999999999999964e+00,1.578498347435548441e-02,4.100680038785664117e+00,2.000000000000000000e+00,5.999999999999999778e-01,5.999999999999999778e-01,8.000000000000000444e-01
3.979999999999999982e+00,1.563963281357948903e-02,4.035845908164843898e+00,2.000000000000000000e+00,5.999999999999999778e-01,5.999999999999999778e-01,8.000000000000000444e-01
4.000000000000000000e+00,1.550778834897204375e-02,3.972029803411357030e+00,2.000000000000000000e+00,5.999999999999999778e-01,5.999999999999999778e-01,8.000000000000000444e-01
4.020000000000000462e+00,1.538893111284557642e-02,3.909216495326860663e+00,2.000000000000000000e+00,5.999999999999999778e-01,5.999999999999999778e-01,8.000000000000000444e-01
4.040000000000000036e+00,1.528258439713798406e-02,3.847390935361852282e+00,2.000000000000000000e+00,5.999999999999999778e-01,5.999999999999999778e-01,8.000000000000000444e-01
4.060000000000000497e+00,1.518831085288208961e-02,3.786538257316204081e+00,2.000000000000000000e+00,5.999999999999999778e-01,5.999999999999999778e-01,8.000000000000000444e-01
4.080000000000000071e+00,1.510570984569598561e-02,3.726643778640446047e+00,2.000000000000000000e+00,5.999999999999999778e-01,5.999999999999999778e-01,8.000000000000000444e-01
4.099999999999999645e+00,1.503441504410289731e-02,3.667693001377619666e+00,2.000000000000000000e+00,5.999999999999999778e-01,5.999999999999999778e-01,8.000000000000000444e-01
4.120000000000000107e+00,1.497409221982226243e-02,3.609671612781622407e+00,2.000000000000000000e+00,5.999999999999999778e-01,5.999999999999999778e-01,8.000000000000000444e-01
4.139999999999999680e+00,1.492443724125835404e-02,3.552565485644473053e+00,2.000000000000000000e+00,5.999999999999999778e-01,5.999999999999999778e-01,8.000000000000000444e-01
4.160000000000000142e+00,1.488517424327715118e-02,3.496360678361793095e+00,2.000000000000000000e+00,5.999999999999999778e-01,5.999999999999999778e-01,8.000000000000000444e-01
4.179999999999999716e+00,1.485605395803114154e-02,3.441043434762981690e+00,2.000000000000000000e+00,5.999999999999999778e-01,5.999999999999999778e-01,8.000000000000000444e-01
4.200000000000000178e+00,1.483685219308717579e-02,3.386600183730039237e+00,2.000000000000000000e+00,5.999999999999999778e-01,5.999999999999999778e-01,8.000000000000000444e-01
4.219999999999999751e+00,1.482736844445364972e-02,3.333017538626715570e+00,2.000000000000000000e+00,5.999999999999999778e-01,5.999999999999999778e-01,8.000000000000000444e-01
4.240000000000000213e+00,1.482742463330726304e-02,3.280282296557612831e+00,2.000000000000000000e+00,5.999999999999999778e-01,5.999999999999999778e-01,8.000000000000000444e-01
4.259999999999999787e+00,1.483686395630139272e-02,3.228381437475029259e+00,2.000000000000000000e+00,5.999999999999999778e-01,5.999999999999999778e-01,8.000000000000000444e-01
4.280000000000000249e+00,1.485554984031105946e-02,3.177302123149670976e+00,2.000000000000000000e+00,5.999999999999999778e-01,5.999999999999999778e-01,8.000000000000000444e-01
4.299999999999999822e+00,1.488336499334538821e-02,3.127031696019854312e+00,2.000000000000000000e+00,5.999999999999999778e-01,5.999999999999999778e-01,8.000000000000000444e-01
4.320000000000000284e+00,1.492021054414772313e-02,3.077557677932468039e+00,2.000000000000000000e+00,5.999999999999999778e-01,5.999999999999999778e-01,8.000000000000000444e-01
4.339999999999999858e+00,1.496600526371550180e-02,3.028867768787746773e+00,2.000000000000000000e+00,5.999999999999999778e-01,5.999999999999999778e-01,8.000000000000000444e-01
4.360000000000000320e+00,1.502068486261481407e-02,2.980949845098792128e+00,2.000000000000000000e+00,5.999999999999999778e-01,5.999999999999999778e-01,8.000000000000000444e-01
4.379999999999999893e+00,1.508420135854553375e-02,2.933791958475785222e+00,2.000000000000000000e+00,5.999999999999999778e-01,5.999999999999999778e-01,8.000000000000000444e-01
4.400000000000000355e+00,1.515652250913859106e-02,2.887382334043921528e+00,2.000000000000000000e+00,5.999999999999999778e-01,5.999999999999999778e-01,8.000000000000000444e-01
4.419999999999999929e+00,1.523763130544302478e-02,2.841709368803279734e+00,2.000000000000000000e+00,5.999999999999999778e-01,5.999999999999999778e-01,8.000000000000000444e-01
4.440000000000000391e+00,1.532752552199217501e-02,2.796761629938095961e+00,2.000000000000000000e+00,5.999999999999999778e-01,5.999999999999999778e-01,8.000000000000000444e-01
4.459999999999999964e+00,1.542621731973020660e-02,2.752527853082228138e+00,2.000000000000000000e+00,5.999999999999999778e-01,5.999999999999999778e-01,8.000000000000000444e-01
4.480000000000000426e+00,1.553373289843633202e-02,2.708996940546995358e+00,2.000000000000000000e+00,5.999999999999999778e-01,5.999999999999999778e-01,8.000000000000000444e-01
4.500000000000000000e+00,1.565011219560812766e-02,2.666157959517009068e+00,2.000000000000000000e+00,5.999999999999999778e-01,5.999999999999999778e-01,8.000000000000000444e-01
4.520000000000000462e+00,1.577540862906059646e-02,2.624000140219108879e+00,2.000000000000000000e+00,5.999999999999999778e-01,5.999999999999999778e-01,8.000000000000000444e-01
4.540000000000000036e+00,1.590968888076699575e-02,2.582512874069059272e+00,2.000000000000000000e+00,5.999999999999999778e-01,5.999999999999999778e-01,8.000000000000000444e-01
4.560000000000000497e+00,1.605303271971350587e-02,2.541685711800238501e+00,2.000000000000000000e+00,5.999999999999999778e-01,5.999999999999999778e-01,8.000000000000000444e-01
4.580000000000000071e+00,1.620553286176495619e-02,2.501508361578171691e+00,2.000000000000000000e+00,5.999999999999999778e-01,5.999999999999999778e-01,8.000000000000000444e-01
4.600000000000000533e+00,1.636729486474513759e-02,2.461970687104411581e+00,2.000000000000000000e+00,5.999999999999999778e-01,5.999999999999999778e-01,8.000000000000000444e-01
4.620000000000000107e+00,1.653843705712457895e-02,2.423062705712951459e+00,2.000000000000000000e+00,5.999999999999999778e-01,5.999999999999999778e-01,8.000000000000000444e-01
4.639999999999999680e+00,1.671909049888276738e-02,2.384774586462071078e+00,2.000000000000000000e+00,5.999999999999999778e-01,5.999999999999999778e-01,8.000000000000000444e-01
4.660000000000000142e+00,1.690939897327213559e-02,2.347096648224243687e+00,2.000000000000000000e+00,5.999999999999999778e-01,5.999999999999999778e-01,8.000000000000000444e-01
4.679999999999999716e+00,1.710951900835917805e-02,2.310019357776499582e+00,2.000000000000000000e+00,5.999999999999999778e-01,5.999999999999999778e-01,8.000000000000000444e-01
4.700000000000000178e+00,1.731961992735488870e-02,2.273533327893414224e+00,2.000000000000000000e+00,5.999999999999999778e-01,5.999999999999999778e-01,8.000000000000000444e-01
4.719999999999999751e+00,1.753988392687362563e-02,2.237629315444694900e+00,2.000000000000000000e+00,5.999999999999999778e-01,5.999999999999999778e-01,8.000000000000000444e-01
4.740000000000000213e+00,1.777050618237733387e-02,2.202298219499151166e+00,2.000000000000000000e+00,5.999999999999999778e-01,5.999999999999999778e-01,8.000000000000000444e-01
4.759999999999999787e+00,1.801169498017184817e-02,2.167531079436665120e+00,2.000000000000000000e+00,5.999999999999999778e-01,5.999999999999999778e-01,8.000000000000000444e-01
4.780000000000000249e+00,1.826367187542445036e-02,2.133319073069632754e+00,2.000000000000000000e+00,5.999999999999999778e-01,5.999999999999999778e-01,8.000000000000000444e-01
4.799999999999999822e+00,1.852667187576788679e-02,2.099653514775192242e+00,2.000000000000000000e+00,5.999999999999999778e-01,5.999999999999999778e-01,8.000000000000000444e-01
4.820000000000000284e+00,1.880094365014609026e-02,2.066525853639441745e+00,2.000000000000000000e+00,5.999999999999999778e-01,5.999999999999999778e-01,8.000000000000000444e-01
4.839999999999999858e+00,1.908674976264179007e-02,2.033927671614720989e+00,2.000000000000000000e+00,5.999999999999999778e-01,5.999999999999999778e-01,8.000000000000000444e-01
4.860000000000000320e+00,1.938436693110638653e-02,2.001850681690926503e+00,2.000000000000000000e+00,5.999999999999999778e-01,5.999999999999999778e-01,8.000000000000000444e-01
4.879999999999999893e+00,1.969408631048845393e-02,1.970286726081733830e+00,2.000000000000000000e+00,5.999999999999999778e-01,5.999999999999999778e-01,8.000000000000000444e-01
4.900000000000000355e+00,2.001621380082962975e-02,1.939227774426504514e+00,2.000000000000000000e+00,5.999999999999999778e-01,5.999999999999999778e-01,8.000000000000000444e-01
4.919999999999999929e+00,2.035107037996567933e-02,1.908665922008577542e+00,2.000000000000000000e+00,5.999999999999999778e-01,5.999999999999999778e-01,8.000000000000000444e-01
4.940000000000000391e+00,2.069899246103664228e-02,1.878593387990567853e+00,2.000000000000000000e+00,5.999999999999999778e-01,5.999999999999999778e-01,8.000000000000000444e-01
4.959999999999999964e+00,2.106033227497366642e-02,1.849002513667223235e+00,2.000000000000000000e+00,5.999999999999999778e-01,5.999999999999999778e-01,8.000000000000000444e-01
4.980000000000000426e+00,2.143545827819149513e-02,1.819885760736328795e+00,2.000000000000000000e+00,5.999999999999999778e-01,5.999999999999999778e-01,8.000000000000000444e-01
5.000000000000000000e+00,2.182475558577509633e-02,1.791235709588091529e+00,2.000000000000000000e+00,5.999999999999999778e-01,5.999999999999999778e-01,8.000000000000000444e-01
5.020000000000000462e+00,2.222862643050682943e-02,1.763045057613381372e+00,2.000000000000000000e+00,5.999999999999999778e-01,5.999999999999999778e-01,8.000000000000000444e-01
5.040000000000000036e+00,2.264749064813703291e-02,1.735306617531157336e+00,2.000000000000000000e+00,5.999999999999999778e-01,5.999999999999999778e-01,8.000000000000000444e-01
5.060000000000000497e+00,2.308178618935626675e-02,1.708013315735364968e+00,2.000000000000000000e+00,5.999999999999999778e-01,5.999999999999999778e-01,8.000000000000000444e-01
5.080000000000000071e+00,2.353196965898199031e-02,1.681158190661547591e+00,2.000000000000000000e+00,5.999999999999999778e-01,5.999999999999999778e-01,8.000000000000000444e-01
5.100000000000000533e+00,2.399851688292611168e-02,1.654734391173378061e+00,2.000000000000000000e+00,5.999999999999999778e-01,5.999999999999999778e-01,8.000000000000000444e-01
5.120000000000000107e+00,2.448192350356316258e-02,1.628735174969283994e+00,2.000000000000000000e+00,5.999999999999999778e-01,5.999999999999999778e-01,8.000000000000000444e-01
5.139999999999999680e+00,2.498270560417176211e-02,1.603153907009309265e+00,2.000000000000000000e+00,5.999999999999999778e-01,5.999999999999999778e-01,8.000000000000000444e-01
5.160000000000000142e+00,2.550140036317473727e-02,1.577984057962324105e+00,2.000000000000000000e+00,5.999999999999999778e-01,5.999999999999999778e-01,8.000000000000000444e-01
5.179999999999999716e+00,2.603856673895607599e-02,1.553219202673672639e+00,2.000000000000000000e+00,5.999999999999999778e-01,5.999999999999999778e-01,8.000000000000000444e-01
5.200000000000000178e+00,2.659478618608576012e-02,1.528853018653322460e+00,2.000000000000000000e+00,5.999999999999999778e-01,5.999999999999999778e-01,8.000000000000000444e-01
5.219999999999999751e+00,2.717066340383674644e-02,1.504879284584561772e+00,2.000000000000000000e+00,5.999999999999999778e-01,5.999999999999999778e-01,8.000000000000000444e-01
5.240000000000000213e+00,2.776682711793197061e-02,1.481291878853266963e+00,2.000000000000000000e+00,5.999999999999999778e-01,5.999999999999999778e-01,8.000000000000000444e-01
5.259999999999999787e+00,2.838393089651346582e-02,1.458084778097750389e+00,2.000000000000000000e+00,5.999999999999999778e-01,5.999999999999999778e-01,8.000000000000000444e-01
5.280000000000000249e+00,2.902265400138058851e-02,1.435252055779179692e+00,2.000000000000000000e+00,5.999999999999999778e-01,5.999999999999999778e-01,8.000000000000000444e-01
5.299999999999999822e+00,2.968370227560002128e-02,1.412787880772548688e+00,2.000000000000000000e+00,5.999999999999999778e-01,5.999999999999999778e-01,8.000000000000000444e-01
5.320000000000000284e+00,3.036780906864688240e-02,1.390686515978164950e+00,2.000000000000000000e+00,5.999999999999999778e-01,5.999999999999999778e-01,8.000000000000000444e-01
5.339999999999999858e+00,3.107573620029395814e-02,1.368942316953613014e+00,2.000000000000000000e+00,5.999999999999999778e-01,5.999999999999999778e-01,8.000000000000000444e-01
5.360000000000000320e+00,3.180827496452488107e-02,1.347549730566136139e+00,2.000000000000000000e+00,5.999999999999999778e-01,5.999999999999999778e-01,8.000000000000000444e-01
5.379999999999999893e+00,3.256624717480724462e-02,1.326503293665376670e+00,2.000000000000000000e+00,5.999999999999999778e-01,5.999999999999999778e-01,8.000000000000000444e-01
5.400000000000000355e+00,3.335050625212310216e-02,1.305797631776407064e+00,2.000000000000000000e+00,5.999999999999999778e-01,5.999999999999999778e-01,8.000000000000000444e-01
5.419999999999999929e+00,3.416193835721722388e-02,1.285427457812975405e+00,2.000000000000000000e+00,5.999999999999999778e-01,5.999999999999999778e-01,8.000000000000000444e-01
5.440000000000000391e+00,3.500146356858813840e-02,1.265387570810885487e+00,2.000000000000000000e+00,5.999999999999999778e-01,5.999999999999999778e-01,8.000000000000000444e-01
5.459999999999999964e+00,3.587003710781308530e-02,1.245672854681429964e+00,2.000000000000000000e+00,5.999999999999999778e-01,5.999999999999999778e-01,8.000000000000000444e-01
5.480000000000000426e+00,3.676865061386618699e-02,1.226278276984786419e+00,2.000000000000000000e+00,5.999999999999999778e-01,5.999999999999999778e-01,8.000000000000000444e-01
5.500000000000000000e+00,3.769833346815890801e-02,1.207198887723291758e+00,2.000000000000000000e+00,5.999999999999999778e-01,5.999999999999999778e-01,8.000000000000000444e-01
5.520000000000000462e+00,3.866015417210386801e-02,1.188429818154500550e+00,2.000000000000000000e+00,5.999999999999999778e-01,5.999999999999999778e-01,8.000000000000000444e-01
5.540000000000000036e+00,3.965522177907708501e-02,1.169966279623939398e+00,2.000000000000000000e+00,5.999999999999999778e-01,5.999999999999999778e-01,8.000000000000000444e-01
5.560000000000000497e+00,4.068468738272981722e-02,1.151803562417466731e+00,2.000000000000000000e+00,5.999999999999999778e-01,5.999999999999999778e-01,8.000000000000000444e-01
5.580000000000000071e+00,4.174974566367978257e-02,1.133937034633146546e+00,2.000000000000000000e+00,5.999999999999999778e-01,5.999999999999999778e-01,8.000000000000000444e-01
5.600000000000000533e+00,4.285163649669224140e-02,1.116362141072550829e+00,2.000000000000000000e+00,5.999999999999999778e-01,5.999999999999999778e-01,8.000000000000000444e-01
5.620000000000000107e+00,4.399164662054501351e-02,1.099074402151404950e+00,2.000000000000000000e+00,5.999999999999999778e-01,5.999999999999999778e-01,8.000000000000000444e-01
5.639999999999999680e+00,4.517111137285723804e-02,1.082069412829492094e+00,2.000000000000000000e+00,5.999999999999999778e-01,5.999999999999999778e-01,8.000000000000000444e-01
5.660000000000000142e+00,4.639141649225052982e-02,1.065342841559741238e+00,2.000000000000000000e+00,5.999999999999999778e-01,5.999999999999999778e-01,8.000000000000000444e-01
5.679999999999999716e+00,4.765399999030252298e-02,1.048890429256423396e+00,2.000000000000000000e+00,5.999999999999999778e-01,5.999999999999999778e-01,8.000000000000000444e-01
5.700000000000000178e+00,4.896035409584725828e-02,1.032707988282387968e+00,2.000000000000000000e+00,5.999999999999999778e-01,5.999999999999999778e-01,8.000000000000000444e-01
5.719999999999999751e+00,5.031202727427416116e-02,1.016791401455276800e+00,2.000000000000000000e+00,5.999999999999999778e-01,5.999999999999999778e-01,8.000000000000000444e-01
5.740000000000000213e+00,5.171062632457794350e-02,1.001136621072659549e+00,2.000000000000000000e+00,5.999999999999999778e-01,5.999999999999999778e-01,8.000000000000000444e-01
5.759999999999999787e+00,5.315781855701539466e-02,9.857396679560426200e-01,2.000000000000000000e+00,5.999999999999999778e-01,5.999999999999999778e-01,8.000000000000000444e-01
5.780000000000000249e+00,5.465533405433209424e-02,9.705966305137098127e-01,2.000000000000000000e+00,5.999999999999999778e-01,5.999999999999999778e-01,8.000000000000000444e-01
5.799999999999999822e+00,5.620496801963254657e-02,9.557036638223632696e-01,2.000000000000000000e+00,5.999999999999999778e-01,5.999999999999999778e-01,8.000000000000000444e-01
5.820000000000000284e+00,5.780858321408127026e-02,9.410569887275420653e-01,2.000000000000000000e+00,5.999999999999999778e-01,5.999999999999999778e-01,8.000000000000000444e-01
5.839999999999999858e+00,5.946811248773993530e-02,9.266528909628060084e-01,2.000000000000000000e+00,5.999999999999999778e-01,5.999999999999999778e-01,8.000000000000000444e-01
5.860000000000000320e+00,6.118556140696714690e-02,9.124877202876835458e-01,2.000000000000000000e+00,5.999999999999999778e-01,5.999999999999999778e-01,8.000000000000000444e-01
5.879999999999999893e+00,6.296301098193264612e-02,8.985578896443937591e-01,2.000000000000000000e+00,5.999999999999999778e-01,5.999999999999999778e-01,8.000000000000000444e-01
5.900000000000000355e+00,6.480262049792696877e-02,8.848598743333664363e-01,2.000000000000000000e+00,5.999999999999999778e-01,5.999999999999999778e-01,8.000000000000000444e-01
5.919999999999999929e+00,6.670663045428082416e-02,8.713902112075957440e-01,2.000000000000000000e+00,5.999999999999999778e-01,5.999999999999999778e-01,8.000000000000000444e-01
5.940000000000000391e+00,6.867736561484602542e-02,8.581454978858802374e-01,2.000000000000000000e+00,5.999999999999999778e-01,5.999999999999999778e-01,8.000000000000000444e-01
5.959999999999999964e+00,7.071723817413134994e-02,8.451223919850147093e-01,2.000000000000000000e+00,5.999999999999999778e-01,5.999999999999999778e-01,8.000000000000000444e-01
5.980000000000000426e+00,7.282875104333305649e-02,8.323176103710180351e-01,2.000000000000000000e+00,5.999999999999999778e-01,5.999999999999999778e-01,8.000000000000000444e-01
6.000000000000000000e+00,7.501450126065006829e-02,8.197279284294980428e-01,2.000000000000000000e+00,5.999999999999999778e-01,5.999999999999999778e-01,8.000000000000000444e-01
0.000000000000000000e+00,5.000000000000000000e-01,5.000000000000000000e-01,2.299999999999999822e+00,9.000000000000000222e-01,9.000000000000000222e-01,1.100000000000000089e+00
2.000000000000000042e-02,5.184999999999999609e-01,4.934999999999999942e-01,2.299999999999999822e+00,9.000000000000000222e-01,9.000000000000000222e-01,1.100000000000000089e+00
4.000000000000000083e-02,5.377451644999999836e-01,4.872488354999999771e-01,2.299999999999999822e+00,9.000000000000000222e-01,9.000000000000000222e-01,1.100000000000000089e+00
5.999999999999999778e-02,5.577651593734290758e-01,4.812456438125708447e-01,2.299999999999999822e+00,9.000000000000000222e-01,9.000000000000000222e-01,1.100000000000000089e+00
8.000000000000000167e-02,5.785907597466668495e-01,4.754898366066342419e-01,2.299999999999999822e+00,9.000000000000000222e-01,9.000000000000000222e-01,1.100000000000000089e+00
1.000000000000000056e-01,6.002538822303605803e-01,4.699811126659412253e-01,2.299999999999999822e+00,9.000000000000000222e-01,9.000000000000000222e-01,1.100000000000000089e+00
1.199999999999999956e-01,6.227876170388090271e-01,4.647194719614387015e-01,2.299999999999999822e+00,9.000000000000000222e-01,9.000000000000000222e-01,1.100000000000000089e+00
1.400000000000000133e-01,6.462262598369751254e-01,4.597052311639062139e-01,2.299999999999999822e+00,9.000000000000000222e-01,9.000000000000000222e-01,1.100000000000000089e+00
1.600000000000000033e-01,6.706053431305502022e-01,4.549390407372260747e-01,2.299999999999999822e+00,9.000000000000000222e-01,9.000000000000000222e-01,1.100000000000000089e+00
1.799999999999999933e-01,6.959616669872482619e-01,4.504219037683143689e-01,2.299999999999999822e+00,9.000000000000000222e-01,9.000000000000000222e-01,1.100000000000000089e+00
2.000000000000000111e-01,7.223333288467667090e-01,4.461551967073064118e-01,2.299999999999999822e+00,9.000000000000000222e-01,9.000000000000000222e-01,1.100000000000000089e+00
2.200000000000000011e-01,7.497597521421602851e-01,4.421406922113033655e-01,2.299999999999999822e+00,9.000000000000000222e-01,9.000000000000000222e-01,1.100000000000000089e+00
2.399999999999999911e-01,7.782817134162220984e-01,4.383805843071322816e-01,2.299999999999999822e+00,9.000000000000000222e-01,9.000000000000000222e-01,1.100000000000000089e+00
2.600000000000000089e-01,8.079413675722750821e-01,4.348775161134686429e-01,2.299999999999999822e+00,9.000000000000000222e-01,9.000000000000000222e-01,1.100000000000000089e+00
2.800000000000000266e-01,8.387822708488870127e-01,4.316346103906850140e-01,2.299999999999999822e+00,9.000000000000000222e-01,9.000000000000000222e-01,1.100000000000000089e+00
2.999999999999999889e-01,8.708494010516872885e-01,4.286555032183384517e-01,2.299999999999999822e+00,9.000000000000000222e-01,9.000000000000000222e-01,1.100000000000000089e+00
3.200000000000000067e-01,9.041891745118313395e-01,4.259443811357686016e-01,2.299999999999999822e+00,9.000000000000000222e-01,9.000000000000000222e-01,1.100000000000000089e+00
3.400000000000000244e-01,9.388494591687677193e-01,4.235060221213895471e-01,2.299999999999999822e+00,9.000000000000000222e-01,9.000000000000000222e-01,1.100000000000000089e+00
3.599999999999999867e-01,9.748795830937101448e-01,4.213458408315398640e-01,2.299999999999999822e+00,9.000000000000000222e-01,9.000000000000000222e-01,1.100000000000000089e+00
3.800000000000000044e-01,1.012330337678354564e+00,4.194699385709121375e-01,2.299999999999999822e+00,9.000000000000000222e-01,9.000000000000000222e-01,1.100000000000000089e+00
4.000000000000000222e-01,1.051253974609489550e+00,4.178851585244214295e-01,2.299999999999999822e+00,9.000000000000000222e-01,9.000000000000000222e-01,1.100000000000000089e+00
4.199999999999999845e-01,1.091704195632601904e+00,4.165991468458082325e-01,2.299999999999999822e+00,9.000000000000000222e-01,9.000000000000000222e-01,1.100000000000000089e+00
4.400000000000000022e-01,1.133736133974547977e+00,4.156204202723540186e-01,2.299999999999999822e+00,9.000000000000000222e-01,9.000000000000000222e-01,1.100000000000000089e+00
4.600000000000000200e-01,1.177406326144728954e+00,4.149584410190104156e-01,2.299999999999999822e+00,9.000000000000000222e-01,9.000000000000000222e-01,1.100000000000000089e+00
4.799999999999999822e-01,1.222772672663613669e+00,4.146236998003650642e-01,2.299999999999999822e+00,9.000000000000000222e-01,9.000000000000000222e-01,1.100000000000000089e+00
5.000000000000000000e-01,1.269894386074157611e+00,4.146278079367392566e-01,2.299999999999999822e+00,9.000000000000000222e-01,9.000000000000000222e-01,1.100000000000000089e+00
5.200000000000000178e-01,1.318831924372604991e+00,4.149835996230947788e-01,2.299999999999999822e+00,9.000000000000000222e-01,9.000000000000000222e-01,1.100000000000000089e+00
5.400000000000000355e-01,1.369646907746812969e+00,4.157052455783186162e-01,2.299999999999999822e+00,9.000000000000000222e-01,9.000000000000000222e-01,1.100000000000000089e+00
5.600000000000000533e-01,1.422402016228637933e+00,4.168083794501241113e-01,2.299999999999999822e+00,9.000000000000000222e-01,9.000000000000000222e-01,1.100000000000000089e+00
5.799999999999999600e-01,1.477160865547560098e+00,4.183102385298166359e-01,2.299999999999999822e+00,9.000000000000000222e-01,9.000000000000000222e-01,1.100000000000000089e+00
5.999999999999999778e-01,1.533987858110493985e+00,4.202298205344146553e-01,2.299999999999999822e+00,9.000000000000000222e-01,9.000000000000000222e-01,1.100000000000000089e+00
6.199999999999999956e-01,1.592948005621893204e+00,4.225880584443409416e-01,2.299999999999999822e+00,9.000000000000000222e-01,9.000000000000000222e-01,1.100000000000000089e+00
6.400000000000000133e-01,1.654106719392326452e+00,4.254080156467391904e-01,2.299999999999999822e+00,9.000000000000000222e-01,9.000000000000000222e-01,1.100000000000000089e+00
6.600000000000000311e-01,1.717529563855410224e+00,4.287151039314742174e-01,2.299999999999999822e+00,9.000000000000000222e-01,9.000000000000000222e-01,1.100000000000000089e+00
6.800000000000000488e-01,1.783281968214233348e+00,4.325373272235075173e-01,2.299999999999999822e+00,9.000000000000000222e-01,9.000000000000000222e-01,1.100000000000000089e+00
7.000000000000000666e-01,1.851428890460177445e+00,4.369055543165010214e-01,2.299999999999999822e+00,9.000000000000000222e-01,9.000000000000000222e-01,1.100000000000000089e+00
7.199999999999999734e-01,1.922034427239392107e+00,4.418538243034915713e-01,2.299999999999999822e+00,9.000000000000000222e-01,9.000000000000000222e-01,1.100000000000000089e+00
7.399999999999999911e-01,1.995161362174267650e+00,4.474196888869512723e-01,2.299999999999999822e+00,9.000000000000000222e-01,9.000000000000000222e-01,1.100000000000000089e+00
7.600000000000000089e-01,2.070870644267305050e+00,4.536445962984173019e-01,2.299999999999999822e+00,9.000000000000000222e-01,9.000000000000000222e-01,1.100000000000000089e+00
7.800000000000000266e-01,2.149220786910313041e+00,4.605743221731400383e-01,2.299999999999999822e+00,9.000000000000000222e-01,9.000000000000000222e-01,1.100000000000000089e+00
8.000000000000000444e-01,2.230267176779817895e+00,4.682594534137004549e-01,2.299999999999999822e+00,9.000000000000000222e-01,9.000000000000000222e-01,1.100000000000000089e+00
8.200000000000000622e-01,2.314061280506711782e+00,4.767559318435768412e-01,2.299999999999999822e+00,9.000000000000000222e-01,9.000000000000000222e-01,1.100000000000000089e+00
8.399999999999999689e-01,2.400649735451660494e+00,4.861256653013782958e-01,2.299999999999999822e+00,9.000000000000000222e-01,9.000000000000000222e-01,1.100000000000000089e+00
8.599999999999999867e-01,2.490073309186000561e+00,4.964372147611842423e-01,2.299999999999999822e+00,9.000000000000000222e-01,9.000000000000000222e-01,1.100000000000000089e+00
8.800000000000000044e-01,2.582365710361614219e+00,5.077665670833805267e-01,2.299999999999999822e+00,9.000000000000000222e-01,9.000000000000000222e-01,1.100000000000000089e+00
9.000000000000000222e-01,2.677552231547573935e+00,5.201980040982209230e-01,2.299999999999999822e+00,9.000000000000000222e-01,9.000000000000000222e-01,1.100000000000000089e+00
9.200000000000000400e-01,2.775648202317806401e+00,5.338250798890161741e-01,2.299999999999999822e+00,9.000000000000000222e-01,9.000000000000000222e-01,1.100000000000000089e+00
9.400000000000000577e-01,2.876657228404195354e+00,5.487517193516877612e-01,2.299999999999999822e+00,9.000000000000000222e-01,9.000000000000000222e-01,1.100000000000000089e+00
9.599999999999999645e-01,2.980569190109487732e+00,5.650934523272513887e-01,2.299999999999999822e+00,9.000000000000000222e-01,9.000000000000000222e-01,1.100000000000000089e+00
9.799999999999999822e-01,3.087357970450818279e+00,5.829787987797576676e-01,2.299999999999999822e+00,9.000000000000000222e-01,9.000000000000000222e-01,1.100000000000000089e+00
1.000000000000000000e+00,3.196978880753258423e+00,6.025508215449004723e-01,2.299999999999999822e+00,9.000000000000000222e-01,9.000000000000000222e-01,1.100000000000000089e+00
1.020000000000000018e+00,3.309365748748835934e+00,6.239688639899849676e-01,2.299999999999999822e+00,9.000000000000000222e-01,9.000000000000000222e-01,1.100000000000000089e+00
1.040000000000000036e+00,3.424427631829347174e+00,6.474104903441404435e-01,2.299999999999999822e+00,9.000000000000000222e-01,9.000000000000000222e-01,1.100000000000000089e+00
1.060000000000000053e+00,3.542045116192625187e+00,6.730736462574412604e-01,2.299999999999999822e+00,9.000000000000000222e-01,9.000000000000000222e-01,1.100000000000000089e+00
1.080000000000000071e+00,3.662066161549331511e+00,7.011790560279319573e-01,2.299999999999999822e+00,9.000000000000000222e-01,9.000000000000000222e-01,1.100000000000000089e+00
1.100000000000000089e+00,3.784301451283794915e+00,7.319728704921233398e-01,2.299999999999999822e+00,9.000000000000000222e-01,9.000000000000000222e-01,1.100000000000000089e+00
1.120000000000000107e+00,3.908519210112982645e+00,7.657295752711633652e-01,2.299999999999999822e+00,9.000000000000000222e-01,9.000000000000000222e-01,1.100000000000000089e+00
1.140000000000000124e+00,4.034439456193597451e+00,8.027551621997797149e-01,2.299999999999999822e+00,9.000000000000000222e-01,9.000000000000000222e-01,1.100000000000000089e+00
1.159999999999999920e+00,4.161727663377749131e+00,8.433905564321384496e-01,2.299999999999999822e+00,9.000000000000000222e-01,9.000000000000000222e-01,1.100000000000000089e+00
1.179999999999999938e+00,4.289987823317892079e+00,8.880152767658646695e-01,2.299999999999999822e+00,9.000000000000000222e-01,9.000000000000000222e-01,1.100000000000000089e+00
1.199999999999999956e+00,4.418754918154090383e+00,9.370512857134405404e-01,2.299999999999999822e+00,9.000000000000000222e-01,9.000000000000000222e-01,1.100000000000000089e+00
1.219999999999999973e+00,4.547486844797618666e+00,9.909669570193047061e-01,2.299999999999999822e+00,9.000000000000000222e-01,9.000000000000000222e-01,1.100000000000000089e+00
1.239999999999999991e+00,4.675555874046169791e+00,1.050281049577019399e+00,2.299999999999999822e+00,9.000000000000000222e-01,9.000000000000000222e-01,1.100000000000000089e+00
1.260000000000000009e+00,4.802239785098807445e+00,1.115566525639810846e+00,2.299999999999999822e+00,9.000000000000000222e-01,9.000000000000000222e-01,1.100000000000000089e+00
1.280000000000000027e+00,4.926712892071017258e+00,1.187453985218070107e+00,2.299999999999999822e+00,9.000000000000000222e-01,9.000000000000000222e-01,1.100000000000000089e+00
1.300000000000000044e+00,5.048037277667414280e+00,1.266634404982142081e+00,2.299999999999999822e+00,9.000000000000000222e-01,9.000000000000000222e-01,1.100000000000000089e+00
1.320000000000000062e+00,5.165154673956648068e+00,1.353860766556001849e+00,2.299999999999999822e+00,9.000000000000000222e-01,9.000000000000000222e-01,1.100000000000000089e+00
1.340000000000000080e+00,5.276879584165914849e+00,1.449948034484508597e+00,2.299999999999999822e+00,9.000000000000000222e-01,9.000000000000000222e-01,1.100000000000000089e+00
1.360000000000000098e+00,5.381894423774636671e+00,1.555770798988759696e+00,2.299999999999999822e+00,9.000000000000000222e-01,9.000000000000000222e-01,1.100000000000000089e+00
1.380000000000000115e+00,5.478747671888787529e+00,1.672257736790489391e+00,2.299999999999999822e+00,9.000000000000000222e-01,9.000000000000000222e-01,1.100000000000000089e+00
1.400000000000000133e+00,5.565856257515371830e+00,1.800381873861399029e+00,2.299999999999999822e+00,9.000000000000000222e-01,9.000000000000000222e-01,1.100000000000000089e+00
1.419999999999999929e+00,5.641513644427202046e+00,1.941145473570325297e+00,2.299999999999999822e+00,9.000000000000000222e-01,9.000000000000000222e-01,1.100000000000000089e+00
1.439999999999999947e+00,5.703905295921481766e+00,2.095558249301149978e+00,2.299999999999999822e+00,9.000000000000000222e-01,9.000000000000000222e-01,1.100000000000000089e+00
1.459999999999999964e+00,5.751133355204055775e+00,2.264607552146338687e+00,2.299999999999999822e+00,9.000000000000000222e-01,9.000000000000000222e-01,1.100000000000000089e+00
1.479999999999999982e+00,5.781252409010718019e+00,2.449219266531843964e+00,2.299999999999999822e+00,9.000000000000000222e-01,9.000000000000000222e-01,1.100000000000000089e+00
1.500000000000000000e+00,5.792318033698222735e+00,2.650208428795131965e+00,2.299999999999999822e+00,9.000000000000000222e-01,9.000000000000000222e-01,1.100000000000000089e+00
1.520000000000000018e+00,5.782449361895297457e+00,2.868219144714682312e+00,2.299999999999999822e+00,9.000000000000000222e-01,9.000000000000000222e-01,1.100000000000000089e+00
1.540000000000000036e+00,5.749906057206118248e+00,3.103654298867322581e+00,2.299999999999999822e+00,9.000000000000000222e-01,9.000000000000000222e-01,1.100000000000000089e+00
1.560000000000000053e+00,5.693178764092040822e+00,3.356596876037799770e+00,2.299999999999999822e+00,9.000000000000000222e-01,9.000000000000000222e-01,1.100000000000000089e+00
1.580000000000000071e+00,5.611090278263304754e+00,3.626726453741937917e+00,2.299999999999999822e+00,9.000000000000000222e-01,9.000000000000000222e-01,1.100000000000000089e+00
1.600000000000000089e+00,5.502902419226205488e+00,3.913236483596826520e+00,2.299999999999999822e+00,9.000000000000000222e-01,9.000000000000000222e-01,1.100000000000000089e+00
1.620000000000000107e+00,5.368421077284004639e+00,4.214760134184302842e+00,2.299999999999999822e+00,9.000000000000000222e-01,9.000000000000000222e-01,1.100000000000000089e+00
1.640000000000000124e+00,5.208089518318144151e+00,4.529314339753172547e+00,2.299999999999999822e+00,9.000000000000000222e-01,9.000000000000000222e-01,1.100000000000000089e+00
1.660000000000000142e+00,5.023058294476120622e+00,4.854272765963260738e+00,2.299999999999999822e+00,9.000000000000000222e-01,9.000000000000000222e-01,1.100000000000000089e+00
1.679999999999999938e+00,4.815219664569038827e+00,5.186378076565052453e+00,2.299999999999999822e+00,9.000000000000000222e-01,9.000000000000000222e-01,1.100000000000000089e+00
1.699999999999999956e+00,4.587195874500229920e+00,5.521801653519605502e+00,2.299999999999999822e+00,9.000000000000000222e-01,9.000000000000000222e-01,1.100000000000000089e+00
1.719999999999999973e+00,4.342274340960234014e+00,5.856254560909180285e+00,2.299999999999999822e+00,9.000000000000000222e-01,9.000000000000000222e-01,1.100000000000000089e+00
1.739999999999999991e+00,4.084288610192993829e+00,6.185147311020589456e+00,2.299999999999999822e+00,9.000000000000000222e-01,9.000000000000000222e-01,1.100000000000000089e+00
1.760000000000000009e+00,3.817451205396061642e+00,6.503788751043946270e+00,2.299999999999999822e+00,9.000000000000000222e-01,9.000000000000000222e-01,1.100000000000000089e+00
1.780000000000000027e+00,3.546151829112627496e+00,6.807607530252632877e+00,2.299999999999999822e+00,9.000000000000000222e-01,9.000000000000000222e-01,1.100000000000000089e+00
1.800000000000000044e+00,3.274740235136655464e+00,7.092374742702228119e+00,2.299999999999999822e+00,9.000000000000000222e-01,9.000000000000000222e-01,1.100000000000000089e+00
1.820000000000000062e+00,3.007315957166249998e+00,7.354404827149470414e+00,2.299999999999999822e+00,9.000000000000000222e-01,9.000000000000000222e-01,1.100000000000000089e+00
1.840000000000000080e+00,2.747546149337249943e+00,7.590714262810830171e+00,2.299999999999999822e+00,9.000000000000000222e-01,9.000000000000000222e-01,1.100000000000000089e+00
1.860000000000000098e+00,2.498528192823668892e+00,7.799123628412086617e+00,2.299999999999999822e+00,9.000000000000000222e-01,9.000000000000000222e-01,1.100000000000000089e+00
1.880000000000000115e+00,2.262706544925270791e+00,7.978296853355307583e+00,2.299999999999999822e+00,9.000000000000000222e-01,9.000000000000000222e-01,1.100000000000000089e+00
1.900000000000000133e+00,2.041845244857845909e+00,8.127720123715478806e+00,2.299999999999999822e+00,9.000000000000000222e-01,9.000000000000000222e-01,1.100000000000000089e+00
1.919999999999999929e+00,1.837050285770717162e+00,8.247630121344327492e+00,2.299999999999999822e+00,9.000000000000000222e-01,9.000000000000000222e-01,1.100000000000000089e+00
1.939999999999999947e+00,1.648830996031928287e+00,8.338905861558993493e+00,2.299999999999999822e+00,9.000000000000000222e-01,9.000000000000000222e-01,1.100000000000000089e+00
1.959999999999999964e+00,1.477187185613842546e+00,8.402939968840250629e+00,2.299999999999999822e+00,9.000000000000000222e-01,9.000000000000000222e-01,1.100000000000000089e+00
1.979999999999999982e+00,1.321708921769921607e+00,8.441504163907922020e+00,2.299999999999999822e+00,9.000000000000000222e-01,9.000000000000000222e-01,1.100000000000000089e+00
2.000000000000000000e+00,1.181677727572627123e+00,8.456620876900657890e+00,2.299999999999999822e+00,9.000000000000000222e-01,9.000000000000000222e-01,1.100000000000000089e+00
2.020000000000000018e+00,1.056160893307302118e+00,8.450449227342510028e+00,2.299999999999999822e+00,9.000000000000000222e-01,9.000000000000000222e-01,1.100000000000000089e+00
2.040000000000000036e+00,9.440936823130727795e-01,8.425189956427340476e+00,2.299999999999999822e+00,9.000000000000000222e-01,9.000000000000000222e-01,1.100000000000000089e+00
2.060000000000000053e+00,8.443469567167631862e-01,8.383010812368649312e+00,2.299999999999999822e+00,9.000000000000000222e-01,9.000000000000000222e-01,1.100000000000000089e+00
2.080000000000000071e+00,7.557798627098848421e-01,8.325991628512388942e+00,2.299999999999999822e+00,9.000000000000000222e-01,9.000000000000000222e-01,1.100000000000000089e+00
2.100000000000000089e+00,6.772786338159662023e-01,8.256086915263690429e+00,2.299999999999999822e+00,9.000000000000000222e-01,9.000000000000000222e-01,1.100000000000000089e+00
2.120000000000000107e+00,6.077833681720586911e-01,8.175103085927331037e+00,2.299999999999999822e+00,9.000000000000000222e-01,9.000000000000000222e-01,1.100000000000000089e+00
2.140000000000000124e+00,5.463049527110367398e-01,8.084687268433865981e+00,2.299999999999999822e+00,9.000000000000000222e-01,9.000000000000000222e-01,1.100000000000000089e+00
2.160000000000000142e+00,4.919342960101693030e-01,7.986324833053895844e+00,2.299999999999999822e+00,9.000000000000000222e-01,9.000000000000000222e-01,1.100000000000000089e+00
2.180000000000000160e+00,4.438458261064128774e-01,7.881343134246934667e+00,2.299999999999999822e+00,9.000000000000000222e-01,9.000000000000000222e-01,1.100000000000000089e+00
2.200000000000000178e+00,4.012969115308450130e-01,7.770919407869964601e+00,2.299999999999999822e+00,9.000000000000000222e-01,9.000000000000000222e-01,1.100000000000000089e+00
2.220000000000000195e+00,3.636245422148641215e-01,7.656091208143225302e+00,2.299999999999999822e+00,9.000000000000000222e-01,9.000000000000000222e-01,1.100000000000000089e+00
2.240000000000000213e+00,3.302403032638540070e-01,7.537768169456968259e+00,2.299999999999999822e+00,9.000000000000000222e-01,9.000000000000000222e-01,1.100000000000000089e+00
2.260000000000000231e+00,3.006244099821375748e-01,7.416744216960768910e+00,2.299999999999999822e+00,9.000000000000000222e-01,9.000000000000000222e-01,1.100000000000000089e+00
2.280000000000000249e+00,2.743193544654952132e-01,7.293709622563453010e+00,2.299999999999999822e+00,9.000000000000000222e-01,9.000000000000000222e-01,1.100000000000000089e+00
2.300000000000000266e+00,2.509235418951412111e-01,7.169262513742824083e+00,2.299999999999999822e+00,9.000000000000000222e-01,9.000000000000000222e-01,1.100000000000000089e+00
2.319999999999999840e+00,2.300851634532782575e-01,7.043919599809520982e+00,2.299999999999999822e+00,9.000000000000000222e-01,9.000000000000000222e-01,1.100000000000000089e+00
2.339999999999999858e+00,2.114964559075984130e-01,6.918125993678241770e+00,2.299999999999999822e+00,9.000000000000000222e-01,9.000000000000000222e-01,1.100000000000000089e+00
2.359999999999999876e+00,1.948884285540146699e-01,6.792264086142653312e+00,2.299999999999999822e+00,9.000000000000000222e-01,9.000000000000000222e-01,1.100000000000000089e+00
2.379999999999999893e+00,1.800260901341995123e-01,6.666661482380814796e+00,2.299999999999999822e+00,9.000000000000000222e-01,9.000000000000000222e-01,1.100000000000000089e+00
2.399999999999999911e+00,1.667041762637895552e-01,6.541598043785019634e+00,2.299999999999999822e+00,9.000000000000000222e-01,9.000000000000000222e-01,1.100000000000000089e+00
2.419999999999999929e+00,1.547433575318399035e-01,6.417312097661833192e+00,2.299999999999999822e+00,9.000000000000000222e-01,9.000000000000000222e-01,1.100000000000000089e+00
2.439999999999999947e+00,1.439868964125105844e-01,6.294005887079066497e+00,2.299999999999999822e+00,9.000000000000000222e-01,9.000000000000000222e-01,1.100000000000000089e+00
2.459999999999999964e+00,1.342977149211995458e-01,6.171850336289613992e+00,2.299999999999999822e+00,9.000000000000000222e-01,9.000000000000000222e-01,1.100000000000000089e+00
2.479999999999999982e+00,1.255558326615867359e-01,6.050989206037230339e+00,2.299999999999999822e+00,9.000000000000000222e-01,9.000000000000000222e-01,1.100000000000000089e+00
2.500000000000000000e+00,1.176561351765947200e-01,5.931542709291836246e+00,2.299999999999999822e+00,9.000000000000000222e-01,9.000000000000000222e-01,1.100000000000000089e+00
2.520000000000000018e+00,1.105064343601347421e-01,5.813610652721998839e+00,2.299999999999999822e+00,9.000000000000000222e-01,9.000000000000000222e-01,1.100000000000000089e+00
2.540000000000000036e+00,1.040257854288736683e-01,5.697275163273942233e+00,2.299999999999999822e+00,9.000000000000000222e-01,9.000000000000000222e-01,1.100000000000000089e+00
2.560000000000000053e+00,9.814302813265010639e-02,5.582603053107867197e+00,2.299999999999999822e+00,9.000000000000000222e-01,9.000000000000000222e-01,1.100000000000000089e+00
2.580000000000000071e+00,9.279552319384949677e-02,5.469647870172396509e+00,2.299999999999999822e+00,9.000000000000000222e-01,9.000000000000000222e-01,1.100000000000000089e+00
2.600000000000000089e+00,8.792805821638867425e-02,5.358451676072981229e+00,2.299999999999999822e+00,9.000000000000000222e-01,9.000000000000000222e-01,1.100000000000000089e+00
2.620000000000000107e+00,8.349190037772044604e-02,5.249046587715997525e+00,2.299999999999999822e+00,9.000000000000000222e-01,9.000000000000000222e-01,1.100000000000000089e+00
2.640000000000000124e+00,7.944397604906283661e-02,5.141456114532278576e+00,2.299999999999999822e+00,9.000000000000000222e-01,9.000000000000000222e-01,1.100000000000000089e+00
2.660000000000000142e+00,7.574616005175593969e-02,5.035696318908132518e+00,2.299999999999999822e+00,9.000000000000000222e-01,9.000000000000000222e-01,1.100000000000000089e+00
2.680000000000000160e+00,7.236465954594374639e-02,4.931776823760346318e+00,2.299999999999999822e+00,9.000000000000000222e-01,9.000000000000000222e-01,1.100000000000000089e+00
2.700000000000000178e+00,6.926947957051328431e-02,4.829701687952162814e+00,2.299999999999999822e+00,9.000000000000000222e-01,9.000000000000000222e-01,1.100000000000000089e+00
2.720000000000000195e+00,6.643395902746193626e-02,4.729470167420510407e+00,2.299999999999999822e+00,9.000000000000000222e-01,9.000000000000000222e-01,1.100000000000000089e+00
2.740000000000000213e+00,6.383436745089286768e-02,4.631077377429091868e+00,2.299999999999999822e+00,9.000000000000000222e-01,9.000000000000000222e-01,1.100000000000000089e+00
2.760000000000000231e+00,6.144955424355607460e-02,4.534514869235729329e+00,2.299999999999999822e+00,9.000000000000000222e-01,9.000000000000000222e-01,1.100000000000000089e+00
2.780000000000000249e+00,5.926064322510402743e-02,4.439771132626199268e+00,2.299999999999999822e+00,9.000000000000000222e-01,9.000000000000000222e-01,1.100000000000000089e+00
2.800000000000000266e+00,5.725076633780862290e-02,4.346832034184073379e+00,2.299999999999999822e+00,9.000000000000000222e-01,9.000000000000000222e-01,1.100000000000000089e+00
2.819999999999999840e+00,5.540483121756989426e-02,4.255681199803801995e+00,2.299999999999999822e+00,9.000000000000000222e-01,9.000000000000000222e-01,1.100000000000000089e+00
2.839999999999999858e+00,5.370931807894163690e-02,4.166300348782755236e+00,2.299999999999999822e+00,9.000000000000000222e-01,9.000000000000000222e-01,1.100000000000000089e+00
2.859999999999999876e+00,5.215210199895974064e-02,4.078669585821147692e+00,2.299999999999999822e+00,9.000000000000000222e-01,9.000000000000000222e-01,1.100000000000000089e+00
2.879999999999999893e+00,5.072229723023549686e-02,3.992767656393758635e+00,2.299999999999999822e+00,9.000000000000000222e-01,9.000000000000000222e-01,1.100000000000000089e+00
2.899999999999999911e+00,4.941012064172657647e-02,3.908572170214195562e+00,2.299999999999999822e+00,9.000000000000000222e-01,9.000000000000000222e-01,1.100000000000000089e+00
2.919999999999999929e+00,4.820677178683678565e-02,3.826059796873892527e+00,2.299999999999999822e+00,9.000000000000000222e-01,9.000000000000000222e-01,1.100000000000000089e+00
2.939999999999999947e+00,4.710432744255884513e-02,3.745206437189139148e+00,2.299999999999999822e+00,9.000000000000000222e-01,9.000000000000000222e-01,1.100000000000000089e+00
2.959999999999999964e+00,4.609564875848449345e-02,3.665987373317410203e+00,2.299999999999999822e+00,9.000000000000000222e-01,9.000000000000000222e-01,1.100000000000000089e+00
2.979999999999999982e+00,4.517429940773216857e-02,3.588377400298069730e+00,2.299999999999999822e+00,9.000000000000000222e-01,9.000000000000000222e-01,1.100000000000000089e+00
3.000000000000000000e+00,4.433447334924576350e-02,3.512350941322754494e+00,2.299999999999999822e+00,9.000000000000000222e-01,9.000000000000000222e-01,1.100000000000000089e+00
3.020000000000000018e+00,4.357093099768817590e-02,3.437882148739277000e+00,2.299999999999999822e+00,9.000000000000000222e-01,9.000000000000000222e-01,1.100000000000000089e+00
3.040000000000000036e+00,4.287894275772557995e-02,3.364944992532869161e+00,2.299999999999999822e+00,9.000000000000000222e-01,9.000000000000000222e-01,1.100000000000000089e+00
3.060000000000000053e+00,4.225423901766213464e-02,3.293513337804064633e+00,2.299999999999999822e+00,9.000000000000000222e-01,9.000000000000000222e-01,1.100000000000000089e+00
3.080000000000000071e+00,4.169296581637282895e-02,3.223561012568477047e+00,2.299999999999999822e+00,9.000000000000000222e-01,9.000000000000000222e-01,1.100000000000000089e+00
3.100000000000000089e+00,4.119164550005380288e-02,3.155061867035842571e+00,2.299999999999999822e+00,9.000000000000000222e-01,9.000000000000000222e-01,1.100000000000000089e+00
3.120000000000000107e+00,4.074714177381806579e-02,3.087989825380292430e+00,2.299999999999999822e+00,9.000000000000000222e-01,9.000000000000000222e-01,1.100000000000000089e+00
3.140000000000000124e+00,4.035662862961788416e-02,3.022318930887721855e+00,2.299999999999999822e+00,9.000000000000000222e-01,9.000000000000000222e-01,1.100000000000000089e+00
3.160000000000000142e+00,4.001756269808651179e-02,2.958023385256685955e+00,2.299999999999999822e+00,9.000000000000000222e-01,9.000000000000000222e-01,1.100000000000000089e+00
3.180000000000000160e+00,3.972765862912400886e-02,2.895077582734113530e+00,2.299999999999999822e+00,9.000000000000000222e-01,9.000000000000000222e-01,1.100000000000000089e+00
3.200000000000000178e+00,3.948486715565328875e-02,2.833456139684373376e+00,2.299999999999999822e+00,9.000000000000000222e-01,9.000000000000000222e-01,1.100000000000000089e+00
3.220000000000000195e+00,3.928735553801079861e-02,2.773133920118119544e+00,2.299999999999999822e+00,9.000000000000000222e-01,9.000000000000000222e-01,1.100000000000000089e+00
3.240000000000000213e+00,3.913349012382372899e-02,2.714086057644456318e+00,2.299999999999999822e+00,9.000000000000000222e-01,9.000000000000000222e-01,1.100000000000000089e+00
3.260000000000000231e+00,3.902182079074295595e-02,2.656287974255055140e+00,2.299999999999999822e+00,9.000000000000000222e-01,9.000000000000000222e-01,1.100000000000000089e+00
3.280000000000000249e+00,3.895106706771737926e-02,2.599715396300843473e+00,2.299999999999999822e+00,9.000000000000000222e-01,9.000000000000000222e-01,1.100000000000000089e+00
3.300000000000000266e+00,3.892010575518312782e-02,2.544344367979874288e+00,2.299999999999999822e+00,9.000000000000000222e-01,9.000000000000000222e-01,1.100000000000000089e+00
3.320000000000000284e+00,3.892795988609269037e-02,2.490151262618145900e+00,2.299999999999999822e+00,9.000000000000000222e-01,9.000000000000000222e-01,1.100000000000000089e+00
3.339999999999999858e+00,3.897378888854591272e-02,2.437112791992853911e+00,2.299999999999999822e+00,9.000000000000000222e-01,9.000000000000000222e-01,1.100000000000000089e+00
3.359999999999999876e+00,3.905687982727035212e-02,2.385206013919159762e+00,2.299999999999999822e+00,9.000000000000000222e-01,9.000000000000000222e-01,1.100000000000000089e+00
3.379999999999999893e+00,3.917663961564417374e-02,2.334408338296618979e+00,2.299999999999999822e+00,9.000000000000000222e-01,9.000000000000000222e-01,1.100000000000000089e+00
3.399999999999999911e+00,3.933258810263017685e-02,2.284697531789427138e+00,2.299999999999999822e+00,9.000000000000000222e-01,9.000000000000000222e-01,1.100000000000000089e+00
3.419999999999999929e+00,3.952435195012571345e-02,2.236051721295285066e+00,2.299999999999999822e+00,9.000000000000000222e-01,9.000000000000000222e-01,1.100000000000000089e+00
3.439999999999999947e+00,3.975165922603062646e-02,2.188449396340589548e+00,2.299999999999999822e+00,9.000000000000000222e-01,9.000000000000000222e-01,1.100000000000000089e+00
3.459999999999999964e+00,4.001433464696665249e-02,2.141869410524558148e+00,2.299999999999999822e+00,9.000000000000000222e-01,9.000000000000000222e-01,1.100000000000000089e+00
3.479999999999999982e+00,4.031229541219616408e-02,2.096290982121548740e+00,2.299999999999999822e+00,9.000000000000000222e-01,9.000000000000000222e-01,1.100000000000000089e+00
3.500000000000000000e+00,4.064554757701546728e-02,2.051693693939016239e+00,2.299999999999999822e+00,9.000000000000000222e-01,9.000000000000000222e-01,1.100000000000000089e+00
3.520000000000000018e+00,4.101418291984988002e-02,2.008057492518066312e+00,2.299999999999999822e+00,9.000000000000000222e-01,9.000000000000000222e-01,1.100000000000000089e+00
3.540000000000000036e+00,4.141837626255217425e-02,1.965362686754279720e+00,2.299999999999999822e+00,9.000000000000000222e-01,9.000000000000000222e-01,1.100000000000000089e+00
3.560000000000000053e+00,4.185838320808692864e-02,1.923589946008228191e+00,2.299999999999999822e+00,9.000000000000000222e-01,9.000000000000000222e-01,1.100000000000000089e+00
3.580000000000000071e+00,4.233453826394468350e-02,1.882720297767761508e+00,2.299999999999999822e+00,9.000000000000000222e-01,9.000000000000000222e-01,1.100000000000000089e+00
3.600000000000000089e+00,4.284725332333535336e-02,1.842735124917621592e+00,2.299999999999999822e+00,9.000000000000000222e-01,9.000000000000000222e-01,1.100000000000000089e+00
3.620000000000000107e+00,4.339701647951602070e-02,1.803616162666126677e+00,2.299999999999999822e+00,9.000000000000000222e-01,9.000000000000000222e-01,1.100000000000000089e+00
3.640000000000000124e+00,4.398439115156278084e-02,1.765345495173482826e+00,2.299999999999999822e+00,9.000000000000000222e-01,9.000000000000000222e-01,1.100000000000000089e+00
3.660000000000000142e+00,4.461001550254219128e-02,1.727905551921658622e+00,2.299999999999999822e+00,9.000000000000000222e-01,9.000000000000000222e-01,1.100000000000000089e+00
3.680000000000000160e+00,4.527460213341236162e-02,1.691279103861628830e+00,2.299999999999999822e+00,9.000000000000000222e-01,9.000000000000000222e-01,1.100000000000000089e+00
3.700000000000000178e+00,4.597893803811931718e-02,1.655449259370102899e+00,2.299999999999999822e+00,9.000000000000000222e-01,9.000000000000000222e-01,1.100000000000000089e+00
3.720000000000000195e+00,4.672388480727989596e-02,1.620399460044553486e+00,2.299999999999999822e+00,9.000000000000000222e-01,9.000000000000000222e-01,1.100000000000000089e+00
3.740000000000000213e+00,4.751037906958256729e-02,1.586113476362405406e+00,2.299999999999999822e+00,9.000000000000000222e-01,9.000000000000000222e-01,1.100000000000000089e+00
3.760000000000000231e+00,4.833943316161504189e-02,1.552575403227600903e+00,2.299999999999999822e+00,9.000000000000000222e-01,9.000000000000000222e-01,1.100000000000000089e+00
3.780000000000000249e+00,4.921213601826094491e-02,1.519769655425382116e+00,2.299999999999999822e+00,9.000000000000000222e-01,9.000000000000000222e-01,1.100000000000000089e+00
3.800000000000000266e+00,5.012965427711500027e-02,1.487680963004009760e+00,2.299999999999999822e+00,9.000000000000000222e-01,9.000000000000000222e-01,1.100000000000000089e+00
3.820000000000000284e+00,5.109323359156163480e-02,1.456294366600222157e+00,2.299999999999999822e+00,9.000000000000000222e-01,9.000000000000000222e-01,1.100000000000000089e+00
3.839999999999999858e+00,5.210420014825942192e-02,1.425595212723531402e+00,2.299999999999999822e+00,9.000000000000000222e-01,9.000000000000000222e-01,1.100000000000000089e+00
3.859999999999999876e+00,5.316396238578470490e-02,1.395569149012908294e+00,2.299999999999999822e+00,9.000000000000000222e-01,9.000000000000000222e-01,1.100000000000000089e+00
3.879999999999999893e+00,5.427401291212289453e-02,1.366202119478032273e+00,2.299999999999999822e+00,9.000000000000000222e-01,9.000000000000000222e-01,1.100000000000000089e+00
3.899999999999999911e+00,5.543593061956438028e-02,1.337480359736031632e+00,2.299999999999999822e+00,9.000000000000000222e-01,9.000000000000000222e-01,1.100000000000000089e+00
3.919999999999999929e+00,5.665138299637192260e-02,1.309390392253531266e+00,2.299999999999999822e+00,9.000000000000000222e-01,9.000000000000000222e-01,1.100000000000000089e+00
3.939999999999999947e+00,5.792212863534518946e-02,1.281919021602813347e+00,2.299999999999999822e+00,9.000000000000000222e-01,9.000000000000000222e-01,1.100000000000000089e+00
3.959999999999999964e+00,5.925001994012233514e-02,1.255053329740000168e+00,2.299999999999999822e+00,9.000000000000000222e-01,9.000000000000000222e-01,1.100000000000000089e+00
3.979999999999999982e+00,6.063700603073374912e-02,1.228780671312354356e+00,2.299999999999999822e+00,9.000000000000000222e-01,9.000000000000000222e-01,1.100000000000000089e+00
4.000000000000000000e+00,6.208513585056480572e-02,1.203088669001065147e+00,2.299999999999999822e+00,9.000000000000000222e-01,9.000000000000000222e-01,1.100000000000000089e+00
4.020000000000000462e+00,6.359656147749707944e-02,1.177965208905235484e+00,2.299999999999999822e+00,9.000000000000000222e-01,9.000000000000000222e-01,1.100000000000000089e+00
4.040000000000000036e+00,6.517354164258504223e-02,1.153398435972197156e+00,2.299999999999999822e+00,9.000000000000000222e-01,9.000000000000000222e-01,1.100000000000000089e+00
4.060000000000000497e+00,6.681844546019208297e-02,1.129376749478760766e+00,2.299999999999999822e+00,9.000000000000000222e-01,9.000000000000000222e-01,1.100000000000000089e+00
4.080000000000000071e+00,6.853375637405792475e-02,1.105888798567530973e+00,2.299999999999999822e+00,9.000000000000000222e-01,9.000000000000000222e-01,1.100000000000000089e+00
4.099999999999999645e+00,7.032207632430370614e-02,1.082923477842006266e+00,2.299999999999999822e+00,9.000000000000000222e-01,9.000000000000000222e-01,1.100000000000000089e+00
4.120000000000000107e+00,7.218613014090233260e-02,1.060469923023801497e+00,2.299999999999999822e+00,9.000000000000000222e-01,9.000000000000000222e-01,1.100000000000000089e+00
4.139999999999999680e+00,7.412877016965348231e-02,1.038517506675008306e+00,2.299999999999999822e+00,9.000000000000000222e-01,9.000000000000000222e-01,1.100000000000000089e+00
4.160000000000000142e+00,7.615298113720701811e-02,1.017055833988408597e+00,2.299999999999999822e+00,9.000000000000000222e-01,9.000000000000000222e-01,1.100000000000000089e+00
4.179999999999999716e+00,7.826188526217683905e-02,9.960747386480053311e-01,2.299999999999999822e+00,9.000000000000000222e-01,9.000000000000000222e-01,1.100000000000000089e+00
4.200000000000000178e+00,8.045874761988175417e-02,9.755642787621043865e-01,2.299999999999999822e+00,9.000000000000000222e-01,9.000000000000000222e-01,1.100000000000000089e+00
4.219999999999999751e+00,8.274698176874226152e-02,9.555147328709922006e-01,2.299999999999999822e+00,9.000000000000000222e-01,9.000000000000000222e-01,1.100000000000000089e+00
4.240000000000000213e+00,8.513015564685287584e-02,9.359165960310819043e-01,2.299999999999999822e+00,9.000000000000000222e-01,9.000000000000000222e-01,1.100000000000000089e+00
4.259999999999999787e+00,8.761199774774132421e-02,9.167605759772649021e-01,2.299999999999999822e+00,9.000000000000000222e-01,9.000000000000000222e-01,1.100000000000000089e+00
4.280000000000000249e+00,9.019640358481813280e-02,8.980375893650843766e-01,2.299999999999999822e+00,9.000000000000000222e-01,9.000000000000000222e-01,1.100000000000000089e+00
4.299999999999999822e+00,9.288744245451498183e-02,8.797387580942572782e-01,2.299999999999999822e+00,9.000000000000000222e-01,9.000000000000000222e-01,1.100000000000000089e+00
4.320000000000000284e+00,9.568936450860790477e-02,8.618554057149984127e-01,2.299999999999999822e+00,9.000000000000000222e-01,9.000000000000000222e-01,1.100000000000000089e+00
4.339999999999999858e+00,9.860660814672268792e-02,8.443790539185496158e-01,2.299999999999999822e+00,9.000000000000000222e-01,9.000000000000000222e-01,1.100000000000000089e+00
4.360000000000000320e+00,1.016438077405250884e-01,8.273014191132883610e-01,2.299999999999999822e+00,9.000000000000000222e-01,9.000000000000000222e-01,1.100000000000000089e+00
4.379999999999999893e+00,1.048058017016085808e-01,8.106144090877767105e-01,2.299999999999999822e+00,9.000000000000000222e-01,9.000000000000000222e-01,1.100000000000000089e+00
4.400000000000000355e+00,1.080976409056068066e-01,7.943101197621214027e-01,2.299999999999999822e+00,9.000000000000000222e-01,9.000000000000000222e-01,1.100000000000000089e+00
4.419999999999999929e+00,1.115245974855774841e-01,7.783808320290419580e-01,2.299999999999999822e+00,9.000000000000000222e-01,9.000000000000000222e-01,1.100000000000000089e+00
4.440000000000000391e+00,1.150921740082285483e-01,7.628190086860885399e-01,2.299999999999999822e+00,9.000000000000000222e-01,9.000000000000000222e-01,1.100000000000000089e+00
4.459999999999999964e+00,1.188061130470863536e-01,7.476172914605152542e-01,2.299999999999999822e+00,9.000000000000000222e-01,9.000000000000000222e-01,1.100000000000000089e+00
4.480000000000000426e+00,1.226724071672384703e-01,7.327684981283977272e-01,2.299999999999999822e+00,9.000000000000000222e-01,9.000000000000000222e-01,1.100000000000000089e+00
4.500000000000000000e+00,1.266973093368202463e-01,7.182656197296841682e-01,2.299999999999999822e+00,9.000000000000000222e-01,9.000000000000000222e-01,1.100000000000000089e+00
4.520000000000000462e+00,1.308873437809538742e-01,7.041018178809912431e-01,2.299999999999999822e+00,9.000000000000000222e-01,9.000000000000000222e-01,1.100000000000000089e+00
4.540000000000000036e+00,1.352493172943896316e-01,6.902704221880975322e-01,2.299999999999999822e+00,9.000000000000000222e-01,9.000000000000000222e-01,1.100000000000000089e+00
4.560000000000000497e+00,1.397903310296414459e-01,6.767649277602494351e-01,2.299999999999999822e+00,9.000000000000000222e-01,9.000000000000000222e-01,1.100000000000000089e+00
4.580000000000000071e+00,1.445177927779495441e-01,6.635789928285793504e-01,2.299999999999999822e+00,9.000000000000000222e-01,9.000000000000000222e-01,1.100000000000000089e+00
4.600000000000000533e+00,1.494394297609420164e-01,6.507064364711437898e-01,2.299999999999999822e+00,9.000000000000000222e-01,9.000000000000000222e-01,1.100000000000000089e+00
4.620000000000000107e+00,1.545633019514009443e-01,6.381412364473230125e-01,2.299999999999999822e+00,9.000000000000000222e-01,9.000000000000000222e-01,1.100000000000000089e+00
4.639999999999999680e+00,1.598978159420657297e-01,6.258775271445815580e-01,2.299999999999999822e+00,9.000000000000000222e-01,9.000000000000000222e-01,1.100000000000000089e+00
4.660000000000000142e+00,1.654517393819232296e-01,6.139095976408782684e-01,2.299999999999999822e+00,9.000000000000000222e-01,9.000000000000000222e-01,1.100000000000000089e+00
4.679999999999999716e+00,1.712342159999387659e-01,6.022318898863319170e-01,2.299999999999999822e+00,9.000000000000000222e-01,9.000000000000000222e-01,1.100000000000000089e+00
4.700000000000000178e+00,1.772547812366686848e-01,5.908389970080998310e-01,2.299999999999999822e+00,9.000000000000000222e-01,9.000000000000000222e-01,1.100000000000000089e+00
4.719999999999999751e+00,1.835233785046616883e-01,5.797256617428153680e-01,2.299999999999999822e+00,9.000000000000000222e-01,9.000000000000000222e-01,1.100000000000000089e+00
4.740000000000000213e+00,1.900503760989960544e-01,5.688867750013535396e-01,2.299999999999999822e+00,9.000000000000000222e-01,9.000000000000000222e-01,1.100000000000000089e+00
4.759999999999999787e+00,1.968465847797083446e-01,5.583173745711652591e-01,2.299999999999999822e+00,9.000000000000000222e-01,9.000000000000000222e-01,1.100000000000000089e+00
4.780000000000000249e+00,2.039232760482397877e-01,5.480126439619347201e-01,2.299999999999999822e+00,9.000000000000000222e-01,9.000000000000000222e-01,1.100000000000000089e+00
4.799999999999999822e+00,2.112922011403524647e-01,5.379679114008785179e-01,2.299999999999999822e+00,9.000000000000000222e-01,9.000000000000000222e-01,1.100000000000000089e+00
4.820000000000000284e+00,2.189656107582388100e-01,5.281786489846290733e-01,2.299999999999999822e+00,9.000000000000000222e-01,9.000000000000000222e-01,1.100000000000000089e+00
4.839999999999999858e+00,2.269562755647589469e-01,5.186404719953260356e-01,2.299999999999999822e+00,9.000000000000000222e-01,9.000000000000000222e-01,1.100000000000000089e+00
4.860000000000000320e+00,2.352775074628761232e-01,5.093491383892906343e-01,2.299999999999999822e+00,9.000000000000000222e-01,9.000000000000000222e-01,1.100000000000000089e+00
4.879999999999999893e+00,2.439431816834136957e-01,5.003005484674809544e-01,2.299999999999999822e+00,9.000000000000000222e-01,9.000000000000000222e-01,1.100000000000000089e+00
4.900000000000000355e+00,2.529677597042106485e-01,4.914907447378364380e-01,2.299999999999999822e+00,9.000000000000000222e-01,9.000000000000000222e-01,1.100000000000000089e+00
4.919999999999999929e+00,2.623663130235940333e-01,4.829159119806143430e-01,2.299999999999999822e+00,9.000000000000000222e-01,9.000000000000000222e-01,1.100000000000000089e+00
4.940000000000000391e+00,2.721545478107972871e-01,4.745723775289228952e-01,2.299999999999999822e+00,9.000000000000000222e-01,9.000000000000000222e-01,1.100000000000000089e+00
4.959999999999999964e+00,2.823488304555161199e-01,4.664566117778644050e-01,2.299999999999999822e+00,9.000000000000000222e-01,9.000000000000000222e-01,1.100000000000000089e+00
4.980000000000000426e+00,2.929662140381828483e-01,4.585652289370383827e-01,2.299999999999999822e+00,9.000000000000000222e-01,9.000000000000000222e-01,1.100000000000000089e+00
5.000000000000000000e+00,3.040244657417369711e-01,4.508949880426257883e-01,2.299999999999999822e+00,9.000000000000000222e-01,9.000000000000000222e-01,1.100000000000000089e+00
5.020000000000000462e+00,3.155420952246417166e-01,4.434427942469031936e-01,2.299999999999999822e+00,9.000000000000000222e-01,9.000000000000000222e-01,1.100000000000000089e+00
5.040000000000000036e+00,3.275383839736143443e-01,4.362057004048321973e-01,2.299999999999999822e+00,9.000000000000000222e-01,9.000000000000000222e-01,1.100000000000000089e+00
5.060000000000000497e+00,3.400334156529684071e-01,4.291809089793580667e-01,2.299999999999999822e+00,9.000000000000000222e-01,9.000000000000000222e-01,1.100000000000000089e+00
5.080000000000000071e+00,3.530481074655655860e-01,4.223657742892515388e-01,2.299999999999999822e+00,9.000000000000000222e-01,9.000000000000000222e-01,1.100000000000000089e+00
5.100000000000000533e+00,3.666042425381027536e-01,4.157578051257668772e-01,2.299999999999999822e+00,9.000000000000000222e-01,9.000000000000000222e-01,1.100000000000000089e+00
5.120000000000000107e+00,3.807245033407616330e-01,4.093546677670938383e-01,2.299999999999999822e+00,9.000000000000000222e-01,9.000000000000000222e-01,1.100000000000000089e+00
5.139999999999999680e+00,3.954325061480714054e-01,4.031541894225830758e-01,2.299999999999999822e+00,9.000000000000000222e-01,9.000000000000000222e-01,1.100000000000000089e+00
5.160000000000000142e+00,4.107528365441083240e-01,3.971543621420606240e-01,2.299999999999999822e+00,9.000000000000000222e-01,9.000000000000000222e-01,1.100000000000000089e+00
5.179999999999999716e+00,4.267110859708144188e-01,3.913533472292581861e-01,2.299999999999999822e+00,9.000000000000000222e-01,9.000000000000000222e-01,1.100000000000000089e+00
5.200000000000000178e+00,4.433338893131706926e-01,3.857494802025157044e-01,2.299999999999999822e+00,9.000000000000000222e-01,9.000000000000000222e-01,1.100000000000000089e+00
5.219999999999999751e+00,4.606489635091196577e-01,3.803412763505172323e-01,2.299999999999999822e+00,9.000000000000000222e-01,9.000000000000000222e-01,1.100000000000000089e+00
5.240000000000000213e+00,4.786851471653883472e-01,3.751274369359566818e-01,2.299999999999999822e+00,9.000000000000000222e-01,9.000000000000000222e-01,1.100000000000000089e+00
5.259999999999999787e+00,4.974724411525978662e-01,3.701068561057639927e-01,2.299999999999999822e+00,9.000000000000000222e-01,9.000000000000000222e-01,1.100000000000000089e+00
5.280000000000000249e+00,5.170420501441208572e-01,3.652786285729336391e-01,2.299999999999999822e+00,9.000000000000000222e-01,9.000000000000000222e-01,1.100000000000000089e+00
5.299999999999999822e+00,5.374264250529091624e-01,3.606420581421703742e-01,2.299999999999999822e+00,9.000000000000000222e-01,9.000000000000000222e-01,1.100000000000000089e+00
5.320000000000000284e+00,5.586593063087836875e-01,3.561966671596019096e-01,2.299999999999999822e+00,9.000000000000000222e-01,9.000000000000000222e-01,1.100000000000000089e+00
5.339999999999999858e+00,5.807757679052598654e-01,3.519422069758185723e-01,2.299999999999999822e+00,9.000000000000000222e-01,9.000000000000000222e-01,1.100000000000000089e+00
5.360000000000000320e+00,6.038122621296380110e-01,3.478786695216143365e-01,2.299999999999999822e+00,9.000000000000000222e-01,9.000000000000000222e-01,1.100000000000000089e+00
5.379999999999999893e+00,6.278066648725724175e-01,3.440063001071677062e-01,2.299999999999999822e+00,9.000000000000000222e-01,9.000000000000000222e-01,1.100000000000000089e+00
5.400000000000000355e+00,6.527983213933329365e-01,3.403256115681878580e-01,2.299999999999999822e+00,9.000000000000000222e-01,9.000000000000000222e-01,1.100000000000000089e+00
5.419999999999999929e+00,6.788280923941665268e-01,3.368373998969474425e-01,2.299999999999999822e+00,9.000000000000000222e-01,9.000000000000000222e-01,1.100000000000000089e+00
5.440000000000000391e+00,7.059384002311551720e-01,3.335427615123576217e-01,2.299999999999999822e+00,9.000000000000000222e-01,9.000000000000000222e-01,1.100000000000000089e+00
5.459999999999999964e+00,7.341732750593154000e-01,3.304431123415586535e-01,2.299999999999999822e+00,9.000000000000000222e-01,9.000000000000000222e-01,1.100000000000000089e+00
5.480000000000000426e+00,7.635784006758892239e-01,3.275402089061990596e-01,2.299999999999999822e+00,9.000000000000000222e-01,9.000000000000000222e-01,1.100000000000000089e+00
5.500000000000000000e+00,7.942011597872545847e-01,3.248361716299882351e-01,2.299999999999999822e+00,9.000000000000000222e-01,9.000000000000000222e-01,1.100000000000000089e+00
5.520000000000000462e+00,8.260906783809792708e-01,3.223335106106174908e-01,2.299999999999999822e+00,9.000000000000000222e-01,9.000000000000000222e-01,1.100000000000000089e+00
5.540000000000000036e+00,8.592978688344898863e-01,3.200351541291983626e-01,2.299999999999999822e+00,9.000000000000000222e-01,9.000000000000000222e-01,1.100000000000000089e+00
5.560000000000000497e+00,8.938754713347603076e-01,3.179444802044720797e-01,2.299999999999999822e+00,9.000000000000000222e-01,9.000000000000000222e-01,1.100000000000000089e+00
5.580000000000000071e+00,9.298780931183402432e-01,3.160653515377927492e-01,2.299999999999999822e+00,9.000000000000000222e-01,9.000000000000000222e-01,1.100000000000000089e+00
5.600000000000000533e+00,9.673622449667865775e-01,3.144021542389586199e-01,2.299999999999999822e+00,9.000000000000000222e-01,9.000000000000000222e-01,1.100000000000000089e+00
5.620000000000000107e+00,1.006386374307812970e+00,3.129598407731474241e-01,2.299999999999999822e+00,9.000000000000000222e-01,9.000000000000000222e-01,1.100000000000000089e+00
5.639999999999999680e+00,1.047010894175698814e+00,3.117439776264116502e-01,2.299999999999999822e+00,9.000000000000000222e-01,9.000000000000000222e-01,1.100000000000000089e+00
5.660000000000000142e+00,1.089298207173947652e+00,3.107607982524639434e-01,2.299999999999999822e+00,9.000000000000000222e-01,9.000000000000000222e-01,1.100000000000000089e+00
5.679999999999999716e+00,1.133312723456814775e+00,3.100172619380441308e-01,2.299999999999999822e+00,9.000000000000000222e-01,9.000000000000000222e-01,1.100000000000000089e+00
5.700000000000000178e+00,1.179120871601806897e+00,3.095211193094284940e-01,2.299999999999999822e+00,9.000000000000000222e-01,9.000000000000000222e-01,1.100000000000000089e+00
5.719999999999999751e+00,1.226791101079862667e+00,3.092809853002484455e-01,2.299999999999999822e+00,9.000000000000000222e-01,9.000000000000000222e-01,1.100000000000000089e+00
5.740000000000000213e+00,1.276393874840544340e+00,3.093064205126350164e-01,2.299999999999999822e+00,9.000000000000000222e-01,9.000000000000000222e-01,1.100000000000000089e+00
5.759999999999999787e+00,1.328001650312568227e+00,3.096080220319983312e-01,2.299999999999999822e+00,9.000000000000000222e-01,9.000000000000000222e-01,1.100000000000000089e+00
5.780000000000000249e+00,1.381688846871193199e+00,3.101975249030474169e-01,2.299999999999999822e+00,9.000000000000000222e-01,9.000000000000000222e-01,1.100000000000000089e+00
5.799999999999999822e+00,1.437531797538527556e+00,3.110879156439209647e-01,2.299999999999999822e+00,9.000000000000000222e-01,9.000000000000000222e-01,1.100000000000000089e+00
5.820000000000000284e+00,1.495608682355073604e+00,3.122935593699808776e-01,2.299999999999999822e+00,9.000000000000000222e-01,9.000000000000000222e-01,1.100000000000000089e+00
5.839999999999999858e+00,1.555999440484335361e+00,3.138303423229129585e-01,2.299999999999999822e+00,9.000000000000000222e-01,9.000000000000000222e-01,1.100000000000000089e+00
5.860000000000000320e+00,1.618785657679508549e+00,3.157158318589151635e-01,2.299999999999999822e+00,9.000000000000000222e-01,9.000000000000000222e-01,1.100000000000000089e+00
5.879999999999999893e+00,1.684050425243485805e+00,3.179694562472992203e-01,2.299999999999999822e+00,9.000000000000000222e-01,9.000000000000000222e-01,1.100000000000000089e+00
5.900000000000000355e+00,1.751878166040547580e+00,3.206127069739972968e-01,2.299999999999999822e+00,9.000000000000000222e-01,9.000000000000000222e-01,1.100000000000000089e+00
5.919999999999999929e+00,1.822354422458560608e+00,3.236693666404215630e-01,2.299999999999999822e+00,9.000000000000000222e-01,9.000000000000000222e-01,1.100000000000000089e+00
5.940000000000000391e+00,1.895565600460846767e+00,3.271657660051399130e-01,2.299999999999999822e+00,9.000000000000000222e-01,9.000000000000000222e-01,1.100000000000000089e+00
5.959999999999999964e+00,1.971598662991665973e+00,3.311310742434065979e-01,2.299999999999999822e+00,9.000000000000000222e-01,9.000000000000000222e-01,1.100000000000000089e+00
5.980000000000000426e+00,2.050540764990723464e+00,3.355976271086109630e-01,2.299999999999999822e+00,9.000000000000000222e-01,9.000000000000000222e-01,1.100000000000000089e+00
6.000000000000000000e+00,2.132478821109930145e+00,3.406012983825880691e-01,2.299999999999999822e+00,9.000000000000000222e-01,9.000000000000000222e-01,1.100000000000000089e+00
0.000000000000000000e+00,5.000000000000000000e-01,5.000000000000000000e-01,2.600000000000000089e+00,1.199999999999999956e+00,1.199999999999999956e+00,1.399999999999999911e+00
2.000000000000000042e-02,5.200000000000000178e-01,4.919999999999999929e-01,2.600000000000000089e+00,1.199999999999999956e+00,1.199999999999999956e+00,1.399999999999999911e+00
4.000000000000000083e-02,5.408998400000000206e-01,4.843641599999999880e-01,2.600000000000000089e+00,1.199999999999999956e+00,1.199999999999999956e+00,1.399999999999999911e+00
5.999999999999999778e-02,5.627388117605024442e-01,4.770897834394975945e-01,2.600000000000000089e+00,1.199999999999999956e+00,1.199999999999999956e+00,1.399999999999999911e+00
8.000000000000000167e-02,5.855577834639889012e-01,4.701747160112513257e-01,2.600000000000000089e+00,1.199999999999999956e+00,1.199999999999999956e+00,1.399999999999999911e+00
1.000000000000000056e-01,6.093992410549556871e-01,4.636173711120968877e-01,2.600000000000000089e+00,1.199999999999999956e+00,1.199999999999999956e+00,1.399999999999999911e+00
1.199999999999999956e-01,6.343073278115188840e-01,4.574167584992527291e-01,2.600000000000000089e+00,1.199999999999999956e+00,1.199999999999999956e+00,1.399999999999999911e+00
1.400000000000000133e-01,6.603278816150010000e-01,4.515725165039904954e-01,2.600000000000000089e+00,1.199999999999999956e+00,1.199999999999999956e+00,1.399999999999999911e+00
1.600000000000000033e-01,6.875084693017338155e-01,4.460849481991260301e-01,2.600000000000000089e+00,1.199999999999999956e+00,1.199999999999999956e+00,1.399999999999999911e+00
1.799999999999999933e-01,7.158984173874658463e-01,4.409550619675086658e-01,2.600000000000000089e+00,1.199999999999999956e+00,1.199999999999999956e+00,1.399999999999999911e+00
2.000000000000000111e-01,7.455488383475773473e-01,4.361846169764551640e-01,2.600000000000000089e+00,1.199999999999999956e+00,1.199999999999999956e+00,1.399999999999999911e+00
2.200000000000000011e-01,7.765126515138462970e-01,4.317761741289194988e-01,2.600000000000000089e+00,1.199999999999999956e+00,1.199999999999999956e+00,1.399999999999999911e+00
2.399999999999999911e-01,8.088445975085658546e-01,4.277331531373101958e-01,2.600000000000000089e+00,1.199999999999999956e+00,1.199999999999999956e+00,1.399999999999999911e+00
2.600000000000000089e-01,8.426012449768413015e-01,4.240598964516355540e-01,2.600000000000000089e+00,1.199999999999999956e+00,1.199999999999999956e+00,1.399999999999999911e+00
2.800000000000000266e-01,8.778409881949594817e-01,4.207617408716673446e-01,2.600000000000000089e+00,1.199999999999999956e+00,1.199999999999999956e+00,1.399999999999999911e+00
2.999999999999999889e-01,9.146240339234633643e-01,4.178450977848946479e-01,2.600000000000000089e+00,1.199999999999999956e+00,1.199999999999999956e+00,1.399999999999999911e+00
3.200000000000000067e-01,9.530123756340955765e-01,4.153175431003055529e-01,2.600000000000000089e+00,1.199999999999999956e+00,1.199999999999999956e+00,1.399999999999999911e+00
3.400000000000000244e-01,9.930697529656475897e-01,4.131879180949178942e-01,2.600000000000000089e+00,1.199999999999999956e+00,1.199999999999999956e+00,1.399999999999999911e+00
3.599999999999999867e-01,1.034861593949839342e+00,4.114664425582820195e-01,2.600000000000000089e+00,1.199999999999999956e+00,1.199999999999999956e+00,1.399999999999999911e+00
3.800000000000000044e-01,1.078454937188765284e+00,4.101648418131157436e-01,2.600000000000000089e+00,1.199999999999999956e+00,1.199999999999999956e+00,1.399999999999999911e+00
4.000000000000000222e-01,1.123918330753430617e+00,4.092964894114989871e-01,2.600000000000000089e+00,1.199999999999999956e+00,1.199999999999999956e+00,1.399999999999999911e+00
4.199999999999999845e-01,1.171321704100706240e+00,4.088765675598796667e-01,2.600000000000000089e+00,1.199999999999999956e+00,1.199999999999999956e+00,1.399999999999999911e+00
4.400000000000000022e-01,1.220736208764796826e+00,4.089222476173490772e-01,2.600000000000000089e+00,1.199999999999999956e+00,1.199999999999999956e+00,1.399999999999999911e+00
4.600000000000000200e-01,1.272234022958902644e+00,4.094528933457268760e-01,2.600000000000000089e+00,1.199999999999999956e+00,1.199999999999999956e+00,1.399999999999999911e+00
4.799999999999999822e-01,1.325888114511644122e+00,4.104902899731680543e-01,2.600000000000000089e+00,1.199999999999999956e+00,1.199999999999999956e+00,1.399999999999999911e+00
5.000000000000000000e-01,1.381771955747900904e+00,4.120589025722680154e-01,2.600000000000000089e+00,1.199999999999999956e+00,1.199999999999999956e+00,1.399999999999999911e+00
5.200000000000000178e-01,1.439959182990216968e+00,4.141861677568193234e-01,2.600000000000000089e+00,1.199999999999999956e+00,1.199999999999999956e+00,1.399999999999999911e+00
5.400000000000000355e-01,1.500523192288213181e+00,4.169028232771234133e-01,2.600000000000000089e+00,1.199999999999999956e+00,1.199999999999999956e+00,1.399999999999999911e+00
5.600000000000000533e-01,1.563536661761014024e+00,4.202432807515501523e-01,2.600000000000000089e+00,1.199999999999999956e+00,1.199999999999999956e+00,1.399999999999999911e+00
5.799999999999999600e-01,1.629070989541056225e+00,4.242460475220373728e-01,2.600000000000000089e+00,1.199999999999999956e+00,1.199999999999999956e+00,1.399999999999999911e+00
5.999999999999999778e-01,1.697195634714496526e+00,4.289542044741149196e-01,2.600000000000000089e+00,1.199999999999999956e+00,1.199999999999999956e+00,1.399999999999999911e+00
6.199999999999999956e-01,1.767977346839828767e+00,4.344159476286612587e-01,2.600000000000000089e+00,1.199999999999999956e+00,1.199999999999999956e+00,1.399999999999999911e+00
6.400000000000000133e-01,1.841479267567177613e+00,4.406852024033810489e-01,2.600000000000000089e+00,1.199999999999999956e+00,1.199999999999999956e+00,1.399999999999999911e+00
6.600000000000000311e-01,1.917759885550683441e+00,4.478223206660736921e-01,2.600000000000000089e+00,1.199999999999999956e+00,1.199999999999999956e+00,1.399999999999999911e+00
6.800000000000000488e-01,1.996871823221056275e+00,4.558948720656862963e-01,2.600000000000000089e+00,1.199999999999999956e+00,1.199999999999999956e+00,1.399999999999999911e+00
7.000000000000000666e-01,2.078860431043456636e+00,4.649785426329415827e-01,2.600000000000000089e+00,1.199999999999999956e+00,1.199999999999999956e+00,1.399999999999999911e+00
7.199999999999999734e-01,2.163762161612183377e+00,4.751581552847522483e-01,2.600000000000000089e+00,1.199999999999999956e+00,1.199999999999999956e+00,1.399999999999999911e+00
7.399999999999999911e-01,2.251602692323538601e+00,4.865288286292573927e-01,2.600000000000000089e+00,1.199999999999999956e+00,1.199999999999999956e+00,1.399999999999999911e+00
7.600000000000000089e-01,2.342394761433931105e+00,4.991972923180698629e-01,2.600000000000000089e+00,1.199999999999999956e+00,1.199999999999999956e+00,1.399999999999999911e+00
7.800000000000000266e-01,2.436135678089747181e+00,5.132833790719123490e-01,2.600000000000000089e+00,1.199999999999999956e+00,1.199999999999999956e+00,1.399999999999999911e+00
8.000000000000000444e-01,2.532804462484953056e+00,5.289217153233599644e-01,2.600000000000000089e+00,1.199999999999999956e+00,1.199999999999999956e+00,1.399999999999999911e+00
8.200000000000000622e-01,2.632358567793141813e+00,5.462636340353347331e-01,2.600000000000000089e+00,1.199999999999999956e+00,1.199999999999999956e+00,1.399999999999999911e+00
8.399999999999999689e-01,2.734730131142543819e+00,5.654793344581868775e-01,2.600000000000000089e+00,1.199999999999999956e+00,1.199999999999999956e+00,1.399999999999999911e+00
8.599999999999999867e-01,2.839821696974406340e+00,5.867603140809073414e-01,2.600000000000000089e+00,1.199999999999999956e+00,1.199999999999999956e+00,1.399999999999999911e+00
8.800000000000000044e-01,2.947501353116663836e+00,6.103220973870534527e-01,2.600000000000000089e+00,1.199999999999999956e+00,1.199999999999999956e+00,1.399999999999999911e+00
9.000000000000000222e-01,3.057597218489482405e+00,6.364072836494640839e-01,2.600000000000000089e+00,1.199999999999999956e+00,1.199999999999999956e+00,1.399999999999999911e+00
9.200000000000000400e-01,3.169891222483422144e+00,6.652889310747922558e-01,2.600000000000000089e+00,1.199999999999999956e+00,1.199999999999999956e+00,1.399999999999999911e+00
9.400000000000000577e-01,3.284112121019855390e+00,6.972742860374028240e-01,2.600000000000000089e+00,1.199999999999999956e+00,1.199999999999999956e+00,1.399999999999999911e+00
9.599999999999999645e-01,3.399927704886066326e+00,7.327088524551771398e-01,2.600000000000000089e+00,1.199999999999999956e+00,1.199999999999999956e+00,1.399999999999999911e+00
9.799999999999999822e-01,3.516936174490278511e+00,7.719807756362954132e-01,2.600000000000000089e+00,1.199999999999999956e+00,1.199999999999999956e+00,1.399999999999999911e+00
1.000000000000000000e+00,3.634656684783460712e+00,8.155254846987916029e-01,2.600000000000000089e+00,1.199999999999999956e+00,1.199999999999999956e+00,1.399999999999999911e+00
1.020000000000000018e+00,3.752519108682478954e+00,8.638304948369470715e-01,2.600000000000000089e+00,1.199999999999999956e+00,1.199999999999999956e+00,1.399999999999999911e+00
1.040000000000000036e+00,3.869853131809048996e+00,9.174402115064314023e-01,2.600000000000000089e+00,1.199999999999999956e+00,1.199999999999999956e+00,1.399999999999999911e+00
1.060000000000000053e+00,3.985876881645222358e+00,9.769604986021486193e-01,2.600000000000000089e+00,1.199999999999999956e+00,1.199999999999999956e+00,1.399999999999999911e+00
1.080000000000000071e+00,4.099685417114960373e+00,1.043062667017101930e+00,2.600000000000000089e+00,1.199999999999999956e+00,1.199999999999999956e+00,1.399999999999999911e+00
1.100000000000000089e+00,4.210239567482369161e+00,1.116486403663192295e+00,2.600000000000000089e+00,1.199999999999999956e+00,1.199999999999999956e+00,1.399999999999999911e+00
1.120000000000000107e+00,4.316355819393239202e+00,1.198040989958835567e+00,2.600000000000000089e+00,1.199999999999999956e+00,1.199999999999999956e+00,1.399999999999999911e+00
1.140000000000000124e+00,4.416698213228556824e+00,1.288603951013119087e+00,2.600000000000000089e+00,1.199999999999999956e+00,1.199999999999999956e+00,1.399999999999999911e+00
1.159999999999999920e+00,4.509773525884468448e+00,1.389116034816725298e+00,2.600000000000000089e+00,1.199999999999999956e+00,1.199999999999999956e+00,1.399999999999999911e+00
1.179999999999999938e+00,4.593931379993707154e+00,1.500571155078610719e+00,2.600000000000000089e+00,1.199999999999999956e+00,1.199999999999999956e+00,1.399999999999999911e+00
1.199999999999999956e+00,4.667371309739882790e+00,1.623999664749906424e+00,2.600000000000000089e+00,1.199999999999999956e+00,1.199999999999999956e+00,1.399999999999999911e+00
1.219999999999999973e+00,4.728159191231615210e+00,1.760443100751650558e+00,2.600000000000000089e+00,1.199999999999999956e+00,1.199999999999999956e+00,1.399999999999999911e+00
1.239999999999999991e+00,4.774255743716638634e+00,1.910918419389625145e+00,2.600000000000000089e+00,1.199999999999999956e+00,1.199999999999999956e+00,1.399999999999999911e+00
1.260000000000000009e+00,4.803559924640827816e+00,2.076369821395791959e+00,2.600000000000000089e+00,1.199999999999999956e+00,1.199999999999999956e+00,1.399999999999999911e+00
1.280000000000000027e+00,4.813969836015179915e+00,2.257606671103680629e+00,2.600000000000000089e+00,1.199999999999999956e+00,1.199999999999999956e+00,1.399999999999999911e+00
1.300000000000000044e+00,4.803463057497254773e+00,2.455226894303491836e+00,2.600000000000000089e+00,1.199999999999999956e+00,1.199999999999999956e+00,1.399999999999999911e+00
1.320000000000000062e+00,4.770196936057659265e+00,2.669526741692446858e+00,2.600000000000000089e+00,1.199999999999999956e+00,1.199999999999999956e+00,1.399999999999999911e+00
1.340000000000000080e+00,4.712627137917970721e+00,2.900400031739745366e+00,2.600000000000000089e+00,1.199999999999999956e+00,1.199999999999999956e+00,1.399999999999999911e+00
1.360000000000000098e+00,4.629639655480228377e+00,3.147232924460509285e+00,2.600000000000000089e+00,1.199999999999999956e+00,1.199999999999999956e+00,1.399999999999999911e+00
1.380000000000000115e+00,4.520687613114430903e+00,3.408803707026384355e+00,2.600000000000000089e+00,1.199999999999999956e+00,1.199999999999999956e+00,1.399999999999999911e+00
1.400000000000000133e+00,4.385920088342955658e+00,3.683200483883071197e+00,2.600000000000000089e+00,1.199999999999999956e+00,1.199999999999999956e+00,1.399999999999999911e+00
1.419999999999999929e+00,4.226286581137014942e+00,3.967772222134119176e+00,2.600000000000000089e+00,1.199999999999999956e+00,1.199999999999999956e+00,1.399999999999999911e+00
1.439999999999999947e+00,4.043598863370212904e+00,4.259129219900290586e+00,2.600000000000000089e+00,1.199999999999999956e+00,1.199999999999999956e+00,1.399999999999999911e+00
1.459999999999999964e+00,3.840532962524607630e+00,4.553206643483938443e+00,2.600000000000000089e+00,1.199999999999999956e+00,1.199999999999999956e+00,1.399999999999999911e+00
1.479999999999999982e+00,3.620558911788220868e+00,4.845398622254054821e+00,2.600000000000000089e+00,1.199999999999999956e+00,1.199999999999999956e+00,1.399999999999999911e+00
1.500000000000000000e+00,3.387794747289969433e+00,5.130760688742180164e+00,2.600000000000000089e+00,1.199999999999999956e+00,1.199999999999999956e+00,1.399999999999999911e+00
1.520000000000000018e+00,3.146792935486904863e+00,5.404266528119542556e+00,2.600000000000000089e+00,1.199999999999999956e+00,1.199999999999999956e+00,1.399999999999999911e+00
1.540000000000000036e+00,2.902279582560026050e+00,5.661093650904393648e+00,2.600000000000000089e+00,1.199999999999999956e+00,1.199999999999999956e+00,1.399999999999999911e+00
1.560000000000000053e+00,2.658876284421626934e+00,5.896904865110591309e+00,2.600000000000000089e+00,1.199999999999999956e+00,1.199999999999999956e+00,1.399999999999999911e+00
1.580000000000000071e+00,2.420838479275558175e+00,6.108090900823488489e+00,2.600000000000000089e+00,1.199999999999999956e+00,1.199999999999999956e+00,1.399999999999999911e+00
1.600000000000000089e+00,2.191841244494853402e+00,6.291945191303464746e+00,2.600000000000000089e+00,1.199999999999999956e+00,1.199999999999999956e+00,1.399999999999999911e+00
1.620000000000000107e+00,1.974834309726985815e+00,6.446753405428567341e+00,2.600000000000000089e+00,1.199999999999999956e+00,1.199999999999999956e+00,1.399999999999999911e+00
1.640000000000000124e+00,1.771975218359438164e+00,6.571794785549918139e+00,2.600000000000000089e+00,1.199999999999999956e+00,1.199999999999999956e+00,1.399999999999999911e+00
1.660000000000000142e+00,1.584636549710811471e+00,6.667265911557837654e+00,2.600000000000000089e+00,1.199999999999999956e+00,1.199999999999999956e+00,1.399999999999999911e+00
1.679999999999999938e+00,1.413473012293481101e+00,6.734147104036511067e+00,2.600000000000000089e+00,1.199999999999999956e+00,1.199999999999999956e+00,1.399999999999999911e+00
1.699999999999999956e+00,1.258528764315864246e+00,6.774035829740366665e+00,2.600000000000000089e+00,1.199999999999999956e+00,1.199999999999999956e+00,1.399999999999999911e+00
1.719999999999999973e+00,1.119364605446660388e+00,6.788970481121265443e+00,2.600000000000000089e+00,1.199999999999999956e+00,1.199999999999999956e+00,1.399999999999999911e+00
1.739999999999999991e+00,9.951875665941427584e-01,6.781263305985613776e+00,2.600000000000000089e+00,1.199999999999999956e+00,1.199999999999999956e+00,1.399999999999999911e+00
1.760000000000000009e+00,8.849702257870067923e-01,6.753355027688048295e+00,2.600000000000000089e+00,1.199999999999999956e+00,1.199999999999999956e+00,1.399999999999999911e+00
1.780000000000000027e+00,7.875522425597812903e-01,6.707697521880932712e+00,2.600000000000000089e+00,1.199999999999999956e+00,1.199999999999999956e+00,1.399999999999999911e+00
1.800000000000000044e+00,7.017210657544095120e-01,6.646665884686746573e+00,2.600000000000000089e+00,1.199999999999999956e+00,1.199999999999999956e+00,1.399999999999999911e+00
1.820000000000000062e+00,6.262720299340581720e-01,6.572497771155098256e+00,2.600000000000000089e+00,1.199999999999999956e+00,1.199999999999999956e+00,1.399999999999999911e+00
1.840000000000000080e+00,5.600500589895481829e-01,6.487255950063836707e+00,2.600000000000000089e+00,1.199999999999999956e+00,1.199999999999999956e+00,1.399999999999999911e+00
1.860000000000000098e+00,5.019761481966795724e-01,6.392809297322374462e+00,2.600000000000000089e+00,1.199999999999999956e+00,1.199999999999999956e+00,1.399999999999999911e+00
1.880000000000000115e+00,4.510620010094875121e-01,6.290827543890767259e+00,2.600000000000000089e+00,1.199999999999999956e+00,1.199999999999999956e+00,1.399999999999999911e+00
1.900000000000000133e+00,4.064159468231096084e-01,6.182785650900696872e+00,2.600000000000000089e+00,1.199999999999999956e+00,1.199999999999999956e+00,1.399999999999999911e+00
1.919999999999999929e+00,3.672427916343478649e-01,6.069974437099040721e+00,2.600000000000000089e+00,1.199999999999999956e+00,1.199999999999999956e+00,1.399999999999999911e+00
1.939999999999999947e+00,3.328397122210288162e-01,5.953514857438572783e+00,2.600000000000000089e+00,1.199999999999999956e+00,1.199999999999999956e+00,1.399999999999999911e+00
1.959999999999999964e+00,3.025897891320389332e-01,5.834374029554775909e+00,2.600000000000000089e+00,1.199999999999999956e+00,1.199999999999999956e+00,1.399999999999999911e+00
1.979999999999999982e+00,2.759543299912147751e-01,5.713381684902932633e+00,2.600000000000000089e+00,1.199999999999999956e+00,1.199999999999999956e+00,1.399999999999999911e+00
2.000000000000000000e+00,2.524647771945627284e-01,5.591246175681845898e+00,2.600000000000000089e+00,1.199999999999999956e+00,1.199999999999999956e+00,1.399999999999999911e+00
2.020000000000000018e+00,2.317147203290767510e-01,5.468569508042357086e+00,2.600000000000000089e+00,1.199999999999999956e+00,1.199999999999999956e+00,1.399999999999999911e+00
2.040000000000000036e+00,2.133523324864411153e-01,5.345861115116918860e+00,2.600000000000000089e+00,1.199999999999999956e+00,1.199999999999999956e+00,1.399999999999999911e+00
2.060000000000000053e+00,1.970734072623257782e-01,5.223550250407055451e+00,2.600000000000000089e+00,1.199999999999999956e+00,1.199999999999999956e+00,1.399999999999999911e+00
2.080000000000000071e+00,1.826150761394780830e-01,5.101996991696146289e+00,2.600000000000000089e+00,1.199999999999999956e+00,1.199999999999999956e+00,1.399999999999999911e+00
2.100000000000000089e+00,1.697502224402834270e-01,4.981501913587101704e+00,2.600000000000000089e+00,1.199999999999999956e+00,1.199999999999999956e+00,1.399999999999999911e+00
2.120000000000000107e+00,1.582825686171435708e-01,4.862314525396697285e+00,2.600000000000000089e+00,1.199999999999999956e+00,1.199999999999999956e+00,1.399999999999999911e+00
2.140000000000000124e+00,1.480423910051333614e-01,4.744640589865691815e+00,2.600000000000000089e+00,1.199999999999999956e+00,1.199999999999999956e+00,1.399999999999999911e+00
2.160000000000000142e+00,1.388828048401909432e-01,4.628648443846661742e+00,2.600000000000000089e+00,1.199999999999999956e+00,1.199999999999999956e+00,1.399999999999999911e+00
2.180000000000000160e+00,1.306765584078662390e-01,4.514474439702969910e+00,2.600000000000000089e+00,1.199999999999999956e+00,1.199999999999999956e+00,1.399999999999999911e+00
2.200000000000000178e+00,1.233132758578593391e-01,4.402227618978503010e+00,2.600000000000000089e+00,1.199999999999999956e+00,1.199999999999999956e+00,1.399999999999999911e+00
2.220000000000000195e+00,1.166970915920316210e-01,4.291993720257541334e+00,2.600000000000000089e+00,1.199999999999999956e+00,1.199999999999999956e+00,1.399999999999999911e+00
2.240000000000000213e+00,1.107446239319696130e-01,4.183838612513177679e+00,2.600000000000000089e+00,1.199999999999999956e+00,1.199999999999999956e+00,1.399999999999999911e+00
2.260000000000000231e+00,1.053832411667962182e-01,4.077811234572444654e+00,2.600000000000000089e+00,1.199999999999999956e+00,1.199999999999999956e+00,1.399999999999999911e+00
2.280000000000000249e+00,1.005495785530947650e-01,3.973946111158791261e+00,2.600000000000000089e+00,1.199999999999999956e+00,1.199999999999999956e+00,1.399999999999999911e+00
2.300000000000000266e+00,9.618827007778225913e-02,3.872265506606418661e+00,2.600000000000000089e+00,1.199999999999999956e+00,1.199999999999999956e+00,1.399999999999999911e+00
2.319999999999999840e+00,9.225086363313081406e-02,3.772781268910135211e+00,2.600000000000000089e+00,1.199999999999999956e+00,1.199999999999999956e+00,1.399999999999999911e+00
2.339999999999999858e+00,8.869489261351300169e-02,3.675496409309192192e+00,2.600000000000000089e+00,1.199999999999999956e+00,1.199999999999999956e+00,1.399999999999999911e+00
2.359999999999999876e+00,8.548308080561492495e-02,3.580406456072335430e+00,2.600000000000000089e+00,1.199999999999999956e+00,1.199999999999999956e+00,1.399999999999999911e+00
2.379999999999999893e+00,8.258266082187386281e-02,3.487500615487943101e+00,2.600000000000000089e+00,1.199999999999999956e+00,1.199999999999999956e+00,1.399999999999999911e+00
2.399999999999999911e+00,7.996478925393329940e-02,3.396762768184958592e+00,2.600000000000000089e+00,1.199999999999999956e+00,1.199999999999999956e+00,1.399999999999999911e+00
2.419999999999999929e+00,7.760404424145340985e-02,3.308172324729464098e+00,2.600000000000000089e+00,1.199999999999999956e+00,1.199999999999999956e+00,1.399999999999999911e+00
2.439999999999999947e+00,7.547799330728921507e-02,3.221704960871758949e+00,2.600000000000000089e+00,1.199999999999999956e+00,1.199999999999999956e+00,1.399999999999999911e+00
2.459999999999999964e+00,7.356682114787452265e-02,3.137333249778743394e+00,2.600000000000000089e+00,1.199999999999999956e+00,1.199999999999999956e+00,1.399999999999999911e+00
2.479999999999999982e+00,7.185300862993793114e-02,3.055027206002564721e+00,2.600000000000000089e+00,1.199999999999999956e+00,1.199999999999999956e+00,1.399999999999999911e+00
2.500000000000000000e+00,7.032105556995237039e-02,2.974754753743235280e+00,2.600000000000000089e+00,1.199999999999999956e+00,1.199999999999999956e+00,1.399999999999999911e+00
2.520000000000000018e+00,6.895724099531090612e-02,2.896482130102703501e+00,2.600000000000000089e+00,1.199999999999999956e+00,1.199999999999999956e+00,1.399999999999999911e+00
2.540000000000000036e+00,6.774941553624858059e-02,2.820174232450646468e+00,2.600000000000000089e+00,1.199999999999999956e+00,1.199999999999999956e+00,1.399999999999999911e+00
2.560000000000000053e+00,6.668682140111943657e-02,2.745794917685042247e+00,2.600000000000000089e+00,1.199999999999999956e+00,1.199999999999999956e+00,1.399999999999999911e+00
2.580000000000000071e+00,6.575993606726331098e-02,2.673307260036575261e+00,2.600000000000000089e+00,1.199999999999999956e+00,1.199999999999999956e+00,1.399999999999999911e+00
2.600000000000000089e+00,6.496033639456526287e-02,2.602673773103747035e+00,2.600000000000000089e+00,1.199999999999999956e+00,1.199999999999999956e+00,1.399999999999999911e+00
2.620000000000000107e+00,6.428058035525549552e-02,2.533856600988669161e+00,2.600000000000000089e+00,1.199999999999999956e+00,1.199999999999999956e+00,1.399999999999999911e+00
2.640000000000000124e+00,6.371410398536365982e-02,2.466817682709351534e+00,2.600000000000000089e+00,1.199999999999999956e+00,1.199999999999999956e+00,1.399999999999999911e+00
2.660000000000000142e+00,6.325513151222471320e-02,2.401518893473867600e+00,2.600000000000000089e+00,1.199999999999999956e+00,1.199999999999999956e+00,1.399999999999999911e+00
2.680000000000000160e+00,6.289859690840163275e-02,2.337922165899057880e+00,2.600000000000000089e+00,1.199999999999999956e+00,1.199999999999999956e+00,1.399999999999999911e+00
2.700000000000000178e+00,6.264007537365207101e-02,2.275989593827870916e+00,2.600000000000000089e+00,1.199999999999999956e+00,1.199999999999999956e+00,1.399999999999999911e+00
2.720000000000000195e+00,6.247572346011336791e-02,2.215683521033659176e+00,2.600000000000000089e+00,1.199999999999999956e+00,1.199999999999999956e+00,1.399999999999999911e+00
2.740000000000000213e+00,6.240222673759376198e-02,2.156966616787162394e+00,2.600000000000000089e+00,1.199999999999999956e+00,1.199999999999999956e+00,1.399999999999999911e+00
2.760000000000000231e+00,6.241675405068048549e-02,2.099801939994390132e+00,2.600000000000000089e+00,1.199999999999999956e+00,1.199999999999999956e+00,1.399999999999999911e+00
2.780000000000000249e+00,6.251691755146535079e-02,2.044152993384397821e+00,2.600000000000000089e+00,1.199999999999999956e+00,1.199999999999999956e+00,1.399999999999999911e+00
2.800000000000000266e+00,6.270073780454170354e-02,1.989983769029234573e+00,2.600000000000000089e+00,1.199999999999999956e+00,1.199999999999999956e+00,1.399999999999999911e+00
2.819999999999999840e+00,6.296661335748517108e-02,1.937258786309308700e+00,2.600000000000000089e+00,1.199999999999999956e+00,1.199999999999999956e+00,1.399999999999999911e+00
2.839999999999999858e+00,6.331329425277210099e-02,1.885943123291950352e+00,2.600000000000000089e+00,1.199999999999999956e+00,1.199999999999999956e+00,1.399999999999999911e+00
2.859999999999999876e+00,6.373985902810083704e-02,1.836002442365591181e+00,2.600000000000000089e+00,1.199999999999999956e+00,1.199999999999999956e+00,1.399999999999999911e+00
2.879999999999999893e+00,6.424569481312292218e-02,1.787403010863793718e+00,2.600000000000000089e+00,1.199999999999999956e+00,1.199999999999999956e+00,1.399999999999999911e+00
2.899999999999999911e+00,6.483048018314901961e-02,1.740111717319863693e+00,2.600000000000000089e+00,1.199999999999999956e+00,1.199999999999999956e+00,1.399999999999999911e+00
2.919999999999999929e+00,6.549417047572467232e-02,1.694096083911855510e+00,2.600000000000000089e+00,1.199999999999999956e+00,1.199999999999999956e+00,1.399999999999999911e+00
2.939999999999999947e+00,6.623698531513481924e-02,1.649324275587651156e+00,2.600000000000000089e+00,1.199999999999999956e+00,1.199999999999999956e+00,1.399999999999999911e+00
2.959999999999999964e+00,6.705939812379395348e-02,1.605765106298924882e+00,2.600000000000000089e+00,1.199999999999999956e+00,1.199999999999999956e+00,1.399999999999999911e+00
2.979999999999999982e+00,6.796212742887293434e-02,1.563388042719913384e+00,2.600000000000000089e+00,1.199999999999999956e+00,1.199999999999999956e+00,1.399999999999999911e+00
3.000000000000000000e+00,6.894612979805175845e-02,1.522163205780878492e+00,2.600000000000000089e+00,1.199999999999999956e+00,1.199999999999999956e+00,1.399999999999999911e+00
3.020000000000000018e+00,7.001259426052036661e-02,1.482061370306043901e+00,2.600000000000000089e+00,1.199999999999999956e+00,1.199999999999999956e+00,1.399999999999999911e+00
3.040000000000000036e+00,7.116293808874515903e-02,1.443053963010797025e+00,2.600000000000000089e+00,1.199999999999999956e+00,1.199999999999999956e+00,1.399999999999999911e+00
3.060000000000000053e+00,7.239880383347696569e-02,1.405113059082377713e+00,2.600000000000000089e+00,1.199999999999999956e+00,1.199999999999999956e+00,1.399999999999999911e+00
3.080000000000000071e+00,7.372205751933708084e-02,1.368211377541551865e+00,2.600000000000000089e+00,1.199999999999999956e+00,1.199999999999999956e+00,1.399999999999999911e+00
3.100000000000000089e+00,7.513478792137309736e-02,1.332322275559358005e+00,2.600000000000000089e+00,1.199999999999999956e+00,1.199999999999999956e+00,1.399999999999999911e+00
3.120000000000000107e+00,7.663930685447473135e-02,1.297419741882505750e+00,2.600000000000000089e+00,1.199999999999999956e+00,1.199999999999999956e+00,1.399999999999999911e+00
3.140000000000000124e+00,7.823815041769494050e-02,1.263478389503008170e+00,2.600000000000000089e+00,1.199999999999999956e+00,1.199999999999999956e+00,1.399999999999999911e+00
3.160000000000000142e+00,7.993408114451644453e-02,1.230473447691822653e+00,2.600000000000000089e+00,1.199999999999999956e+00,1.199999999999999956e+00,1.399999999999999911e+00
3.180000000000000160e+00,8.173009101809598775e-02,1.198380753502386931e+00,2.600000000000000089e+00,1.199999999999999956e+00,1.199999999999999956e+00,1.399999999999999911e+00
3.200000000000000178e+00,8.362940531764295748e-02,1.167176742837714221e+00,2.600000000000000089e+00,1.199999999999999956e+00,1.199999999999999956e+00,1.399999999999999911e+00
3.220000000000000195e+00,8.563548726846195724e-02,1.136838441163956714e+00,2.600000000000000089e+00,1.199999999999999956e+00,1.199999999999999956e+00,1.399999999999999911e+00
3.240000000000000213e+00,8.775204347391171722e-02,1.107343453943876233e+00,2.600000000000000089e+00,1.199999999999999956e+00,1.199999999999999956e+00,1.399999999999999911e+00
3.260000000000000231e+00,8.998303011269029317e-02,1.078669956855312639e+00,2.600000000000000089e+00,1.199999999999999956e+00,1.199999999999999956e+00,1.399999999999999911e+00
3.280000000000000249e+00,9.233265988952540915e-02,1.050796685852388723e+00,2.600000000000000089e+00,1.199999999999999956e+00,1.199999999999999956e+00,1.399999999999999911e+00
3.300000000000000266e+00,9.480540973159234941e-02,1.023702927120710315e+00,2.600000000000000089e+00,1.199999999999999956e+00,1.199999999999999956e+00,1.399999999999999911e+00
3.320000000000000284e+00,9.740602922685652476e-02,9.973685069721091034e-01,2.600000000000000089e+00,1.199999999999999956e+00,1.199999999999999956e+00,1.399999999999999911e+00
3.339999999999999858e+00,1.001395498040913434e-01,9.717737817194517236e-01,2.600000000000000089e+00,1.199999999999999956e+00,1.199999999999999956e+00,1.399999999999999911e+00
3.359999999999999876e+00,1.030112946575967720e-01,9.468996275676143659e-01,2.600000000000000089e+00,1.199999999999999956e+00,1.199999999999999956e+00,1.399999999999999911e+00
3.379999999999999893e+00,1.060268894226749359e-01,9.227274305528380127e-01,2.600000000000000089e+00,1.199999999999999956e+00,1.199999999999999956e+00,1.399999999999999911e+00
3.399999999999999911e+00,1.091922736107381608e-01,8.992390765592743751e-01,2.600000000000000089e+00,1.199999999999999956e+00,1.199999999999999956e+00,1.399999999999999911e+00
3.419999999999999929e+00,1.125137128155574706e-01,8.764169414385537538e-01,2.600000000000000089e+00,1.199999999999999956e+00,1.199999999999999956e+00,1.399999999999999911e+00
3.439999999999999947e+00,1.159978117046294999e-01,8.542438812556112371e-01,2.600000000000000089e+00,1.199999999999999956e+00,1.199999999999999956e+00,1.399999999999999911e+00
3.459999999999999964e+00,1.196515278119649472e-01,8.327032226817594474e-01,2.600000000000000089e+00,1.199999999999999956e+00,1.199999999999999956e+00,1.399999999999999911e+00
3.479999999999999982e+00,1.234821861507994639e-01,8.117787535540578192e-01,2.600000000000000089e+00,1.199999999999999956e+00,1.199999999999999956e+00,1.399999999999999911e+00
3.500000000000000000e+00,1.274974946668100129e-01,7.914547136183752718e-01,2.600000000000000089e+00,1.199999999999999956e+00,1.199999999999999956e+00,1.399999999999999911e+00
3.520000000000000018e+00,1.317055605543981933e-01,7.717157854721466981e-01,2.600000000000000089e+00,1.199999999999999956e+00,1.199999999999999956e+00,1.399999999999999911e+00
3.540000000000000036e+00,1.361149074604840192e-01,7.525470857216695064e-01,2.600000000000000089e+00,1.199999999999999956e+00,1.199999999999999956e+00,1.399999999999999911e+00
3.560000000000000053e+00,1.407344936020452908e-01,7.339341563678466462e-01,2.600000000000000089e+00,1.199999999999999956e+00,1.199999999999999956e+00,1.399999999999999911e+00
3.580000000000000071e+00,1.455737308253435003e-01,7.158629564335551310e-01,2.600000000000000089e+00,1.199999999999999956e+00,1.199999999999999956e+00,1.399999999999999911e+00
3.600000000000000089e+00,1.506425046363967235e-01,6.983198538452801696e-01,2.600000000000000089e+00,1.199999999999999956e+00,1.199999999999999956e+00,1.399999999999999911e+00
3.620000000000000107e+00,1.559511952337955532e-01,6.812916175813061859e-01,2.600000000000000089e+00,1.199999999999999956e+00,1.199999999999999956e+00,1.399999999999999911e+00
3.640000000000000124e+00,1.615106995764032383e-01,6.647654100985792569e-01,2.600000000000000089e+00,1.199999999999999956e+00,1.199999999999999956e+00,1.399999999999999911e+00
3.660000000000000142e+00,1.673324545198350277e-01,6.487287800503602764e-01,2.600000000000000089e+00,1.199999999999999956e+00,1.199999999999999956e+00,1.399999999999999911e+00
3.680000000000000160e+00,1.734284610568627982e-01,6.331696553069537936e-01,2.600000000000000089e+00,1.199999999999999956e+00,1.199999999999999956e+00,1.399999999999999911e+00
3.700000000000000178e+00,1.798113096980327175e-01,6.180763362921459780e-01,2.600000000000000089e+00,1.199999999999999956e+00,1.199999999999999956e+00,1.399999999999999911e+00
3.720000000000000195e+00,1.864942070298011567e-01,6.034374896484951956e-01,2.600000000000000089e+00,1.199999999999999956e+00,1.199999999999999956e+00,1.399999999999999911e+00
3.740000000000000213e+00,1.934910034883736141e-01,5.892421422453145707e-01,2.600000000000000089e+00,1.199999999999999956e+00,1.199999999999999956e+00,1.399999999999999911e+00
3.760000000000000231e+00,2.008162223881526098e-01,5.754796755440622080e-01,2.600000000000000089e+00,1.199999999999999956e+00,1.199999999999999956e+00,1.399999999999999911e+00
3.780000000000000249e+00,2.084850902442424991e-01,5.621398203369225577e-01,2.600000000000000089e+00,1.199999999999999956e+00,1.199999999999999956e+00,1.399999999999999911e+00
3.800000000000000266e+00,2.165135684287952944e-01,5.492126518756365039e-01,2.600000000000000089e+00,1.199999999999999956e+00,1.199999999999999956e+00,1.399999999999999911e+00
3.820000000000000284e+00,2.249183862010805945e-01,5.366885854091307806e-01,2.600000000000000089e+00,1.199999999999999956e+00,1.199999999999999956e+00,1.399999999999999911e+00
3.839999999999999858e+00,2.337170751509904942e-01,5.245583721502213859e-01,2.600000000000000089e+00,1.199999999999999956e+00,1.199999999999999956e+00,1.399999999999999911e+00
3.859999999999999876e+00,2.429280050952040415e-01,5.128130956936531870e-01,2.600000000000000089e+00,1.199999999999999956e+00,1.199999999999999956e+00,1.399999999999999911e+00
3.879999999999999893e+00,2.525704214643893497e-01,5.014441689099962129e-01,2.600000000000000089e+00,1.199999999999999956e+00,1.199999999999999956e+00,1.399999999999999911e+00
3.899999999999999911e+00,2.626644842185585915e-01,4.904433313424952923e-01,2.600000000000000089e+00,1.199999999999999956e+00,1.199999999999999956e+00,1.399999999999999911e+00
3.919999999999999929e+00,2.732313083259514386e-01,4.798026471368776469e-01,2.600000000000000089e+00,1.199999999999999956e+00,1.199999999999999956e+00,1.399999999999999911e+00
3.939999999999999947e+00,2.842930058385297887e-01,4.695145035374161946e-01,2.600000000000000089e+00,1.199999999999999956e+00,1.199999999999999956e+00,1.399999999999999911e+00
3.959999999999999964e+00,2.958727295942428226e-01,4.595716099862590109e-01,2.600000000000000089e+00,1.199999999999999956e+00,1.199999999999999956e+00,1.399999999999999911e+00
3.979999999999999982e+00,3.079947185725677161e-01,4.499669978672194981e-01,2.600000000000000089e+00,1.199999999999999956e+00,1.199999999999999956e+00,1.399999999999999911e+00
4.000000000000000000e+00,3.206843449253398703e-01,4.406940209399387576e-01,2.600000000000000089e+00,1.199999999999999956e+00,1.199999999999999956e+00,1.399999999999999911e+00
4.020000000000000462e+00,3.339681626994342456e-01,4.317463565156438032e-01,2.600000000000000089e+00,1.199999999999999956e+00,1.199999999999999956e+00,1.399999999999999911e+00
4.040000000000000036e+00,3.478739582612999093e-01,4.231180074317106854e-01,2.600000000000000089e+00,1.199999999999999956e+00,1.199999999999999956e+00,1.399999999999999911e+00
4.060000000000000497e+00,3.624308024255218363e-01,4.148033048889884777e-01,2.600000000000000089e+00,1.199999999999999956e+00,1.199999999999999956e+00,1.399999999999999911e+00
4.080000000000000071e+00,3.776691042802967635e-01,4.067969122234489920e-01,2.600000000000000089e+00,1.199999999999999956e+00,1.199999999999999956e+00,1.399999999999999911e+00
4.099999999999999645e+00,3.936206666917501096e-01,3.990938296923144946e-01,2.600000000000000089e+00,1.199999999999999956e+00,1.199999999999999956e+00,1.399999999999999911e+00
4.120000000000000107e+00,4.103187434561358371e-01,3.916894003645149391e-01,2.600000000000000089e+00,1.199999999999999956e+00,1.199999999999999956e+00,1.399999999999999911e+00
4.139999999999999680e+00,4.277980980538712008e-01,3.845793172162922380e-01,2.600000000000000089e+00,1.199999999999999956e+00,1.199999999999999956e+00,1.399999999999999911e+00
4.160000000000000142e+00,4.460950639417288199e-01,3.777596315451797193e-01,2.600000000000000089e+00,1.199999999999999956e+00,1.199999999999999956e+00,1.399999999999999911e+00
4.179999999999999716e+00,4.652476062989687189e-01,3.712267628296447297e-01,2.600000000000000089e+00,1.199999999999999956e+00,1.199999999999999956e+00,1.399999999999999911e+00
4.200000000000000178e+00,4.852953851193005375e-01,3.649775101776292496e-01,2.600000000000000089e+00,1.199999999999999956e+00,1.199999999999999956e+00,1.399999999999999911e+00
4.219999999999999751e+00,5.062798195128273004e-01,3.590090655253325158e-01,2.600000000000000089e+00,1.199999999999999956e+00,1.199999999999999956e+00,1.399999999999999911e+00
4.240000000000000213e+00,5.282441530499510929e-01,3.533190287681663988e-01,2.600000000000000089e+00,1.199999999999999956e+00,1.199999999999999956e+00,1.399999999999999911e+00
4.259999999999999787e+00,5.512335199419547971e-01,3.479054250292514805e-01,2.600000000000000089e+00,1.199999999999999956e+00,1.199999999999999956e+00,1.399999999999999911e+00
4.280000000000000249e+00,5.752950118098377752e-01,3.427667242975310780e-01,2.600000000000000089e+00,1.199999999999999956e+00,1.199999999999999956e+00,1.399999999999999911e+00
4.299999999999999822e+00,6.004777447430829085e-01,3.379018636980666290e-01,2.600000000000000089e+00,1.199999999999999956e+00,1.199999999999999956e+00,1.399999999999999911e+00
4.320000000000000284e+00,6.268329262923336698e-01,3.333102726919103809e-01,2.600000000000000089e+00,1.199999999999999956e+00,1.199999999999999956e+00,1.399999999999999911e+00
4.339999999999999858e+00,6.544139219732606483e-01,3.289919015428112714e-01,2.600000000000000089e+00,1.199999999999999956e+00,1.199999999999999956e+00,1.399999999999999911e+00
4.360000000000000320e+00,6.832763207818044471e-01,3.249472534336783069e-01,2.600000000000000089e+00,1.199999999999999956e+00,1.199999999999999956e+00,1.399999999999999911e+00
4.379999999999999893e+00,7.134779991318747072e-01,3.211774206681188848e-01,2.600000000000000089e+00,1.199999999999999956e+00,1.199999999999999956e+00,1.399999999999999911e+00
4.400000000000000355e+00,7.450791825235811849e-01,3.176841254525625824e-01,2.600000000000000089e+00,1.199999999999999956e+00,1.199999999999999956e+00,1.399999999999999911e+00
4.419999999999999929e+00,7.781425041309775192e-01,3.144697658237207705e-01,2.600000000000000089e+00,1.199999999999999956e+00,1.199999999999999956e+00,1.399999999999999911e+00
4.440000000000000391e+00,8.127330593605510689e-01,3.115374673658938276e-01,2.600000000000000089e+00,1.199999999999999956e+00,1.199999999999999956e+00,1.399999999999999911e+00
4.459999999999999964e+00,8.489184552723144650e-01,3.088911414546340883e-01,2.600000000000000089e+00,1.199999999999999956e+00,1.199999999999999956e+00,1.399999999999999911e+00
4.480000000000000426e+00,8.867688535708515563e-01,3.065355508695276066e-01,2.600000000000000089e+00,1.199999999999999956e+00,1.199999999999999956e+00,1.399999999999999911e+00
4.500000000000000000e+00,9.263570056599771396e-01,3.044763837417395758e-01,2.600000000000000089e+00,1.199999999999999956e+00,1.199999999999999956e+00,1.399999999999999911e+00
4.520000000000000462e+00,9.677582780070037582e-01,3.027203369442630909e-01,2.600000000000000089e+00,1.199999999999999956e+00,1.199999999999999956e+00,1.399999999999999911e+00
4.540000000000000036e+00,1.011050665775394819e+00,3.012752101977968500e-01,2.600000000000000089e+00,1.199999999999999956e+00,1.199999999999999956e+00,1.399999999999999911e+00
4.560000000000000497e+00,1.056314792351264797e+00,3.001500123567090728e-01,2.600000000000000089e+00,1.199999999999999956e+00,1.199999999999999956e+00,1.399999999999999911e+00
4.580000000000000071e+00,1.103633892002087169e+00,2.993550815621645600e-01,2.600000000000000089e+00,1.199999999999999956e+00,1.199999999999999956e+00,1.399999999999999911e+00
4.600000000000000533e+00,1.153093772456074362e+00,2.989022212085452601e-01,2.600000000000000089e+00,1.199999999999999956e+00,1.199999999999999956e+00,1.399999999999999911e+00
4.620000000000000107e+00,1.204782753667417605e+00,2.988048539710786433e-01,2.600000000000000089e+00,1.199999999999999956e+00,1.199999999999999956e+00,1.399999999999999911e+00
4.639999999999999680e+00,1.258791578423488211e+00,2.990781964945236626e-01,2.600000000000000089e+00,1.199999999999999956e+00,1.199999999999999956e+00,1.399999999999999911e+00
4.660000000000000142e+00,1.315213289740612135e+00,2.997394577535744120e-01,2.600000000000000089e+00,1.199999999999999956e+00,1.199999999999999956e+00,1.399999999999999911e+00
4.679999999999999716e+00,1.374143069167992559e+00,3.008080645756058269e-01,2.600000000000000089e+00,1.199999999999999956e+00,1.199999999999999956e+00,1.399999999999999911e+00
4.700000000000000178e+00,1.435678029154654478e+00,3.023059183775625991e-01,2.600000000000000089e+00,1.199999999999999956e+00,1.199999999999999956e+00,1.399999999999999911e+00
4.719999999999999751e+00,1.499916951508342366e+00,3.042576878253449579e-01,2.600000000000000089e+00,1.199999999999999956e+00,1.199999999999999956e+00,1.399999999999999911e+00
4.740000000000000213e+00,1.566959962660472883e+00,3.066911428925385152e-01,2.600000000000000089e+00,1.199999999999999956e+00,1.199999999999999956e+00,1.399999999999999911e+00
4.759999999999999787e+00,1.636908134915252999e+00,3.096375366951120145e-01,2.600000000000000089e+00,1.199999999999999956e+00,1.199999999999999956e+00,1.399999999999999911e+00
4.780000000000000249e+00,1.709863001066253885e+00,3.131320425322412504e-01,2.600000000000000089e+00,1.199999999999999956e+00,1.199999999999999956e+00,1.399999999999999911e+00
4.799999999999999822e+00,1.785925967666318614e+00,3.172142547967188864e-01,2.600000000000000089e+00,1.199999999999999956e+00,1.199999999999999956e+00,1.399999999999999911e+00
4.820000000000000284e+00,1.865197609786038102e+00,3.219287638613398950e-01,2.600000000000000089e+00,1.199999999999999956e+00,1.199999999999999956e+00,1.399999999999999911e+00
4.839999999999999858e+00,1.947776827233898889e+00,3.273258167342354419e-01,2.600000000000000089e+00,1.199999999999999956e+00,1.199999999999999956e+00,1.399999999999999911e+00
4.860000000000000320e+00,2.033759838871093351e+00,3.334620772446453274e-01,2.600000000000000089e+00,1.199999999999999956e+00,1.199999999999999956e+00,1.399999999999999911e+00
4.879999999999999893e+00,2.123238987760709851e+00,3.404015018134758375e-01,2.600000000000000089e+00,1.199999999999999956e+00,1.199999999999999956e+00,1.399999999999999911e+00
4.900000000000000355e+00,2.216301325360842789e+00,3.482163495261225705e-01,2.600000000000000089e+00,1.199999999999999956e+00,1.199999999999999956e+00,1.399999999999999911e+00
4.919999999999999929e+00,2.313026937712397313e+00,3.569883483066005891e-01,2.600000000000000089e+00,1.199999999999999956e+00,1.199999999999999956e+00,1.399999999999999911e+00
4.940000000000000391e+00,2.413486970487459082e+00,3.668100425399987152e-01,2.600000000000000089e+00,1.199999999999999956e+00,1.199999999999999956e+00,1.399999999999999911e+00
4.959999999999999964e+00,2.517741302753265131e+00,3.777863515484204404e-01,2.600000000000000089e+00,1.199999999999999956e+00,1.199999999999999956e+00,1.399999999999999911e+00
4.980000000000000426e+00,2.625835811274596754e+00,3.900363729269028523e-01,2.600000000000000089e+00,1.199999999999999956e+00,1.199999999999999956e+00,1.399999999999999911e+00
5.000000000000000000e+00,2.737799158043328962e+00,4.036954699024963289e-01,2.600000000000000089e+00,1.199999999999999956e+00,1.199999999999999956e+00,1.399999999999999911e+00
5.020000000000000462e+00,2.853639023439062949e+00,4.189176875677455003e-01,2.600000000000000089e+00,1.199999999999999956e+00,1.199999999999999956e+00,1.399999999999999911e+00
5.040000000000000036e+00,2.973337695997442243e+00,4.358785489763007392e-01,2.600000000000000089e+00,1.199999999999999956e+00,1.199999999999999956e+00,1.399999999999999911e+00
5.060000000000000497e+00,3.096846917296159685e+00,4.547782884981139695e-01,2.600000000000000089e+00,1.199999999999999956e+00,1.199999999999999956e+00,1.399999999999999911e+00
5.080000000000000071e+00,3.224081867216633590e+00,4.758455861990933400e-01,2.600000000000000089e+00,1.199999999999999956e+00,1.199999999999999956e+00,1.399999999999999911e+00
5.100000000000000533e+00,3.354914161286469021e+00,4.993418728109483284e-01,2.600000000000000089e+00,1.199999999999999956e+00,1.199999999999999956e+00,1.399999999999999911e+00
5.120000000000000107e+00,3.489163718783363066e+00,5.255662792622439738e-01,2.600000000000000089e+00,1.199999999999999956e+00,1.199999999999999956e+00,1.399999999999999911e+00
5.139999999999999680e+00,3.626589349118070960e+00,5.548613064849280407e-01,2.600000000000000089e+00,1.199999999999999956e+00,1.199999999999999956e+00,1.399999999999999911e+00
5.160000000000000142e+00,3.766877896768147327e+00,5.876192884074135092e-01,2.600000000000000089e+00,1.199999999999999956e+00,1.199999999999999956e+00,1.399999999999999911e+00
5.179999999999999716e+00,3.909631784778894836e+00,6.242897109532022926e-01,2.600000000000000089e+00,1.199999999999999956e+00,1.199999999999999956e+00,1.399999999999999911e+00
5.200000000000000178e+00,4.054354808062924143e+00,6.653874285709862058e-01,2.600000000000000089e+00,1.199999999999999956e+00,1.199999999999999956e+00,1.399999999999999911e+00
5.219999999999999751e+00,4.200436056796162276e+00,7.115017818570322783e-01,2.600000000000000089e+00,1.199999999999999956e+00,1.199999999999999956e+00,1.399999999999999911e+00
5.240000000000000213e+00,4.347131906013874669e+00,7.633065577007233093e-01,2.600000000000000089e+00,1.199999999999999956e+00,1.199999999999999956e+00,1.399999999999999911e+00
5.259999999999999787e+00,4.493546102141385390e+00,8.215706370703135253e-01,2.600000000000000089e+00,1.199999999999999956e+00,1.199999999999999956e+00,1.399999999999999911e+00
5.280000000000000249e+00,4.638608126640550111e+00,8.871690320445316802e-01,2.600000000000000089e+00,1.199999999999999956e+00,1.199999999999999956e+00,1.399999999999999911e+00
5.299999999999999822e+00,4.781050241663963973e+00,9.610938067091790993e-01,2.600000000000000089e+00,1.199999999999999956e+00,1.199999999999999956e+00,1.399999999999999911e+00
5.320000000000000284e+00,4.919383947586601913e+00,1.044464086765209965e+00,2.600000000000000089e+00,1.199999999999999956e+00,1.199999999999999956e+00,1.399999999999999911e+00
5.339999999999999858e+00,5.051877036166781743e+00,1.138533969030107507e+00,2.600000000000000089e+00,1.199999999999999956e+00,1.199999999999999956e+00,1.399999999999999911e+00
5.360000000000000320e+00,5.176533035334517585e+00,1.244696624610201141e+00,2.600000000000000089e+00,1.199999999999999956e+00,1.199999999999999956e+00,1.399999999999999911e+00
5.379999999999999893e+00,5.291075636461574305e+00,1.364482235831453227e+00,2.600000000000000089e+00,1.199999999999999956e+00,1.199999999999999956e+00,1.399999999999999911e+00
5.400000000000000355e+00,5.392941680412158156e+00,1.499546622373590488e+00,2.600000000000000089e+00,1.199999999999999956e+00,1.199999999999999956e+00,1.399999999999999911e+00
5.419999999999999929e+00,5.479287428237115343e+00,1.651646536503605267e+00,2.600000000000000089e+00,1.199999999999999956e+00,1.199999999999999956e+00,1.399999999999999911e+00
5.440000000000000391e+00,5.547014068024911815e+00,1.822596739962038193e+00,2.600000000000000089e+00,1.199999999999999956e+00,1.199999999999999956e+00,1.399999999999999911e+00
5.459999999999999964e+00,5.592819525396468983e+00,2.014203305408839739e+00,2.600000000000000089e+00,1.199999999999999956e+00,1.199999999999999956e+00,1.399999999999999911e+00
5.480000000000000426e+00,5.613284326926477164e+00,2.228167426648000049e+00,2.600000000000000089e+00,1.199999999999999956e+00,1.199999999999999956e+00,1.399999999999999911e+00
5.500000000000000000e+00,5.604999016876142548e+00,2.465954833752367570e+00,2.600000000000000089e+00,1.199999999999999956e+00,1.199999999999999956e+00,1.399999999999999911e+00
5.520000000000000462e+00,5.564738779701469795e+00,2.728628284459532871e+00,2.600000000000000089e+00,1.199999999999999956e+00,1.199999999999999956e+00,1.399999999999999911e+00
5.540000000000000036e+00,5.489686709127812314e+00,3.016645179612800209e+00,2.600000000000000089e+00,1.199999999999999956e+00,1.199999999999999956e+00,1.399999999999999911e+00
5.560000000000000497e+00,5.377699931234261932e+00,3.329629601351838719e+00,2.600000000000000089e+00,1.199999999999999956e+00,1.199999999999999956e+00,1.399999999999999911e+00
5.580000000000000071e+00,5.227602354581034838e+00,3.666137945591395386e+00,2.600000000000000089e+00,1.199999999999999956e+00,1.199999999999999956e+00,1.399999999999999911e+00
5.600000000000000533e+00,5.039475004461029251e+00,4.023448755673054933e+00,2.600000000000000089e+00,1.199999999999999956e+00,1.199999999999999956e+00,1.399999999999999911e+00
5.620000000000000107e+00,4.814902038230342463e+00,4.397417856976869821e+00,2.600000000000000089e+00,1.199999999999999956e+00,1.199999999999999956e+00,1.399999999999999911e+00
5.639999999999999680e+00,4.557121675358118296e+00,4.782445425841720166e+00,2.600000000000000089e+00,1.199999999999999956e+00,1.199999999999999956e+00,1.399999999999999911e+00
5.660000000000000142e+00,4.271031545405046259e+00,5.171597410989845933e+00,2.600000000000000089e+00,1.199999999999999956e+00,1.199999999999999956e+00,1.399999999999999911e+00
5.679999999999999716e+00,3.963011849386763874e+00,5.556906019861474810e+00,2.600000000000000089e+00,1.199999999999999956e+00,1.199999999999999956e+00,1.399999999999999911e+00
5.700000000000000178e+00,3.640558439891523612e+00,5.929842676968705817e+00,2.600000000000000089e+00,1.199999999999999956e+00,1.199999999999999956e+00,1.399999999999999911e+00
5.719999999999999751e+00,3.311756947449065791e+00,6.281917613330398886e+00,2.600000000000000089e+00,1.199999999999999956e+00,1.199999999999999956e+00,1.399999999999999911e+00
5.740000000000000213e+00,2.984667885534426635e+00,6.605324343339137982e+00,2.600000000000000089e+00,1.199999999999999956e+00,1.199999999999999956e+00,1.399999999999999911e+00
5.759999999999999787e+00,2.666717828995742501e+00,6.893528048312116852e+00,2.600000000000000089e+00,1.199999999999999956e+00,1.199999999999999956e+00,1.399999999999999911e+00
5.780000000000000249e+00,2.364192896476733807e+00,7.141703522586165143e+00,2.600000000000000089e+00,1.199999999999999956e+00,1.199999999999999956e+00,1.399999999999999911e+00
5.799999999999999822e+00,2.081906173409338034e+00,7.346960577637938528e+00,2.600000000000000089e+00,1.199999999999999956e+00,1.199999999999999956e+00,1.399999999999999911e+00
5.820000000000000284e+00,1.823068912449516521e+00,7.508342063441183711e+00,2.600000000000000089e+00,1.199999999999999956e+00,1.199999999999999956e+00,1.399999999999999911e+00
5.839999999999999858e+00,1.589351095899371069e+00,7.626625885662351223e+00,2.600000000000000089e+00,1.199999999999999956e+00,1.199999999999999956e+00,1.399999999999999911e+00
5.860000000000000320e+00,1.381084083860731004e+00,7.703993629889212436e+00,2.600000000000000089e+00,1.199999999999999956e+00,1.199999999999999956e+00,1.399999999999999911e+00
5.879999999999999893e+00,1.197543744595782167e+00,7.743638519878021320e+00,2.600000000000000089e+00,1.199999999999999956e+00,1.199999999999999956e+00,1.399999999999999911e+00
5.900000000000000355e+00,1.037255718437382068e+00,7.749376942198817453e+00,2.600000000000000089e+00,1.199999999999999956e+00,1.199999999999999956e+00,1.399999999999999911e+00
5.919999999999999929e+00,8.982789626531855198e-01,7.725308440960191092e+00,2.600000000000000089e+00,1.199999999999999956e+00,1.199999999999999956e+00,1.399999999999999911e+00
5.940000000000000391e+00,7.784418994506323575e-01,7.675547373873824242e+00,2.600000000000000089e+00,1.199999999999999956e+00,1.199999999999999956e+00,1.399999999999999911e+00
5.959999999999999964e+00,6.755216539730656278e-01,7.604031271654356772e+00,2.600000000000000089e+00,1.199999999999999956e+00,1.199999999999999956e+00,1.399999999999999911e+00
5.980000000000000426e+00,5.873682732238842963e-01,7.514398902803815616e+00,2.600000000000000089e+00,1.199999999999999956e+00,1.199999999999999956e+00,1.399999999999999911e+00
6.000000000000000000e+00,5.119821552429983935e-01,7.409925001713836501e+00,2.600000000000000089e+00,1.199999999999999956e+00,1.199999999999999956e+00,1.399999999999999911e+00
0.000000000000000000e+00,5.000000000000000000e-01,5.000000000000000000e-01,2.899999999999999911e+00,1.500000000000000000e+00,1.500000000000000000e+00,1.699999999999999956e+00
2.000000000000000042e-02,5.214999999999999636e-01,4.904999999999999916e-01,2.899999999999999911e+00,1.500000000000000000e+00,1.500000000000000000e+00,1.699999999999999956e+00
4.000000000000000083e-02,5.440731274999999201e-01,4.814968725000000060e-01,2.899999999999999911e+00,1.500000000000000000e+00,1.500000000000000000e+00,1.699999999999999956e+00
5.999999999999999778e-02,5.677702836159236321e-01,4.729850641140763146e-01,2.899999999999999911e+00,1.500000000000000000e+00,1.500000000000000000e+00,1.699999999999999956e+00
8.000000000000000167e-02,5.926445541457028288e-01,4.649599778541420592e-01,2.899999999999999911e+00,1.500000000000000000e+00,1.500000000000000000e+00,1.699999999999999956e+00
1.000000000000000056e-01,6.187512583230246888e-01,4.574180185702301227e-01,2.899999999999999911e+00,1.500000000000000000e+00,1.500000000000000000e+00,1.699999999999999956e+00
1.199999999999999956e-01,6.461479920686614697e-01,4.503566451759409284e-01,2.899999999999999911e+00,1.500000000000000000e+00,1.500000000000000000e+00,1.699999999999999956e+00
1.400000000000000133e-01,6.748946643487874208e-01,4.437744304998152978e-01,2.899999999999999911e+00,1.500000000000000000e+00,1.500000000000000000e+00,1.699999999999999956e+00
1.600000000000000033e-01,7.050535250214546856e-01,4.376711297223839781e-01,2.899999999999999911e+00,1.500000000000000000e+00,1.500000000000000000e+00,1.699999999999999956e+00
1.799999999999999933e-01,7.366891822883723240e-01,4.320477584961496254e-01,2.899999999999999911e+00,1.500000000000000000e+00,1.500000000000000000e+00,1.699999999999999956e+00
2.000000000000000111e-01,7.698686075636163029e-01,4.269066820047621169e-01,2.899999999999999911e+00,1.500000000000000000e+00,1.500000000000000000e+00,1.699999999999999956e+00
2.200000000000000011e-01,8.046611252172677364e-01,4.222517164016384994e-01,2.899999999999999911e+00,1.500000000000000000e+00,1.500000000000000000e+00,1.699999999999999956e+00
2.399999999999999911e-01,8.411383842425292912e-01,4.180882442813227406e-01,2.899999999999999911e+00,1.500000000000000000e+00,1.500000000000000000e+00,1.699999999999999956e+00
2.600000000000000089e-01,8.793743084206283589e-01,4.144233460837253857e-01,2.899999999999999911e+00,1.500000000000000000e+00,1.500000000000000000e+00,1.699999999999999956e+00
2.800000000000000266e-01,9.194450210083526809e-01,4.112659496175508633e-01,2.899999999999999911e+00,1.500000000000000000e+00,1.500000000000000000e+00,1.699999999999999956e+00
2.999999999999999889e-01,9.614287393362532796e-01,4.086270002211380148e-01,2.899999999999999911e+00,1.500000000000000000e+00,1.500000000000000000e+00,1.699999999999999956e+00
3.200000000000000067e-01,1.005405633967314971e+00,4.065196544640602427e-01,2.899999999999999911e+00,1.500000000000000000e+00,1.500000000000000000e+00,1.699999999999999956e+00
3.400000000000000244e-01,1.051457646209920771e+00,4.049595007397805424e-01,2.899999999999999911e+00,1.500000000000000000e+00,1.500000000000000000e+00,1.699999999999999956e+00
3.599999999999999867e-01,1.099668256786350273e+00,4.039648106183738596e-01,2.899999999999999911e+00,1.500000000000000000e+00,1.500000000000000000e+00,1.699999999999999956e+00
3.800000000000000044e-01,1.150122197307086536e+00,4.035568254302211999e-01,2.899999999999999911e+00,1.500000000000000000e+00,1.500000000000000000e+00,1.699999999999999956e+00
4.000000000000000222e-01,1.202905094866835167e+00,4.037600832496560099e-01,2.899999999999999911e+00,1.500000000000000000e+00,1.500000000000000000e+00,1.699999999999999956e+00
4.199999999999999845e-01,1.258103038531765527e+00,4.046027922565137436e-01,2.899999999999999911e+00,1.500000000000000000e+00,1.500000000000000000e+00,1.699999999999999956e+00
4.400000000000000022e-01,1.315802054696517231e+00,4.061172573898829685e-01,2.899999999999999911e+00,1.500000000000000000e+00,1.500000000000000000e+00,1.699999999999999956e+00
4.600000000000000200e-01,1.376087476217275452e+00,4.083403682902665977e-01,2.899999999999999911e+00,1.500000000000000000e+00,1.500000000000000000e+00,1.699999999999999956e+00
4.799999999999999822e-01,1.439043187832731885e+00,4.113141577735431320e-01,2.899999999999999911e+00,1.500000000000000000e+00,1.500000000000000000e+00,1.699999999999999956e+00
5.000000000000000000e-01,1.504750727622935047e+00,4.150864415133379004e-01,2.899999999999999911e+00,1.500000000000000000e+00,1.500000000000000000e+00,1.699999999999999956e+00
5.200000000000000178e-01,1.573288221078257054e+00,4.197115512486926936e-01,2.899999999999999911e+00,1.500000000000000000e+00,1.500000000000000000e+00,1.699999999999999956e+00
5.400000000000000355e-01,1.644729120705894498e+00,4.252511757011386839e-01,2.899999999999999911e+00,1.500000000000000000e+00,1.500000000000000000e+00,1.699999999999999956e+00
5.600000000000000533e-01,1.719140719938133888e+00,4.317753254960023934e-01,2.899999999999999911e+00,1.500000000000000000e+00,1.500000000000000000e+00,1.699999999999999956e+00
5.799999999999999600e-01,1.796582405376804026e+00,4.393634407468798853e-01,2.899999999999999911e+00,1.500000000000000000e+00,1.500000000000000000e+00,1.699999999999999956e+00
5.999999999999999778e-01,1.877103606072308972e+00,4.481056625778357394e-01,2.899999999999999911e+00,1.500000000000000000e+00,1.500000000000000000e+00,1.699999999999999956e+00
6.199999999999999956e-01,1.960741392570714670e+00,4.581042927039776225e-01,2.899999999999999911e+00,1.500000000000000000e+00,1.500000000000000000e+00,1.699999999999999956e+00
6.400000000000000133e-01,2.047517671875245693e+00,4.694754682166129567e-01,2.899999999999999911e+00,1.500000000000000000e+00,1.500000000000000000e+00,1.699999999999999956e+00
6.600000000000000311e-01,2.137435917313447398e+00,4.823510818278107237e-01,2.899999999999999911e+00,1.500000000000000000e+00,1.500000000000000000e+00,1.699999999999999956e+00
6.800000000000000488e-01,2.230477364706014320e+00,4.968809808572779985e-01,2.899999999999999911e+00,1.500000000000000000e+00,1.500000000000000000e+00,1.699999999999999956e+00
7.000000000000000666e-01,2.326596598436310614e+00,5.132354809307829724e-01,2.899999999999999911e+00,1.500000000000000000e+00,1.500000000000000000e+00,1.699999999999999956e+00
7.199999999999999734e-01,2.425716443421705115e+00,5.316082323030478785e-01,2.899999999999999911e+00,1.500000000000000000e+00,1.500000000000000000e+00,1.699999999999999956e+00
7.399999999999999911e-01,2.527722072223488325e+00,5.522194773214197383e-01,2.899999999999999911e+00,1.500000000000000000e+00,1.500000000000000000e+00,1.699999999999999956e+00
7.600000000000000089e-01,2.632454231566338620e+00,5.753197359386036380e-01,2.899999999999999911e+00,1.500000000000000000e+00,1.500000000000000000e+00,1.699999999999999956e+00
7.800000000000000266e-01,2.739701490795930283e+00,6.011939511179472673e-01,2.899999999999999911e+00,1.500000000000000000e+00,1.500000000000000000e+00,1.699999999999999956e+00
8.000000000000000444e-01,2.849191418338034243e+00,6.301661157039971650e-01,2.899999999999999911e+00,1.500000000000000000e+00,1.500000000000000000e+00,1.699999999999999956e+00
8.200000000000000622e-01,2.960580603931902921e+00,6.626043844397985216e-01,2.899999999999999911e+00,1.500000000000000000e+00,1.500000000000000000e+00,1.699999999999999956e+00
8.399999999999999689e-01,3.073443468300371961e+00,6.989266460284265792e-01,2.899999999999999911e+00,1.500000000000000000e+00,1.500000000000000000e+00,1.699999999999999956e+00
8.599999999999999867e-01,3.187259843410078730e+00,7.396064861151746550e-01,2.899999999999999911e+00,1.500000000000000000e+00,1.500000000000000000e+00,1.699999999999999956e+00
8.800000000000000044e-01,3.301401372734247275e+00,7.851794071808746445e-01,2.899999999999999911e+00,1.500000000000000000e+00,1.500000000000000000e+00,1.699999999999999956e+00
9.000000000000000222e-01,3.415116881171545771e+00,8.362490785180130004e-01,2.899999999999999911e+00,1.500000000000000000e+00,1.500000000000000000e+00,1.699999999999999956e+00
9.200000000000000400e-01,3.527517009932164882e+00,8.934932601957310538e-01,2.899999999999999911e+00,1.500000000000000000e+00,1.500000000000000000e+00,1.699999999999999956e+00
9.400000000000000577e-01,3.637558616300224923e+00,9.576688695570818588e-01,2.899999999999999911e+00,1.500000000000000000e+00,1.500000000000000000e+00,1.699999999999999956e+00
9.599999999999999645e-01,3.744029716605042246e+00,1.029615427432736929e+00,2.899999999999999911e+00,1.500000000000000000e+00,1.500000000000000000e+00,1.699999999999999956e+00
9.799999999999999822e-01,3.845536117458639769e+00,1.110255825609518965e+00,2.899999999999999911e+00,1.500000000000000000e+00,1.500000000000000000e+00,1.699999999999999956e+00
1.000000000000000000e+00,3.940491345961232739e+00,1.200592993848803358e+00,2.899999999999999911e+00,1.500000000000000000e+00,1.500000000000000000e+00,1.699999999999999956e+00
1.020000000000000018e+00,4.027112054958497112e+00,1.301700621126431034e+00,2.899999999999999911e+00,1.500000000000000000e+00,1.500000000000000000e+00,1.699999999999999956e+00
1.040000000000000036e+00,4.103421726247533208e+00,1.414705627906688745e+00,2.899999999999999911e+00,1.500000000000000000e+00,1.500000000000000000e+00,1.699999999999999956e+00
1.060000000000000053e+00,4.167266172075980712e+00,1.540759650851770246e+00,2.899999999999999911e+00,1.500000000000000000e+00,1.500000000000000000e+00,1.699999999999999956e+00
1.080000000000000071e+00,4.216344942887562119e+00,1.680996489891635637e+00,2.899999999999999911e+00,1.500000000000000000e+00,1.500000000000000000e+00,1.699999999999999956e+00
1.100000000000000089e+00,4.248263118100050306e+00,1.836472440710310128e+00,2.899999999999999911e+00,1.500000000000000000e+00,1.500000000000000000e+00,1.699999999999999956e+00
1.120000000000000107e+00,4.260607834831549035e+00,2.008086921844463468e+00,2.899999999999999911e+00,1.500000000000000000e+00,1.500000000000000000e+00,1.699999999999999956e+00
1.140000000000000124e+00,4.251052963084780423e+00,2.196482092668750497e+00,2.899999999999999911e+00,1.500000000000000000e+00,1.500000000000000000e+00,1.699999999999999956e+00
1.159999999999999920e+00,4.217493183691633618e+00,2.401922552770077601e+00,2.899999999999999911e+00,1.500000000000000000e+00,1.500000000000000000e+00,1.699999999999999956e+00
1.179999999999999938e+00,4.158205028523857649e+00,2.624159945797785110e+00,2.899999999999999911e+00,1.500000000000000000e+00,1.500000000000000000e+00,1.699999999999999956e+00
1.199999999999999956e+00,4.072027067710224379e+00,2.862292360108677602e+00,2.899999999999999911e+00,1.500000000000000000e+00,1.500000000000000000e+00,1.699999999999999956e+00
1.219999999999999973e+00,3.958544678655536053e+00,3.114634378846863783e+00,2.899999999999999911e+00,1.500000000000000000e+00,1.500000000000000000e+00,1.699999999999999956e+00
1.239999999999999991e+00,3.818257689627301943e+00,3.378619390356325525e+00,2.899999999999999911e+00,1.500000000000000000e+00,1.500000000000000000e+00,1.699999999999999956e+00
1.260000000000000009e+00,3.652703451599126794e+00,3.650759515110769016e+00,2.899999999999999911e+00,1.500000000000000000e+00,1.500000000000000000e+00,1.699999999999999956e+00
1.280000000000000027e+00,3.464505995337772148e+00,3.926687948051106769e+00,2.899999999999999911e+00,1.500000000000000000e+00,1.500000000000000000e+00,1.699999999999999956e+00
1.300000000000000044e+00,3.257326324932054096e+00,4.201301575952678391e+00,2.899999999999999911e+00,1.500000000000000000e+00,1.500000000000000000e+00,1.699999999999999956e+00
1.320000000000000062e+00,3.035700945108237736e+00,4.469007629040162577e+00,2.899999999999999911e+00,1.500000000000000000e+00,1.500000000000000000e+00,1.699999999999999956e+00
1.340000000000000080e+00,2.804774479429321232e+00,4.724058490147991840e+00,2.899999999999999911e+00,1.500000000000000000e+00,1.500000000000000000e+00,1.699999999999999956e+00
1.360000000000000098e+00,2.569953838461267015e+00,4.960938062257914893e+00,2.899999999999999911e+00,1.500000000000000000e+00,1.500000000000000000e+00,1.699999999999999956e+00
1.380000000000000115e+00,2.336529706627970437e+00,5.174747622605195829e+00,2.899999999999999911e+00,1.500000000000000000e+00,1.500000000000000000e+00,1.699999999999999956e+00
1.400000000000000133e+00,2.109319883276807417e+00,5.361534749772204123e+00,2.899999999999999911e+00,1.500000000000000000e+00,1.500000000000000000e+00,1.699999999999999956e+00
1.419999999999999929e+00,1.892384680929640739e+00,5.518518323857170671e+00,2.899999999999999911e+00,1.500000000000000000e+00,1.500000000000000000e+00,1.699999999999999956e+00
1.439999999999999947e+00,1.688848206298655175e+00,5.644183486970931973e+00,2.899999999999999911e+00,1.500000000000000000e+00,1.500000000000000000e+00,1.699999999999999956e+00
1.459999999999999964e+00,1.500836327524236680e+00,5.738246323153660455e+00,2.899999999999999911e+00,1.500000000000000000e+00,1.500000000000000000e+00,1.699999999999999956e+00
1.479999999999999982e+00,1.329519778378500661e+00,5.801511004308578023e+00,2.899999999999999911e+00,1.500000000000000000e+00,1.500000000000000000e+00,1.699999999999999956e+00
1.500000000000000000e+00,1.175235216783190539e+00,5.835656338903350004e+00,2.899999999999999911e+00,1.500000000000000000e+00,1.500000000000000000e+00,1.699999999999999956e+00
1.520000000000000018e+00,1.037650794080917205e+00,5.842992088656334460e+00,2.899999999999999911e+00,1.500000000000000000e+00,1.500000000000000000e+00,1.699999999999999956e+00
1.540000000000000036e+00,9.159449787195275139e-01,5.826219919060101837e+00,2.899999999999999911e+00,1.500000000000000000e+00,1.500000000000000000e+00,1.699999999999999956e+00
1.560000000000000053e+00,8.089748810918963029e-01,5.788223348205422170e+00,2.899999999999999911e+00,1.500000000000000000e+00,1.500000000000000000e+00,1.699999999999999956e+00
1.580000000000000071e+00,7.154196053497916541e-01,5.731899573211872045e+00,2.899999999999999911e+00,1.500000000000000000e+00,1.500000000000000000e+00,1.699999999999999956e+00
1.600000000000000089e+00,6.338925425429232652e-01,5.660036387639824973e+00,2.899999999999999911e+00,1.500000000000000000e+00,1.500000000000000000e+00,1.699999999999999956e+00
1.620000000000000107e+00,5.630226643110186613e-01,5.575230796159464930e+00,2.899999999999999911e+00,1.500000000000000000e+00,1.500000000000000000e+00,1.699999999999999956e+00
1.640000000000000124e+00,5.015085399309814340e-01,5.479842388000119691e+00,2.899999999999999911e+00,1.500000000000000000e+00,1.500000000000000000e+00,1.699999999999999956e+00
1.660000000000000142e+00,4.481504025952430803e-01,5.375973379459851209e+00,2.899999999999999911e+00,1.500000000000000000e+00,1.500000000000000000e+00,1.699999999999999956e+00
1.679999999999999938e+00,4.018657869153798856e-01,5.265467623588603097e+00,2.899999999999999911e+00,1.500000000000000000e+00,1.500000000000000000e+00,1.699999999999999956e+00
1.699999999999999956e+00,3.616936638555452443e-01,5.149922063087517543e+00,2.899999999999999911e+00,1.500000000000000000e+00,1.500000000000000000e+00,1.699999999999999956e+00
1.719999999999999973e+00,3.267910709721079110e-01,5.030705538329600657e+00,2.899999999999999911e+00,1.500000000000000000e+00,1.500000000000000000e+00,1.699999999999999956e+00
1.739999999999999991e+00,2.964252635700088123e-01,4.908981239544875308e+00,2.899999999999999911e+00,1.500000000000000000e+00,1.500000000000000000e+00,1.699999999999999956e+00
1.760000000000000009e+00,2.699635471232997852e-01,4.785730259134119535e+00,2.899999999999999911e+00,1.500000000000000000e+00,1.500000000000000000e+00,1.699999999999999956e+00
1.780000000000000027e+00,2.468622513665165163e-01,4.661774611813494396e+00,2.899999999999999911e+00,1.500000000000000000e+00,1.500000000000000000e+00,1.699999999999999956e+00
1.800000000000000044e+00,2.266557766647080419e-01,4.537798760292901967e+00,2.899999999999999911e+00,1.500000000000000000e+00,1.500000000000000000e+00,1.699999999999999956e+00
1.820000000000000062e+00,2.089462626403910117e-01,4.414369151513813705e+00,2.899999999999999911e+00,1.500000000000000000e+00,1.500000000000000000e+00,1.699999999999999956e+00
1.840000000000000080e+00,1.933941677898183276e-01,4.291951578446059123e+00,2.899999999999999911e+00,1.500000000000000000e+00,1.500000000000000000e+00,1.699999999999999956e+00
1.860000000000000098e+00,1.797098774103945973e-01,4.170926376890125908e+00,2.899999999999999911e+00,1.500000000000000000e+00,1.500000000000000000e+00,1.699999999999999956e+00
1.880000000000000115e+00,1.676463502638363134e-01,4.051601580112222933e+00,2.899999999999999911e+00,1.500000000000000000e+00,1.500000000000000000e+00,1.699999999999999956e+00
1.900000000000000133e+00,1.569927520502686358e-01,3.934224212917277530e+00,2.899999999999999911e+00,1.500000000000000000e+00,1.500000000000000000e+00,1.699999999999999956e+00
1.919999999999999929e+00,1.475689910781236569e-01,3.818989930269150790e+00,2.899999999999999911e+00,1.500000000000000000e+00,1.500000000000000000e+00,1.699999999999999956e+00
1.939999999999999947e+00,1.392210578322348458e-01,3.706051207368419753e+00,2.899999999999999911e+00,1.500000000000000000e+00,1.500000000000000000e+00,1.699999999999999956e+00
1.959999999999999964e+00,1.318170681023966007e-01,3.595524277402001534e+00,2.899999999999999911e+00,1.500000000000000000e+00,1.500000000000000000e+00,1.699999999999999956e+00
1.979999999999999982e+00,1.252439139961920023e-01,3.487494996026477168e+00,2.899999999999999911e+00,1.500000000000000000e+00,1.500000000000000000e+00,1.699999999999999956e+00
2.000000000000000000e+00,1.194044353076364334e-01,3.382023791861911821e+00,2.899999999999999911e+00,1.500000000000000000e+00,1.500000000000000000e+00,1.699999999999999956e+00
2.020000000000000018e+00,1.142150333235514570e-01,3.279149842170534512e+00,2.899999999999999911e+00,1.500000000000000000e+00,1.500000000000000000e+00,1.699999999999999956e+00
2.040000000000000036e+00,1.096036590014246581e-01,3.178894593791629308e+00,2.899999999999999911e+00,1.500000000000000000e+00,1.500000000000000000e+00,1.699999999999999956e+00
2.060000000000000053e+00,1.055081168517249812e-01,3.081264731974496129e+00,2.899999999999999911e+00,1.500000000000000000e+00,1.500000000000000000e+00,1.699999999999999956e+00
2.080000000000000071e+00,1.018746344473571014e-01,2.986254684269131321e+00,2.899999999999999911e+00,1.500000000000000000e+00,1.500000000000000000e+00,1.699999999999999956e+00
2.100000000000000089e+00,9.865665511550504585e-02,2.893848733133779660e+00,2.899999999999999911e+00,1.500000000000000000e+00,1.500000000000000000e+00,1.699999999999999956e+00
2.120000000000000107e+00,9.581381801956771749e-02,2.804022799299867863e+00,2.899999999999999911e+00,1.500000000000000000e+00,1.500000000000000000e+00,1.699999999999999956e+00
2.140000000000000124e+00,9.331109555825754798e-02,2.716745948030117486e+00,2.899999999999999911e+00,1.500000000000000000e+00,1.500000000000000000e+00,1.699999999999999956e+00
2.160000000000000142e+00,9.111806287771206936e-02,2.631981662020018042e+00,2.899999999999999911e+00,1.500000000000000000e+00,1.500000000000000000e+00,1.699999999999999956e+00
2.180000000000000160e+00,8.920827840743161818e-02,2.549688917628525342e+00,2.899999999999999911e+00,1.500000000000000000e+00,1.500000000000000000e+00,1.699999999999999956e+00
2.200000000000000178e+00,8.755875779057820107e-02,2.469823095193639961e+00,2.899999999999999911e+00,1.500000000000000000e+00,1.500000000000000000e+00,1.699999999999999956e+00
2.220000000000000195e+00,8.614952647710265310e-02,2.392336749222385262e+00,2.899999999999999911e+00,1.500000000000000000e+00,1.500000000000000000e+00,1.699999999999999956e+00
2.240000000000000213e+00,8.496323866919622270e-02,2.317180260092402744e+00,2.899999999999999911e+00,1.500000000000000000e+00,1.500000000000000000e+00,1.699999999999999956e+00
2.260000000000000231e+00,8.398485232767617659e-02,2.244302385433594615e+00,2.899999999999999911e+00,1.500000000000000000e+00,1.500000000000000000e+00,1.699999999999999956e+00
2.280000000000000249e+00,8.320135163010264345e-02,2.173650726461431315e+00,2.899999999999999911e+00,1.500000000000000000e+00,1.500000000000000000e+00,1.699999999999999956e+00
2.300000000000000266e+00,8.260150967224823282e-02,2.105172122114142841e+00,2.899999999999999911e+00,1.500000000000000000e+00,1.500000000000000000e+00,1.699999999999999956e+00
2.319999999999999840e+00,8.217568537104186221e-02,2.038812981824458692e+00,2.899999999999999911e+00,1.500000000000000000e+00,1.500000000000000000e+00,1.699999999999999956e+00
2.339999999999999858e+00,8.191564949881821600e-02,1.974519566066171183e+00,2.899999999999999911e+00,1.500000000000000000e+00,1.500000000000000000e+00,1.699999999999999956e+00
2.359999999999999876e+00,8.181443558867661225e-02,1.912238222400994392e+00,2.899999999999999911e+00,1.500000000000000000e+00,1.500000000000000000e+00,1.699999999999999956e+00
2.379999999999999893e+00,8.186621212651490342e-02,1.851915583565665546e+00,2.899999999999999911e+00,1.500000000000000000e+00,1.500000000000000000e+00,1.699999999999999956e+00
2.399999999999999911e+00,8.206617300971520701e-02,1.793498733144570423e+00,2.899999999999999911e+00,1.500000000000000000e+00,1.500000000000000000e+00,1.699999999999999956e+00
2.419999999999999929e+00,8.241044372447026145e-02,1.736935343537463483e+00,2.899999999999999911e+00,1.500000000000000000e+00,1.500000000000000000e+00,1.699999999999999956e+00
2.439999999999999947e+00,8.289600108904041087e-02,1.682173790228638888e+00,2.899999999999999911e+00,1.500000000000000000e+00,1.500000000000000000e+00,1.699999999999999956e+00
2.459999999999999964e+00,8.352060474180229843e-02,1.629163245771267698e+00,2.899999999999999911e+00,1.500000000000000000e+00,1.500000000000000000e+00,1.699999999999999956e+00
2.479999999999999982e+00,8.428273883152881396e-02,1.577853756400342533e+00,2.899999999999999911e+00,1.500000000000000000e+00,1.500000000000000000e+00,1.699999999999999956e+00
2.500000000000000000e+00,8.518156260180638484e-02,1.528196303764681963e+00,2.899999999999999911e+00,1.500000000000000000e+00,1.500000000000000000e+00,1.699999999999999956e+00
2.520000000000000018e+00,8.621686875920174520e-02,1.480142853910192180e+00,2.899999999999999911e+00,1.500000000000000000e+00,1.500000000000000000e+00,1.699999999999999956e+00
2.540000000000000036e+00,8.738904868182208185e-02,1.433646395342659030e+00,2.899999999999999911e+00,1.500000000000000000e+00,1.500000000000000000e+00,1.699999999999999956e+00
2.560000000000000053e+00,8.869906366631420680e-02,1.388660967740062091e+00,2.899999999999999911e+00,1.500000000000000000e+00,1.500000000000000000e+00,1.699999999999999956e+00
2.580000000000000071e+00,9.014842153130539493e-02,1.345141682664555027e+00,2.899999999999999911e+00,1.500000000000000000e+00,1.500000000000000000e+00,1.699999999999999956e+00
2.600000000000000089e+00,9.173915799727590248e-02,1.303044737436805267e+00,2.899999999999999911e+00,1.500000000000000000e+00,1.500000000000000000e+00,1.699999999999999956e+00
2.620000000000000107e+00,9.347382234976088500e-02,1.262327423175310992e+00,2.899999999999999911e+00,1.500000000000000000e+00,1.500000000000000000e+00,1.699999999999999956e+00
2.640000000000000124e+00,9.535546696701339975e-02,1.222948127866384072e+00,2.899999999999999911e+00,1.500000000000000000e+00,1.500000000000000000e+00,1.699999999999999956e+00
2.660000000000000142e+00,9.738764035682616338e-02,1.184866335213200950e+00,2.899999999999999911e+00,1.500000000000000000e+00,1.500000000000000000e+00,1.699999999999999956e+00
2.680000000000000160e+00,9.957438340178247083e-02,1.148042619911691764e+00,2.899999999999999911e+00,1.500000000000000000e+00,1.500000000000000000e+00,1.699999999999999956e+00
2.700000000000000178e+00,1.019202285591856438e-01,1.112438639914594463e+00,2.899999999999999911e+00,1.500000000000000000e+00,1.500000000000000000e+00,1.699999999999999956e+00
2.720000000000000195e+00,1.044302018024734630e-01,1.078017126170643269e+00,2.899999999999999911e+00,1.500000000000000000e+00,1.500000000000000000e+00,1.699999999999999956e+00
2.740000000000000213e+00,1.071098271260412377e-01,1.044741870261816974e+00,2.899999999999999911e+00,1.500000000000000000e+00,1.500000000000000000e+00,1.699999999999999956e+00
2.760000000000000231e+00,1.099651334658992285e-01,1.012577710306367562e+00,2.899999999999999911e+00,1.500000000000000000e+00,1.500000000000000000e+00,1.699999999999999956e+00
2.780000000000000249e+00,1.130026639151683471e-01,9.814905154477040483e-01,2.899999999999999911e+00,1.500000000000000000e+00,1.500000000000000000e+00,1.699999999999999956e+00
2.800000000000000266e+00,1.162294871366562482e-01,9.514471692080739285e-01,2.899999999999999911e+00,1.500000000000000000e+00,1.500000000000000000e+00,1.699999999999999956e+00
2.819999999999999840e+00,1.196532108951419704e-01,9.224155519504397827e-01,2.899999999999999911e+00,1.500000000000000000e+00,1.500000000000000000e+00,1.699999999999999956e+00
2.839999999999999858e+00,1.232819976499456571e-01,8.943645226612393362e-01,2.899999999999999911e+00,1.500000000000000000e+00,1.500000000000000000e+00,1.699999999999999956e+00
2.859999999999999876e+00,1.271245821642149609e-01,8.672639002401847375e-01,2.899999999999999911e+00,1.500000000000000000e+00,1.500000000000000000e+00,1.699999999999999956e+00
2.879999999999999893e+00,1.311902911014151962e-01,8.410844444603426950e-01,2.899999999999999911e+00,1.500000000000000000e+00,1.500000000000000000e+00,1.699999999999999956e+00
2.899999999999999911e+00,1.354890645920085457e-01,8.157978367419798094e-01,2.899999999999999911e+00,1.500000000000000000e+00,1.500000000000000000e+00,1.699999999999999956e+00
2.919999999999999929e+00,1.400314797644544029e-01,7.913766608666431557e-01,2.899999999999999911e+00,1.500000000000000000e+00,1.500000000000000000e+00,1.699999999999999956e+00
2.939999999999999947e+00,1.448287762446265059e-01,7.677943837433435226e-01,2.899999999999999911e+00,1.500000000000000000e+00,1.500000000000000000e+00,1.699999999999999956e+00
2.959999999999999964e+00,1.498928836366634765e-01,7.450253363262212547e-01,2.899999999999999911e+00,1.500000000000000000e+00,1.500000000000000000e+00,1.699999999999999956e+00
2.979999999999999982e+00,1.552364510062606007e-01,7.230446947724591400e-01,2.899999999999999911e+00,1.500000000000000000e+00,1.500000000000000000e+00,1.699999999999999956e+00
3.000000000000000000e+00,1.608728783945622687e-01,7.018284619202569408e-01,2.899999999999999911e+00,1.500000000000000000e+00,1.500000000000000000e+00,1.699999999999999956e+00
3.020000000000000018e+00,1.668163503971966666e-01,6.813534491592183606e-01,2.899999999999999911e+00,1.500000000000000000e+00,1.500000000000000000e+00,1.699999999999999956e+00
3.040000000000000036e+00,1.730818718486555885e-01,6.615972587593834664e-01,2.899999999999999911e+00,1.500000000000000000e+00,1.500000000000000000e+00,1.699999999999999956e+00
3.060000000000000053e+00,1.796853056571972029e-01,6.425382667202448328e-01,2.899999999999999911e+00,1.500000000000000000e+00,1.500000000000000000e+00,1.699999999999999956e+00
3.080000000000000071e+00,1.866434128397524428e-01,6.241556061973186909e-01,2.899999999999999911e+00,1.500000000000000000e+00,1.500000000000000000e+00,1.699999999999999956e+00
3.100000000000000089e+00,1.939738948099461180e-01,6.064291515611218708e-01,2.899999999999999911e+00,1.500000000000000000e+00,1.500000000000000000e+00,1.699999999999999956e+00
3.120000000000000107e+00,2.016954379752849413e-01,5.893395031416818197e-01,2.899999999999999911e+00,1.500000000000000000e+00,1.500000000000000000e+00,1.699999999999999956e+00
3.140000000000000124e+00,2.098277607017825230e-01,5.728679727109335929e-01,2.899999999999999911e+00,1.500000000000000000e+00,1.500000000000000000e+00,1.699999999999999956e+00
3.160000000000000142e+00,2.183916627057347626e-01,5.569965697555130379e-01,2.899999999999999911e+00,1.500000000000000000e+00,1.500000000000000000e+00,1.699999999999999956e+00
3.180000000000000160e+00,2.274090769329584760e-01,5.417079885935345285e-01,2.899999999999999911e+00,1.500000000000000000e+00,1.500000000000000000e+00,1.699999999999999956e+00
3.200000000000000178e+00,2.369031239854721138e-01,5.269855963909523267e-01,2.899999999999999911e+00,1.500000000000000000e+00,1.500000000000000000e+00,1.699999999999999956e+00
3.220000000000000195e+00,2.468981691542185830e-01,5.128134221360708400e-01,2.899999999999999911e+00,1.500000000000000000e+00,1.500000000000000000e+00,1.699999999999999956e+00
3.240000000000000213e+00,2.574198821138701243e-01,4.991761466347375831e-01,2.899999999999999911e+00,1.500000000000000000e+00,1.500000000000000000e+00,1.699999999999999956e+00
3.260000000000000231e+00,2.684952993318515113e-01,4.860590935937796342e-01,2.899999999999999911e+00,1.500000000000000000e+00,1.500000000000000000e+00,1.699999999999999956e+00
3.280000000000000249e+00,2.801528892382759706e-01,4.734482218664140540e-01,2.899999999999999911e+00,1.500000000000000000e+00,1.500000000000000000e+00,1.699999999999999956e+00
3.300000000000000266e+00,2.924226201962779603e-01,4.613301189407739700e-01,2.899999999999999911e+00,1.500000000000000000e+00,1.500000000000000000e+00,1.699999999999999956e+00
3.320000000000000284e+00,3.053360313029784279e-01,4.496919957614712859e-01,2.899999999999999911e+00,1.500000000000000000e+00,1.500000000000000000e+00,1.699999999999999956e+00
3.339999999999999858e+00,3.189263060397155014e-01,4.385216829844169606e-01,2.899999999999999911e+00,1.500000000000000000e+00,1.500000000000000000e+00,1.699999999999999956e+00
3.359999999999999876e+00,3.332283487758428420e-01,4.278076287771229724e-01,2.899999999999999911e+00,1.500000000000000000e+00,1.500000000000000000e+00,1.699999999999999956e+00
3.379999999999999893e+00,3.482788641129084262e-01,4.175388982906340640e-01,2.899999999999999911e+00,1.500000000000000000e+00,1.500000000000000000e+00,1.699999999999999956e+00
3.399999999999999911e+00,3.641164390348685664e-01,4.077051749453410312e-01,2.899999999999999911e+00,1.500000000000000000e+00,1.500000000000000000e+00,1.699999999999999956e+00
3.419999999999999929e+00,3.807816278045753622e-01,3.982967636915150100e-01,2.899999999999999911e+00,1.500000000000000000e+00,1.500000000000000000e+00,1.699999999999999956e+00
3.439999999999999947e+00,3.983170395164082334e-01,3.893045964268359582e-01,2.899999999999999911e+00,1.500000000000000000e+00,1.500000000000000000e+00,1.699999999999999956e+00
3.459999999999999964e+00,4.167674281787938639e-01,3.807202397778895464e-01,2.899999999999999911e+00,1.500000000000000000e+00,1.500000000000000000e+00,1.699999999999999956e+00
3.479999999999999982e+00,4.361797851575285878e-01,3.725359054810766235e-01,2.899999999999999911e+00,1.500000000000000000e+00,1.500000000000000000e+00,1.699999999999999956e+00
3.500000000000000000e+00,4.566034337601792004e-01,3.647444636312060506e-01,2.899999999999999911e+00,1.500000000000000000e+00,1.500000000000000000e+00,1.699999999999999956e+00
3.520000000000000018e+00,4.780901256820989098e-01,3.573394591039157353e-01,2.899999999999999911e+00,1.500000000000000000e+00,1.500000000000000000e+00,1.699999999999999956e+00
3.540000000000000036e+00,5.006941389642357576e-01,3.503151315018075418e-01,2.899999999999999911e+00,1.500000000000000000e+00,1.500000000000000000e+00,1.699999999999999956e+00
3.560000000000000053e+00,5.244723770301582544e-01,3.436664390247493039e-01,2.899999999999999911e+00,1.500000000000000000e+00,1.500000000000000000e+00,1.699999999999999956e+00
3.580000000000000071e+00,5.494844682724834284e-01,3.373890867233318436e-01,2.899999999999999911e+00,1.500000000000000000e+00,1.500000000000000000e+00,1.699999999999999956e+00
3.600000000000000089e+00,5.757928655447142052e-01,3.314795596623118512e-01,2.899999999999999911e+00,1.500000000000000000e+00,1.500000000000000000e+00,1.699999999999999956e+00
3.620000000000000107e+00,6.034629447804837898e-01,3.259351615996171070e-01,2.899999999999999911e+00,1.500000000000000000e+00,1.500000000000000000e+00,1.699999999999999956e+00
3.640000000000000124e+00,6.325631018049595600e-01,3.207540598780223573e-01,2.899999999999999911e+00,1.500000000000000000e+00,1.500000000000000000e+00,1.699999999999999956e+00
3.660000000000000142e+00,6.631648462186578996e-01,3.159353373331588721e-01,2.899999999999999911e+00,1.500000000000000000e+00,1.500000000000000000e+00,1.699999999999999956e+00
3.680000000000000160e+00,6.953428910174125344e-01,3.114790521457589945e-01,2.899999999999999911e+00,1.500000000000000000e+00,1.500000000000000000e+00,1.699999999999999956e+00
3.700000000000000178e+00,7.291752363581105456e-01,3.073863067111150538e-01,2.899999999999999911e+00,1.500000000000000000e+00,1.500000000000000000e+00,1.699999999999999956e+00
3.720000000000000195e+00,7.647432455814012764e-01,3.036593267684168373e-01,2.899999999999999911e+00,1.500000000000000000e+00,1.500000000000000000e+00,1.699999999999999956e+00
3.740000000000000213e+00,8.021317112520043313e-01,3.003015522314089192e-01,2.899999999999999911e+00,1.500000000000000000e+00,1.500000000000000000e+00,1.699999999999999956e+00
3.760000000000000231e+00,8.414289085651301958e-01,2.973177413950314207e-01,2.899999999999999911e+00,1.500000000000000000e+00,1.500000000000000000e+00,1.699999999999999956e+00
3.780000000000000249e+00,8.827266329827355706e-01,2.947140904667724937e-01,2.899999999999999911e+00,1.500000000000000000e+00,1.500000000000000000e+00,1.699999999999999956e+00
3.800000000000000266e+00,9.261202183926251497e-01,2.924983706940113559e-01,2.899999999999999911e+00,1.500000000000000000e+00,1.500000000000000000e+00,1.699999999999999956e+00
3.820000000000000284e+00,9.717085314109986660e-01,2.906800857388137094e-01,2.899999999999999911e+00,1.500000000000000000e+00,1.500000000000000000e+00,1.699999999999999956e+00
3.839999999999999858e+00,1.019593936656125965e+00,2.892706524004046154e-01,2.899999999999999911e+00,1.500000000000000000e+00,1.500000000000000000e+00,1.699999999999999956e+00
3.859999999999999876e+00,1.069882226884980803e+00,2.882836083159913132e-01,2.899999999999999911e+00,1.500000000000000000e+00,1.500000000000000000e+00,1.699999999999999956e+00
3.879999999999999893e+00,1.122682510779123177e+00,2.877348508984341469e-01,2.899999999999999911e+00,1.500000000000000000e+00,1.500000000000000000e+00,1.699999999999999956e+00
3.899999999999999911e+00,1.178107049858952982e+00,2.876429125132466957e-01,2.899999999999999911e+00,1.500000000000000000e+00,1.500000000000000000e+00,1.699999999999999956e+00
3.919999999999999929e+00,1.236271034458557683e+00,2.880292777800108617e-01,2.899999999999999911e+00,1.500000000000000000e+00,1.500000000000000000e+00,1.699999999999999956e+00
3.939999999999999947e+00,1.297292286861290611e+00,2.889187499313538576e-01,2.899999999999999911e+00,1.500000000000000000e+00,1.500000000000000000e+00,1.699999999999999956e+00
3.959999999999999964e+00,1.361290877524778953e+00,2.903398744081543414e-01,2.899999999999999911e+00,1.500000000000000000e+00,1.500000000000000000e+00,1.699999999999999956e+00
3.979999999999999982e+00,1.428388637748810863e+00,2.923254293506823975e-01,2.899999999999999911e+00,1.500000000000000000e+00,1.500000000000000000e+00,1.699999999999999956e+00
4.000000000000000000e+00,1.498708549083955122e+00,2.949129944070459364e-01,2.899999999999999911e+00,1.500000000000000000e+00,1.500000000000000000e+00,1.699999999999999956e+00
4.020000000000000462e+00,1.572373986152210801e+00,2.981456113758200188e-01,2.899999999999999911e+00,1.500000000000000000e+00,1.500000000000000000e+00,1.699999999999999956e+00
4.040000000000000036e+00,1.649507785246655533e+00,3.020725526914257442e-01,2.899999999999999911e+00,1.500000000000000000e+00,1.500000000000000000e+00,1.699999999999999956e+00
4.060000000000000497e+00,1.730231105969746386e+00,3.067502167211323960e-01,2.899999999999999911e+00,1.500000000000000000e+00,1.500000000000000000e+00,1.699999999999999956e+00
4.080000000000000071e+00,1.814662047113975829e+00,3.122431723546298388e-01,2.899999999999999911e+00,1.500000000000000000e+00,1.500000000000000000e+00,1.699999999999999956e+00
4.099999999999999645e+00,1.902913970816314082e+00,3.186253795248448761e-01,2.899999999999999911e+00,1.500000000000000000e+00,1.500000000000000000e+00,1.699999999999999956e+00
4.120000000000000107e+00,1.995093480539025910e+00,3.259816172056344552e-01,2.899999999999999911e+00,1.500000000000000000e+00,1.500000000000000000e+00,1.699999999999999956e+00
4.139999999999999680e+00,2.091297988432413657e+00,3.344091561985187977e-01,2.899999999999999911e+00,1.500000000000000000e+00,1.500000000000000000e+00,1.699999999999999956e+00
4.160000000000000142e+00,2.191612795891353382e+00,3.440197207579094307e-01,2.899999999999999911e+00,1.500000000000000000e+00,1.500000000000000000e+00,1.699999999999999956e+00
4.179999999999999716e+00,2.296107597391491950e+00,3.549417909137006499e-01,2.899999999999999911e+00,1.500000000000000000e+00,1.500000000000000000e+00,1.699999999999999956e+00
4.200000000000000178e+00,2.404832301757737767e+00,3.673233063050955205e-01,2.899999999999999911e+00,1.500000000000000000e+00,1.500000000000000000e+00,1.699999999999999956e+00
4.219999999999999751e+00,2.517812046693958195e+00,3.813348424564506622e-01,2.899999999999999911e+00,1.500000000000000000e+00,1.500000000000000000e+00,1.699999999999999956e+00
4.240000000000000213e+00,2.635041261597377726e+00,3.971733416177611886e-01,2.899999999999999911e+00,1.500000000000000000e+00,1.500000000000000000e+00,1.699999999999999956e+00
4.259999999999999787e+00,2.756476610474946298e+00,4.150664922978366533e-01,2.899999999999999911e+00,1.500000000000000000e+00,1.500000000000000000e+00,1.699999999999999956e+00
4.280000000000000249e+00,2.882028621548167191e+00,4.352778638940362210e-01,2.899999999999999911e+00,1.500000000000000000e+00,1.500000000000000000e+00,1.699999999999999956e+00
4.299999999999999822e+00,3.011551783735892052e+00,4.581129143837077700e-01,2.899999999999999911e+00,1.500000000000000000e+00,1.500000000000000000e+00,1.699999999999999956e+00
4.320000000000000284e+00,3.144832864258632732e+00,4.839259982286028272e-01,2.899999999999999911e+00,1.500000000000000000e+00,1.500000000000000000e+00,1.699999999999999956e+00
4.339999999999999858e+00,3.281577178892679303e+00,5.131285057817845940e-01,2.899999999999999911e+00,1.500000000000000000e+00,1.500000000000000000e+00,1.699999999999999956e+00
4.360000000000000320e+00,3.421392531436070694e+00,5.461982604175880107e-01,2.899999999999999911e+00,1.500000000000000000e+00,1.500000000000000000e+00,1.699999999999999956e+00
4.379999999999999893e+00,3.563770538793079368e+00,5.836902790296732979e-01,2.899999999999999911e+00,1.500000000000000000e+00,1.500000000000000000e+00,1.699999999999999956e+00
4.400000000000000355e+00,3.708065083437502185e+00,6.262489561482402767e-01,2.899999999999999911e+00,1.500000000000000000e+00,1.500000000000000000e+00,1.699999999999999956e+00
4.419999999999999929e+00,3.853467701641902998e+00,6.746216482741742571e-01,2.899999999999999911e+00,1.500000000000000000e+00,1.500000000000000000e+00,1.699999999999999956e+00
4.440000000000000391e+00,3.998979846363544866e+00,7.296734942064410090e-01,2.899999999999999911e+00,1.500000000000000000e+00,1.500000000000000000e+00,1.699999999999999956e+00
4.459999999999999964e+00,4.143382189519913439e+00,7.924030833361387360e-01,2.899999999999999911e+00,1.500000000000000000e+00,1.500000000000000000e+00,1.699999999999999956e+00
4.480000000000000426e+00,4.285201491839599974e+00,8.639582431751786640e-01,2.899999999999999911e+00,1.500000000000000000e+00,1.500000000000000000e+00,1.699999999999999956e+00
4.500000000000000000e+00,4.422676123790054703e+00,9.456507174834644092e-01,2.899999999999999911e+00,1.500000000000000000e+00,1.500000000000000000e+00,1.699999999999999956e+00
4.520000000000000462e+00,4.553722133480106571e+00,1.038967798578798174e+00,2.899999999999999911e+00,1.500000000000000000e+00,1.500000000000000000e+00,1.699999999999999956e+00
4.540000000000000036e+00,4.675902897411111425e+00,1.145578013237960269e+00,2.899999999999999911e+00,1.500000000000000000e+00,1.500000000000000000e+00,1.699999999999999956e+00
4.560000000000000497e+00,4.786406918921660925e+00,1.267326707327165014e+00,2.899999999999999911e+00,1.500000000000000000e+00,1.500000000000000000e+00,1.699999999999999956e+00
4.580000000000000071e+00,4.882040280604568849e+00,1.406215838892589831e+00,2.899999999999999911e+00,1.500000000000000000e+00,1.500000000000000000e+00,1.699999999999999956e+00
4.600000000000000533e+00,4.959242545818701053e+00,1.564360571431174796e+00,2.899999999999999911e+00,1.500000000000000000e+00,1.500000000000000000e+00,1.699999999999999956e+00
4.620000000000000107e+00,5.014137308390903769e+00,1.743913617087796908e+00,2.899999999999999911e+00,1.500000000000000000e+00,1.500000000000000000e+00,1.699999999999999956e+00
4.639999999999999680e+00,5.042630602376050319e+00,1.946947224008337418e+00,2.899999999999999911e+00,1.500000000000000000e+00,1.500000000000000000e+00,1.699999999999999956e+00
4.660000000000000142e+00,5.040571107723994970e+00,2.175283087981920271e+00,2.899999999999999911e+00,1.500000000000000000e+00,1.500000000000000000e+00,1.699999999999999956e+00
4.679999999999999716e+00,5.003984159439917256e+00,2.430263535522604101e+00,2.899999999999999911e+00,1.500000000000000000e+00,1.500000000000000000e+00,1.699999999999999956e+00
4.700000000000000178e+00,4.929385233636845776e+00,2.712464582365422316e+00,2.899999999999999911e+00,1.500000000000000000e+00,1.500000000000000000e+00,1.699999999999999956e+00
4.719999999999999751e+00,4.814166091415531312e+00,3.021364272337249357e+00,2.899999999999999911e+00,1.500000000000000000e+00,1.500000000000000000e+00,1.699999999999999956e+00
4.740000000000000213e+00,4.657027241826622088e+00,3.354998369968793526e+00,2.899999999999999911e+00,1.500000000000000000e+00,1.500000000000000000e+00,1.699999999999999956e+00
4.759999999999999787e+00,4.458405257695708279e+00,3.709657989546712109e+00,2.899999999999999911e+00,1.500000000000000000e+00,1.500000000000000000e+00,1.699999999999999956e+00
4.780000000000000249e+00,4.220818002096621058e+00,4.079704378447562618e+00,2.899999999999999911e+00,1.500000000000000000e+00,1.500000000000000000e+00,1.699999999999999956e+00
4.799999999999999822e+00,3.949034755704708743e+00,4.457585120093861875e+00,2.899999999999999911e+00,1.500000000000000000e+00,1.500000000000000000e+00,1.699999999999999956e+00
4.820000000000000284e+00,3.649984014562697610e+00,4.834121982983554666e+00,2.899999999999999911e+00,1.500000000000000000e+00,1.500000000000000000e+00,1.699999999999999956e+00
4.839999999999999858e+00,3.332349048537250891e+00,5.199095874432196673e+00,2.899999999999999911e+00,1.500000000000000000e+00,1.500000000000000000e+00,1.699999999999999956e+00
4.860000000000000320e+00,3.005869227639869301e+00,5.542082680414043949e+00,2.899999999999999911e+00,1.500000000000000000e+00,1.500000000000000000e+00,1.699999999999999956e+00
4.879999999999999893e+00,2.680446369260208073e+00,5.853415142862740339e+00,2.899999999999999911e+00,1.500000000000000000e+00,1.500000000000000000e+00,1.699999999999999956e+00
4.900000000000000355e+00,2.365219297653525565e+00,6.125091989029181505e+00,2.899999999999999911e+00,1.500000000000000000e+00,1.500000000000000000e+00,1.699999999999999956e+00
4.919999999999999929e+00,2.067786443746784997e+00,6.351454434572834096e+00,2.899999999999999911e+00,1.500000000000000000e+00,1.500000000000000000e+00,1.699999999999999956e+00
4.940000000000000391e+00,1.793714516147545401e+00,6.529508525133911334e+00,2.899999999999999911e+00,1.500000000000000000e+00,1.500000000000000000e+00,1.699999999999999956e+00
4.959999999999999964e+00,1.546387731338847660e+00,6.658867462024613992e+00,2.899999999999999911e+00,1.500000000000000000e+00,1.500000000000000000e+00,1.699999999999999956e+00
4.980000000000000426e+00,1.327162491319911375e+00,6.741381696752366537e+00,2.899999999999999911e+00,1.500000000000000000e+00,1.500000000000000000e+00,1.699999999999999956e+00
5.000000000000000000e+00,1.135730647988456576e+00,6.780581986890795498e+00,2.899999999999999911e+00,1.500000000000000000e+00,1.500000000000000000e+00,1.699999999999999956e+00
5.020000000000000462e+00,9.705755823604768073e-01,6.781069642547818965e+00,2.899999999999999911e+00,1.500000000000000000e+00,1.500000000000000000e+00,1.699999999999999956e+00
5.040000000000000036e+00,8.294227476171004421e-01,6.747959493221476812e+00,2.899999999999999911e+00,1.500000000000000000e+00,1.500000000000000000e+00,1.699999999999999956e+00
5.060000000000000497e+00,7.096219338685926248e-01,6.686436203562246661e+00,2.899999999999999911e+00,1.500000000000000000e+00,1.500000000000000000e+00,1.699999999999999956e+00
5.080000000000000071e+00,6.084347523491466792e-01,6.601442626324955043e+00,2.899999999999999911e+00,1.500000000000000000e+00,1.500000000000000000e+00,1.699999999999999956e+00
5.100000000000000533e+00,5.232275547005434957e-01,6.497489990314760711e+00,2.899999999999999911e+00,1.500000000000000000e+00,1.500000000000000000e+00,1.699999999999999956e+00
5.120000000000000107e+00,4.515847788934654883e-01,6.378565304623768029e+00,2.899999999999999911e+00,1.500000000000000000e+00,1.500000000000000000e+00,1.699999999999999956e+00
5.139999999999999680e+00,3.913628059869048159e-01,6.248107974348941163e+00,2.899999999999999911e+00,1.500000000000000000e+00,1.500000000000000000e+00,1.699999999999999956e+00
5.160000000000000142e+00,3.407035366656345765e-01,6.109030615289587907e+00,2.899999999999999911e+00,1.500000000000000000e+00,1.500000000000000000e+00,1.699999999999999956e+00
5.179999999999999716e+00,2.980232917054073671e-01,5.963764624456575625e+00,2.899999999999999911e+00,1.500000000000000000e+00,1.500000000000000000e+00,1.699999999999999956e+00
5.200000000000000178e+00,2.619884196942166565e-01,5.814316850155156757e+00,2.899999999999999911e+00,1.500000000000000000e+00,1.500000000000000000e+00,1.699999999999999956e+00
5.219999999999999751e+00,2.314852375412730645e-01,5.662328587745089514e+00,2.899999999999999911e+00,1.500000000000000000e+00,1.500000000000000000e+00,1.699999999999999956e+00
5.240000000000000213e+00,2.055890169735395123e-01,5.509131780106883980e+00,2.899999999999999911e+00,1.500000000000000000e+00,1.500000000000000000e+00,1.699999999999999956e+00
5.259999999999999787e+00,1.835346703465089990e-01,5.355799809194746075e+00,2.899999999999999911e+00,1.500000000000000000e+00,1.500000000000000000e+00,1.699999999999999956e+00
5.280000000000000249e+00,1.646904326539329055e-01,5.203191864254798737e+00,2.899999999999999911e+00,1.500000000000000000e+00,1.500000000000000000e+00,1.699999999999999956e+00
5.299999999999999822e+00,1.485350001686946142e-01,5.051990818449302090e+00,2.899999999999999911e+00,1.500000000000000000e+00,1.500000000000000000e+00,1.699999999999999956e+00
5.320000000000000284e+00,1.346381064663605687e-01,4.902735054334144138e+00,2.899999999999999911e+00,1.500000000000000000e+00,1.500000000000000000e+00,1.699999999999999956e+00
5.339999999999999858e+00,1.226442677147555199e-01,4.755844911413436904e+00,2.899999999999999911e+00,1.500000000000000000e+00,1.500000000000000000e+00,1.699999999999999956e+00
5.360000000000000320e+00,1.122593217464539217e-01,4.611644497921137287e+00,2.899999999999999911e+00,1.500000000000000000e+00,1.500000000000000000e+00,1.699999999999999956e+00
5.379999999999999893e+00,1.032393599035764664e-01,4.470379587495990847e+00,2.899999999999999911e+00,1.500000000000000000e+00,1.500000000000000000e+00,1.699999999999999956e+00
5.400000000000000355e+00,9.538166896381089499e-02,4.332232255335299875e+00,2.899999999999999911e+00,1.500000000000000000e+00,1.500000000000000000e+00,1.699999999999999956e+00
5.419999999999999929e+00,8.851733947812986947e-02,4.197332824939481455e+00,2.899999999999999911e+00,1.500000000000000000e+00,1.500000000000000000e+00,1.699999999999999956e+00
5.440000000000000391e+00,8.250524313082542582e-02,4.065769610928574807e+00,2.899999999999999911e+00,1.500000000000000000e+00,1.500000000000000000e+00,1.699999999999999956e+00
5.459999999999999964e+00,7.722712792450579788e-02,3.937596863464910779e+00,2.899999999999999911e+00,1.500000000000000000e+00,1.500000000000000000e+00,1.699999999999999956e+00
5.480000000000000426e+00,7.258362244342901615e-02,3.812841249007802080e+00,2.899999999999999911e+00,1.500000000000000000e+00,1.500000000000000000e+00,1.699999999999999956e+00
5.500000000000000000e+00,6.849097765550646311e-02,3.691507141431178418e+00,2.899999999999999911e+00,1.500000000000000000e+00,1.500000000000000000e+00,1.699999999999999956e+00
5.520000000000000462e+00,6.487840636535867345e-02,3.573580946616685683e+00,2.899999999999999911e+00,1.500000000000000000e+00,1.500000000000000000e+00,1.699999999999999956e+00
5.540000000000000036e+00,6.168590682952646703e-02,3.459034641536741450e+00,2.899999999999999911e+00,1.500000000000000000e+00,1.500000000000000000e+00,1.699999999999999956e+00
5.560000000000000497e+00,5.886247876710080235e-02,3.347828674383030556e+00,2.899999999999999911e+00,1.500000000000000000e+00,1.500000000000000000e+00,1.699999999999999956e+00
5.580000000000000071e+00,5.636465770773977507e-02,3.239914344281860537e+00,2.899999999999999911e+00,1.500000000000000000e+00,1.500000000000000000e+00,1.699999999999999956e+00
5.600000000000000533e+00,5.415530796425338522e-02,3.135235756466812518e+00,2.899999999999999911e+00,1.500000000000000000e+00,1.500000000000000000e+00,1.699999999999999956e+00
5.620000000000000107e+00,5.220262608822010680e-02,3.033731430484901015e+00,2.899999999999999911e+00,1.500000000000000000e+00,1.500000000000000000e+00,1.699999999999999956e+00
5.639999999999999680e+00,5.047931597580634228e-02,2.935335624273944788e+00,2.899999999999999911e+00,1.500000000000000000e+00,1.500000000000000000e+00,1.699999999999999956e+00
5.660000000000000142e+00,4.896190426822015496e-02,2.839979425082813425e+00,2.899999999999999911e+00,1.500000000000000000e+00,1.500000000000000000e+00,1.699999999999999956e+00
5.679999999999999716e+00,4.763017069373833706e-02,2.747591648652036422e+00,2.899999999999999911e+00,1.500000000000000000e+00,1.500000000000000000e+00,1.699999999999999956e+00
5.700000000000000178e+00,4.646667281731556992e-02,2.658099580374526649e+00,2.899999999999999911e+00,1.500000000000000000e+00,1.500000000000000000e+00,1.699999999999999956e+00
5.719999999999999751e+00,4.545634853520666430e-02,2.571429585947305974e+00,2.899999999999999911e+00,1.500000000000000000e+00,1.500000000000000000e+00,1.699999999999999956e+00
5.740000000000000213e+00,4.458618276547176434e-02,2.487507614009874413e+00,2.899999999999999911e+00,1.500000000000000000e+00,1.500000000000000000e+00,1.699999999999999956e+00
5.759999999999999787e+00,4.384492729260672239e-02,2.406259609206800931e+00,2.899999999999999911e+00,1.500000000000000000e+00,1.500000000000000000e+00,1.699999999999999956e+00
5.780000000000000249e+00,4.322286474719366084e-02,2.327611850822154160e+00,2.899999999999999911e+00,1.500000000000000000e+00,1.500000000000000000e+00,1.699999999999999956e+00
5.799999999999999822e+00,4.271160933616936078e-02,2.251491229460562238e+00,2.899999999999999911e+00,1.500000000000000000e+00,1.500000000000000000e+00,1.699999999999999956e+00
5.820000000000000284e+00,4.230393826317124795e-02,2.177825472073398938e+00,2.899999999999999911e+00,1.500000000000000000e+00,1.500000000000000000e+00,1.699999999999999956e+00
5.839999999999999858e+00,4.199364885287853316e-02,2.106543323852459793e+00,2.899999999999999911e+00,1.500000000000000000e+00,1.500000000000000000e+00,1.699999999999999956e+00
5.860000000000000320e+00,4.177543726728841222e-02,2.037574694060533265e+00,2.899999999999999911e+00,1.500000000000000000e+00,1.500000000000000000e+00,1.699999999999999956e+00
5.879999999999999893e+00,4.164479541451693301e-02,1.970850771676749380e+00,2.899999999999999911e+00,1.500000000000000000e+00,1.500000000000000000e+00,1.699999999999999956e+00
5.900000000000000355e+00,4.159792323318828311e-02,1.906304115755110606e+00,2.899999999999999911e+00,1.500000000000000000e+00,1.500000000000000000e+00,1.699999999999999956e+00
5.919999999999999929e+00,4.163165401272444360e-02,1.843868724587425678e+00,2.899999999999999911e+00,1.500000000000000000e+00,1.500000000000000000e+00,1.699999999999999956e+00
5.940000000000000391e+00,4.174339080185524714e-02,1.783480087095060451e+00,2.899999999999999911e+00,1.500000000000000000e+00,1.500000000000000000e+00,1.699999999999999956e+00
5.959999999999999964e+00,4.193105228047477179e-02,1.725075219321716480e+00,2.899999999999999911e+00,1.500000000000000000e+00,1.500000000000000000e+00,1.699999999999999956e+00
5.980000000000000426e+00,4.219302673646839474e-02,1.668592688441052019e+00,2.899999999999999911e+00,1.500000000000000000e+00,1.500000000000000000e+00,1.699999999999999956e+00
6.000000000000000000e+00,4.252813300971348964e-02,1.613972626311526382e+00,2.899999999999999911e+00,1.500000000000000000e+00,1.500000000000000000e+00,1.699999999999999956e+00
0.000000000000000000e+00,5.000000000000000000e-01,5.000000000000000000e-01,3.200000000000000178e+00,1.899999999999999911e+00,1.899999999999999911e+00,2.100000000000000089e+00
2.000000000000000042e-02,5.224999999999999645e-01,4.884999999999999898e-01,3.200000000000000178e+00,1.899999999999999911e+00,1.899999999999999911e+00,2.100000000000000089e+00
4.000000000000000083e-02,5.462408324999999953e-01,4.776821674999999767e-01,3.200000000000000178e+00,1.899999999999999911e+00,1.899999999999999911e+00,2.100000000000000089e+00
5.999999999999999778e-02,5.712849245958669941e-01,4.675348376491329505e-01,3.200000000000000178e+00,1.899999999999999911e+00,1.899999999999999911e+00,2.100000000000000089e+00
8.000000000000000167e-02,5.976975268000540575e-01,4.580480074378177613e-01,3.200000000000000178e+00,1.899999999999999911e+00,1.899999999999999911e+00,2.100000000000000089e+00
1.000000000000000056e-01,6.255467503896090520e-01,4.492134092510779442e-01,3.200000000000000178e+00,1.899999999999999911e+00,1.899999999999999911e+00,2.100000000000000089e+00
1.199999999999999956e-01,6.549035908557829799e-01,4.410245976212937569e-01,3.200000000000000178e+00,1.899999999999999911e+00,1.899999999999999911e+00,2.100000000000000089e+00
1.400000000000000133e-01,6.858419341503124711e-01,4.334770510414400757e-01,3.200000000000000178e+00,1.899999999999999911e+00,1.899999999999999911e+00,2.100000000000000089e+00
1.600000000000000033e-01,7.184385418502831078e-01,4.265682909833489189e-01,3.200000000000000178e+00,1.899999999999999911e+00,1.899999999999999911e+00,2.100000000000000089e+00
1.799999999999999933e-01,7.527730106917027708e-01,4.202980205990467510e-01,3.200000000000000178e+00,1.899999999999999911e+00,1.899999999999999911e+00,2.100000000000000089e+00
2.000000000000000111e-01,7.889277011345157131e-01,4.146682859753428874e-01,3.200000000000000178e+00,1.899999999999999911e+00,1.899999999999999911e+00,2.100000000000000089e+00
2.200000000000000011e-01,8.269876286987838387e-01,4.096836632727193228e-01,3.200000000000000178e+00,1.899999999999999911e+00,1.899999999999999911e+00,2.100000000000000089e+00
2.399999999999999911e-01,8.670403107296575929e-01,4.053514756211135106e-01,3.200000000000000178e+00,1.899999999999999911e+00,1.899999999999999911e+00,2.100000000000000089e+00
2.600000000000000089e-01,9.091755599800199761e-01,4.016820442813624492e-01,3.200000000000000178e+00,1.899999999999999911e+00,1.899999999999999911e+00,2.100000000000000089e+00
2.800000000000000266e-01,9.534852149120910392e-01,3.986889793281954697e-01,3.200000000000000178e+00,1.899999999999999911e+00,1.899999999999999911e+00,2.100000000000000089e+00
2.999999999999999889e-01,1.000062794875227423e+00,3.963895159876486551e-01,3.200000000000000178e+00,1.899999999999999911e+00,1.899999999999999911e+00,2.100000000000000089e+00
3.200000000000000067e-01,1.049003066272963913e+00,3.948049037904455827e-01,3.200000000000000178e+00,1.899999999999999911e+00,1.899999999999999911e+00,2.100000000000000089e+00
3.400000000000000244e-01,1.100401503437514084e+00,3.939608569081665124e-01,3.200000000000000178e+00,1.899999999999999911e+00,1.899999999999999911e+00,2.100000000000000089e+00
3.599999999999999867e-01,1.154353625126498528e+00,3.938880754490400871e-01,3.200000000000000178e+00,1.899999999999999911e+00,1.899999999999999911e+00,2.100000000000000089e+00
3.800000000000000044e-01,1.210954184278623780e+00,3.946228491361509771e-01,3.200000000000000178e+00,1.899999999999999911e+00,1.899999999999999911e+00,2.100000000000000089e+00
4.000000000000000222e-01,1.270296184838267450e+00,3.962077567066208394e-01,3.200000000000000178e+00,1.899999999999999911e+00,1.899999999999999911e+00,2.100000000000000089e+00
4.199999999999999845e-01,1.332469695001502030e+00,3.986924765913572033e-01,3.200000000000000178e+00,1.899999999999999911e+00,1.899999999999999911e+00,2.100000000000000089e+00
4.400000000000000022e-01,1.397560421059641067e+00,4.021347269964772320e-01,3.200000000000000178e+00,1.899999999999999911e+00,1.899999999999999911e+00,2.100000000000000089e+00
4.600000000000000200e-01,1.465648000028869857e+00,4.066013564412134240e-01,3.200000000000000178e+00,1.899999999999999911e+00,1.899999999999999911e+00,2.100000000000000089e+00
4.799999999999999822e-01,1.536803962365388188e+00,4.121696091360118608e-01,3.200000000000000178e+00,1.899999999999999911e+00,1.899999999999999911e+00,2.100000000000000089e+00
5.000000000000000000e-01,1.611089308194274095e+00,4.189285933147983698e-01,3.200000000000000178e+00,1.899999999999999911e+00,1.899999999999999911e+00,2.100000000000000089e+00
5.200000000000000178e-01,1.688551631570426759e+00,4.269809847438577055e-01,3.200000000000000178e+00,1.899999999999999911e+00,1.899999999999999911e+00,2.100000000000000089e+00
5.400000000000000355e-01,1.769221717330260013e+00,4.364450020452896317e-01,3.200000000000000178e+00,1.899999999999999911e+00,1.899999999999999911e+00,2.100000000000000089e+00
5.600000000000000533e-01,1.853109524149923137e+00,4.474566950488609307e-01,3.200000000000000178e+00,1.899999999999999911e+00,1.899999999999999911e+00,2.100000000000000089e+00
5.799999999999999600e-01,1.940199455692409813e+00,4.601725918599170462e-01,3.200000000000000178e+00,1.899999999999999911e+00,1.899999999999999911e+00,2.100000000000000089e+00
5.999999999999999778e-01,2.030444809591179123e+00,4.747727542673452206e-01,3.200000000000000178e+00,1.899999999999999911e+00,1.899999999999999911e+00,2.100000000000000089e+00
6.199999999999999956e-01,2.123761282168791897e+00,4.914642938243394266e-01,3.200000000000000178e+00,1.899999999999999911e+00,1.899999999999999911e+00,2.100000000000000089e+00
6.400000000000000133e-01,2.220019396353477337e+00,5.104854013578343785e-01,3.200000000000000178e+00,1.899999999999999911e+00,1.899999999999999911e+00,2.100000000000000089e+00
6.600000000000000311e-01,2.319035713002452148e+00,5.321099392184532872e-01,3.200000000000000178e+00,1.899999999999999911e+00,1.899999999999999911e+00,2.100000000000000089e+00
6.800000000000000488e-01,2.420562684447545188e+00,5.566526359583422456e-01,3.200000000000000178e+00,1.899999999999999911e+00,1.899999999999999911e+00,2.100000000000000089e+00
7.000000000000000666e-01,2.524277017497783326e+00,5.844749040024966869e-01,3.200000000000000178e+00,1.899999999999999911e+00,1.899999999999999911e+00,2.100000000000000089e+00
7.199999999999999734e-01,2.629766437053488115e+00,6.159912675985453889e-01,3.200000000000000178e+00,1.899999999999999911e+00,1.899999999999999911e+00,2.100000000000000089e+00
7.399999999999999911e-01,2.736514788905061391e+00,6.516763344792566581e-01,3.200000000000000178e+00,1.899999999999999911e+00,1.899999999999999911e+00,2.100000000000000089e+00
7.600000000000000089e-01,2.843885502173471913e+00,6.920721616526410713e-01,3.200000000000000178e+00,1.899999999999999911e+00,1.899999999999999911e+00,2.100000000000000089e+00
7.800000000000000266e-01,2.951103562807265490e+00,7.377957423685386207e-01,3.200000000000000178e+00,1.899999999999999911e+00,1.899999999999999911e+00,2.100000000000000089e+00
8.000000000000000444e-01,3.057236348357672995e+00,7.895461636583174236e-01,3.200000000000000178e+00,1.899999999999999911e+00,1.899999999999999911e+00,2.100000000000000089e+00
8.200000000000000622e-01,3.161173963903346706e+00,8.481107355338854958e-01,3.200000000000000178e+00,1.899999999999999911e+00,1.899999999999999911e+00,2.100000000000000089e+00
8.399999999999999689e-01,3.261610125717448572e+00,9.143690565171744833e-01,3.200000000000000178e+00,1.899999999999999911e+00,1.899999999999999911e+00,2.100000000000000089e+00
8.599999999999999867e-01,3.357025189574958546e+00,9.892935403318598997e-01,3.200000000000000178e+00,1.899999999999999911e+00,1.899999999999999911e+00,2.100000000000000089e+00
8.800000000000000044e-01,3.445673634986198053e+00,1.073944378359479757e+00,3.200000000000000178e+00,1.899999999999999911e+00,1.899999999999999911e+00,2.100000000000000089e+00
9.000000000000000222e-01,3.525579198087028576e+00,1.169456264006667912e+00,3.200000000000000178e+00,1.899999999999999911e+00,1.899999999999999911e+00,2.100000000000000089e+00
9.200000000000000400e-01,3.594541861021328000e+00,1.277013506661658138e+00,3.200000000000000178e+00,1.899999999999999911e+00,1.899999999999999911e+00,2.100000000000000089e+00
9.400000000000000577e-01,3.650161956868864355e+00,1.397809522639697377e+00,3.200000000000000178e+00,1.899999999999999911e+00,1.899999999999999911e+00,2.100000000000000089e+00
9.599999999999999645e-01,3.689887538693910507e+00,1.532986306103391261e+00,3.200000000000000178e+00,1.899999999999999911e+00,1.899999999999999911e+00,2.100000000000000089e+00
9.799999999999999822e-01,3.711091552590906950e+00,1.683549669826462702e+00,3.200000000000000178e+00,1.899999999999999911e+00,1.899999999999999911e+00,2.100000000000000089e+00
1.000000000000000000e+00,3.711184747550437368e+00,1.850257248100038776e+00,3.200000000000000178e+00,1.899999999999999911e+00,1.899999999999999911e+00,2.100000000000000089e+00
1.020000000000000018e+00,3.687768005222312073e+00,2.033479009851190344e+00,3.200000000000000178e+00,1.899999999999999911e+00,1.899999999999999911e+00,2.100000000000000089e+00
1.040000000000000036e+00,3.638823201947366304e+00,2.233034847046614146e+00,3.200000000000000178e+00,1.899999999999999911e+00,1.899999999999999911e+00,2.100000000000000089e+00
1.060000000000000053e+00,3.562934364408769650e+00,2.448020905933884439e+00,3.200000000000000178e+00,1.899999999999999911e+00,1.899999999999999911e+00,2.100000000000000089e+00
1.080000000000000071e+00,3.459520926930299556e+00,2.676645264685292513e+00,3.200000000000000178e+00,1.899999999999999911e+00,1.899999999999999911e+00,2.100000000000000089e+00
1.100000000000000089e+00,3.329053674582227451e+00,2.916102755240121525e+00,3.200000000000000178e+00,1.899999999999999911e+00,1.899999999999999911e+00,2.100000000000000089e+00
1.120000000000000107e+00,3.173214331229413432e+00,3.162525218046112752e+00,3.200000000000000178e+00,1.899999999999999911e+00,1.899999999999999911e+00,2.100000000000000089e+00
1.140000000000000124e+00,2.994955975326518693e+00,3.411043231989753455e+00,3.200000000000000178e+00,1.899999999999999911e+00,1.899999999999999911e+00,2.100000000000000089e+00
1.159999999999999920e+00,2.798428033977113927e+00,3.655984540016485873e+00,3.200000000000000178e+00,1.899999999999999911e+00,1.899999999999999911e+00,2.100000000000000089e+00
1.179999999999999938e+00,2.588749062266025192e+00,3.891211555221417484e+00,3.200000000000000178e+00,1.899999999999999911e+00,1.899999999999999911e+00,2.100000000000000089e+00
1.199999999999999956e+00,2.371640932194040374e+00,4.110568739959128415e+00,3.200000000000000178e+00,1.899999999999999911e+00,1.899999999999999911e+00,2.100000000000000089e+00
1.219999999999999973e+00,2.152971814879653945e+00,4.308378989855650154e+00,3.200000000000000178e+00,1.899999999999999911e+00,1.899999999999999911e+00,2.100000000000000089e+00
1.239999999999999991e+00,1.938280906778754087e+00,4.479908176534910247e+00,3.200000000000000178e+00,1.899999999999999911e+00,1.899999999999999911e+00,2.100000000000000089e+00
1.260000000000000009e+00,1.732364706470008064e+00,4.621718211463030634e+00,3.200000000000000178e+00,1.899999999999999911e+00,1.899999999999999911e+00,2.100000000000000089e+00
1.280000000000000027e+00,1.538988990198135287e+00,4.731853104067536897e+00,3.200000000000000178e+00,1.899999999999999911e+00,1.899999999999999911e+00,2.100000000000000089e+00
1.300000000000000044e+00,1.360758032015813246e+00,4.809841527251703219e+00,3.200000000000000178e+00,1.899999999999999911e+00,1.899999999999999911e+00,2.100000000000000089e+00
1.320000000000000062e+00,1.199135387409448805e+00,4.856539341762507789e+00,3.200000000000000178e+00,1.899999999999999911e+00,1.899999999999999911e+00,2.100000000000000089e+00
1.340000000000000080e+00,1.054581421171616240e+00,4.873863320440519509e+00,3.200000000000000178e+00,1.899999999999999911e+00,1.899999999999999911e+00,2.100000000000000089e+00
1.360000000000000098e+00,9.267589752580773776e-01,4.864476717850539700e+00,3.200000000000000178e+00,1.899999999999999911e+00,1.899999999999999911e+00,2.100000000000000089e+00
1.380000000000000115e+00,8.147600462629205342e-01,4.831480199112490936e+00,3.200000000000000178e+00,1.899999999999999911e+00,1.899999999999999911e+00,2.100000000000000089e+00
1.400000000000000133e+00,7.173178020629509266e-01,4.778144917910562839e+00,3.200000000000000178e+00,1.899999999999999911e+00,1.899999999999999911e+00,2.100000000000000089e+00
1.419999999999999929e+00,6.329831017977329832e-01,4.707705870955566141e+00,3.200000000000000178e+00,1.899999999999999911e+00,1.899999999999999911e+00,2.100000000000000089e+00
1.439999999999999947e+00,5.602578862599314480e-01,4.623218358428288433e+00,3.200000000000000178e+00,1.899999999999999911e+00,1.899999999999999911e+00,2.100000000000000089e+00
1.459999999999999964e+00,4.976869982625436450e-01,4.527470580092323615e+00,3.200000000000000178e+00,1.899999999999999911e+00,1.899999999999999911e+00,2.100000000000000089e+00
1.479999999999999982e+00,4.439149629276776809e-01,4.422940818952114661e+00,3.200000000000000178e+00,1.899999999999999911e+00,1.899999999999999911e+00,2.100000000000000089e+00
1.500000000000000000e+00,3.977159553873443332e-01,4.311786869723830407e+00,3.200000000000000178e+00,1.899999999999999911e+00,1.899999999999999911e+00,2.100000000000000089e+00
1.520000000000000018e+00,3.580048520280192381e-01,4.195856745699544810e+00,3.200000000000000178e+00,1.899999999999999911e+00,1.899999999999999911e+00,2.100000000000000089e+00
1.540000000000000036e+00,3.238359537695650880e-01,4.076711971168410997e+00,3.200000000000000178e+00,1.899999999999999911e+00,1.899999999999999911e+00,2.100000000000000089e+00
1.560000000000000053e+00,2.943943902525864575e-01,3.955657132937568488e+00,3.200000000000000178e+00,1.899999999999999911e+00,1.899999999999999911e+00,2.100000000000000089e+00
1.580000000000000071e+00,2.689837469801729108e-01,3.833771417602769738e+00,3.200000000000000178e+00,1.899999999999999911e+00,1.899999999999999911e+00,2.100000000000000089e+00
1.600000000000000089e+00,2.470122631499572508e-01,3.711939461700400233e+00,3.200000000000000178e+00,1.899999999999999911e+00,1.899999999999999911e+00,2.100000000000000089e+00
1.620000000000000107e+00,2.279790544413650144e-01,3.590879997859172779e+00,3.200000000000000178e+00,1.899999999999999911e+00,1.899999999999999911e+00,2.100000000000000089e+00
1.640000000000000124e+00,2.114611877176872656e-01,3.471171564157012668e+00,3.200000000000000178e+00,1.899999999999999911e+00,1.899999999999999911e+00,2.100000000000000089e+00
1.660000000000000142e+00,1.971020173859361069e-01,3.353275044808101235e+00,3.200000000000000178e+00,1.899999999999999911e+00,1.899999999999999911e+00,2.100000000000000089e+00
1.679999999999999938e+00,1.846009300037355083e-01,3.237553109421061670e+00,3.200000000000000178e+00,1.899999999999999911e+00,1.899999999999999911e+00,2.100000000000000089e+00
1.699999999999999956e+00,1.737044875564212609e-01,3.124286780792930429e+00,3.200000000000000178e+00,1.899999999999999911e+00,1.899999999999999911e+00,2.100000000000000089e+00
1.719999999999999973e+00,1.641988746590286041e-01,3.013689436100631003e+00,3.200000000000000178e+00,1.899999999999999911e+00,1.899999999999999911e+00,2.100000000000000089e+00
1.739999999999999991e+00,1.559035149059844472e-01,2.905918567515626272e+00,3.200000000000000178e+00,1.899999999999999911e+00,1.899999999999999911e+00,2.100000000000000089e+00
1.760000000000000009e+00,1.486657089491299766e-01,2.801085618590807513e+00,3.200000000000000178e+00,1.899999999999999911e+00,1.899999999999999911e+00,2.100000000000000089e+00
1.780000000000000027e+00,1.423561499079037396e-01,2.699264187023964201e+00,3.200000000000000178e+00,1.899999999999999911e+00,1.899999999999999911e+00,2.100000000000000089e+00
1.800000000000000044e+00,1.368651829265468411e-01,2.600496851744420468e+00,3.200000000000000178e+00,1.899999999999999911e+00,1.899999999999999911e+00,2.100000000000000089e+00
1.820000000000000062e+00,1.320996904959172991e-01,2.504800848109083322e+00,3.200000000000000178e+00,1.899999999999999911e+00,1.899999999999999911e+00,2.100000000000000089e+00
1.840000000000000080e+00,1.279805008496694152e-01,2.412172782326488463e+00,3.200000000000000178e+00,1.899999999999999911e+00,1.899999999999999911e+00,2.100000000000000089e+00
1.860000000000000098e+00,1.244402318329610457e-01,2.322592546539863356e+00,3.200000000000000178e+00,1.899999999999999911e+00,1.899999999999999911e+00,2.100000000000000089e+00
1.880000000000000115e+00,1.214214963823632976e-01,2.236026569873096559e+00,3.200000000000000178e+00,1.899999999999999911e+00,1.899999999999999911e+00,2.100000000000000089e+00
1.900000000000000133e+00,1.188754078523754087e-01,2.152430518236885693e+00,3.200000000000000178e+00,1.899999999999999911e+00,1.899999999999999911e+00,2.100000000000000089e+00
1.919999999999999929e+00,1.167603338372136673e-01,2.071751536588650300e+00,3.200000000000000178e+00,1.899999999999999911e+00,1.899999999999999911e+00,2.100000000000000089e+00
1.939999999999999947e+00,1.150408559632809941e-01,1.993930111291441376e+00,3.200000000000000178e+00,1.899999999999999911e+00,1.899999999999999911e+00,2.100000000000000089e+00
1.959999999999999964e+00,1.136869005290417345e-01,1.918901616833090129e+00,3.200000000000000178e+00,1.899999999999999911e+00,1.899999999999999911e+00,2.100000000000000089e+00
1.979999999999999982e+00,1.126730110278594127e-01,1.846597600061141264e+00,3.200000000000000178e+00,1.899999999999999911e+00,1.899999999999999911e+00,2.100000000000000089e+00
2.000000000000000000e+00,1.119777386869255237e-01,1.776946845905290173e+00,3.200000000000000178e+00,1.899999999999999911e+00,1.899999999999999911e+00,2.100000000000000089e+00
2.020000000000000018e+00,1.115831313591778701e-01,1.709876260980978779e+00,3.200000000000000178e+00,1.899999999999999911e+00,1.899999999999999911e+00,2.100000000000000089e+00
2.040000000000000036e+00,1.114743045635600005e-01,1.645311605222382845e+00,3.200000000000000178e+00,1.899999999999999911e+00,1.899999999999999911e+00,2.100000000000000089e+00
2.060000000000000053e+00,1.116390813102920987e-01,1.583178096548378599e+00,3.200000000000000178e+00,1.899999999999999911e+00,1.899999999999999911e+00,2.100000000000000089e+00
2.080000000000000071e+00,1.120676896806797468e-01,1.523400909326817709e+00,3.200000000000000178e+00,1.899999999999999911e+00,1.899999999999999911e+00,2.100000000000000089e+00
2.100000000000000089e+00,1.127525090463465246e-01,1.465905583908988064e+00,3.200000000000000178e+00,1.899999999999999911e+00,1.899999999999999911e+00,2.100000000000000089e+00
2.120000000000000107e+00,1.136878573861027503e-01,1.410618361624020434e+00,3.200000000000000178e+00,1.899999999999999911e+00,1.899999999999999911e+00,2.100000000000000089e+00
2.140000000000000124e+00,1.148698134521572017e-01,1.357466457242467728e+00,3.200000000000000178e+00,1.899999999999999911e+00,1.899999999999999911e+00,2.100000000000000089e+00
2.160000000000000142e+00,1.162960686020771545e-01,1.306378278949302141e+00,3.200000000000000178e+00,1.899999999999999911e+00,1.899999999999999911e+00,2.100000000000000089e+00
2.180000000000000160e+00,1.179658039905499417e-01,1.257283604235491570e+00,3.200000000000000178e+00,1.899999999999999911e+00,1.899999999999999911e+00,2.100000000000000089e+00
2.200000000000000178e+00,1.198795895396696509e-01,1.210113718763876411e+00,3.200000000000000178e+00,1.899999999999999911e+00,1.899999999999999911e+00,2.100000000000000089e+00
2.220000000000000195e+00,1.220393017059425156e-01,1.164801524140059552e+00,3.200000000000000178e+00,1.899999999999999911e+00,1.899999999999999911e+00,2.100000000000000089e+00
2.240000000000000213e+00,1.244480575591041666e-01,1.121281619582195743e+00,3.200000000000000178e+00,1.899999999999999911e+00,1.899999999999999911e+00,2.100000000000000089e+00
2.260000000000000231e+00,1.271101631006050781e-01,1.079490361702025281e+00,3.200000000000000178e+00,1.899999999999999911e+00,1.899999999999999911e+00,2.100000000000000089e+00
2.280000000000000249e+00,1.300310740932677234e-01,1.039365905956316283e+00,3.200000000000000178e+00,1.899999999999999911e+00,1.899999999999999911e+00,2.100000000000000089e+00
2.300000000000000266e+00,1.332173679603948224e-01,1.000848232780993108e+00,3.200000000000000178e+00,1.899999999999999911e+00,1.899999999999999911e+00,2.100000000000000089e+00
2.319999999999999840e+00,1.366767255525020153e-01,9.638791609615494638e-01,3.200000000000000178e+00,1.899999999999999911e+00,1.899999999999999911e+00,2.100000000000000089e+00
2.339999999999999858e+00,1.404179217810184732e-01,9.284023504080080036e-01,3.200000000000000178e+00,1.899999999999999911e+00,1.899999999999999911e+00,2.100000000000000089e+00
2.359999999999999876e+00,1.444508242874092407e-01,8.943632961784661051e-01,3.200000000000000178e+00,1.899999999999999911e+00,1.899999999999999911e+00,2.100000000000000089e+00
2.379999999999999893e+00,1.487863994586788585e-01,8.617093153220951596e-01,3.200000000000000178e+00,1.899999999999999911e+00,1.899999999999999911e+00,2.100000000000000089e+00
2.399999999999999911e+00,1.534367252205767473e-01,8.303895278820246917e-01,3.200000000000000178e+00,1.899999999999999911e+00,1.899999999999999911e+00,2.100000000000000089e+00
2.419999999999999929e+00,1.584150101416978706e-01,8.003548332039754909e-01,3.200000000000000178e+00,1.899999999999999911e+00,1.899999999999999911e+00,2.100000000000000089e+00
2.439999999999999947e+00,1.637356184680458793e-01,7.715578825321292022e-01,3.200000000000000178e+00,1.899999999999999911e+00,1.899999999999999911e+00,2.100000000000000089e+00
2.459999999999999964e+00,1.694141007809496502e-01,7.439530487348309240e-01,3.200000000000000178e+00,1.899999999999999911e+00,1.899999999999999911e+00,2.100000000000000089e+00
2.479999999999999982e+00,1.754672300334934598e-01,7.174963938854049816e-01,3.200000000000000178e+00,1.899999999999999911e+00,1.899999999999999911e+00,2.100000000000000089e+00
2.500000000000000000e+00,1.819130427734615418e-01,6.921456353243934378e-01,3.200000000000000178e+00,1.899999999999999911e+00,1.899999999999999911e+00,2.100000000000000089e+00
2.520000000000000018e+00,1.887708854055223096e-01,6.678601107462096564e-01,3.200000000000000178e+00,1.899999999999999911e+00,1.899999999999999911e+00,2.100000000000000089e+00
2.540000000000000036e+00,1.960614653830372311e-01,6.446007427833073677e-01,3.200000000000000178e+00,1.899999999999999911e+00,1.899999999999999911e+00,2.100000000000000089e+00
2.560000000000000053e+00,2.038069072513022106e-01,6.223300035026578803e-01,3.200000000000000178e+00,1.899999999999999911e+00,1.899999999999999911e+00,2.100000000000000089e+00
2.580000000000000071e+00,2.120308134898499508e-01,6.010118791810818983e-01,3.200000000000000178e+00,1.899999999999999911e+00,1.899999999999999911e+00,2.100000000000000089e+00
2.600000000000000089e+00,2.207583301221268668e-01,5.806118356865499486e-01,3.200000000000000178e+00,1.899999999999999911e+00,1.899999999999999911e+00,2.100000000000000089e+00
2.620000000000000107e+00,2.300162170767213743e-01,5.610967847609364956e-01,3.200000000000000178e+00,1.899999999999999911e+00,1.899999999999999911e+00,2.100000000000000089e+00
2.640000000000000124e+00,2.398329232955359047e-01,5.424350514750727603e-01,3.200000000000000178e+00,1.899999999999999911e+00,1.899999999999999911e+00,2.100000000000000089e+00
2.660000000000000142e+00,2.502386665909074326e-01,5.245963431086624329e-01,3.200000000000000178e+00,1.899999999999999911e+00,1.899999999999999911e+00,2.100000000000000089e+00
2.680000000000000160e+00,2.612655182556023470e-01,5.075517196952217258e-01,3.200000000000000178e+00,1.899999999999999911e+00,1.899999999999999911e+00,2.100000000000000089e+00
2.700000000000000178e+00,2.729474924266285241e-01,4.912735664653548051e-01,3.200000000000000178e+00,1.899999999999999911e+00,1.899999999999999911e+00,2.100000000000000089e+00
2.720000000000000195e+00,2.853206401955689642e-01,4.757355684201737267e-01,3.200000000000000178e+00,1.899999999999999911e+00,1.899999999999999911e+00,2.100000000000000089e+00
2.740000000000000213e+00,2.984231484441584037e-01,4.609126872704534250e-01,3.200000000000000178e+00,1.899999999999999911e+00,1.899999999999999911e+00,2.100000000000000089e+00
2.760000000000000231e+00,3.122954433634465010e-01,4.467811409862324501e-01,3.200000000000000178e+00,1.899999999999999911e+00,1.899999999999999911e+00,2.100000000000000089e+00
2.780000000000000249e+00,3.269802985872996559e-01,4.333183862162180988e-01,3.200000000000000178e+00,1.899999999999999911e+00,1.899999999999999911e+00,2.100000000000000089e+00
2.800000000000000266e+00,3.425229478351696777e-01,4.205031038568540769e-01,3.200000000000000178e+00,1.899999999999999911e+00,1.899999999999999911e+00,2.100000000000000089e+00
2.819999999999999840e+00,3.589712019137588084e-01,4.083151880777279308e-01,3.200000000000000178e+00,1.899999999999999911e+00,1.899999999999999911e+00,2.100000000000000089e+00
2.839999999999999858e+00,3.763755698709310149e-01,3.967357391437717484e-01,3.200000000000000178e+00,1.899999999999999911e+00,1.899999999999999911e+00,2.100000000000000089e+00
2.859999999999999876e+00,3.947893840261513243e-01,3.857470604162526184e-01,3.200000000000000178e+00,1.899999999999999911e+00,1.899999999999999911e+00,2.100000000000000089e+00
2.879999999999999893e+00,4.142689285177030278e-01,3.753326599648919570e-01,3.200000000000000178e+00,1.899999999999999911e+00,1.899999999999999911e+00,2.100000000000000089e+00
2.899999999999999911e+00,4.348735709053445087e-01,3.654772572838579925e-01,3.200000000000000178e+00,1.899999999999999911e+00,1.899999999999999911e+00,2.100000000000000089e+00
2.919999999999999929e+00,4.566658962448170711e-01,3.561667956764054122e-01,3.200000000000000178e+00,1.899999999999999911e+00,1.899999999999999911e+00,2.100000000000000089e+00
2.939999999999999947e+00,4.797118429039973764e-01,3.473884609584843575e-01,3.200000000000000178e+00,1.899999999999999911e+00,1.899999999999999911e+00,2.100000000000000089e+00
2.959999999999999964e+00,5.040808392150740724e-01,3.391307072330072003e-01,3.200000000000000178e+00,1.899999999999999911e+00,1.899999999999999911e+00,2.100000000000000089e+00
2.979999999999999982e+00,5.298459398476254023e-01,3.313832906064342887e-01,3.200000000000000178e+00,1.899999999999999911e+00,1.899999999999999911e+00,2.100000000000000089e+00
3.000000000000000000e+00,5.570839605375491610e-01,3.241373118612883020e-01,3.200000000000000178e+00,1.899999999999999911e+00,1.899999999999999911e+00,2.100000000000000089e+00
3.020000000000000018e+00,5.858756095088644145e-01,3.173852692662020858e-01,3.200000000000000178e+00,1.899999999999999911e+00,1.899999999999999911e+00,2.100000000000000089e+00
3.040000000000000036e+00,6.163056135703738336e-01,3.111211229040795057e-01,3.200000000000000178e+00,1.899999999999999911e+00,1.899999999999999911e+00,2.100000000000000089e+00
3.060000000000000053e+00,6.484628364461259009e-01,3.053403721348600386e-01,3.200000000000000178e+00,1.899999999999999911e+00,1.899999999999999911e+00,2.100000000000000089e+00
3.080000000000000071e+00,6.824403863944266124e-01,3.000401480894472339e-01,3.200000000000000178e+00,1.899999999999999911e+00,1.899999999999999911e+00,2.100000000000000089e+00
3.100000000000000089e+00,7.183357095690218186e-01,2.952193234243385977e-01,3.200000000000000178e+00,1.899999999999999911e+00,1.899999999999999911e+00,2.100000000000000089e+00
3.120000000000000107e+00,7.562506648589598646e-01,2.908786419629957321e-01,3.200000000000000178e+00,1.899999999999999911e+00,1.899999999999999911e+00,2.100000000000000089e+00
3.140000000000000124e+00,7.962915750875774190e-01,2.870208713229058239e-01,3.200000000000000178e+00,1.899999999999999911e+00,1.899999999999999911e+00,2.100000000000000089e+00
3.160000000000000142e+00,8.385692484282507575e-01,2.836509821922753583e-01,3.200000000000000178e+00,1.899999999999999911e+00,1.899999999999999911e+00,2.100000000000000089e+00
3.180000000000000160e+00,8.831989626714481512e-01,2.807763585964104247e-01,3.200000000000000178e+00,1.899999999999999911e+00,1.899999999999999911e+00,2.100000000000000089e+00
3.200000000000000178e+00,9.303004035135302718e-01,2.784070443042517828e-01,3.200000000000000178e+00,1.899999999999999911e+00,1.899999999999999911e+00,2.100000000000000089e+00
3.220000000000000195e+00,9.799975462834205064e-01,2.765560314984488732e-01,3.200000000000000178e+00,1.899999999999999911e+00,1.899999999999999911e+00,2.100000000000000089e+00
3.240000000000000213e+00,1.032418468418981661e+00,2.752395990020917171e-01,3.200000000000000178e+00,1.899999999999999911e+00,1.899999999999999911e+00,2.100000000000000089e+00
3.260000000000000231e+00,1.087695077478296746e+00,2.744777087635036361e-01,3.200000000000000178e+00,1.899999999999999911e+00,1.899999999999999911e+00,2.100000000000000089e+00
3.280000000000000249e+00,1.145962736434323448e+00,2.742944709980206786e-01,3.200000000000000178e+00,1.899999999999999911e+00,1.899999999999999911e+00,2.100000000000000089e+00
3.300000000000000266e+00,1.207359764348319597e+00,2.747186904339042890e-01,3.200000000000000178e+00,1.899999999999999911e+00,1.899999999999999911e+00,2.100000000000000089e+00
3.320000000000000284e+00,1.272026786119526465e+00,2.757845085827658749e-01,3.200000000000000178e+00,1.899999999999999911e+00,1.899999999999999911e+00,2.100000000000000089e+00
3.339999999999999858e+00,1.340105899710840820e+00,2.775321599426250896e-01,3.200000000000000178e+00,1.899999999999999911e+00,1.899999999999999911e+00,2.100000000000000089e+00
3.359999999999999876e+00,1.411739622866187593e+00,2.800088636511818274e-01,3.200000000000000178e+00,1.899999999999999911e+00,1.899999999999999911e+00,2.100000000000000089e+00
3.379999999999999893e+00,1.487069573641959463e+00,2.832698764654963397e-01,3.200000000000000178e+00,1.899999999999999911e+00,1.899999999999999911e+00,2.100000000000000089e+00
3.399999999999999911e+00,1.566234829807040985e+00,2.873797382019494528e-01,3.200000000000000178e+00,1.899999999999999911e+00,1.899999999999999911e+00,2.100000000000000089e+00
3.419999999999999929e+00,1.649369901011288109e+00,2.924137471008710354e-01,3.200000000000000178e+00,1.899999999999999911e+00,1.899999999999999911e+00,2.100000000000000089e+00
3.439999999999999947e+00,1.736602234217826668e+00,2.984597101808184050e-01,3.200000000000000178e+00,1.899999999999999911e+00,1.899999999999999911e+00,2.100000000000000089e+00
3.459999999999999964e+00,1.828049156825855004e+00,3.056200227351365539e-01,3.200000000000000178e+00,1.899999999999999911e+00,1.899999999999999911e+00,2.100000000000000089e+00
3.479999999999999982e+00,1.923814142717647169e+00,3.140141419253232868e-01,3.200000000000000178e+00,1.899999999999999911e+00,1.899999999999999911e+00,2.100000000000000089e+00
3.500000000000000000e+00,2.023982263656103786e+00,3.237815321599324947e-01,3.200000000000000178e+00,1.899999999999999911e+00,1.899999999999999911e+00,2.100000000000000089e+00
3.520000000000000018e+00,2.128614661551232690e+00,3.350851747880772002e-01,3.200000000000000178e+00,1.899999999999999911e+00,1.899999999999999911e+00,2.100000000000000089e+00
3.540000000000000036e+00,2.237741845685461861e+00,3.481157516520275719e-01,3.200000000000000178e+00,1.899999999999999911e+00,1.899999999999999911e+00,2.100000000000000089e+00
3.560000000000000053e+00,2.351355582793999588e+00,3.630966310979740208e-01,3.200000000000000178e+00,1.899999999999999911e+00,1.899999999999999911e+00,2.100000000000000089e+00
3.580000000000000071e+00,2.469399107049030651e+00,3.802898056356438516e-01,3.200000000000000178e+00,1.899999999999999911e+00,1.899999999999999911e+00,2.100000000000000089e+00
3.600000000000000089e+00,2.591755332254821464e+00,4.000029514442941525e-01,3.200000000000000178e+00,1.899999999999999911e+00,1.899999999999999911e+00,2.100000000000000089e+00
3.620000000000000107e+00,2.718232701790840089e+00,4.225977992119235860e-01,3.200000000000000178e+00,1.899999999999999911e+00,1.899999999999999911e+00,2.100000000000000089e+00
3.640000000000000124e+00,2.848548266719591826e+00,4.485000196308850384e-01,3.200000000000000178e+00,1.899999999999999911e+00,1.899999999999999911e+00,2.100000000000000089e+00
3.660000000000000142e+00,2.982307545555001660e+00,4.782108290410317375e-01,3.200000000000000178e+00,1.899999999999999911e+00,1.899999999999999911e+00,2.100000000000000089e+00
3.680000000000000160e+00,3.118980701445544845e+00,5.123205012462852537e-01,3.200000000000000178e+00,1.899999999999999911e+00,1.899999999999999911e+00,2.100000000000000089e+00
3.700000000000000178e+00,3.257874591597060832e+00,5.515239149349400183e-01,3.200000000000000178e+00,1.899999999999999911e+00,1.899999999999999911e+00,2.100000000000000089e+00
3.720000000000000195e+00,3.398100326992534725e+00,5.966381489744103650e-01,3.200000000000000178e+00,1.899999999999999911e+00,1.899999999999999911e+00,2.100000000000000089e+00
3.740000000000000213e+00,3.538536168933262616e+00,6.486219257042793451e-01,3.200000000000000178e+00,1.899999999999999911e+00,1.899999999999999911e+00,2.100000000000000089e+00
3.760000000000000231e+00,3.677785942270417330e+00,7.085963462992735939e-01,3.200000000000000178e+00,1.899999999999999911e+00,1.899999999999999911e+00,2.100000000000000089e+00
3.780000000000000249e+00,3.814133746691505511e+00,7.778657956389227746e-01,3.200000000000000178e+00,1.899999999999999911e+00,1.899999999999999911e+00,2.100000000000000089e+00
3.800000000000000266e+00,3.945496707581110485e+00,8.579370311207392685e-01,3.200000000000000178e+00,1.899999999999999911e+00,1.899999999999999911e+00,2.100000000000000089e+00
3.820000000000000284e+00,4.069378963065547694e+00,9.505332096144222254e-01,3.200000000000000178e+00,1.899999999999999911e+00,1.899999999999999911e+00,2.100000000000000089e+00
3.839999999999999858e+00,4.182832182519538478e+00,1.057597848992820389e+00,3.200000000000000178e+00,1.899999999999999911e+00,1.899999999999999911e+00,2.100000000000000089e+00
3.859999999999999876e+00,4.282430778081425693e+00,1.181281403454484957e+00,3.200000000000000178e+00,1.899999999999999911e+00,1.899999999999999911e+00,2.100000000000000089e+00
3.879999999999999893e+00,4.364273625968945858e+00,1.323900306419087514e+00,3.200000000000000178e+00,1.899999999999999911e+00,1.899999999999999911e+00,2.100000000000000089e+00
3.899999999999999911e+00,4.424028336783710991e+00,1.487855294796732952e+00,3.200000000000000178e+00,1.899999999999999911e+00,1.899999999999999911e+00,2.100000000000000089e+00
3.919999999999999929e+00,4.457038218899720405e+00,1.675493303853418325e+00,3.200000000000000178e+00,1.899999999999999911e+00,1.899999999999999911e+00,2.100000000000000089e+00
3.939999999999999947e+00,4.458514632659463572e+00,1.888896617341414119e+00,3.200000000000000178e+00,1.899999999999999911e+00,1.899999999999999911e+00,2.100000000000000089e+00
3.959999999999999964e+00,4.423835987245758439e+00,2.129586541316985659e+00,3.200000000000000178e+00,1.899999999999999911e+00,1.899999999999999911e+00,2.100000000000000089e+00
3.979999999999999982e+00,4.348965710411059504e+00,2.398139686600099907e+00,3.200000000000000178e+00,1.899999999999999911e+00,1.899999999999999911e+00,2.100000000000000089e+00
4.000000000000000000e+00,4.230981279776976578e+00,2.693736055863286794e+00,3.200000000000000178e+00,1.899999999999999911e+00,1.899999999999999911e+00,2.100000000000000089e+00
4.020000000000000462e+00,4.068672502332025154e+00,3.013690720867706396e+00,3.200000000000000178e+00,1.899999999999999911e+00,1.899999999999999911e+00,2.100000000000000089e+00
4.040000000000000036e+00,3.863122160953225581e+00,3.353061092119312026e+00,3.200000000000000178e+00,1.899999999999999911e+00,1.899999999999999911e+00,2.100000000000000089e+00
4.060000000000000497e+00,3.618137163998378814e+00,3.704457341506154133e+00,3.200000000000000178e+00,1.899999999999999911e+00,1.899999999999999911e+00,2.100000000000000089e+00
4.080000000000000071e+00,3.340375020863773248e+00,4.058193054793397536e+00,3.200000000000000178e+00,1.899999999999999911e+00,1.899999999999999911e+00,2.100000000000000089e+00
4.099999999999999645e+00,3.039035327216215610e+00,4.402872641474914417e+00,3.200000000000000178e+00,1.899999999999999911e+00,1.899999999999999911e+00,2.100000000000000089e+00
4.120000000000000107e+00,2.725075139208363861e+00,4.726410439482657821e+00,3.200000000000000178e+00,1.899999999999999911e+00,1.899999999999999911e+00,2.100000000000000089e+00
4.139999999999999680e+00,2.410046651837194354e+00,5.017334497304890562e+00,3.200000000000000178e+00,1.899999999999999911e+00,1.899999999999999911e+00,2.100000000000000089e+00
4.160000000000000142e+00,2.104793249712452408e+00,5.266102836260407649e+00,3.200000000000000178e+00,1.899999999999999911e+00,1.899999999999999911e+00,2.100000000000000089e+00
4.179999999999999716e+00,1.818305825016054200e+00,5.466120709815466050e+00,3.200000000000000178e+00,1.899999999999999911e+00,1.899999999999999911e+00,2.100000000000000089e+00
4.200000000000000178e+00,1.556992390994944353e+00,5.614228646825353941e+00,3.200000000000000178e+00,1.899999999999999911e+00,1.899999999999999911e+00,2.100000000000000089e+00
4.219999999999999751e+00,1.324470075210929965e+00,5.710600872466380373e+00,3.200000000000000178e+00,1.899999999999999911e+00,1.899999999999999911e+00,2.100000000000000089e+00
4.240000000000000213e+00,1.121822401276333814e+00,5.758169394570887611e+00,3.200000000000000178e+00,1.899999999999999911e+00,1.899999999999999911e+00,2.100000000000000089e+00
4.259999999999999787e+00,9.481525851054297682e-01,5.761792729851499928e+00,3.200000000000000178e+00,1.899999999999999911e+00,1.899999999999999911e+00,2.100000000000000089e+00
4.280000000000000249e+00,8.012381210294632350e-01,5.727393664720451305e+00,3.200000000000000178e+00,1.899999999999999911e+00,1.899999999999999911e+00,2.100000000000000089e+00
4.299999999999999822e+00,6.781351275193155947e-01,5.661225364058225296e+00,3.200000000000000178e+00,1.899999999999999911e+00,1.899999999999999911e+00,2.100000000000000089e+00
4.320000000000000284e+00,5.756508958820458766e-01,5.569338778566285342e+00,3.200000000000000178e+00,1.899999999999999911e+00,1.899999999999999911e+00,2.100000000000000089e+00
4.339999999999999858e+00,4.906647486391093604e-01,5.457254354445888467e+00,3.200000000000000178e+00,1.899999999999999911e+00,1.899999999999999911e+00,2.100000000000000089e+00
4.360000000000000320e+00,4.203153637808250687e-01,5.329801600330348776e+00,3.200000000000000178e+00,1.899999999999999911e+00,1.899999999999999911e+00,2.100000000000000089e+00
4.379999999999999893e+00,3.620880421189438536e-01,5.191077438060328397e+00,3.200000000000000178e+00,1.899999999999999911e+00,1.899999999999999911e+00,2.100000000000000089e+00
4.400000000000000355e+00,3.138358483052229309e-01,5.044478014171128066e+00,3.200000000000000178e+00,1.899999999999999911e+00,1.899999999999999911e+00,2.100000000000000089e+00
4.419999999999999929e+00,2.737620971970483597e-01,4.892769182975649223e+00,3.200000000000000178e+00,1.899999999999999911e+00,1.899999999999999911e+00,2.100000000000000089e+00
4.440000000000000391e+00,2.403835908176243652e-01,4.738172157890707226e+00,3.200000000000000178e+00,1.899999999999999911e+00,1.899999999999999911e+00,2.100000000000000089e+00
4.459999999999999964e+00,2.124869448153696438e-01,4.582450123073880555e+00,3.200000000000000178e+00,1.899999999999999911e+00,1.899999999999999911e+00,2.100000000000000089e+00
4.480000000000000426e+00,1.890850978795635406e-01,4.426988229308767231e+00,3.200000000000000178e+00,1.899999999999999911e+00,1.899999999999999911e+00,2.100000000000000089e+00
4.500000000000000000e+00,1.693775990431357070e-01,4.272863668778518864e+00,3.200000000000000178e+00,1.899999999999999911e+00,1.899999999999999911e+00,2.100000000000000089e+00
4.520000000000000462e+00,1.527161245901551001e-01,4.120905035481562173e+00,3.200000000000000178e+00,1.899999999999999911e+00,1.899999999999999911e+00,2.100000000000000089e+00
4.540000000000000036e+00,1.385754679846586401e-01,3.971741512570603039e+00,3.200000000000000178e+00,1.899999999999999911e+00,1.899999999999999911e+00,2.100000000000000089e+00
4.560000000000000497e+00,1.265296322605712342e-01,3.825843034717743230e+00,3.200000000000000178e+00,1.899999999999999911e+00,1.899999999999999911e+00,2.100000000000000089e+00
4.580000000000000071e+00,1.162323932590066389e-01,3.683552762725839091e+00,3.200000000000000178e+00,1.899999999999999911e+00,1.899999999999999911e+00,2.100000000000000089e+00
4.600000000000000533e+00,1.074016366018999552e-01,3.545113176517037168e+00,3.200000000000000178e+00,1.899999999999999911e+00,1.899999999999999911e+00,2.100000000000000089e+00
4.620000000000000107e+00,9.980680497473973234e-02,3.410686959473003377e+00,3.200000000000000178e+00,1.899999999999999911e+00,1.899999999999999911e+00,2.100000000000000089e+00
4.639999999999999680e+00,9.325886930175068812e-02,3.280373678366509616e+00,3.200000000000000178e+00,1.899999999999999911e+00,1.899999999999999911e+00,2.100000000000000089e+00
4.660000000000000142e+00,8.760232721205868378e-02,3.154223093600120098e+00,3.200000000000000178e+00,1.899999999999999911e+00,1.899999999999999911e+00,2.100000000000000089e+00
4.679999999999999716e+00,8.270881937890563196e-02,3.032245780443640015e+00,3.200000000000000178e+00,1.899999999999999911e+00,1.899999999999999911e+00,2.100000000000000089e+00
4.700000000000000178e+00,7.847203201360344882e-02,2.914421609470559282e+00,3.200000000000000178e+00,1.899999999999999911e+00,1.899999999999999911e+00,2.100000000000000089e+00
4.719999999999999751e+00,7.480361980057263771e-02,2.800706524134697339e+00,3.200000000000000178e+00,1.899999999999999911e+00,1.899999999999999911e+00,2.100000000000000089e+00
4.740000000000000213e+00,7.162993799964378905e-02,2.691037963589205440e+00,3.200000000000000178e+00,1.899999999999999911e+00,1.899999999999999911e+00,2.100000000000000089e+00
4.759999999999999787e+00,6.888941649713085924e-02,2.585339206652948807e+00,3.200000000000000178e+00,1.899999999999999911e+00,1.899999999999999911e+00,2.100000000000000089e+00
4.780000000000000249e+00,6.653044379599511171e-02,2.483522855330476897e+00,3.200000000000000178e+00,1.899999999999999911e+00,1.899999999999999911e+00,2.100000000000000089e+00
4.799999999999999822e+00,6.450965684471872408e-02,2.385493630760816774e+00,3.200000000000000178e+00,1.899999999999999911e+00,1.899999999999999911e+00,2.100000000000000089e+00
4.820000000000000284e+00,6.279055461280630412e-02,2.291150618538837058e+00,3.200000000000000178e+00,1.899999999999999911e+00,1.899999999999999911e+00,2.100000000000000089e+00
4.839999999999999858e+00,6.134237062252385214e-02,2.200389072045707994e+00,3.200000000000000178e+00,1.899999999999999911e+00,1.899999999999999911e+00,2.100000000000000089e+00
4.860000000000000320e+00,6.013915322746057196e-02,2.113101860134693144e+00,3.200000000000000178e+00,1.899999999999999911e+00,1.899999999999999911e+00,2.100000000000000089e+00
4.879999999999999893e+00,5.915901308504690342e-02,2.029180627958007133e+00,3.200000000000000178e+00,1.899999999999999911e+00,1.899999999999999911e+00,2.100000000000000089e+00
4.900000000000000355e+00,5.838350563628082884e-02,1.948516725869979815e+00,3.200000000000000178e+00,1.899999999999999911e+00,1.899999999999999911e+00,2.100000000000000089e+00
4.919999999999999929e+00,5.779712298160853690e-02,1.871001950398834879e+00,3.200000000000000178e+00,1.899999999999999911e+00,1.899999999999999911e+00,2.100000000000000089e+00
4.940000000000000391e+00,5.738687471904230925e-02,1.796529132615472868e+00,3.200000000000000178e+00,1.899999999999999911e+00,1.899999999999999911e+00,2.100000000000000089e+00
4.959999999999999964e+00,5.714194139508548681e-02,1.724992602351598459e+00,3.200000000000000178e+00,1.899999999999999911e+00,1.899999999999999911e+00,2.100000000000000089e+00
4.980000000000000426e+00,5.705338744913077825e-02,1.656288551248071617e+00,3.200000000000000178e+00,1.899999999999999911e+00,1.899999999999999911e+00,2.100000000000000089e+00
5.000000000000000000e+00,5.711392309308235132e-02,1.590315313248445328e+00,3.200000000000000178e+00,1.899999999999999911e+00,1.899999999999999911e+00,2.100000000000000089e+00
5.020000000000000462e+00,5.731770660424394953e-02,1.526973577658806258e+00,3.200000000000000178e+00,1.899999999999999911e+00,1.899999999999999911e+00,2.100000000000000089e+00
5.040000000000000036e+00,5.766018013328171737e-02,1.466166547090770322e+00,3.200000000000000178e+00,1.899999999999999911e+00,1.899999999999999911e+00,2.100000000000000089e+00
5.060000000000000497e+00,5.813793342780721601e-02,1.407800050346962539e+00,3.200000000000000178e+00,1.899999999999999911e+00,1.899999999999999911e+00,2.100000000000000089e+00
5.080000000000000071e+00,5.874859091413093398e-02,1.351782618485446008e+00,3.200000000000000178e+00,1.899999999999999911e+00,1.899999999999999911e+00,2.100000000000000089e+00
5.100000000000000533e+00,5.949071841842241276e-02,1.298025530823270213e+00,3.200000000000000178e+00,1.899999999999999911e+00,1.899999999999999911e+00,2.100000000000000089e+00
5.120000000000000107e+00,6.036374648574448915e-02,1.246442836440149859e+00,3.200000000000000178e+00,1.899999999999999911e+00,1.899999999999999911e+00,2.100000000000000089e+00
5.139999999999999680e+00,6.136790780409400597e-02,1.196951355766401770e+00,3.200000000000000178e+00,1.899999999999999911e+00,1.899999999999999911e+00,2.100000000000000089e+00
5.160000000000000142e+00,6.250418668658302979e-02,1.149470666041185973e+00,3.200000000000000178e+00,1.899999999999999911e+00,1.899999999999999911e+00,2.100000000000000089e+00
5.179999999999999716e+00,6.377427892868675618e-02,1.103923073773293684e+00,3.200000000000000178e+00,1.899999999999999911e+00,1.899999999999999911e+00,2.100000000000000089e+00
5.200000000000000178e+00,6.518056065526271758e-02,1.060233576799675337e+00,3.200000000000000178e+00,1.899999999999999911e+00,1.899999999999999911e+00,2.100000000000000089e+00
5.219999999999999751e+00,6.672606501666870915e-02,1.018329818094619865e+00,3.200000000000000178e+00,1.899999999999999911e+00,1.899999999999999911e+00,2.100000000000000089e+00
5.240000000000000213e+00,6.841446579501293812e-02,9.781420331173683591e-01,3.200000000000000178e+00,1.899999999999999911e+00,1.899999999999999911e+00,2.100000000000000089e+00
5.259999999999999787e+00,7.025006714853360146e-02,9.396029921837990573e-01,3.200000000000000178e+00,1.899999999999999911e+00,1.899999999999999911e+00,2.100000000000000089e+00
5.280000000000000249e+00,7.223779886087250413e-02,9.026479390972467209e-01,3.200000000000000178e+00,1.899999999999999911e+00,1.899999999999999911e+00,2.100000000000000089e+00
5.299999999999999822e+00,7.438321657783419916e-02,8.672145270652964477e-01,3.200000000000000178e+00,1.899999999999999911e+00,1.899999999999999911e+00,2.100000000000000089e+00
5.320000000000000284e+00,7.669250661134219271e-02,8.332427527560274383e-01,3.200000000000000178e+00,1.899999999999999911e+00,1.899999999999999911e+00,2.100000000000000089e+00
5.339999999999999858e+00,7.917249497213349474e-02,8.006748892026088749e-01,3.200000000000000178e+00,1.899999999999999911e+00,1.899999999999999911e+00,2.100000000000000089e+00
5.360000000000000320e+00,8.183066036204117433e-02,7.694554181444082097e-01,3.200000000000000178e+00,1.899999999999999911e+00,1.899999999999999911e+00,2.100000000000000089e+00
5.379999999999999893e+00,8.467515091574732977e-02,7.395309622918075920e-01,3.200000000000000178e+00,1.899999999999999911e+00,1.899999999999999911e+00,2.100000000000000089e+00
5.400000000000000355e+00,8.771480453247594566e-02,7.108502179174308599e-01,3.200000000000000178e+00,1.899999999999999911e+00,1.899999999999999911e+00,2.100000000000000089e+00
5.419999999999999929e+00,9.095917268172758197e-02,6.833638881057255698e-01,3.200000000000000178e+00,1.899999999999999911e+00,1.899999999999999911e+00,2.100000000000000089e+00
5.440000000000000391e+00,9.441854760505685729e-02,6.570246169335863806e-01,3.200000000000000178e+00,1.899999999999999911e+00,1.899999999999999911e+00,2.100000000000000089e+00
5.459999999999999964e+00,9.810399286905824301e-02,6.317869248050980158e-01,3.200000000000000178e+00,1.899999999999999911e+00,1.899999999999999911e+00,2.100000000000000089e+00
5.480000000000000426e+00,1.020273772539759122e-01,6.076071451219859920e-01,3.200000000000000178e+00,1.899999999999999911e+00,1.899999999999999911e+00,2.100000000000000089e+00
5.500000000000000000e+00,1.062014119883626234e-01,5.844433624367303404e-01,3.200000000000000178e+00,1.899999999999999911e+00,1.899999999999999911e+00,2.100000000000000089e+00
5.520000000000000462e+00,1.106396913635335627e-01,5.622553522064719367e-01,3.200000000000000178e+00,1.899999999999999911e+00,1.899999999999999911e+00,2.100000000000000089e+00
5.540000000000000036e+00,1.153567367826461854e-01,5.410045222419536115e-01,3.200000000000000178e+00,1.899999999999999911e+00,1.899999999999999911e+00,2.100000000000000089e+00
5.560000000000000497e+00,1.203680443184570598e-01,5.206538559260700527e-01,3.200000000000000178e+00,1.899999999999999911e+00,1.899999999999999911e+00,2.100000000000000089e+00
5.580000000000000071e+00,1.256901358714603012e-01,5.011678572605531290e-01,3.200000000000000178e+00,1.899999999999999911e+00,1.899999999999999911e+00,2.100000000000000089e+00
5.600000000000000533e+00,1.313406140364412333e-01,4.825124977864024278e-01,3.200000000000000178e+00,1.899999999999999911e+00,1.899999999999999911e+00,2.100000000000000089e+00
5.620000000000000107e+00,1.373382208006715954e-01,4.646551654134754017e-01,3.200000000000000178e+00,1.899999999999999911e+00,1.899999999999999911e+00,2.100000000000000089e+00
5.639999999999999680e+00,1.437029002111729070e-01,4.475646151868510891e-01,3.200000000000000178e+00,1.899999999999999911e+00,1.899999999999999911e+00,2.100000000000000089e+00
5.660000000000000142e+00,1.504558651617865506e-01,4.312109220119047515e-01,3.200000000000000178e+00,1.899999999999999911e+00,1.899999999999999911e+00,2.100000000000000089e+00
5.679999999999999716e+00,1.576196684632774070e-01,4.155654353562682202e-01,3.200000000000000178e+00,1.899999999999999911e+00,1.899999999999999911e+00,2.100000000000000089e+00
5.700000000000000178e+00,1.652182783713923575e-01,4.006007359448397476e-01,3.200000000000000178e+00,1.899999999999999911e+00,1.899999999999999911e+00,2.100000000000000089e+00
5.719999999999999751e+00,1.732771587586909301e-01,3.862905944636270128e-01,3.200000000000000178e+00,1.899999999999999911e+00,1.899999999999999911e+00,2.100000000000000089e+00
5.740000000000000213e+00,1.818233541260203534e-01,3.726099322893814958e-01,3.200000000000000178e+00,1.899999999999999911e+00,1.899999999999999911e+00,2.100000000000000089e+00
5.759999999999999787e+00,1.908855796586437226e-01,3.595347842646693937e-01,3.200000000000000178e+00,1.899999999999999911e+00,1.899999999999999911e+00,2.100000000000000089e+00
5.780000000000000249e+00,2.004943165401282534e-01,3.470422635422219515e-01,3.200000000000000178e+00,1.899999999999999911e+00,1.899999999999999911e+00,2.100000000000000089e+00
5.799999999999999822e+00,2.106819127439978623e-01,3.351105285281472113e-01,3.200000000000000178e+00,1.899999999999999911e+00,1.899999999999999911e+00,2.100000000000000089e+00
5.820000000000000284e+00,2.214826895286371722e-01,3.237187519609415753e-01,3.200000000000000178e+00,1.899999999999999911e+00,1.899999999999999911e+00,2.100000000000000089e+00
5.839999999999999858e+00,2.329330538647337578e-01,3.128470921723182085e-01,3.200000000000000178e+00,1.899999999999999911e+00,1.899999999999999911e+00,2.100000000000000089e+00
5.860000000000000320e+00,2.450716170263255167e-01,3.024766665868320326e-01,3.200000000000000178e+00,1.899999999999999911e+00,1.899999999999999911e+00,2.100000000000000089e+00
5.879999999999999893e+00,2.579393195758699631e-01,2.925895275303254661e-01,3.200000000000000178e+00,1.899999999999999911e+00,1.899999999999999911e+00,2.100000000000000089e+00
5.900000000000000355e+00,2.715795629701701630e-01,2.831686404326073103e-01,3.200000000000000178e+00,1.899999999999999911e+00,1.899999999999999911e+00,2.100000000000000089e+00
5.919999999999999929e+00,2.860383480068703355e-01,2.741978645278285165e-01,3.200000000000000178e+00,1.899999999999999911e+00,1.899999999999999911e+00,2.100000000000000089e+00
5.940000000000000391e+00,3.013644203198410643e-01,2.656619361771286880e-01,3.200000000000000178e+00,1.899999999999999911e+00,1.899999999999999911e+00,2.100000000000000089e+00
5.959999999999999964e+00,3.176094231152223335e-01,2.575464549627778377e-01,3.200000000000000178e+00,1.899999999999999911e+00,1.899999999999999911e+00,2.100000000000000089e+00
5.980000000000000426e+00,3.348280573171248387e-01,2.498378727318129044e-01,3.200000000000000178e+00,1.899999999999999911e+00,1.899999999999999911e+00,2.100000000000000089e+00
6.000000000000000000e+00,3.530782492617214885e-01,2.425234858007761229e-01,3.200000000000000178e+00,1.899999999999999911e+00,1.899999999999999911e+00,2.100000000000000089e+00
